:020000040001F9
:10A00000005A0120E50302001D0402001F040200A3
:10A0100021040200230402002504020000000000C5
:10A020000000000000000000000000002704020003
:10A0300029040200000000002B0402007F940200AB
:10A04000A94C0200B74C0200C54C0200D34C0200E0
:10A05000E14C0200EF4C0200FD4C02000B4D0200EF
:10A06000194D0200274D0200354D0200434D0200FC
:10A07000514D02005F4D02006D4D02007B4D02000C
:10A08000894D0200974D0200A54D0200B34D02001C
:10A09000C14D0200CF4D0200DD4D0200EB4D02002C
:10A0A000F94D0200074E0200154E0200234E020039
:10A0B000314E02003F4E02004D4E02005B4E020048
:10A0C000694E0200794E0200894E0200994E02004C
:10A0D000A94E0200B94E0200C94E0200D94E02003C
:10A0E000E94E0200F94E0200094F0200194F02002A
:10A0F000294F0200394F0200494F0200594F020018
:10A10000694F0200794F0200894F0200994F020007
:10A11000A94F0200B94F0200C94F0200D94F0200F7
:10A12000E94F0200F94F02000950020019500200E5
:10A1300029500200395002004950020061500200CB
:10A14000715002008150020091500200A1500200A3
:10A15000B1500200C1500200D1500200E150020093
:10A16000F150020001510200115102002151020080
:10A17000315102004151020051510200615102006F
:10A18000715102008151020091510200A15102005F
:10A19000B1510200C1510200D1510200E15102004F
:10A1A000F15102000152020011520200215202003C
:10A1B000315202004152020051520200615202002B
:10A1C000715202008152020091520200A15202001B
:10A1D000B1520200C1520200D1520200E15202000B
:10A1E000F1520200015302001153020021530200F8
:10A1F00031530200415302005153020061530200E7
:10A20000715302008153020091530200A1530200D6
:10A21000B1530200C1530200D1530200E1530200C6
:10A22000F1530200015402001154020021540200B3
:10A230003154020045540200555402006554020096
:10A240002F0402002F0402002F0402002F0402003A
:10A250002F0402002F0402002F0402002F0402002A
:10A260002F0402002F0402002F0402002F0402001A
:10A270002F0402002F0402002F0402002F0402000A
:10A28000DFF810D013F012FF0048004731940200AD
:10A29000AFF30080005A01202DE9F04100297CD065
:10A2A000102A7AD10C460126207B0027FE4D01287A
:10A2B0000ED0207900EB800101EBC01005EB80008F
:10A2C00080F842722079022801D2217B51B1BAE094
:10A2D000207900EB800101EBC01005EB800080F8D5
:10A2E0004262EFE700EB800101EBC01005EB80005C
:10A2F00004F10801D0F88800426A904701287DD116
:10A300000DF065FF8046207900EB800101EBC01065
:10A3100005EB8000D0F88800416C8847DFEDE30A48
:10A32000207980EE201A00EB800101EBC01005EBD4
:10A33000800080ED1B1A207900EB800101EBC0103A
:10A3400005EB800090ED3A0A80ED3C0A207900EBA5
:10A35000800101EBC01005EB800050F8EC1F81601C
:10A36000207900EB800101EBC01005EB800090ED3F
:10A370001B0ADFEDCF0A20EE200AF2EE040A20EEDF
:10A38000200ABCEEC00A10EE101A89B200EE101AB4
:10A39000B8EE401A81EE200A00E067E080ED1B0A6B
:10A3A000207900EB800101EBC01005EB800080ED0F
:10A3B0003A0A217901EB810000EBC11005EB800026
:10A3C000C0F8EC80207900EB800101EBC01005EBB8
:10A3D000800090ED191A90ED460AD0ED3A0A71EE20
:10A3E000001AF4EEE01AF1EE10FA0BDD31EE401A2D
:10A3F000B4EEE01AF1EE10FA04D200E023E080F8A7
:10A40000726015E090ED1A1A71EE001AF4EEE01A7F
:10A41000F1EE10FA0ADD31EE400AB4EEE00AF1EE98
:10A4200010FA03D2022180F8721001E080F87270F5
:10A43000207900EB800101EBC01005EB8000D0F823
:10A440008800C16A884794ED020ADFED9A0A2079F4
:10A4500020EE200A00EB800202EBC01005EB80002A
:10A46000BCEEC00A10EE101AA0F85612BDE8F0813A
:10A4700070B5002928D0102A26D18B4D28690028D4
:10A4800022D00C4694ED020A85ED090A207960B9C4
:10A49000284695F83410C069B9B1A17B012918D0BC
:10A4A00002291AD0882105F04BF82079012801D023
:10A4B000022809D1401E00EB800202EBC01005EB20
:10A4C0008000A189A0F8461270BD022105F038F87D
:10A4D000EBE7202105F034F8E7E7402105F030F8FC
:10A4E000E3E72DE9F047002970D00E2A6ED16E4EB9
:10A4F000306902286AD10C4601276079012853D1BE
:10A5000004F074FB96F8400018BB207910B10128C4
:10A5100026D049E000F036FE00254FF4006805EB38
:10A52000850000EBC51006EB800090F87000012854
:10A5300010D086F840704146D6F83C0205F000F88D
:10A540004146D6F8500404F0FBFF6D1CEDB2022D1D
:10A55000E5D329E086F84070284603F0C0F9F4E717
:10A5600000F010FE86F8407096F83C0030B103F021
:10A5700095F9014696F83C0004F065FF00254FF47C
:10A58000805805EB850000EBC51006EB800090F8C5
:10A59000711031B180F84072D0F83C02414604F0AD
:10A5A000CFFF6D1C022DECDBA078002501280ED01A
:10A5B000A07A05280BD086F83650E0880F2802D8FC
:10A5C00020890F2806D986F8387005E077E086F8EC
:10A5D0003670F2E786F8385020784FF400484FF490
:10A5E00080394FF4807A032802D0042815D020E067
:10A5F000002004F000FB96F87000022805D004212A
:10A60000D6F8FC0104F09CFF13E000F0BBFD4146CE
:10A61000D6F83C0204F094FF0BE0002004F0EBFAC3
:10A6200096F8700002280AD05146D6F8FC0104F0D2
:10A6300087FF607803280AD004281DD028E000F0A6
:10A64000A1FD4946D6F83C0204F07AFFF1E701206B
:10A6500004F0D1FA96F88402022805D00421D6F835
:10A66000100404F06DFF13E000F08CFD4146D6F8B5
:10A67000500404F065FF0BE0012004F0BCFA96F8EA
:10A68000840202281DD05146D6F8100404F058FF69
:10A69000E07A08B186F83C00207B012819D086F8C2
:10A6A0003F50E078012807E03883FF1F0000444254
:10A6B0003333054200007A440ED086F83E50BDE8A0
:10A6C000F08700F05FFD4946D6F8500404F038FFEB
:10A6D000DEE786F83F70E4E786F83E70EFE770B596
:10A6E00000297DD0102A7BD1BE4D2869002877D063
:10A6F0000C46012120680022022808D1207A022875
:10A7000009D085F8342085F8442285F8582420683B
:10A71000052807D029E085F8341085F8441285F81B
:10A720005814F4E7AF48237AD0F8FC01022B05D087
:10A7300085F8352095F8361069B116E085F83510A2
:10A740004FF40016314604F0FBFE3146D5F81004F4
:10A7500004F0F6FE09E04FF40006314604F0F0FE86
:10A760003146D5F8100404F0EBFE2068032816D11A
:10A77000207A012813D195F870004FF40046022882
:10A780002AD00421D5F8FC0104F0DAFE95F8840201
:10A79000022829D00421D5F8100404F0D1FE206845
:10A7A000042834D1207A012831D195F870004FF473
:10A7B0008034261202281DD03146D5F8FC0104F061
:10A7C000BFFE95F8840202281AD03146D5F810044D
:10A7D000BDE8704004F0B4BE3146D5F83C0200E05C
:10A7E00015E004F0ADFED1E73146D5F8500404F091
:10A7F000A7FED4E72146D5F83C0204F0A1FEE0E72D
:10A800002146D5F85004BDE8704004F099BE70BDF3
:10A810002DE9F04F2DED048B87B0724803F07EFBDD
:10A82000714C206804F048FEDFF8B8B1CBF81C008A
:10A8300002A809F08BFC0220ADF80A004FF00009D5
:10A84000042332220BF26C4168A0CDF8009005F091
:10A85000A2FC042332220BF2345166A0CDF8009002
:10A8600005F099FC00259FED659ADFED659A9FED57
:10A87000658AF2EE008A4FF0010A05EB850000EBD5
:10A88000C5100BEB800606F1440405F0FF0884F8C0
:10A89000008084F80190C4F8089041F64C50E060C4
:10A8A000C4F81090C4F8149040F6C410E06184ED30
:10A8B000819AC4ED829A6420C4F80C0215B1012D6E
:10A8C00005D008E049A005F0CFFC606403E049A092
:10A8D00005F0CAFC606484ED0C8A84ED0D8AC4ED39
:10A8E0000E8A14202064404800EB8507B86804F005
:10A8F000E3FDC4F8B80104F5CE7002F0F0F984F875
:10A900004C8084F84D90386904F0D6FDC4F884007A
:10A9100004F1680003F01EFA90363B4800EBC500D6
:10A92000B0610068017911B1ADF8129001E0ADF8A5
:10A9300012A04188007802AA09F05AFBB069416868
:10A94000097911B1ADF8129001E0ADF812A040689C
:10A9500002AA4188007809F04BFB386A04F0ACFD8C
:10A96000C4F8F80104F5EE7002F064FE6D1C022DCF
:10A9700083DBAFF2DB61302004F0A1FFAFF20F51B7
:10A98000202004F09CFFAFF2A5413E2004F097FF89
:10A99000AFF2B5213D2004F092FF8121DBF81C00CD
:10A9A00004F0CEFD07B0BDEC048BBDE8F08F70B5B0
:10A9B00003F0C1FA00240B4E86F8414004EB8400FA
:10A9C00000EBC41006EB80054435284602F03EFE3D
:10A9D000284602F0C6F9284603F0C9F9641C022C87
:10A9E000EADB70BD3883FF1F0880FF1F566178695E
:10A9F000735F310056617869735F32000000AA42CC
:10AA000000000C4200000000FCF902007047704793
:10AA10007047704710B541680B7A0022002100781A
:10AA2000AF4C00EB800004EB4000445C9C4201D141
:10AA3000521CD2B2491CC9B20A29F6D30A2A01D340
:10AA4000012010BD002010BD70B505460024A44EA5
:10AA50003C360FE0295D062901D3002070BD01EBD3
:10AA6000810000EBC10006EB8000FFF7D3FF30B19F
:10AA7000641CE4B2287AA042ECD8012070BD00200A
:10AA800070BD10B586B0044601A809F05FFB002038
:10AA9000ADF80600207A10B94020ADF80E00A0886D
:10AAA00001AA81B2207809F0A3FA06B010BD2DE901
:10AAB000F05F0025DFF82892DFF828A2DFF828B23F
:10AAC0000427DFF81C8209F13C09002605EB85000C
:10AAD00000EBC50009EB8004257005EB45000AEB8F
:10AAE0008000606084F82660266384F8246084F81F
:10AAF00025606068FFF7C5FFC4F808B0A7817A48F1
:10AB000030302061A782266204F1080003F0B0F91A
:10AB1000002005EB850108EB41026168097A69B103
:10AB200000211154401CC0B20A28F6D36F48465584
:10AB30006D1CEDB2062DC9D3BDE8F09F0121F0E7F1
:10AB40001FB5002302930393009001918DF8082014
:10AB50000DF03DFB03900223102269463D2004F0D6
:10AB600029FF1FBD2DE9F84F0DF031FB06460027E8
:10AB70000024DFF86C915D4D4FF00A0A09F13C08A2
:10AB800004EB840000EBC40008EB8000406881887F
:10AB9000007889B209F08BFC0146285D04EB840241
:10ABA00009EB42028154401CB0FBFAF10AFB110090
:10ABB0002855641CE4B2062CE2D30024DFF828B147
:10ABC000DFF828A1ABF1180BAAF1040AA14604EBA7
:10ABD00044000BEBC0052846FFF736FF88B101277C
:10ABE0005AF82400E968884203D2401C4AF824003D
:10ABF00009E0D5E904010222FFF7A2FF4AF82490F8
:10AC000001E04AF82490641CE4B2002CDFD0CDF8B7
:10AC100000909DF8000000EB800101EBC00008EB04
:10AC200080042046FFF7F6FE84F824001FB10121BE
:10AC300084F8261001E084F8269094F825108842C4
:10AC400027D084F8250040B1A662C4F830900021D6
:10AC500004F1080003F011F91BE0E662012104F1A0
:10AC6000080003F00AF994F8260060B9D4E90A1044
:10AC7000401A61684989814205D9012269469DF8D7
:10AC80000000FFF75DFF032269469DF80000FFF713
:10AC900057FFA069022819D194F82400B0B194F8A4
:10ACA000260098B9206B401C20636168498988425E
:10ACB0000CD3022104F1080003F0DFF8C4F830904F
:10ACC000022269469DF80000FFF73AFF9DF8000058
:10ACD000401CC0B2009006289BD3BDE8F88F00004E
:10ACE0003489FF1F38E70200D8E602003C80FF1FCE
:10ACF0000421FE4803F0C1B88021FC4803F0BDB830
:10AD00004FF48061F94803F0B8B84FF40041F748B8
:10AD100003F0B3B82DE9F047102A73D1F44CF34F88
:10AD2000086801224FF480794FF4803A4FF0000810
:10AD3000264620B1012833D0202864D082E0087A4A
:10AD4000012804D0022802D0032802D07AE0227021
:10AD500078E084F8008084F8028070680DF041FB90
:10AD60003D7C022D01D0032D03D10821DF4803F0E3
:10AD700084F8072D08D184F80280B0680DF031FB0B
:10AD80004946DA4803F079F80D2D5BD184F802804A
:10AD900030690DF026FB5146D44803F06EF851E0BF
:10ADA000087A012804D0022802D0032802D049E002
:10ADB000627047E084F8018084F80280F0680DF04A
:10ADC00010FB3D7C082D01D0092D04D14FF400610A
:10ADD000C64803F052F8072D08D184F80280B06805
:10ADE0000DF0FFFA4946C14803F047F80D2D29D16F
:10ADF00084F8028030690DF0F4FA5146BB4803F044
:10AE00003CF81FE0A3E0087A012804D0022802D011
:10AE1000032802D016E0A27014E084F80280B06823
:10AE20000DF0DFFA30690DF0DCFA3D7C072D03D11F
:10AE30004946AE4803F021F80D2D03D15146AB48E9
:10AE400003F01BF8387C4FF4804741F288350D2819
:10AE50007DD2DFE800F07F077F7F2664647F7F7FFD
:10AE6000446F6F00207850B1607840B902219F484C
:10AE700003F003F82A46002170680DF0A4FA607808
:10AE8000002867D02078002864D14FF400719748DB
:10AE900002F0F3FF2A46F068BDE8F04700210DF00C
:10AEA00092BA207828B1607818B910218F4802F042
:10AEB000E4FF607828B1207818B920218B4802F08F
:10AEC000DCFFA078002845D04021884802F0D5FF5B
:10AED0002A46B068BDE8F04700210DF074BA6078EA
:10AEE00030B1207820B94FF40051804802F0C5FFFE
:10AEF000207830B1607820B94FF480517B4802F05F
:10AF0000BCFFA078002825D03946784802F0B5FF6C
:10AF10002A463069BDE8F04700210DF054BAA07808
:10AF200040B14021714802F0A8FF2A460021B068D4
:10AF30000DF049FAA07800280CD039466B4802F091
:10AF40009CFF2A463069BDE8F047002100E001E09F
:10AF50000DF039BABDE8F08710B564486549016065
:10AF600027218180644981600E21818101218161D5
:10AF700002F07EFF0DF0FFF95D4C60600DF0FBF913
:10AF8000A0600DF0F8F9E0600DF0F5F9206160685F
:10AF900010B15A490DF013FAA06810B158490DF0DC
:10AFA0000EFAE06810B157490DF009FA206910B1A6
:10AFB00055490DF004FAAFF2A321BDE810403D2041
:10AFC00004F07DBC4948007C494A05281178527834
:10AFD0000ED006280CD00B2801D00C2811D1002946
:10AFE0000FD1002A0DD14FF48031404802F045BF07
:10AFF000002906D1002A04D14FF480713B4802F0A9
:10B000003CBF704710B53A4C60680DF0EAF9A06893
:10B010000DF0E7F9E0680DF0E4F920690DF0E1F9D1
:10B0200000202080A0703149087C012825D1486982
:10B03000364A02280DD0082812D04FF400610728A4
:10B0400015D00D2819D1D2F85004BDE8104004F0F5
:10B0500077BAD2F83C02BDE81040102104F070BA73
:10B06000D2F85004BDE81040102104F069BAD2F8BB
:10B070003C02BDE8104004F063BA10BDF0B41B48B8
:10B08000047C224B4FF4802631124269D3F85004DD
:10B09000A41E8D104F10D3F83C320C2C70D2DFE878
:10B0A00004F0060B10393E43484C5063676BF0BC0C
:10B0B0000821184604F044BAF0BC2021184604F0D8
:10B0C0003FBA032A0AD0072A0DD0052A01D0062A42
:10B0D00056D12946F0BC184604F032BA3146F0BCCD
:10B0E000184604F02DBAF0BC184611E0A88AFF1FDC
:10B0F0004480FF1F80E7020054E90200F1AC010028
:10B10000F9AC010001AD01000BAD01003883FF1F58
:10B1100004F016BAF0BC4021184604F011BAF0BC95
:10B120008021184604F00CBA3946F0BC184604F0E9
:10B1300007BAF0BC082104F003BAF0BC202104F0E7
:10B14000FFB9092A09D00D2A0BD00B2A01D00C2AED
:10B1500016D12946F0BC04F0F3B93146F0BC04F036
:10B16000EFB9F0BC04F0ECB9F0BC402104F0E8B950
:10B17000F0BC802104F0E4B93946F0BC04F0E0B939
:10B18000F0BC70474FF40031014802F076BE000079
:10B19000A88AFF1F70B500F02EFB0025AC4E2EE0F4
:10B1A000AC49C5EBC50001EBC004AB4905EB85001C
:10B1B00001EB4000016821604168616000892081E5
:10B1C0000020E06020616061A061E061206284F89D
:10B1D000240084F82500A062E062206384F8340033
:10B1E00084F8350084F8360084F83700204600F0F3
:10B1F000B8FA0021204600F0D5F96D1CEDB2307888
:10B200008542CDD370BD2DE9F0410CF0E0FF06463C
:10B2100092484168711A0A292CD3466000258C4F48
:10B2200025E08C49C5EBC50001EBC00494F824006F
:10B23000012802D1204600F07AFA94F83500A0B136
:10B2400094F8340088B194F8360070B9E06860B1C1
:10B25000006894F8251000EB8100A16A711A00883B
:10B26000884202D8204600F02BFA6D1CEDB23878E7
:10B270008542D6D3BDE8F08110B5754A1278904268
:10B2800011D281B10A6882B1137973B1714BC0EBED
:10B29000C00003EBC00090F83530ABB190F824301B
:10B2A000032B04D010E0002010BD002010BDC368A7
:10B2B000934209D1037C0C79A34205D143698C6880
:10B2C000A34201D1012010BDD1E90131C0E906231B
:10B2D0000162012180F82410012010BD5C49097829
:10B2E000884206D25B49C0EBC00001EBC00000F011
:10B2F000A2B9704756490978884209D2C0EBC0020A
:10B300005448012100EBC2003430817000210170EB
:10B31000704710B54E49097888420CD24D49C0EBB0
:10B32000C00001EBC00400202834A073012020736A
:10B330000CF04DFF206010BD45490978884201D3CB
:10B34000002070474349C0EBC00001EBC00090F8FB
:10B35000350070473E490978884201D30020704784
:10B360003C49C0EBC00001EBC00090F834007047CE
:10B3700070B50C463649097888420FD2072C0DD299
:10B380003449C0EBC00001EBC005284600F053F97A
:10B3900021462846BDE8704000F004B970BD2C4934
:10B3A0000978884201D3002070472A49C0EBC000C9
:10B3B00001EBC00090F837007047072801D328A0A0
:10B3C00070472649083151F82000704770B586B0A3
:10B3D00004461F48007884420AD2002908D01F4D35
:10B3E00088074FF0FF0605D52046FFF777FF2E555B
:10B3F00006B070BD480704D52046FFF76FFF2E55F5
:10B40000F6E7C80704D006B02046BDE8704080E7E4
:10B41000285DB0EB117FEBD3080F285521F0704069
:10B4200003A900F091F80028E2D09DF80C0000F08C
:10B43000C1F90028DCD000909DF80D008DF80400C3
:10B440000498029069462046FFF716FFD0E70000F7
:10B4500043EB0200C48AFF1F28EB02005880FF1F45
:10B46000556E6B6E6F776E0010B5002203230407D4
:10B4700002D501220A2312E0C40602D502220B23C0
:10B480000DE0840602D503220C2308E0440602D511
:10B4900004220D2303E0840501D503220C231AB9ED
:10B4A000440501D501220A2300F4806414430AD024
:10B4B000440342D404030ED5012A06D0022A06D042
:10B4C000032A06D039E0002010BD072335E0082309
:10B4D00033E0092331E0C4022FD4840210D5012ABD
:10B4E00006D0022A06D0032A06D0042A06D024E079
:10B4F0000A2322E00B2320E00C231EE00D231CE096
:10B5000044020CD5012A04D0022A04D0032A04D014
:10B5100013E00E2311E00F230FE010230DE00002D3
:10B520000BD5012A04D0022A04D0032A04D004E057
:10B53000112302E0122300E013230B700020487057
:10B5400048600120087210BD10B5002915D0B0B1B7
:10B5500000220A604A608A60114B02EB420453F8F1
:10B56000244030EA04040CD0521CD2B2192AF4D37D
:10B57000FFF77AFF90B1012010BD002010BD002020
:10B5800010BD02EB420003EB800002790A704279A1
:10B590004A70806848600120087210BD002010BD0C
:10B5A000FCE902002DE9F04104460F46002C28D0AA
:10B5B000072F26D27E48C619657A3078C00701D099
:10B5C0002A4601E04DB100222188A07900F0EAF876
:10B5D0003078800703D52A4603E00122F4E795B1CD
:10B5E00000226188E07900F0DDF83078400701D46E
:10B5F0005DB100252A46A188207A00F0D3F884F8AE
:10B600003770BDE8F0810122EBE70125F2E710B5C4
:10B610000446002C0ED0E06800280BD0006894F897
:10B62000251000EB810081782046FFF7BBFF0CF06E
:10B63000CEFDA06210BD002806D000212430417448
:10B64000017400F82419ADE7704770B5002815D0D3
:10B65000C16899B1C36A5B1CC362C988026B541884
:10B66000046300F1100100250A784AB1012A0DD0C7
:10B67000022A18D0FFF7DFFF002070BD002070BD48
:10B6800080F82550FFF7C3FF012070BD49688B4249
:10B6900003D3FFF7D0FF002070BD80F82550FFF7DF
:10B6A000B6FF012070BD49688C4203D3FFF7C3FF8A
:10B6B000002070BD80F82550FFF7A9FF012070BD64
:10B6C00010B500280DD0C2685AB190F82510491C59
:10B6D000C9B280F825101279914204D3BDE8104018
:10B6E000B3E7002010BDFFF792FF012010BD70B539
:10B6F0000446002C1AD001201834607720770025EA
:10B7000065736561A561A5770320207354F80C0C5F
:10B71000183C28B1007918B12046BDE8704076E7A2
:10B7200000212046FFF73EFF84F8355070BD10B56C
:10B73000002803D090F82410012901D0002010BD6A
:10B74000D0E907238169C0E90423C1600021816138
:10B75000C1610162022180F82410FFF7C8FF0120B7
:10B7600010BD10B586B0044601A808F0EFFC022019
:10B77000ADF80600607A98B10020ADF80E0021887F
:10B78000A07901AA08F034FC6188E07901AA08F0E8
:10B790002FFCA188207A01AA08F02AFC06B010BD6F
:10B7A0000120EAE7002A01D008F003BF08F024BF17
:10B7B0003CEB0200172801D3002070470E4900EB34
:10B7C000400001EB8000704717207047172801D315
:10B7D00000207047084900EB400001EB80007047F3
:10B7E000172801D300207047034900EB400001EB0C
:10B7F000800080687047704728EC02002DE9F04116
:10B800002DED088B00250127F6EE008A1B4E9FEDDB
:10B810001C9A9FED1C8A9FED1CBADFED1C9A9FEDD0
:10B820001CAADFED1CAA05EB850000EBC51006EB9A
:10B83000800404F5CC7104F5C27000F011FA84F8AC
:10B840008471C4ED628A84ED639A84ED648A84ED28
:10B85000658A84ED6EBA84ED6F8AC4ED749A84EDC6
:10B8600075AAC4ED76AA6D1C022DDCDBBDEC088B3D
:10B87000BDE8F0817047084804F0C0BA3883FF1F64
:10B88000CDCC4C3D0000000000401C4500002F4482
:10B890000080BB440000FA443CED02002DE9F04179
:10B8A0002DED068B00250127B7EE009A434EDFED04
:10B8B000448A9FED448AF2EE009ABAEE00AAF6EEB0
:10B8C00000AA05EB850000EBC51006EB800404F12F
:10B8D000E00104F1CC0000F0C3F984F8CC7084EDF1
:10B8E000349AC4ED358A84ED368A84ED378AC4ED06
:10B8F000409A84ED41AAC4ED46AA6D1C022DE0DBFE
:10B90000BDEC068BBDE8F0812DE9F0412DED028BF9
:10B9100000252A4F2C4EA84605EB850000EBC510EC
:10B9200007EB800494F8E000F0B3D4ED3A0A94ED0C
:10B93000390A04F1E00104F1CC0000F04DF9E5B959
:10B940007088022817D3A6F802803088B0F5C87F27
:10B9500013D21E4A97ED3E0A02EB8002394682ED71
:10B96000000A91ED420A1A4901EB800181ED000ABB
:10B97000401C308001E0401C708094ED420AB0EE23
:10B98000C00A10EE100A1349884206DC10EE100AB5
:10B990001149884201DC10EE100AD4ED3E0A94F8F9
:10B9A000A40096ED010A00E001E084ED500A6D1C50
:10B9B000022DB1DBBDEC028BA4E700003883FF1F32
:10B9C0000AD7233C000000007080FF1F348BFF1F4C
:10B9D000B497FF1F000020410000A0402DE9F04176
:10B9E0002DED068B00250127F3EE049A3F4E9FEDC7
:10B9F000409ADFED408A9FED408A9FED40AAF6EE27
:10BA000000AA05EB850000EBC51006EB800404F5E9
:10BA10009E7104F5947000F023F984F82871C4ED48
:10BA20004B9A84ED4C9AC4ED4D8A84ED4E8A84ED98
:10BA300057AAC4ED588AC4ED5DAA6D1C022DE0DB47
:10BA4000BDEC068BBDE8F0812DE9F0410025274FC4
:10BA50002B4EA84605EB850000EBC51007EB8004D4
:10BA600094F83C0198B3D4ED510A94ED500A04F5D2
:10BA70009E7104F5947000F0AFF83DBB7088052806
:10BA800026D3A6F802803088B0F57A7F22D21D4AEC
:10BA900097ED500A02EB8002394682ED000A1A4AFD
:10BAA00091ED510A02EB800282ED000A174A91EDF6
:10BAB000550A02EB800282ED000A91ED590A144901
:10BAC00001EB800181ED000A401C308002E005E0BE
:10BAD000401C708096ED010A84ED670A6D1C022DF2
:10BAE000B8DBAFE70B4804F089B900003883FF1FCB
:10BAF0000AD7A33C000000000000FA440080BB44C9
:10BB00007880FF1F34A4FF1FD4B3FF1F74C3FF1F2F
:10BB100014D3FF1F54ED020070B505462DED048BC4
:10BB20000C4694ED0D0AD4ED0A0A30EE209A84ED0D
:10BB30000D9A286912F056FA41EC180B19EE100A0A
:10BB400012F050FA41EC100B12F012FB53EC182BD0
:10BB500051EC100B12F072FA14D294ED0D0AD5EDDF
:10BB6000040AB5EEC00AF1EE10FA01DD012001E091
:10BB70004FF0FF3000EE100AB8EEC00A20EE800A47
:10BB800084ED0D0A95ED010AD4ED0A0A94ED0D1A23
:10BB900020EE200AD5ED020A00EE810A84ED060AA5
:10BBA000BDEC048B70BDD1ED0A0A91ED0B1AD0EDFE
:10BBB000011A30EEC10A20EE210AD0ED021A01EE80
:10BBC000A00AD1ED061A31EE800A81ED060A81ED58
:10BBD0000C1AC1ED0B0A704710B50C4684ED010A32
:10BBE000C4ED020A30EE600A84ED0A0A01780029E9
:10BBF00004D0012908D09FED300A10BD2146FFF77F
:10BC00008BFF84ED060A04E02146FFF7CCFF84EDAC
:10BC1000060A94ED060AD4ED090AB4EEE00AF1EE44
:10BC200010FA02D2C4ED060A08E0D4ED080AB4EE18
:10BC3000E00AF1EE10FA01DDC4ED060A94ED060A01
:10BC400010BD9FED1D0A80ED010A80ED020A80ED16
:10BC50000A0A80ED0B0A80ED0D0A80ED060A704796
:10BC60000846EEE7002808D0B4EEE00AF1EE10FA3C
:10BC700004D280ED090AC0ED080A7047C0ED090A38
:10BC800080ED080A7047002807D080ED010AD0ED4A
:10BC9000020A30EE600A80ED0A0A70479FED060A3C
:10BCA00080ED0A0A80ED0B0A80ED0C0A80ED0D0A8A
:10BCB00080ED060A704700000000000000B52DED81
:10BCC000028B8BB09FEDAD8A6B46142201A9AC4864
:10BCD00000F0DEFEBDF80010002915D0002001AAFA
:10BCE00007E002EB800393ED000A30EE088A401C67
:10BCF000C0B28842F5D300EE101AA148B8EE400A4F
:10BD0000C8EE000AC0ED030A0BB0BDEC028B00BD0B
:10BD10009C4804F031BE2DE9F04104462068456896
:10BD200006680CF054FA0346307A974A002150B165
:10BD300094ED030A95ED001AB4EEC01AF1EE10FA74
:10BD400006D2012705E0A17451701170BDE8F081A1
:10BD50000027D5ED011AF4EEC01AF1EE10FA01DD5C
:10BD6000012000E00020D5ED030AF5EEC00AF1EE57
:10BD700010FA01DCF0EE000A2D690DB940F6B83575
:10BD800056784FF002084FF0010C36B3022E08D05F
:10BD900071EEA00AF4EEC00AF1EE10FA0CD2012006
:10BDA0000BE071EE600AF4EEC00AF1EE10FA01DD6C
:10BDB000012002E0002000E0002060B1107830B1E6
:10BDC0005068181AA84211D3517011700EE082F811
:10BDD00000C053600AE0117008E01FB182F80180D2
:10BDE000117003E010B182F801C011705078022880
:10BDF00003D0012804D0A174A8E784F812C0A5E7F5
:10BE000084F81280A2E701684A6809680023497A29
:10BE1000002906D092ED020AB5EEC00AF1EE10FA42
:10BE200002D1C37403767047018A00EE901AF8EECF
:10BE3000600A117D01B90321B4EEE00AF1EE10FAB7
:10BE400008D2027E521CD2B202768A42EBD3032180
:10BE5000C17470470376C374704749484A4990EDEE
:10BE6000030A0C3181ED020A028A8A81827C8A737C
:10BE7000C07CC87342481C30103190ED030A81ED3C
:10BE8000020A028A8A81827C8A73C07CC8733C4819
:10BE90003830103190ED030A81ED020A028A8A815E
:10BEA000827C8A73C07CC873704710B53448FFF732
:10BEB00032FF33481C30FFF7A6FF3148BDE8104081
:10BEC0003830A0E710B53049002310220C31202073
:10BED00003F070FD2C49002310221C31202003F0B8
:10BEE00069FD2949002310222C31BDE81040202093
:10BEF00003F060BD10B52549214800F021F9234920
:10BF00001F4808311C3000F01BF920491C48103133
:10BF1000BDE81040383000F013B910B50CF057F9F7
:10BF20000446FFF7F5FE18498868201A142802D342
:10BF30008C60FFF7C3FEFFF7B8FFFFF78EFFBDE889
:10BF40001040BFE710B501210E4804F089FDBDE89F
:10BF500010400B4800F058BB10B50221094804F00E
:10BF60007FFD07481C3000F04FFB0548383000F0DB
:10BF70004BFBBDE8104003F0D4B800000000000007
:10BF8000B4E2FF1F000004408080FF1FD8ED0200D4
:10BF900010B586B00446002C0BD001A808F0D6F8E6
:10BFA0004FF40040ADF81400E188207901AA08F0B0
:10BFB0001FF806B010BD7CB505460C46FE4885420C
:10BFC00004D10121084607F0D4FF06E0FB48854272
:10BFD00003D10121022007F0CCFF684604F02CFBBE
:10BFE000208EADF80000608EADF80200A08EADF896
:10BFF00004006946284604F095FA10B14FF0FF306E
:10C000007CBD00207CBD00290BD04A7A22B10A7A7F
:10C010000123194604F01ABB0A7A0123002104F017
:10C0200015BB70473EB50121042007F084FF0020B6
:10C030008DF8000030218DF801108DF802000220EB
:10C040008DF8030040F6C3100290DD4C694620468F
:10C050000BF0D4F84FF49672002120460BF039FE15
:10C060000122114620460BF0D1FF3EBD70B50546BA
:10C070000E461446002C0ED00121480407F018FF8C
:10C080002189606805F008F8228831462846BDE815
:10C09000704004F0D2BB70BD7CB506460D46144618
:10C0A000002C46D0C448864243D1ADF800502088C9
:10C0B000ADF8020060680190684608F097FBB4F99B
:10C0C00000200123002A09DB02F01F0003FA00F020
:10C0D0005109890001F1E021C1F88002B4F9002082
:10C0E000A178002A05DB02F1E022080182F80004B1
:10C0F00006E0080102F00F0101F1E02181F8140DC2
:10C10000B4F90020002A08DB02F01F008340500928
:10C11000800000F1E020C0F80031B5F5E07F09D0E3
:10C12000A5F58070C13804D101220221304604F007
:10C13000DDFB7CBD01221146304604F0D7FB7CBDFF
:10C1400070B505460C46002D15D0A4B1206890B1FD
:10C150002C60002068766860A860E86028619949D2
:10C1600001268D420AD19849696198A10988A98060
:10C17000A87128721BE04FF0FF3070BD94498D42CA
:10C1800007D19449696194A10988A980A8712E7288
:10C190000DE092498D4208D19149696191A10988C8
:10C1A000A980A8710220287201E08F48686168693F
:10C1B00018B140F60C0111F0C1FE2468207A18B1C4
:10C1C00004F10C00FFF7E4FE607A18B104F11800E6
:10C1D000FFF7DEFEA07A18B104F12400FFF7D8FEC5
:10C1E00021466068FFF7E7FE10B16FF0010070BDF7
:10C1F000207A20B104F10C016068FFF704FF607A37
:10C2000020B104F118016068FFF7FDFEA07A20B1AB
:10C2100004F124016068FFF7F6FE94F8360028B1B7
:10C2200004F1380200216068FFF720FF94F837001E
:10C2300028B104F1440201216068FFF717FF94F868
:10C24000500030B104F154024FF4E0716068FFF720
:10C2500023FF94F8510030B104F15C0240F2C111A7
:10C260006068FFF719FF94F84E0008B1FFF7DAFE97
:10C270006E76002070BD10B5002808D0417E31B127
:10C280000068046894F83600012803D007E04FF0F6
:10C29000FF3010BD01220021606804F0FBFA94F821
:10C2A0003700012804D101221146606804F0F2FA37
:10C2B000002010BD002806D0417E21B10068006832
:10C2C000406804F059BB4FF0FF3070472DE9F05F34
:10C2D000064600244548864204D000F505718E428A
:10C2E00021D10124414D307D0027903D4FF00509BB
:10C2F0004FF0030A4FF0040B4FF00108012814D04F
:10C30000022877D004EB840000EBC41005EB800515
:10C3100085F8DC8185F8DD81204602F010F985F88A
:10C320004770307D7075BDE8F09F707D012813D097
:10C3300004EB840000EBC41005EB800585F8DC817C
:10C3400085F8DD81204602F0FAF885F8477005F59A
:10C35000CC70FFF7A3FCE4E76006000E002102F0BA
:10C36000D8F804EB840000EBC41005EB800585F8D9
:10C37000DD8109EB4400C0B202F05AF995F846009D
:10C3800008B985F8468095F8460028B195F8470029
:10C3900088B3A86C401CA864A86C0328C1D9C5F850
:10C3A00048A00BEB4400C0B202F02FF91049D5F8B9
:10C3B000B00188422DDD1FE000000440000404406D
:10C3C00000500140B4E2FF1F14EBFF1F564D000068
:10C3D000D0E2FF1F20F3FF1F4D310000ECE2FF1FF2
:10C3E0002CFBFF1F4D32000008E3FF1FC883FF1F17
:10C3F00000301C4523E008E085F8DC8108EB4400B0
:10C40000C0B2012102F085F88BE785F84780AF6460
:10C41000C2E795F8DC0130B108EB4400C0B202F08D
:10C4200047F885F8DC7195ED6C0A08EB4400C0B262
:10C43000BCEEC00A10EE101A02F00DF971E7707D23
:10C4400002280FD004EB840000EBC41005EB80053C
:10C4500085F8DC8185F8DD81204602F070F885F8EA
:10C4600047705EE708EB4400C0B2002102F051F8CB
:10C4700004EB840000EBC41005EB800585F8DD813A
:10C480000BEB4400C0B202F0D3F895F8460008B9AF
:10C4900085F8468095F8460028B195F84700C8B160
:10C4A000A86C401CA864A86C0328ADD9C5F848A0A6
:10C4B00009EB4400C0B202F0A8F8FE49D5F8B0017B
:10C4C00088420BDD85F8DC816006000E012102F058
:10C4D00020F826E785F84780AF64E4E795F8DC01AB
:10C4E00028B16006000E01F0E3FF85F8DC7195EDE0
:10C4F0006C0A6006000EBCEEC00A10EE101A02F0C4
:10C50000AAF80EE72DE9F04100EB800101EBC01223
:10C51000E94901EB8204E94AD4F8B011914240DDC7
:10C52000E74D0027291D2A8801EB8006B2F5FA7F26
:10C5300034D996ED000AD4ED3A0A30EE600A10EED6
:10C54000100A11F04FFD41EC100B11F011FE9FEDA0
:10C55000DD1B51EC100B53EC112B11F057FD15D2D4
:10C560006888401C80B26880052812D96F8094F8D2
:10C570007000022803D0012084F8540209E04FF42F
:10C580000051D4F83C0202F0DBFF02E06888401E54
:10C5900068802F8094ED3A0A86ED000A2888401CB6
:10C5A0002880BDE8F08100282BD0406948B3B0F85E
:10C5B000001800EB810181ED000A90F80018491C79
:10C5C000C9B2A0F80018B0F80818FF2902D8491C11
:10C5D000A0F80818B0F8021800EB810101F580619D
:10C5E000C1ED000A90F80218491CC9B2A0F802185F
:10C5F000B0F80A18FF2902D8491CA0F80A18002030
:10C6000070474FF0FF3070472DE9F04104462DEDA3
:10C61000048B9FEDAE8AB0EE489AF0EE498A002C6A
:10C6200078D0607E002875D0206805680127287AB8
:10C63000E8B1297D686804F0C9F900EE100AD5ED6B
:10C640001D0A95F87810B8EE400A07FA01F095ED4A
:10C650001A9A60EE800A00EE100AB8EEC01A80EE58
:10C66000810AD5ED190A00EE209A84ED039A687AC2
:10C6700000287CD095F82010686804F0A7F900EE37
:10C68000100AD5ED1D0A95F87810B8EE400A07FAA1
:10C6900001F0D5ED1C8A60EE800A00EE100AB8EEBB
:10C6A000C01A80EE810AD5ED1B0A40EE208ABCEE4E
:10C6B000E80A10EE100A2082207A012801D0022810
:10C6C00055D1401E00EB80017B4E01EBC01106EB03
:10C6D0008101002591F89120002A7DD091F89821C0
:10C6E000002A7AD0C3B2B3B17948017D00EB810151
:10C6F000C1ED008A017D491C0522B1FBF2FC02FB61
:10C700001C110175417D052901D2491C417500218B
:10C71000427D0BE08DE16E481838E6E700EB810CB6
:10C72000DCED000A30EE888A491CC9B28A42F5D88D
:10C7300000EE102AF8EE400A88EE200A03EB830090
:10C7400000EBC31006EB800080ED680A207A401EE3
:10C7500000EB800101EBC01006EB800000F5CC710E
:10C76000D0ED680A90ED670A00F5C27000E056E16E
:10C77000FFF732FA207A401E00EB800101EBC01077
:10C7800006EB8000D0E91712914214D2491CC16512
:10C79000207A401E00EB800101EBC01006EB800008
:10C7A000C564207A401E00EB800101EBC01006EB4F
:10C7B0008000456560E090ED420AD0ED460AB4EE97
:10C7C000E00AF1EE10FA06DCF1EE600AB4EEE00ADF
:10C7D000F1EE10FA45D201E00BE1FCE090ED680AC1
:10C7E000D0ED750AB4EEE00AF1EE10FA39DDD0E9C9
:10C7F0001312914222D380F8A450207A401E00EBFD
:10C80000800101EBC01006EB800080F89150207A87
:10C81000401E00EB800101EBC01006EB800090F899
:10C820007010022916D080F85472207A401E00EB56
:10C83000800101EBC01006EB8000C564207A401E29
:10C8400000EB800101EBC01006EB8000C16C491CBD
:10C85000C1640AE0D0F83C024FF4005102F070FECF
:10C86000E3E7C16C09B1491EC164207A401EC0B221
:10C87000FFF748FE00F0E9FD207A401E00EB800142
:10C8800001EBC01006EB800090ED390AD0ED3A0ABA
:10C8900030EE600AD0ED460AB0EEC00AB4EEE00A0F
:10C8A000F1EE10FA72D2D0E9151291426DD390F8E0
:10C8B00070100FE000301C453883FF1F00800945D1
:10C8C000BC80FF1F9A9999999999B93F000000007F
:10C8D0005003002002295AD080F8A450207A401E2C
:10C8E00000EB800101EBC01006EB800080F8915056
:10C8F000207A401E00EB800101EBC01006EB8000A7
:10C900001021D0F8C80002F01BFE207A401E00EB78
:10C91000800101EBC01006EB800080F89851207A6E
:10C92000401E00EB800101EBC01006EB800080F898
:10C930003C51207A401E00EB800101EBC01006EB59
:10C94000800080F8E050207A401E00EB800101EB6F
:10C95000C01006EB800000F5CC70FFF79FF9207A3D
:10C96000401E00EB800101EBC01006EB8001D1F806
:10C97000F0010A2812D00B2810D00C280ED0022863
:10C9800013D0032811D004280FD013E01EE0D0F8F4
:10C990003C024FF4804102F0D3FD0BE0D1F8FC01E2
:10C9A0004FF4805102F0CCFD04E0D1F8FC014021AD
:10C9B00002F0C6FD207A401E00EB800101EBC010A2
:10C9C00006EB8000416D491C416506E0416D21B1D7
:10C9D000491E416501E081F8A450207A401E00EB19
:10C9E000800101EBC01006EB80009030FFF76EFC79
:10C9F00015E081F8A450207A401E00EB800101EB85
:10CA0000C01006EB8000C565207A401E00EB800157
:10CA100001EBC01006EB80009030FFF757FCF0EE02
:10CA2000680AB0EE490ABDEC048B2046BDE8F0412F
:10CA3000B9E5BDEC048BB4E510B5002813D0447EF5
:10CA40008CB119B190ED030A81ED000A32B1018A6F
:10CA500000EE101AB8EE400A82ED000A0BB1407ADF
:10CA60001870002010BD4FF0FF3010BD002804D01A
:10CA7000406910B1B0F808087047002070470028DE
:10CA800004D0406910B1B0F80A0870470020704720
:10CA900030B5002809D0406938B131B1B0F8084844
:10CAA000944200D82246002419E04FF0FF3030BDF8
:10CAB000B0F8045800EB850595ED000A01EB8405FC
:10CAC00085ED000A90F804586D1CEDB2A0F80458EA
:10CAD000B0F808586D1EA0F80858641CA4B294421F
:10CAE000E6D303B11A80002030BD30B5002809D04C
:10CAF000406938B131B1B0F80A48944200D82246B2
:10CB000000241BE04FF0FF3030BDB0F8065800EBBA
:10CB1000850505F5806595ED000A01EB840585ED39
:10CB2000000A90F806586D1CEDB2A0F80658B0F84F
:10CB30000A586D1EA0F80A58641CA4B29442E4D3AB
:10CB400003B11A80002030BD002806D040690028BB
:10CB500003D040F60C0111F0F1B9704770B50446EE
:10CB600094F82C00012801D0002860D1D4F8AC0141
:10CB7000FD4D1A2845D2DFE800F0440D404040400A
:10CB8000403B0D4440404040403B0D444444440D34
:10CB9000360D3636D4F8B00109280FD011280DD043
:10CBA00094F80002D0B194F82E0001280BD002288E
:10CBB0000ED02078ED49FEF709FC22E020782946C6
:10CBC000FEF704FC1DE02078E949FEF7FFFB18E0C2
:10CBD000E74920781031FEF7F9FB12E020780221B6
:10CBE000FEF7F4FB0DE020782946FEF7EFFB08E0A6
:10CBF00020782946FEF7EAFB03E02078DD49FEF7BE
:10CC0000E5FBD4F8AC01162803D0182801D0192868
:10CC100003D120782946FEF7D9FBD4F8EC0102288D
:10CC200005D12078BDE87040D349FEF7CFBB70BD79
:10CC3000D249D0F8B80191F83520002A02D191F8F4
:10CC4000361019B14FF4001102F07ABC4FF4000114
:10CC500002F076BCC949D0F8B80191F83810002923
:10CC600003D04FF4003102F06BBC4FF4802102F08E
:10CC700067BC10B5C14CD4F80404162805D14FF494
:10CC80000021D4F8100402F05BFCD4F80404182846
:10CC900007D1D4F81004BDE810404FF0807102F0C5
:10CCA0004FBC10BD10B5B54CD4F8F001162805D115
:10CCB0004FF40021D4F8FC0102F042FCD4F8F0015A
:10CCC000182807D1D4F8FC01BDE810404FF080715E
:10CCD00002F036BC10BD704770477047704710B502
:10CCE000A74901606E218180A64981601A21818156
:10CCF0000121816101F0BCF80BF03DFBA24C2060EA
:10CD00000BF039FBA0600BF036FB60600BF033FBDF
:10CD1000E0600BF030FB20610BF02DFB60612068C0
:10CD200010B19A490BF04BFBA06810B198490BF079
:10CD300046FB606810B197490BF041FBE06810B109
:10CD400095490BF03CFB206910B194490BF037FB7F
:10CD50006069002804D0BDE8104091490BF02FBB5A
:10CD600010BD2DE9F0470446844D207800EB80018A
:10CD700001EBC01105EB810191F87110002952D02F
:10CD80002046FFF7EBFE94F82C00022858D0D4F888
:10CD9000EC01022854D094F8FE01012848D094F800
:10CDA000FF11884207D020780421FEF70FFB94F88A
:10CDB000FE0184F8FF0194F8FC0198B32078012665
:10CDC00000EB800101EBC01005EB800080F8706083
:10CDD0002046FFF72DFF2046FFF73CFF94F8FC01AB
:10CDE00094F8FD11884207D020780421FEF7EEFA6E
:10CDF00094F8FC0184F8FD01D4F8B80102F005FCB8
:10CE000080024FF400174FF4801832D5207800EBE1
:10CE1000800101EBC01005EB8000D0F8F011012972
:10CE200019D026E00EE0BDE8F0470421FEF7CEBAA7
:10CE300020785C49FEF7CAFA94F8FE0184F8FF01F5
:10CE4000BDE8F08720785849FEF7C0FA94F8FC0155
:10CE500084F8FD01F4E790F87200012809D1394601
:10CE6000D4F8B80102F079FB4146D4F8B80102F0D9
:10CE700067FBD4F8B80102F0C8FB0546A80704F523
:10CE8000CE790AD50221484600F0F7FF0221D4F8F6
:10CE9000B80102F062FB00206070E80709D00121B0
:10CEA000484600F0EAFF0121D4F8B80102F055FB32
:10CEB000667028040AD54FF400463146484600F013
:10CEC000DCFF3146D4F8B80102F047FB68040AD50C
:10CED0004FF480463146484600F0CFFF3146D4F843
:10CEE000B80102F03AFBE8030AD54FF48036314628
:10CEF000484600F0C2FF3146D4F8B80102F02DFBDD
:10CF0000A8030AD54FF400363146484600F0B5FF75
:10CF10003146D4F8B80102F020FB68030AD54FF47B
:10CF200080263146484600F0A8FF3146D4F8B801C3
:10CF300002F013FB28030AD54FF400263146484679
:10CF400000F09BFF3146D4F8B80102F006FBE8027E
:10CF500008D54146484600F090FF4146D4F8B80154
:10CF600002F0FBFAA80221E0080480400804805087
:10CF70001000005010040850400420103883FF1F98
:10CF800064EF02008CF40200C880FF1FDDCC0100BA
:10CF9000DBCC0100D9CC0100D7CC0100A5CC01002D
:10CFA00073CC0100400000208080003008D5394655
:10CFB000484600F062FF3946D4F8B80102F0CDFAD5
:10CFC00068020AD54FF480063146484600F055FF06
:10CFD0003146D4F8B80102F0C0FA28020AD54FF45D
:10CFE00000063146484600F048FF3146D4F8B80103
:10CFF00002F0B3FAE8010AD54FF080763146484690
:10D0000000F03BFF3146D4F8B80102F0A6FA28063A
:10D0100008D58021484600F030FF8021D4F8B801BF
:10D0200002F09BFAA8040AD54FF400563146484650
:10D0300000F023FF3146D4F8B80102F08EFAE8057B
:10D040000AD54FF480763146484600F016FF314647
:10D05000D4F8B80102F081FA680708D504214846DF
:10D0600000F00BFF0421D4F8B80102F076FA28078B
:10D0700008D50821484600F000FF0821D4F8B8017F
:10D0800002F06BFAE80608D51021484600F0F5FEDC
:10D090001021D4F8B80102F060FAA80608D52021C2
:10D0A000484600F0EAFE2021D4F8B80102F055FA13
:10D0B000680608D54021484600F0DFFE4021D4F83C
:10D0C000B80102F04AFA280608D58021484600F047
:10D0D000D4FE8021D4F8B80102F03FFAA8050AD5A1
:10D0E0004FF400763146484600F0C7FE3146D4F88A
:10D0F000B80102F032FA68050AD54FF4806631466D
:10D10000484600F0BAFE3146D4F8B80102F025FADC
:10D1100028050AD54FF400663146484600F0ADFEBA
:10D120003146D4F8B80102F018FAE8047FF592AE5F
:10D130004FF480552946484600F09FFE2946D4F812
:10D14000B801BDE8F04702F008BA10B5F84991F807
:10D150004100022822D200EB800202EBC01001EB5A
:10D16000800494F84500002818D0D4F8F001102865
:10D1700008D0112806D0082804D0092802D008B108
:10D1800001280BD11021D4F8C80002F0D9F994F885
:10D190004400BDE810400421FEF718B910BDF0B5F9
:10D1A0002DED048B81B0E3A2E4A100200CF096F8F1
:10D1B000DF4890F84150022D70D205EB850101EB5C
:10D1C000C51100EB810494F84500002866D00120C9
:10D1D00084F8E00084F83C0184F8980104F5CC70F0
:10D1E0000646FEF75BFD30469FEDE40AFEF74BFD79
:10D1F0009FEDE38BD4F8F001E34FBFEE009AF7EE1A
:10D20000009A4FF07E56022816D0032814D0042826
:10D2100012D00D2810D00E280ED00F280CD00A28BE
:10D220005FD00B285DD00C285BD0052859D006288C
:10D2300057D0072855D0A8E000902B46BDA2D3A117
:10D2400000200CF04BF894ED1B0AD4ED190A30EED7
:10D25000600A10EE100A10F0C5FE41EC100B10F041
:10D2600087FF53EC182B51EC100B10F0CFFE09D2B6
:10D27000D4F8FC0101B04021BDEC048BBDE8F040C6
:10D2800002F05EB9D4ED1B0A94ED190AF4EEC00A5F
:10D29000F1EE10FA03DD84ED3F9A02E07FE0C4ED89
:10D2A0003F9A84ED390AD4F8FC00B0420BD12B46EA
:10D2B000A0A2C54900200CF011F80421D4F8C80040
:10D2C00002F03EF961E0B8425FD12B4699A2BF4916
:10D2D00000200CF003F80821D4F8C80002F030F95F
:10D2E00053E000902B4693A2A8A100200BF0F6FF7C
:10D2F00094ED1B0AD4ED1A0A30EE600A10EE100A03
:10D3000010F070FE41EC100B10F032FF53EC182BB4
:10D3100051EC100B10F07AFE0AD8D4F8FC0101B0E1
:10D320004FF48051BDEC048BBDE8F04002F008B929
:10D33000D4ED1B0A94ED1A0AF4EEC00AF1EE10FACD
:10D3400002DD84ED3F9A01E0C4ED3F9A84ED390A95
:10D35000D4F8FC00B0420BD12B4676A29A490020AB
:10D360000BF0BCFF0421D4F8C80002F0E9F80CE08F
:10D37000B8420AD12B466FA2944900200BF0AEFFB1
:10D380000821D4F8C80002F0DBF894F8440001B09A
:10D390000421BDEC048BBDE8F040FEF717B801B0E6
:10D3A000BDEC048BF0BD70B5614890F84150022D82
:10D3B0002CD205EB850101EBC51100EB810494F83B
:10D3C0004500002822D054F8C80F102102F0B8F808
:10D3D0000020207684F8740084F8D000D4F8280166
:10D3E000162801D0182811D1794841F288323DB170
:10D3F000012D0BD14069BDE8704000210AF0E3BF68
:10D400000069BDE8704000210AF0DDBF70BD70B555
:10D410000024474D04EB840000EBC41005EB8001B1
:10D4200091F8450060B1D1F8F001162803D0182812
:10D4300001D0192804D191F844000421FDF7C6FF5A
:10D44000641CE4B2022CE5D370BD2DE9F047002541
:10D450005F4EDFF8DC9018364FF49668002705EB36
:10D46000850000EBC51009EB800494F8540210B35A
:10D47000D4F8F0010A280AD00B2808D00C2806D0CE
:10D4800002280FD003280DD004280BD013E04FF44E
:10D490000061D4F8FC0102F053F80AF098FE46F857
:10D4A000250008E02021D4F8FC0102F049F80AF038
:10D4B0008EFE46F82500D4F8F0010D280AD00E287B
:10D4C00008D00F2806D0052830D006282ED00728EF
:10D4D0002CD0A9E00AF07BFE56F82510401A4045F2
:10D4E0001BD894ED190AD4ED460A94ED3A1A70EE61
:10D4F000201AF4EEC11AF1EE10FA03DD94F871006F
:10D5000002280AD030EE600AB4EEC10AF1EE10FA39
:10D510000BD294F87100012807D14FF48071D4F830
:10D52000FC0102F00DF884F854727DE052E0000036
:10D530003883FF1F5741524E000000001B5B3333FE
:10D540006D5B25735D202D2D6163745F656E746561
:10D55000725F6D6F76696E673A2073746172746979
:10D560006E672D2D2D2D2D2D2D2D2D2D2D2D2D2D70
:10D570002D2D1B5B306D0D0A000000000080BB44A8
:10D58000000000000000F03F000080BF1B5B333351
:10D590006D5B25735D206D7953797374656D2E61B4
:10D5A0007869735B25645D2E736D5F6163742E63B0
:10D5B00075725F7374617465203D3D2025641B5B4B
:10D5C000306D0D0A00000000B8FF0200FCFF0200F1
:10D5D000C880FF1F0AF0FBFD56F82510401A404591
:10D5E0001BD894ED1A0AD4ED460A94ED3A1A70EE5F
:10D5F000201AF4EEC11AF1EE10FA03DD94F871006E
:10D6000001280AD030EE600AB4EEC10AF1EE10FA39
:10D610000AD294F87100022806D10421D4F8FC0142
:10D6200001F08EFF84F854726D1CEDB2022DFFF4F0
:10D6300016AF05E4FA4901601D218180F949816036
:10D640000A2181810121816100F012BC70B504467C
:10D65000D4F8F80101F0D9FF0246D0054FF48075E7
:10D6600007D522F4807119B1D4F8F80101F075FFE3
:10D670002A464FF4007604F5EE70B2427DD026DCE7
:10D68000102A75D011DC012A54D0022A5CD0042A59
:10D6900064D0082A72D1082100F0EFFBD4F8F80119
:10D6A000BDE87040082101F058BF202A70D0402A00
:10D6B00078D0802A65D0AA4260D1294600F0DDFBEF
:10D6C0002946D4F8F801BDE8704001F046BF4FF498
:10D6D0008045AA427ED016DC4FF48065AA427AD0FB
:10D6E0006D00AA4278D06D00AA4276D06D00AA42A1
:10D6F00044D1294600F0C1FB2946D4F8F801BDE821
:10D70000704001F02ABF4FF40045AA4266D06D0078
:10D71000AA427CD06D00AA427AD06D00AA422DD1D7
:10D72000294600F0AAFB2946D4F8F801BDE870406C
:10D7300001F013BF012100F0A0FBD4F8F801BDE80F
:10D740007040012101F009BF022100F096FBD4F8DE
:10D75000F801BDE87040022101F0FFBE042100F095
:10D760008CFBD4F8F801BDE87040042101F0F5BE4F
:10D77000102100F082FB102104E027E07FE007E0A9
:10D7800010E019E0D4F8F801BDE8704001F0E5BE02
:10D79000202100F072FBD4F8F801BDE87040202190
:10D7A00001F0DBBE402100F068FBD4F8F801BDE8D1
:10D7B0007040402101F0D1BE802100F05EFBD4F822
:10D7C000F801BDE87040802101F0C7BE314600F08D
:10D7D00054FB04E02BE009E012E01EE031E03146AA
:10D7E000D4F8F801BDE8704001F0B7BE294600F05A
:10D7F00044FB2946D4F8F801BDE8704001F0ADBE05
:10D80000294600F03AFB2946D4F8F80101E022E06D
:10D810002BE0BDE8704001F0A0BE294600F02DFBD2
:10D820002946D4F8F801BDE8704001F096BE2946BB
:10D8300000F023FB2946D4F8F801BDE8704001F060
:10D840008CBE294600F019FB2946D4F8F801BDE842
:10D85000704001F082BE294600F00FFB2946D4F843
:10D86000F801BDE8704001F078BE294600F005FBE4
:10D870002946D4F8F801BDE8704001F06EBE70BDD5
:10D8800010B5694C0121D4F83C0201F059FED4F8DE
:10D890005004BDE81040012101F052BE0021624A4F
:10D8A000312815D008DC10280CD011280AD02328E4
:10D8B00008D0242811D105E0A12803D0A22801D046
:10D8C000A7280AD192F83E00012806D1012104E0E0
:10D8D00092F83F00012800D10121084670472DE948
:10D8E000FC47054600F0F2FC01900020009005EB9B
:10D8F00085004D4E00EBC51006EB800494F8420203
:10D90000002877D196F83C00DFF82081484FE0B33B
:10D91000FFF7C4FF814696F83C006A46494601F08D
:10D9200003FD00281ED1BDF8000008EB800028444C
:10D93000807800F00300002814D0022802D00328C9
:10D9400010D110E096F83C00494601F07CFD012121
:10D95000284600F0CBFC94ED1B0A284600F0D3FCCF
:10D9600001F0FFFC87E0E06EB84211DD96F83C0064
:10D97000494601F068FD0121284600F0B7FC94ED0E
:10D980001B0A284600F0BFFC00E002E001F0E9FCC1
:10D9900071E09DF8050000F00F0396F83D00FFF7D9
:10D9A0007DFF81464B4545D096F83D006A46494685
:10D9B00001F0BAFC90BBBDF8000008EB80002844E1
:10D9C000807800F0030048B3022802D0032852D127
:10D9D00011E096F83D00494601F035FD0121284649
:10D9E00000F084FC94ED1B0A284600F08CFC01F04A
:10D9F000B8FC40E052E0E06EB8423CDD96F83D00F5
:10DA0000494601F020FD0121284600F06FFC94ED0D
:10DA10001B0A284600F077FC01F0A3FC2BE0000075
:10DA2000C4F5020020F702003883FF1FBCFA020091
:10DA300000001C4294F87100012802D002280CD08A
:10DA400019E00121284600F051FC94ED1B0A2846FC
:10DA500000F059FC01F085FC0DE0E06EB8420ADDF3
:10DA60000121284600F042FC94ED1B0A284600F0F4
:10DA70004AFC01F076FC94F8710088B10121D4F8D9
:10DA8000FC0101F05DFD04212846FDF79FFC01210A
:10DA9000284601F033F80120C4F8F401BDE8FC8702
:10DAA0000221D4F8FC0101F04BFD04212846FDF7CA
:10DAB0008DFC0021284601F021F8EFE770B59F4E5C
:10DAC000012186F8201096F84150022D45D205EB31
:10DAD000850000EBC51006EB800404F5087084F89F
:10DAE00070100069012808D0022836D194492846D0
:10DAF000FDF76CFC75B301202DE004212846FDF7ED
:10DB000065FCD4F83C020168B1F5006F12D0B1F5A4
:10DB1000804F0FD0102920D0B1F5004F13D0B1F5B0
:10DB2000803F1AD1D4F8FC01BDE870404FF48071F9
:10DB300001F006BD1021D4F8C80001F001FD28460F
:10DB4000BDE87040CBE6D4F8FC01BDE8704004218C
:10DB500001F0F6BC002086F83B0070BD2DE9F041D5
:10DB60002DED028B0221754A92F83B00002802D06D
:10DB7000012803D005E082F8201002E0032082F89B
:10DB8000200092F84150022D7DD205EB850000EB7C
:10DB9000C51002EB800404F5087084F87010016968
:10DBA000684FC91E01209FED680A9FED688A654E87
:10DBB000103E072967D2DFE801F0040C19344F5CEE
:10DBC0008900BDEC028B2846BDE8F0412021FDF71D
:10DBD000FDBB1021D4F8C80001F0B2FCBDEC028BF3
:10DBE00039462846BDE8F041FDF7F0BB84F89801BE
:10DBF00084F8E00004F5CC70FEF745F804F1E0008D
:10DC0000B0EE480AFEF73FF80421D4F8C80001F04E
:10DC100097FCBDEC028B31462846BDE8F041FDF78C
:10DC2000D5BB84F8980184F8E00004F5CC70FEF7C9
:10DC30002AF804F1E0009FED460AFEF724F80821D7
:10DC4000D4F8C80001F07CFCBDEC028B31462846BC
:10DC5000BDE8F041FDF7BABB1021D4F8C80001F0CF
:10DC60006FFCBDEC028B39462846BDE8F041FDF75C
:10DC7000ADBB042182F8201084F8980184F8E000FC
:10DC800004F5CC7000E055E0FDF7FDFF04F1E00085
:10DC9000B0EE480AFDF7F7FF94F87100012802D0B2
:10DCA000022806D00AE00821D4F8C80001F048FC98
:10DCB00004E00421D4F8C80001F042FCBDEC028B62
:10DCC00031462846BDE8F041FDF780BB84F8980155
:10DCD00084F8E00004F5CC70FDF7D5FF94F87100EE
:10DCE000B0EE000A012802D002280ED01AE0D4EDCE
:10DCF0001B0A04F1E00030EE800AFDF7C4FF0421A6
:10DD0000D4F8C80001F01CFC0CE0D4ED1B0A04F1AF
:10DD1000E00030EEC00AFDF7B6FF0821D4F8C800D5
:10DD200001F00EFCBDEC028B31462846BDE8F04107
:10DD3000FDF74CBBBDEC028BBDE8F0813883FF1FC3
:10DD400040042000200408000080A2440000C842D3
:10DD50000000000044490160142181804249F031F3
:10DD60008160062181810021816100F081B810B5B8
:10DD70000446D4F8840001F048FC014604F1680030
:10DD8000202930D00EDC042919D0082921D01029EF
:10DD90003DD100F072F8D4F88400BDE810401021A5
:10DDA00001F0DBBB402928D0802930D100F065F894
:10DDB000D4F88400BDE81040802101F0CEBB0421DE
:10DDC00000F05BF8D4F88400BDE81040042101F0B5
:10DDD000C4BB082100F051F8D4F88400BDE810401D
:10DDE000082101F0BABB202100F047F8D4F88400E4
:10DDF000BDE81040202101F0B0BB402100F03DF80B
:10DE0000D4F88400BDE81040402101F0A6BB10BD4D
:10DE1000704710B5154991F84100022812D200EB65
:10DE2000800202EBC01001EB800090300021C36A39
:10DE30000122062B06D2DFE803F00306090D1013BA
:10DE40000175417010BD0275427010BD022101754F
:10DE5000427010BD0175417010BD0175417010BD5B
:10DE60000175417010BD000098F702003883FF1F54
:10DE7000002801D08169016170472DE9F041044615
:10DE8000002C43D023691D460020A6880EE022689E
:10DE900000EB400702EB870217689F4204D15768E6
:10DEA0008F4201D1956803E0401C80B28642EED8D3
:10DEB000AB422BD00020A2890EE0A16800EB400607
:10DEC00001EB86010E689E4204D18E6816B1886807
:10DED000804703E0401C80B28242EED82069606136
:10DEE00025610020A2890FE0A16800EB400301EB4F
:10DEF00083010B68AB4205D14B681BB14868BDE894
:10DF0000F0410047401C80B28242EDD8BDE8F0816C
:10DF1000002801D0006970470020704776490160F1
:10DF2000112181807449CC318160062181810021D9
:10DF30008161FFF79DBF70B5704DE86901F065FB29
:10DF400004460A2302228121E86901F013FB38B15B
:10DF500001212846FFF791FF80212846FFF78DFF1A
:10DF60000A2302220121E86901F004FB38B10121F2
:10DF70006248FFF782FF01216048FFF77EFF0A2316
:10DF800002228821E86901F0F5FA38B108215B48DE
:10DF9000FFF773FF80215948FFF76FFF102C58D00F
:10DFA00011DC012C23D0022C35D0042C5BD0082CA2
:10DFB00063D108215148FFF760FFE869BDE8704070
:10DFC000082101F0CABA202C2FD0402C37D0802C49
:10DFD00017D04FF40056B4424FD131464748FFF7AF
:10DFE0004CFF3146E869BDE8704001F0B6BA012146
:10DFF0004248FFF742FFE869BDE87040012101F0A7
:10E00000ACBA80213D48FFF738FFE869BDE87040B1
:10E01000802101F0A2BA02213848FFF72EFFE869FB
:10E02000BDE87040022101F098BA20213348FFF783
:10E0300024FFE869BDE87040202101F08EBA40213C
:10E040002E48FFF71AFFE869BDE87040402101F053
:10E0500084BA10212948FFF710FFE869BDE8704035
:10E06000102101F07ABA04212448FFF706FFE8697D
:10E07000BDE87040042101F070BA70BD7047704770
:10E0800070B500241D4D04EB840000EBC41005EBBB
:10E09000800090F8711061B1D0F8FC01012101F00D
:10E0A0004FFAE0B20121FDF791F9E0B2012100F051
:10E0B00025FD641C022CE6DB70BD10B50F4C02215F
:10E0C000D4F8FC0101F03CFA0221D4F8100401F06C
:10E0D00037FA02210020FDF779F902210120FDF72E
:10E0E00075F90021084600F009FD0021BDE8104047
:10E0F000012000F003BD0000D0F802003883FF1FAC
:10E1000010B504468B4824218069026889489047ED
:10E11000A06A01682046BDE81040084703B4019991
:10E120004160816A496802B00847406870470181D0
:10E13000816A4968084700897047022902D34FF075
:10E14000FF30704701EB410100EB8101CA60816A39
:10E1500049680847022901D30020704701EB4101BB
:10E1600000EB8100C068704738B5022902D34FF038
:10E17000FF3038BDB5EEC00A6FF00103F1EE10FAC2
:10E1800004D310EE102A6C4CA24201DD184638BDB3
:10E1900001EB410200EB820282ED050A4568009521
:10E1A0006944897801F0030192ED050AF3EE060A4D
:10E1B000022902D0032905D102E030EE200A01E055
:10E1C00030EE600AB5EEC00AF1EE10FA03D310EE9D
:10E1D000101AA14201DD184638BD82ED040A816A99
:10E1E0004968884738BD022902D39FED540A704719
:10E1F00001EB410100EB810090ED050A7047022917
:10E2000002D39FED4E0A704701EB410100EB810004
:10E2100090ED040A704724220FF077BEF0B589B064
:10E220000746444CA069C168204688470146A0695A
:10E2300024236A4685682046A84724226946384632
:10E240000FF0B4FE98B13E483860A06901692046DD
:10E2500088470546A06924233A4646682946204651
:10E26000B047E56024352561002009B0F0BD0020ED
:10E27000FBE770B504462F4DA869C168284688475A
:10E280000146A8692423224685682A48A8472C4DC0
:10E290002068A8420AD0242120460FF04FFE2560B6
:10E2A0004FF47A7020812046FFF7B8FF002070BD40
:10E2B0002448406A01682348084711B4214800995E
:10E2C000406A426801B01F4810BC10471D48406AB0
:10E2D00081681C4808471B4A01461A48526AD2689E
:10E2E00010471848406A0169164808470A46154908
:10E2F000496A4B69014613481847124A01461148BA
:10E30000526A926910470F4A01460E48526AD26912
:10E3100010470C4A01460B48526A126A1047094AD4
:10E3200001460848526A526A10470649496A8A6A91
:10E3300004491047B482FF1F00401C460000000043
:10E34000A55AA55A1C81FF1F10B500F080F800F0F7
:10E3500095F8002000F09CF8012000F099F80220C8
:10E3600000F096F8BDE81040032000F091B8704727
:10E3700010B586B00446002C18D001A805F0E6FEC2
:10E380000220ADF806002020ADF80A000020ADF80C
:10E390001400A17911B1ADF8040002E00120ADF83C
:10E3A0000400A188207801AA05F022FE06B010BD65
:10E3B00030B587B00446002C2ED00121E06805F06E
:10E3C000BAFD228B2189207905F026FF00258DF8E2
:10E3D000105030208DF811008DF8125002208DF869
:10E3E000130040F6C310069004A9206908F006FF48
:10E3F0000120ADF80800ADF80A00ADF80C00ADF84A
:10E400000E50D4E9040101AA09F0B8F8D4E90401D6
:10E410004FF4407209F0DCF907B030BD10B5044686
:10E42000002C13D0201DFFF7A3FF207850B1012846
:10E430000CD1228B002A09D021892079BDE8104017
:10E4400005F0EABE2046BDE81040B1E710BD70B54A
:10E4500000210C2005F0B5FE022009F059FE002134
:10E46000102005F0AEFE0024974D05EB4410FFF799
:10E47000D5FF641CE4B2082CF7D370BD10B50121A0
:10E48000924809F06BFC924809F0F4FD002010BDA1
:10E4900010B58D4901EB4010002806D04169006994
:10E4A000012209F012F9002010BD4FF0FF3010BD1D
:10E4B000082815D2844901EB4010002181760178AB
:10E4C00029B1817A41B10189007906F072B84169B8
:10E4D0000069002209F07CB90189007906F08CB846
:10E4E0007047082814D2784901EB4010017829B10F
:10E4F000817A49B10189007906F07EB841690069E5
:10E500004FF4407209F064B90189007906F051B8FE
:10E510007047082812D26C4A02EB40100278002A99
:10E520000CD129B1416900694FF4007209F050B96A
:10E53000416900694FF4407209F04AB9704770B5FB
:10E54000002201210326002808D001285CD15E4C5E
:10E55000C03404F12005A07E70B32FE05A4C803403
:10E5600004F12005A07E08B9A176E261E069401CB3
:10E57000E061A07AB0B12189207906F03DF8A87A4F
:10E58000A8B12989287906F037F8E06902283BD933
:10E59000E66101210846FFF7BCFFBDE8704001219C
:10E5A0000020B6E72189207906F003F8E7E72989FA
:10E5B000287905F0FEFFE8E7A176E261E069401CFA
:10E5C000E061A07AB0B12189207906F015F8A87A27
:10E5D000A8B12989287906F00FF8E069022813D933
:10E5E000E66101210220FFF794FFBDE870400121A0
:10E5F00003208EE72189207905F0DBFFE7E72989F1
:10E60000287905F0D6FFE8E770BD08280FD22E491B
:10E6100001EB40100178012909D1817A19B10189F2
:10E62000007905F0C6BF0189007905F0E5BF7047A4
:10E6300008280FD2244901EB40100178012909D1A3
:10E64000817A19B10189007905F0D6BF0189007975
:10E6500005F0AFBF704710B50C46082833D21A49F1
:10E6600001EB40100178012910D040F6C3118C4213
:10E6700000D90C4641690069224609F02AFB62086C
:10E68000BDE810400021124809F023BB3CB1817A5B
:10E6900099B101890079BDE8104005F08ABF817AFF
:10E6A00029B101890079BDE8104005F0A5BF0189B5
:10E6B0000079BDE8104005F07CBF01890079BDE814
:10E6C000104005F099BF10BD4881FF1F0064014054
:10E6D00000500140082913D3017801F00F02FD49D1
:10E6E0000A70027812094A70427802F001028A70B8
:10E6F000827802F00302CA708078C0F3810008714A
:10E700007047082904D38078F249C0F3810008716A
:10E710007047082904D34078EE4900F001004871A1
:10E720007047082904D38078EA4900F0070088720E
:10E730007047082905D30179407941EA0020E5496D
:10E74000C8807047082905D30178407841EA002045
:10E75000E04908817047082906D3DE498278CA72E9
:10E76000007900F001000873704700230E22D94998
:10E770003E2001F01FB910B588B0D64804A92C304E
:10E7800000F0C1FB012838D10020019002900390D5
:10E7900004980090059800F00F028DF80D2006A94E
:10E7A0006C4601A80FF0B1FBCB4A0098811A904249
:10E7B00025D00EDCC949411833D0A1F5D051093913
:10E7C0003BD0A1F59C411F391FD0B1F5006F0FD18F
:10E7D00039E0A1F50851703911D0A1F52C51B839A3
:10E7E00019D0A1F58851D83921D0B1F5007F2AD0B0
:10E7F0009DF80D20211D0FF0BEFA08B010BD9DF848
:10E800000D10201DFFF766FF22E09DF80D10201D62
:10E81000FFF777FF1CE09DF80D10201DFFF779FF33
:10E8200016E09DF80D10201DFFF77BFF10E09DF80E
:10E830000D10201DFFF77DFF0AE09DF80D10201D33
:10E84000FFF780FF04E09DF80D10201DFFF783FF08
:10E85000FFF78BFFD1E70B78027863F301020270B8
:10E860004B7863F3850222F0C00202708A7842700E
:10E870004A88120A82700A79C2708A88120A027162
:10E880000022427182718979C17170470B780278D8
:10E8900063F3010202704B7863F3850222F0C00239
:10E8A00002700022427082700A79C2708A88120A4D
:10E8B00002718A7842714A88120A82718979C1711B
:10E8C0007047002101604160017041708170022138
:10E8D000C17070472DE9F05F044604EB840000EB43
:10E8E000C4117F487B4E00EB8105002795F840124C
:10E8F0008C364FF0010801290CD006F8347095F8D9
:10E900007000032204234FF00609022805D00128D5
:10E9100037D0D4E006F83480F1E7D5F83002052886
:10E9200002D0062811D020E095F87110012902D0FC
:10E93000022905D019E006EBC4014A708F7114E07A
:10E9400006EBC4014B708F710FE095F8711001292F
:10E9500002D0022905D008E006EBC4014B708F718C
:10E9600003E006EBC4014A708F71082801D0092822
:10E9700006D106F8348006EBC40080F80190877158
:10E980009DE095F84202012836D0A1B3D5F8F001F8
:10E990004FF48031092839D0072837D04FF0020BC7
:10E9A00011283ED00F283CD0162845D0182849D031
:10E9B0004FF0050A19284BD0082850D0102858D0FD
:10E9C000022860D003285ED004285CD005285AD0E5
:10E9D000062858D00A285CD00B285AD00C2858D0CA
:10E9E0000D2856D00E2854D0012858D0152856D0BE
:10E9F000172854D063E004E006EBC4004770877129
:10EA00005DE006EBC4004770877158E0D5F8FC0163
:10EA100000F096FD06EBC4000721417080F80680E7
:10EA20004DE0D5F8FC0100F08BFD06EBC400082199
:10EA3000417080F806B042E006EBC4000921417045
:10EA400082713CE006EBC4000A214170837136E01C
:10EA500006EBC4000B21417080F806A02FE0D5F82A
:10EA6000FC0100F06DFD06EBC40080F801A0877189
:10EA700025E0D5F8FC0100F063FD06EBC40080F84A
:10EA8000019087711BE006EBC40080F8018087715C
:10EA900015E006EBC40080F801B087710FE0D5F8EF
:10EAA000F40109280BD0112809D095F8720001282B
:10EAB00018D002281CD006EBC4004770877106EB03
:10EAC000C400B5F856124180B5F846128180BDE801
:10EAD000F09F000074030020F09DFF1810E800E78D
:10EAE0003883FF1F06EBC40080F801A08771E6E7BA
:10EAF00006EBC40080F801908771E0E74D4A0028DA
:10EB000003D0012800D191727047517270477CB5D3
:10EB100009F05DFB04460020FFF7DCFE0120FFF753
:10EB2000D9FE444D287A40B92868201AB0F5FA7FFA
:10EB300058D32C60012028726C606868A04251D8BC
:10EB40003C49287AA031062843D2DFE800F042038E
:10EB5000101C2A36687A18B3364968469831FFF790
:10EB60007AFE08226946344800F081F931E0A87A3B
:10EB7000B0B16846FFF76FFE2F4808226946401C77
:10EB800000F075F925E0687A50B12A496846983155
:10EB9000FFF77CFE284808226946001F00F067F94D
:10EBA00017E0A87AA8B16846FFF770FE224808224D
:10EBB0006946C01E00F05BF90BE0687A08B9A87AD4
:10EBC00038B16846FFF77DFE082269461B4800F011
:10EBD0004EF9287A401CC0B22872052803D90020BB
:10EBE000287268607CBD641C6C607CBD114900208B
:10EBF0000C31487170470F4900220C31002803D0B6
:10EC0000012800D14A7070470A70704710B5094852
:10EC10000B491C3000F0D7F806481C300AF09DFD67
:10EC2000BDE810400EF0A8BF10B5FFF7A4FDBDE889
:10EC300010406CE7680300200801FF180811FF1856
:10EC40000CFA0200002804D082884188007805F080
:10EC5000E3BA7047002A0DD068B1062302210128CB
:10EC600014D0022818D0032804D10120106053606A
:10EC70009160D16070470029FCD008681060486836
:10EC8000506088689060C868D06070470420106049
:10EC900053609160D1607047116053609160D160A2
:10ECA000704730B58DB005460C460121084605F089
:10ECB00024F904A802F02EFCE948D0E9001280688B
:10ECC000CDE901120390A07D04AA04F11801FFF719
:10ECD000C1FF14F8280F8DF826000120ADF824009C
:10ECE00001A8089060788DF82700A0788DF828009A
:10ECF000E0788DF8290020798DF82A0060798DF868
:10ED00002B00A0798DF82C00E0798DF82D00207A69
:10ED10008DF82E0004A9284602F089FB0DB030BD05
:10ED20002DE9FC4106460F461446002C49D0002F21
:10ED300047D0CC48864244D14FF4F370ADF8000080
:10ED40002088ADF8020060680190684605F04EFD2D
:10ED5000B4F900200125002A09DB02F01F0005FAA2
:10ED600000F05109890001F1E021C1F88002B4F9F5
:10ED70000020A378002A05DB02F1E022180182F8C6
:10ED8000000406E002F00F0101F1E021180181F812
:10ED9000140DB4F90020002A08DB02F01F008540A2
:10EDA0005009800000F1E020C0F80051002242F636
:10EDB000FE21304602F013FC01223946304602F0B3
:10EDC0000EFCBDE8FC8170B504460D46002C20D039
:10EDD000FDB1A54904F11C00886025600021217166
:10EDE00058210FF0ABF805F11000FFF72BFF05F1EC
:10EDF0000A00FFF727FF21684868FFF752FF2068E5
:10EE000000F13802416B4068FFF78AFF0120207152
:10EE100070BD4FF0FF3070BD934948607047924815
:10EE2000007870477FB5082A03D96FF0010004B05D
:10EE300070BD0023009062F30303019300206B4632
:10EE400005E01D1811F8014B2C72401CC0B2904215
:10EE5000F7D3844C6A460021204602F0F7FB1021CC
:10EE6000204602F05AFC804901200870DFE77FB598
:10EE7000082A02D96FF00100D9E70090802062F3E0
:10EE80000300019000206B4605E01D1811F8014BAE
:10EE90002C72401CC0B29042F7D3724C6A460021DB
:10EEA000204602F0D3FB1021204602F036FC6E49CA
:10EEB00001200870BBE730B5002818D0B9B14288EE
:10EEC00091E8380000EB0212C968C2E9034593607B
:10EED00051614288521C0521B2FBF1F301FB132260
:10EEE00042808288052A05D2521C828009E06FF098
:10EEF000010030BD0288521CB2FBF1F301FB13216B
:10EF00000180012030BD30B5002819D0C1B1828800
:10EF1000CAB1028800EB0212D2E903459368526934
:10EF200081E83800CA600188491C0522B1FBF2F370
:10EF300002FB131101808188491E8180012030BDB0
:10EF40006FF0010030BD6FF0020030BD7FB50546A7
:10EF5000444C03E069462846FFF7ADFF694620466A
:10EF600002F015FC0028F5D07FBD2DE9FF413D4F93
:10EF700000244FF400063146384602F05FFC3A4D5B
:10EF8000012812D134463E460AE0A86810B169460D
:10EF9000FFF791FF6946304602F0F9FB0028F4D0F4
:10EFA000384602F0FAFC0028F4D14FF480013846CC
:10EFB00002F044FC012801D144F480044FF4001114
:10EFC000384602F03BFC012801D144F400144FF410
:10EFD0008011384602F032FC012801D144F480143B
:10EFE0004FF40021384602F029FC012806D144F4F0
:10EFF000002400202870686800B180474FF4802109
:10F00000384602F01BFC012801D144F480244FF45F
:10F010000031384602F012FC01280CD1012138469B
:10F0200002F00CFC012804D1384602F0E3FB44F066
:10F03000010444F400344FF08071384602F0FEFBC6
:10F04000012801D144F08074002C06D004B0214680
:10F050003846BDE8F04102F027BCBDE8FF81000062
:10F060005CFA0200000407404882FF1F10B5AAB0F6
:10F07000044601ABA02202A9204600F016F90028A0
:10F080001AD1BDF80420002A16D09FED3F0A0021B6
:10F0900002AB07E003EB8100D0ED000A30EE800AFE
:10F0A000491CC9B29142F5D300EE902AF8EE600AED
:10F0B00080EE201A84ED031A2AB010BD10B5334833
:10F0C000FFF7D4FF3148BDE810401C30CEE710B543
:10F0D0002E484FF0E8740122C3680021A3F17A534F
:10F0E000A34201D9027400E0017428481C30C368AF
:10F0F000A3F17A53A34201D9027410BD017410BD6B
:10F100002249234891ED030A80ED020A097C01732C
:10F110001E491C3191ED030A80ED060A097C017736
:10F12000704710B5194800F098F81848BDE810402D
:10F130001C3000F092B810B51649144800F02EF8B3
:10F140001449124808311C3000F028F80122BDE8AB
:10F1500010401146104801F09DBB10B5FFF7AEFFFF
:10F16000FFF7B5FFFFF7CCFF00231022084930203E
:10F1700000F020FC0649002310221031BDE81040A9
:10F18000302000F017BC0000000000001004002038
:10F190005482FF1F6CFA02000000044070B586B074
:10F1A0000446002C12D089B121600D6800206060F7
:10F1B000A060E0602061534901268C420AD1524987
:10F1C000616152A10968616020720FE04FF0FF3069
:10F1D00006B070BD4F48844206D14F4860614FA0D1
:10F1E00000686060267201E04E486061606918B195
:10F1F0004FF481610EF0A2FE01A804F0A7FF4FF4C6
:10F200000040ADF81400E988287901AA04F0F0FE66
:10F210002A7A697A0123286801F018FA26760020F4
:10F22000D6E7002816D04069A0B1B0F8001400EB72
:10F23000810181ED000A90F80014491CC9B2A0F8C0
:10F240000014B0F80414FF2902D8491CA0F80414D3
:10F25000002070474FF0FF30704770B50546002D15
:10F2600022D028680468217A206801F0AFFB00EE04
:10F27000100AD4ED060A217FB8EE400A012088402A
:10F2800060EE800A00EE100AB8EEC00A80EE801A26
:10F29000D4ED040A94ED050A01EE200A85ED030A77
:10F2A0002846BDE87040BCE770BD30B5002809D0E5
:10F2B000406938B131B1B0F80444944200D82246D4
:10F2C000002414E04FF0FF3030BDB0F8025400EBE2
:10F2D000850595ED000A01EB840585ED000A90F89F
:10F2E00002546D1CEDB2A0F80254641CA4B2944206
:10F2F000EBD3B0F80414891AA0F8041403B11A80EF
:10F30000002030BD1004002050080020504F533121
:10F31000000000002C040020580C0020504F5332F5
:10F320000000000048040020F0B5002A03D00023AC
:10F330004F4D504E10E00120F0BD05EB83042778BF
:10F34000874207D1647804F00F048C4202D1138005
:10F350000020F0BD5B1C9BB23488A342EDD301209A
:10F36000F0BDFEB5FEF7B2FF02909DF808009DF8D3
:10F37000091001F00F01002401943F4D85F83D0074
:10F3800001AAFFF7D1FF3A490222012670B185F8A0
:10F39000716085F88522886C0090FEF78EFF00244E
:10F3A0002046FEF7AAFF012836D047E0BDF804004A
:10F3B00001EB800300201918897801F0030181B165
:10F3C000022917D003291ED000EB800101EBC011E8
:10F3D00005EB810181F87140401CC0B20228EAD3DC
:10F3E000DDE700EB800101EBC01105EB810181F845
:10F3F0007140F1E700EB800101EBC01105EB8101E9
:10F4000081F87160E8E700EB800101EBC01105EBCA
:10F41000810181F87120DFE704EB840000EBC41068
:10F4200005EB800787F840622046FEF772FF87ED04
:10F430001A0A2046FEF773FF87ED190A641CE4B22E
:10F44000022CADD3FEBD1CB50022019201AAFFF72C
:10F450006BFF00280AD10648BDF8041000EB8100BC
:10F4600000680090FEF729FFFFF77BFF1CBD00003E
:10F47000BCFA02004CFB02003883FF1F70B5064641
:10F48000002E14D030460EF07CFD80B100246D4D6E
:10F4900005EB4410017B29B10D30102231460EF0EE
:10F4A00092FD30B1641C202CF2DB002070BD0020E6
:10F4B00070BD05EB441070BDF8B50646002E10D0A7
:10F4C00030460EF05EFD60B13046FFF7D7FF0028F2
:10F4D0000ED033465CA25EA1002009F0FFFE0020A2
:10F4E000F8BD59A269A1002009F0F8FE0020F8BD7E
:10F4F0000024544800EB4411097B49B1641C202CC2
:10F50000F8DB51A26DA1002009F0E8FE0020F8BD53
:10F5100000EB4415202128460EF010FD0120287331
:10F5200005F10D000F2231460EF01FFD0020287757
:10F53000234670A271A1009609F0D0FE2846F8BDBE
:10F54000002805D0027B1AB102680A4302607047A6
:10F550003DA278A1002009F0C1BE002805D0027BA1
:10F560001AB102688A430260704737A27DA1002069
:10F5700009F0B4BE2DE9F04104460E4690461F4600
:10F58000002C05D0207B18B116B1207A40B10CE0D8
:10F590002DA280A1002009F0A1FE0020BDE8F0818D
:10F5A00008F0D9FE60600120207225683540B8F16E
:10F5B000010F03D0B8F1020F07D00EE06DB129465C
:10F5C0002046FFF7CAFF2846E8E7B54205D1314695
:10F5D0002046FFF7C2FF2846E0E7781C07D008F076
:10F5E000BAFE6168401AB84201D30020D6E7002075
:10F5F000D4E7002804D0017B11B1002101607047DD
:10F6000011A270A1002009F069BE10B5002803D036
:10F61000017B09B1006810BD0BA277A1002009F0A1
:10F620005DFE002010BD70B505462846FFF726FF99
:10F6300004462CB92B467CA27DA1002009F04EFE89
:10F64000204670BD601000204552524F520000000D
:10F650001B5B33316D5B25735D204576656E7447AA
:10F66000726F7570206372656174653A206E616DAA
:10F670006520616C72656164792065786973747363
:10F6800020282573291B5B306D0D0A001B5B33316D
:10F690006D5B25735D204576656E7447726F75707E
:10F6A000206372656174653A206E616D65206973CF
:10F6B000204E554C4C1B5B306D0D0A001B5B3331EB
:10F6C0006D5B25735D204576656E7447726F75704E
:10F6D00020637265617465206661696C65643A20B7
:10F6E0006E6F20667265652067726F75701B5B3088
:10F6F0006D0D0A00494E464F000000001B5B33327F
:10F700006D5B25735D204576656E7447726F75700D
:10F7100020637265617465204F4B20286964783AD4
:10F7200025642C206E616D653A2573291B5B306D55
:10F730000D0A00001B5B33316D5B25735D20457640
:10F74000656E7447726F75702073656E643A2069D8
:10F750006E76616C69642067726F75701B5B306DCB
:10F760000D0A00001B5B33316D5B25735D20457610
:10F77000656E7447726F757020636C6561723A20B4
:10F78000696E76616C69642067726F75701B5B309F
:10F790006D0D0A001B5B33316D5B25735D20457673
:10F7A000656E7447726F757020726563763A206972
:10F7B0006E76616C696420706172616D1B5B306D87
:10F7C0000D0A00001B5B33316D5B25735D204576B0
:10F7D000656E7447726F757020636C65617220612D
:10F7E0006C6C3A20696E76616C69642067726F7523
:10F7F000701B5B306D0D0A001B5B33316D5B257335
:10F800005D204576656E7447726F7570206765740C
:10F810003A20696E76616C69642067726F75701B3F
:10F820005B306D0D0A0000005741524E0000000091
:10F830001B5B33336D5B25735D204576656E7447C6
:10F84000726F757020676574206279206E616D65D6
:10F85000206661696C65643A202573206E6F7420A0
:10F86000666F756E641B5B306D0D0A0010B57849CC
:10F870000020A1F8C000C42175480EF05FFB1023E2
:10F88000BDE8104073A275A1002009F027BD70B536
:10F8900000226F4D02EB420305EB8304267A46B14A
:10F8A00055F82330834204D163688B4201D1012093
:10F8B00070BD521C92B2102AECD3002070BDF8B576
:10F8C00005460E46002E0CD031462846FFF7DFFFD6
:10F8D00078B12B466FA27149002009F0FFFC01208E
:10F8E000F8BD2B466EA270A1002009F0F7FC0120A4
:10F8F000F8BD574CB4F8C000102807D32B4668A2B7
:10F900007949002009F0EAFC0120F8BD002202EB51
:10F91000420004EB8000007A28B1521C92B2102AF7
:10F92000F5D30120F8BD02EB420044F8205004EB6F
:10F93000800046600121017234F8C00F401C80B283
:10F94000208000902B4643A268A1002009F0C6FC4D
:10F950000020F8BDF8B500223D4B02EB420403EB5A
:10F9600084052E7AD6B153F82440844216D16C68AF
:10F970008C4213D102EB420203EB8202002111728E
:10F9800033F8C01F491E89B219800346009131A285
:10F9900065A1002009F0A2FC0020F8BD521C92B223
:10F9A000102ADAD303463BA26EA1002009F096FC90
:10F9B0000120F8BD2DE9F84F81468A4693461F463F
:10F9C0000026022F07D94B4632A275490020009726
:10F9D00009F084FC02270024DFF8748004EB440063
:10F9E00008EB8005297A71B158F8200048450AD102
:10F9F0000126D5F804C0BCF1000F13D03B465A468F
:10FA000051464846E047641CA4B2102CE6D3002EB1
:10FA100017D101B04B46BDE8F04F62A263A10020B0
:10FA200009F05CBC4B461EA26F490020009409F00F
:10FA300055FC00202872B8F8C000401EA8F8C0008D
:10FA4000E1E7BDE8F88F0248B0F8C0007047000059
:10FA500060140020494E464F000000001B5B33320B
:10FA60006D5B25735D204D73672050756253756221
:10FA700020696E6974204F4B2C206D61782073755E
:10FA8000627363726962653A2025641B5B306D0D99
:10FA90000A0000005741524E0000000040000300E1
:10FAA0004552524F520000001B5B33316D5B257392
:10FAB0005D204D7367205375627363726962653AA6
:10FAC0002063616C6C6261636B206973204E554CDE
:10FAD0004C2028746F7069633A3078253034582987
:10FAE0001B5B306D0D0A0000840003001B5B33328A
:10FAF0006D5B25735D204D73672053756273637270
:10FB00006962653A20746F706963203078253034FB
:10FB100058204F4B2028746F74616C3A2564291B60
:10FB20005B306D0D0A0000001B5B33326D5B25738B
:10FB30005D204D736720556E7375627363726962E1
:10FB4000653A20746F70696320307825303458200E
:10FB50004F4B2028746F74616C3A2564291B5B300D
:10FB60006D0D0A001B5B33336D5B25735D204D7398
:10FB70006720556E7375627363726962653A206EB1
:10FB80006F7420666F756E642028746F7069633AB5
:10FB9000307825303458291B5B306D0D0A00000089
:10FBA000C800030044454255470000001B5B333644
:10FBB0006D5B25735D204D7367205075626C6973B2
:10FBC000683A206E6F207375627363726962657242
:10FBD0002028746F7069633A307825303458291BB7
:10FBE0005B306D0D0A0000000C01030000B5E1B0B0
:10FBF00018224F495BA80EF088F95BA800F0FEF8C8
:10FC000018224B49183155A80EF07FF955A800F07D
:10FC1000F5F81822464930314FA80EF076F94FA872
:10FC200000F0ECF818224249483149A80EF06DF96D
:10FC300049A800F0E3F818223D49603143A80EF0CE
:10FC400064F943A800F0DAF81822394978313DA860
:10FC50000EF05BF93DA800F0D1F81822344990313C
:10FC600037A80EF052F937A800F0C8F8182230492A
:10FC7000A83131A80EF049F931A800F0BFF81822D8
:10FC80002B49C0312BA80EF040F92BA800F0B6F894
:10FC900018222749D83125A80EF037F925A800F0F9
:10FCA000ADF818222249F0311FA80EF02EF91FA836
:10FCB00000F0A4F818221F4919A80EF026F919A877
:10FCC00000F09CF818221B49183113A80EF01DF9FA
:10FCD00013A800F093F81822164930310DA80EF041
:10FCE00014F90DA800F08AF818221249483107A823
:10FCF0000EF00BF907A800F081F818220D496031C9
:10FD000001A80EF002F901A800F078F861B000BD7A
:10FD100008F01EBB10B5FFF7FBFF00F05BF8FFF724
:10FD200065FFBDE8104004A205A1002009F0D6BA85
:10FD300050FB020058FC0200494E464F00000000F4
:10FD40001B5B33326D5B25735D2053797374656D76
:10FD500020696E697420636F6D706C6574651B5BE0
:10FD6000306D0D0A0000000070B586B001255D4EB3
:10FD70002AE005EB450006EBC001182268460EF0AC
:10FD8000C4F8681E04B209E0601C00EB400006EBFA
:10FD9000C00018220EF0B9F8641E24B2002C08DB53
:10FDA00004EB440006EBC0019DF80C20087B904258
:10FDB000EAD8641C04EB440006EBC0001822694634
:10FDC0000EF0A3F86D1CADB2B6F88001A842D0D8F1
:10FDD00006B070BD10B54FF4C27142480EF0AEF8D7
:10FDE000102341A242A1002009F078FA1023BDE8B7
:10FDF00010404DA24EA1002009F070BA7CB5054616
:10FE0000002D04D0374EB6F88001102806D356A234
:10FE100057A1002009F062FA01207CBD002409E00E
:10FE200004EB4400296856F830000EF0B1F858B3DE
:10FE3000641CA4B2B6F88001A042F1D8B6F88001E3
:10FE4000182200EB400006EBC00029460EF05DF8DA
:10FE5000B6F88001401C80B2A6F88001401E00EB7D
:10FE6000400006EBC000406800B18047FFF77CFF10
:10FE7000E889297BCDE900101BA24BA100202B684B
:10FE800009F02CFA00207CBD56A258A100202B6856
:10FE900009F024FA01207CBD2DE9F04108F097F922
:10FEA000064600250F4F16E005EB450007EBC004A2
:10FEB000207D70B1A16861B1E2891AB12069301A60
:10FEC000904206D38847E08908B1266101E000200E
:10FED00020756D1CADB2B7F88001A842E4D8BDE82A
:10FEE000F081000024150020494E464F000000001C
:10FEF0001B5B33326D5B25735D2053797320536335
:10FF0000686564756C657220696E6974204F4B205A
:10FF1000286D6178206D6F64756C65733A2564296E
:10FF20001B5B306D0D0A00004D41494E0000000082
:10FF30001B5B33366D5B25735D20537973205363F0
:10FF4000686564756C657220696E6974204F4B201A
:10FF5000286D6178206D6F64756C65733A2564292E
:10FF60001B5B306D0D0A00004552524F52000000DD
:10FF70001B5B33316D5B25735D20536368656420C3
:10FF800072656769737465723A20696E76616C692F
:10FF900064206D6F64756C65206F722066756C6C83
:10FFA0001B5B306D0D0A00001B5B33326D5B2573EC
:10FFB0005D20536368656420726567697374657258
:10FFC0003A20257320287072696F3A25642C2070BE
:10FFD0006572696F643A25646D73291B5B306D0D22
:10FFE0000A0000005741524E000000001B5B3333F3
:10FFF0006D5B25735D205363686564207265676976
:020000040002F8
:10000000737465723A206475706C696361746520FD
:100010006D6F64756C652025731B5B306D0D0A0078
:1000200001898288491CB1FBF2F302FB131140895C
:10003000814201D101207047002070470189408929
:10004000814201D101207047002070470289418917
:100050008A4202D3501A80B270478088401A1044F6
:1000600080B2704710B504462046E16B8847A188EE
:10007000081A401E80B210BD0021418101817047E5
:100080004177704770B504460D46002D1FD0607F44
:10009000F8B1226B2046904738B16089A288401C95
:1000A000B0FBF2F102FB110060812189A279206886
:1000B00001FB020029460DF028FF2089A188401C81
:1000C000B0FBF1F201FB12002081002070BD042082
:1000D00070BD226B204690470028E6D0012070BDFD
:1000E00070B504460D46616B2046884708B1022072
:1000F00070BD6189A279206801FB020128460DF0DC
:1001000004FF6089A188401CB0FBF1F201FB1200E2
:100110006081002070BD2DE9F041054600266C8904
:10012000E96B2846884703462A6800210AE0105DEB
:100130000644A888641CB4FBF0F700FB174084B2A7
:10014000491C89B29942F2D33046BDE8F08170B5BE
:1001500005462DED028B9FED628A6C89E96B28467E
:10016000884703462A6800210EE002EB840090EDE8
:10017000000A30EE088AA888641CB4FBF0F600FB85
:10018000164084B2491C89B29942EED3B0EE480AB7
:10019000BDEC028B70BD2DE9F041069F514E96F8E3
:1001A0006042082C01D3FF20CFE700294AD0022A61
:1001B00048D3002B46D0002844D0002505EB450449
:1001C00004EB051406EB8404247F1CB16D1CEDB216
:1001D000082DF3D305EB450404EB051406EB84046A
:1001E0002160A280A3714FF00008A4F80A80A4F84F
:1001F0000880677701460F2204F10C000DF0B5FE70
:1002000084F81B8001202077374860623748A0625D
:100210003748E06237482063374860633748E06317
:100220003748A06337482064374860643748A06483
:100230002046FFF721FF96F86002401C86F8600216
:10024000284682E7FF2080E7082801D30020704776
:1002500000EB400101EB0011224800EB8100017F1F
:100260000029F4D10020704770B50646002E14D046
:1002700000241C4D04EB440000EB041005EB80004F
:10028000017F21B10C3031460DF082FE38B1641C83
:10029000E4B2082CEED3002070BD002070BD04EB4A
:1002A000440000EB041005EB800070BD00B5FFF7C3
:1002B000CBFF98B10021C1600161416181610160A2
:1002C000818081714181018141770177054991F8F0
:1002D0006002401E81F86002002000BD032000BDC6
:1002E00000000000A816002085000200E1000200C6
:1002F00079000200210002003D0002004D000200D2
:1003000065000200170102004F0102008100020097
:1003100030B52C480068C1072B4802D02B494160FA
:1003200001E02B4941602B4A92F8261001F00703A7
:1003300029494FF40044062B06D2DFE803F00306F8
:10034000080A0C0E4168016030BD016030BD0460D8
:1003500030BD016030BD046030BD02F580721368AD
:10036000C3F308231468240F156805F01F051268ED
:10037000120600D541686D1CB1FBF5F15B1C5943B9
:10038000641CB1FBF4F1016030BD00B513484FF4BB
:1003900025410180491C0180104908390A8822F052
:1003A00008020A80002101800D48016841F47001B3
:1003B0000160FFF7ADFF0A494FF4D0308039086083
:1003C00000BD0000840601400080FF1F0024F400EF
:1003D000002D31010040054000127A00FC3B054031
:1003E00088ED00E012484FF01F01016011484FF006
:1003F0007701016010484FF0770101600F484FF41A
:10040000885101600B484FF0760101600A484FF0B7
:10041000760101600A4880470A480047FEE7FEE788
:10042000FEE7FEE7FEE7FEE7FEE7FEE7FEE7FEE7A4
:1004300010080540040805400C0805400008054068
:100440008B03020081A20100C10706D02E4940F2B1
:1004500023120A6043F210220A60810702D52C4958
:100460002A4A0A61410703D52A4A4AF201511180FA
:100470002949C20606D54AF20853B1F8FE231A43A9
:10048000A1F8FE23420606D54AF20353B1F8FE2333
:100490001A43A1F8FE23000605D5204977200860FD
:1004A0001E4908310860704710B50446E00702D0C5
:1004B000154900200860A00703D514481449401EC0
:1004C0000861600703D513494FF425400880E00612
:1004D00003D54AF2085000F00FF8600603D54AF23F
:1004E000035000F009F8200605D50C497620086075
:1004F0000A490831086010BD09490A88824342F45C
:100500002540088070470000000401400100A5A5B7
:1005100000800440FC3B05400040054004080540C5
:10052000FE43054070B505460C466FF00206FE48D6
:10053000854206D0FD48854203D0E521FCA007F0A6
:1005400077FE002C24D0218849B1012907D0022947
:1005500005D0032903D0E821F5A007F069FE6088E3
:10056000202806D0102804D018B1E921F0A007F007
:100570005FFEA08828B1802803D0EA21ECA007F014
:1005800057FE208861880843A188084368800026B8
:10059000304670BD2DE9F0410446E34EB44207D029
:1005A000E248844204D040F20111E1A007F040FE8D
:1005B000002121706180A1806181E16021610327B8
:1005C00084F847706161B44201D1102500E009252B
:1005D00004F1200200200B2302E01354401CC0B29F
:1005E000A842FAD3B44201D184F8303043F210204B
:1005F000208747F25460608705D14BF69820A0878A
:100600004FF6DC60E08704F1680404F8227C4FF4C4
:10061000406024F81C0C2187A187E1876164A164F4
:10062000A4F1680404D124F8C01F6180A181E18194
:100630004FF00000BDE8F0816FF00201002803D008
:100640000021018041808180084670472DE9F041FA
:1006500006460F4614461D46B348864201D1102C6B
:1006600009D9B248864201D1082C04D940F265115B
:10067000AFA007F0DDFD37B1012F04D04FF4B37107
:10068000ABA007F0D5FD35B1012D04D040F26711C4
:10069000A7A007F0CDFD06EB87000C300121A1409B
:1006A000012D03D002688A430260C3E702680A434F
:1006B0000260BFE72DE9F04106460F4614461D468D
:1006C0009948864202D10CB1200C0AD09748864244
:1006D00002D10CB1600A04D040F2891194A007F055
:1006E000A7FD37B1012F04D04FF4C57190A007F0DA
:1006F0009FFD35B1012D04D040F28B118CA007F085
:1007000097FD06EB87000C30012D03D00168A14353
:1007100001608FE70168214301608BE770B50446F3
:100720000D461646052E04D240F2A51180A007F012
:100730007FFD7D48844201D1102D09D97B48844238
:1007400001D1082D04D940F2A71179A007F070FD5E
:1007500060192030102D01D2067070BD84F8306011
:1007600070BD70B504460D466F48844207D06F488F
:10077000844204D040F2C3116DA007F059FD35F456
:10078000E06004D04FF4E27169A007F051FD608889
:1007900005F4E06120F4E0600843608070BD70B54E
:1007A00004460D4616466048844201D1102D09D9F1
:1007B0005E48844201D1082D04D94FF4EA715CA04F
:1007C00007F036FD36B1012E04D040F2D51158A005
:1007D00007F02EFD0120A840012E03D0616981435E
:1007E000616170BD61690143616170BD70B50446AE
:1007F0000D4616464C48844202D10DB1280C0AD051
:100800004A48844202D10DB1680A04D04FF4F57110
:1008100047A007F00DFD36B1012E04D040F2EB11D8
:1008200043A007F005FD012E03D06069A843606175
:1008300070BD60692843606170BD70B505460E46A5
:1008400014463948854207D03848854204D040F2E2
:100850000B2137A007F0ECFC36B1012E04D04FF489
:10086000037133A007F0E4FC54B1012C08D0022C32
:1008700006D0032C04D040F20D212DA007F0D8FCA7
:10088000F0006A890321814084408A430C4022435E
:100890006A8170BD70B504460E46154622488442F2
:1008A00007D02248844204D040F2222120A007F041
:1008B000BFFC36B1012E04D040F223211CA007F06A
:1008C000B7FC35B1012D04D04FF4097118A007F021
:1008D000AFFCF10080208840012D03D06189814365
:1008E000618170BD61890143618170BD70B504464D
:1008F0000D4616460C48844207D00C48844204D06A
:1009000040F23B210AA007F093FC0DB1A80804D0E7
:100910004FF40F7106A007F08BFC0EB3012E1FD011
:1009200040F23D2102A019E0000004400004044010
:100930002E2E5C647269766572735C686333325F15
:100940006C6C5F6472697665725C7372635C686319
:1009500033325F6C6C5F6164632E630007F068FC88
:10096000012E04D014F8470FA843207070BD14F86E
:10097000470F2843207070BD70B504460025F74826
:10098000844208D0F648844205D040F25321AFF2A9
:10099000600007F04DFC2078012803D00120207072
:1009A000284670BD6FF00505FAE710B50446EB4820
:1009B000844208D0EA48844205D040F26721AFF271
:1009C000900007F035FC0020207010BD70B5054682
:1009D0000C46E248854201D1102C0AD9E0488542F4
:1009E00001D1082C05D940F27621AFF2BC0007F006
:1009F0001FFC05EB4400B0F8500070BD10B5044674
:100A0000D648844208D0D648844205D04FF421719C
:100A1000AFF2E40007F00CFC608800F0300010BD7D
:100A200070B504460D460026CC48844208D0CC4818
:100A3000844205D040F29621AFF20C1007F0F8FB8B
:100A40000DB1A80805D040F29721AFF21C1007F0B5
:100A5000EFFB94F84600284200D00126304670BDD6
:100A600070B505460C46BD48854208D0BC48854255
:100A700005D040F2AB21AFF2481007F0D9FB0CB122
:100A8000A00805D04FF42B71AFF25C1007F0D0FB3B
:100A900084F0030085F8460070BD2DE9F04104465E
:100AA0000D461646AD4FDFF8B882BC4201D10F2D7E
:100AB00009D9444501D1072D05D940F2BF21AFF234
:100AC000901007F0B5FBBC4201D10F2E09D9444567
:100AD00001D1072E05D94FF43071AFF2AC1007F0F9
:100AE000A7FBA80804EB4000A907090F038F0F22FA
:100AF0008A408E4093431640334303879AE570B58E
:100B000005460C469548854201D10F2C0AD99448D8
:100B1000854201D1072C05D940F2D621AFF2F01061
:100B200007F086FBA00805EB4000A107090F008F26
:100B3000C84000F00F0070BD70B50446874DAC4250
:100B400008D08748844205D04FF43A71AFF2202094
:100B500007F06EFB43F21020208747F25460608755
:100B6000AC4205D14BF69820A0874FF6DC60E087B9
:100B700070BD70B505460C461646002D05D040F2F6
:100B80000931AFF2542007F053FB5CB1202C09D09F
:100B9000402C07D0602C05D040F20A31AFF2702013
:100BA00007F046FB45EA062020436C494C310A8891
:100BB00020F08F0002F08F0202430A8070BD10B552
:100BC0000446002C07D0012C05D040F21731AFF2BB
:100BD000A02007F02DFB6348046010BD2DE9F04113
:100BE0000446884616461D466FF002075B4884425D
:100BF00001D1102E0AD95A48844201D1082E05D9B4
:100C000040F22E31AFF2D82007F012FBB8F1000FFE
:100C100005D040F22F31AFF2E82007F009FBF5B123
:100C2000288838B1012805D040F23231AFF20030C7
:100C300007F0FEFA34F8A00F297820F0100009011F
:100C4000C1F3001140EA011020806888A080A888C4
:100C5000E080E0680121B1400843E06000273846A9
:100C6000E8E470B504460E4615463C48844208D078
:100C70003B48844205D040F24F31AFF24C3007F090
:100C8000D7FA2EB14FF45471AFF25C3007F0D0FABE
:100C90003DB1012D05D040F25131AFF26C3007F07B
:100CA000C7FA34F8A00F290120F01000C1F3001199
:100CB00040EA0110208070BD70B504460D462748FB
:100CC000844208D02648844205D040F26631AFF213
:100CD000A03007F0ADFA2DB140F26731AFF2B0307D
:100CE00007F0A6FAB4F8A000C0F3001070BD2DE91B
:100CF000F04104460D4616461F461848844208D067
:100D00001748844205D040F27D31AFF2DC3007F065
:100D10008FFA2DB140F27E31AFF2EC3007F088FA55
:100D200024F8A46F678085E470B5044615460B4827
:100D3000844201D1102D0AD90948844201D1082DDD
:100D400005D940F29231AFF2184007F071FA54F829
:100D5000AC0F0121A9400843206070BD0000044091
:100D6000000404408009804270B504461546B2482C
:100D7000844201D1102D0AD9B048844201D1082DF6
:100D800005D94FF46971AFF2584007F051FA54F8A1
:100D9000AC0F0121A94088432060DEE770B504460E
:100DA0000E461546A448844208D0A448844205D083
:100DB00040F2B731AFF2884007F03AFA2EB14FF463
:100DC0006E71AFF2944007F033FA3DB1012D05D0BA
:100DD00040F2B931AFF2A84007F02AFAA03460011E
:100DE00000F184400560B8E770B504460D4616462C
:100DF0009148844208D09148844205D040F2CD31D8
:100E0000AFF2D44007F014FA15B135F0C00005D0A8
:100E100040F2CE31AFF2E84007F00AFA3EB1012EBF
:100E200005D040F2CF31AFF2F84007F001FA844923
:100E3000012E0FD00888A8430880B4F8A010A94359
:100E4000A4F8A010002888D134F8A00F20F48070F6
:100E5000208082E734F8A00F45F480721043208090
:100E600008882843088078E770B505460C460026B8
:100E70007148854202D10CB1600C0BD06F4885429D
:100E800002D10CB1600A05D040F2EB31AFF26050F4
:100E900007F0CEF9D5F8B000204200D00126304648
:100EA0005BE770B505460C46634EB54202D10CB106
:100EB000600C0BD06148854202D10CB1600A05D0AC
:100EC00040F2FE31AFF2985007F0B2F9B54204D1CA
:100ED0005C484440C5F8B0403FE740F2FF10444052
:100EE000C5F8B04039E770B5044616461D4652486D
:100EF000844200D129B140F22641AFF2CC5007F034
:100F000097F90E2E05D940F22741AFF2DC5007F0D9
:100F10008FF93DB1012D05D04FF48561AFF2F0504E
:100F200007F086F924F8C26FA58116E738B50546A3
:100F3000144645A0006800903F48854200D129B181
:100F400040F23D41AFF2186007F072F93CB1012C5C
:100F500005D040F23E41AFF2286007F069F91DF874
:100F60000400A5F8C00038BD70B505460C463248EF
:100F7000854205D040F24F41AFF24C6007F058F97E
:100F800024B1600A02D1601E044205D04FF48A6188
:100F9000AFF2646007F04CF9A5F8CC40DDE610B57F
:100FA00004462548844205D040F25D41AFF280609E
:100FB00007F03EF90020A4F8CC0010BD70B504463F
:100FC0000D461D48844208D01C48844205D040F29A
:100FD0006C41AFF2A46007F02BF93DB1012D05D0B3
:100FE00040F26D41AFF2B86007F022F9012D04D054
:100FF000608820F040006080AFE6608840F04000EC
:101000006080AAE670B505460C460B48854208D0BC
:101010000A48854205D040F28341AFF2EC6007F008
:1010200007F93CB1042C05D040F28441AFF20070C6
:1010300007F0FEF8AC8090E6000004400004044095
:101040007482FF1FFFFF0100000E000070B5044610
:101050000D46164619482044682801D8A00703D039
:101060007C2117A007F0E4F80DB1A80003D07D2182
:1010700013A007F0DDF82EB1012E03D07E2110A0C1
:1010800007F0D6F8012E03D02068A843206070BD79
:1010900020682843206070BD70B504460D4607489F
:1010A0002044682801D8A00703D08F2104A007F0AE
:1010B000BFF8206865F30800206070BDFCF7FEBF34
:1010C0002E2E5C647269766572735C686333325F7E
:1010D0006C6C5F6472697665725C7372635C686382
:1010E00033325F6C6C5F616F732E630010B50C461A
:1010F000FB49884203D0D521FAA007F099F8A07DDA
:10110000042803D9D621F7A007F092F8E07D28B192
:10111000102803D0D721F3A007F08AF8207E28B149
:10112000082803D0D821EFA007F082F8607E28B10C
:10113000202803D0D921EBA007F07AF8A07E401E2A
:10114000092803D9DA21E7A007F072F8E07E102819
:1011500003D3DB21E3A007F06BF8A08A08B1000AF3
:1011600003D0DC21DFA007F063F8207F28B1082836
:1011700003D0DD21DBA007F05BF8607F28B14028B9
:1011800003D0DE21D7A007F053F8A07F28B1802834
:1011900003D0DF21D3A007F04BF82068401EFF28C2
:1011A00003D9E121CFA007F043F86168881E3F28EA
:1011B0000CD8A068421E072A08D8E268531E072BE5
:1011C00004D8431C994201D3904205D2BDE8104097
:1011D000E221C4A007F02CB810BD00220023012991
:1011E00006D0022906D0032906D0042908D105E03B
:1011F000402305E0202203E0402201E0402340227A
:1012000010F8A01F02F0600201F09F01114301706D
:10121000417803F0400201F0BF0111434170704773
:101220002DE9F04704460D4691460027B846FE1EBC
:10123000AB48844204D04FF49671AAA006F0F8FFA0
:10124000002D36D0B9F1000F30D132E0E8072AD0B6
:1012500008EB480A09EB8A06B06850B1B0F1804F3C
:1012600007D0B0F1C04F04D040F231119DA006F07C
:10127000DFFF7068400F04D04FF4997199A006F019
:10128000D7FF04F8B47F59F82A006060207840F056
:1012900020002070D6E9010108436060B43C08F1E9
:1012A000010808F0FF086D087F1CFFB2002DCDD1AA
:1012B00000263046BDE8F08730B501F10804503013
:1012C0000A6802604A6842604A68914B02F00F0166
:1012D0005B5C910602D4022B00D9022351060AD48A
:1012E000002206E0951C54F8221040F82510521CEC
:1012F000D2B29A42F6D330BD30B501F10805036889
:101300000B6042684A60140603D4C3F30A030B60FF
:1013100002E023F060430B607D4B02F00F015B5C49
:10132000910602D4022B00D90223002206E0941C6D
:1013300050F8241045F82210521CD2B29A42F6D32B
:1013400030BD70B505460C466FF002066448854214
:1013500004D040F25F4163A006F06AFF002C64D025
:10136000607A30B1102804D040F262415DA006F0EE
:101370005FFF207A50B1022808D0042806D0062842
:1013800004D040F2634157A006F052FF6068012884
:1013900002D12168490F08D010B92068C00A04D0D2
:1013A00040F264414FA006F043FF608980B1B0F580
:1013B000807F0DD0B0F5007F0AD0B0F5407F07D018
:1013C000B0F5806F04D040F2654146A006F030FFD2
:1013D000A089401E0F2804D940F2664141A006F0C2
:1013E00027FF206820F0004015F8A21F627A01F064
:1013F000EF0102F0100211432970217B6289491E1E
:1014000042EA01316984217940EAC170C5F81E00C1
:10141000E089A884208AE884687F217A00F0F900B6
:1014200001F00601084368770026304670BD70B5AC
:1014300005460C466FF00200002C4FD0214628468E
:10144000FFF754FE15F8A00F40F080002870606888
:10145000A168801E491E40EA0121A089401E41EA80
:1014600000412078401E41EA0060A860A878617EB3
:1014700000F0DF0001F020010843A870A03DA18A20
:1014800028462269FFF7CCFE95F8A00000F07F0007
:1014900085F8A000A17D2846FFF79FFEE07D217E14
:1014A000084315F8A01FC0F3C10001F0E70141EAAD
:1014B000C0002870E07EA17E40EA0110E871207F24
:1014C000617F0843A17F0843E870207DA875A03D97
:1014D000216A11B12846FFF734FF002070BD0000DB
:1014E000000407402E2E5C647269766572735C6836
:1014F0006333325F6C6C5F6472697665725C7372C1
:10150000635C686333325F6C6C5F63616E2E630093
:10151000D0FC02006FF00201002816D00421016007
:101520001022426081600221C1600021016181823C
:101530008175C175017641760A2282760722C276CC
:1015400001774022427781770162084670472DE992
:10155000F05F0446FE48844205D04FF40471AFF2B8
:101560007C0006F065FE94F8A00000F07F0084F88F
:10157000A00000210020802390221025FE26DFF805
:10158000D493FF274FF0D50C4FF01B084FF0D80A2B
:101590004FF0010B04F8A03F6070A270E570267157
:1015A000677184F806C084F80780C4F80890A074B6
:1015B000E0742075A07784F81FA0A084E0842085C3
:1015C00084F816B094F800E04EF0800E04F8A0E91C
:1015D000491CC9B20229DDD30020BDE8F09F70B5D7
:1015E00004460D461646DA48844205D040F24321AF
:1015F000AFF2101006F01CFE25B142F6FE2035EACF
:10160000000005D04FF41171AFF2281006F010FE63
:101610003EB1012E05D040F24521AFF2381006F060
:1016200007FEE8B2C5F30721012E07D014F8A42F56
:1016300082432270A0788843A0704FE714F8A42F4B
:1016400002432270A0780843A07047E72DE9F041DB
:1016500004460F4616460025BD48844205D040F298
:101660006A21AFF2801006F0E3FD3FB1012F05D0F3
:1016700040F26B21AFF2941006F0DAFD002E47D055
:101680003079800605D540F26E21AFF2A81006F041
:10169000CFFD6FF0050137B194F8A10010F0060FEF
:1016A00007D00D4610E094F8A100C0060CD50D46F9
:1016B0000AE094F8A40094F8A210C00702D1C8432D
:1016C000800701D16FF009050DBB7068010602D5D6
:1016D0003168490F0AD0000602D43068C00A05D02C
:1016E00040F28521AFF2042006F0A2FD04F1A10032
:1016F000400100F18440C76131462046FFF7DCFD20
:10170000012F07D114F8A20F40F04000207001E033
:101710006FF002052846BDE8F08170B504460D461D
:101720008B48844205D040F2A921AFF2482006F050
:101730007FFD15B135F0160005D040F2AA21AFF2B9
:101740005C2006F075FD14F8A10F28432070C5E653
:1017500038B504460D4680A0006800907C4884425D
:1017600005D040F2BE21AFF2842006F061FD3DB10C
:10177000012D05D040F2BF21AFF2982006F058FDB0
:1017800014F8A10F1DF805100843207038BD70B57E
:1017900004460E466FF008056D48844205D040F2BD
:1017A000D221AFF2C02006F043FD7EB194F8A30031
:1017B000800709D031462046FFF79EFD14F8A30F9D
:1017C00040F0100020700025284687E66FF00205E3
:1017D000FAE710B504465E48844205D040F2ED2198
:1017E000AFF2003006F024FD14F8A00F40F08000A6
:1017F000207010BD10B504465548844205D040F213
:10180000FA21AFF2203006F013FD14F8A00F00F01B
:101810007F00207010BD70B5044600254C488442FE
:1018200005D040F20931AFF2443006F001FD94F8E2
:10183000A000000600D5012528464FE62DE9F0411D
:1018400005460C4600264248854205D04FF44F71AC
:10185000AFF2703006F0ECFC14B14048044205D001
:1018600040F23D31AFF2843006F0E2FC04F00701B3
:1018700004F02002C4F30723C4F307474FEA146CB3
:1018800015F8A00F0840E97811402A791A406B79C1
:101890003B40AC7904EA0C040843104301D103B97E
:1018A00004B10126304636E770B504460D46284897
:1018B000844205D040F27231AFF2D83006F0B8FC65
:1018C00015B12648054205D040F27331AFF2EC3035
:1018D00006F0AEFC22480540280C290E04F8A50F9E
:1018E000607800F0EA0008436070F7E510B5044640
:1018F0001748844205D040F2A731AFF2184006F0F5
:1019000097FC14F8A01FE07800F02000227963799A
:10191000A47940EA022040EA034040EA0460084318
:101920000E49C943084010BD70B504460D466FF01E
:1019300002060748844205D04FF47171AFF25C4053
:1019400006F076FCBDB114F8B00F00F01F0009E0FE
:10195000000407400302020108010000D8FE002A2B
:101960000000FF152870207840096870A078A870E2
:10197000E078E87000263046B0E510B50446F94836
:10198000844205D04FF47971AFF2A84006F050FCC4
:1019900094F8A20000F0030010BD10B50446F14811
:1019A000844205D040F2F531AFF2C84006F040FC69
:1019B00094F8A30000F0030010BD70B504460D4676
:1019C0001646E848844205D040F20541AFF2EC40AB
:1019D00006F02EFC0DB1280A05D040F20641AFF208
:1019E000FC4006F025FC3EB1012E05D040F2074137
:1019F000AFF2105006F01CFC012E04D014F8B60F04
:101A0000A84320706AE514F8B60F2843207065E5F6
:101A100070B504460D46D348844205D040F21D41BE
:101A2000AFF2405006F004FC681E092805D940F2C8
:101A30001E41AFF2505006F0FBFB2801C0F303112A
:101A400014F8A70F61F31F10207047E570B5044626
:101A50000D46C448844205D040F22D41AFF27C507F
:101A600006F0E6FB102D05D340F22E41AFF28C506C
:101A700006F0DEFB14F8A70F05F00F0100F0F000F0
:101A8000084320702AE56FF0020100280DD00021E4
:101A9000017201604160102141724A0142818181DD
:101AA0004FF6FF71C181018200210846704770B571
:101AB00004460D461646AB48844205D040F28B41A1
:101AC000AFF2E05006F0B4FB15B135F0900005D050
:101AD00040F28C41AFF2F45006F0AAFB3EB1012E69
:101AE00005D040F28D41AFF2046006F0A1FB012E5B
:101AF00004D014F8BF0FA8432070EFE414F8BF0F10
:101B000028432070EAE470B505460C4695488542A6
:101B100005D040F2A341AFF2346006F089FB3CB13E
:101B2000012C05D040F2A441AFF2486006F080FBE2
:101B3000BF35680100F184400460CFE470B505460C
:101B40000C4600268748854205D040F2BA41AFF2E4
:101B50006C6006F06DFB14B134F0680005D040F203
:101B6000BB41AFF2806006F063FB95F8BF0004F064
:101B70006801084200D001263046AFE470B5044643
:101B80000D467848844205D040F2D341AFF2AC60B4
:101B900006F04EFB15B135F0680005D040F2D44197
:101BA000AFF2C06006F044FB14F8BF0F00F09700DE
:101BB0002843207092E410B504466A48844205D058
:101BC0004FF49D61AFF2E46006F032FB94F8BF0081
:101BD00000F0680010BD70B505460C4661488542AE
:101BE00005D040F2FC41AFF2047006F021FB8CB14D
:101BF000B4F5807F0ED0B4F5007F0BD0B4F5407FF4
:101C000008D0B4F5806F05D040F2FD41AFF22C70E2
:101C100006F00EFB35F8C40F04F4E06120F4E06038
:101C2000084328805AE470B504460D464D48844266
:101C300005D040F20B51AFF2547006F0F9FA6D1E68
:101C40000F2D05D940F20C51AFF2687006F0F0FA92
:101C50002803C0F3033134F8C40F61F31F30208030
:101C60003CE470B504460D463E48844205D040F23F
:101C70001A51AFF2907006F0DBFAA4F8C6502DE4CA
:101C800070B504460D463748844205D04FF4A5612F
:101C9000AFF2B07006F0CCFAA4F8C8501EE42DE9FB
:101CA000F04104460D4617466FF002062D48844267
:101CB00005D040F23D51AFF2D47006F0B9FA042DD0
:101CC00005D940F23E51AFF2E47006F0B1FA07B325
:101CD0003879800605D540F24151AFF2F87006F030
:101CE000A7FA94F8A200C043800714D004F8BE5F9E
:101CF000E08865F30500E080BE3C39462046FFF7EA
:101D0000DBFA14F8BE0F40F04000207020892081DB
:101D100000263046FFE46FF00906FAE76FF0020292
:101D200000291DD0A230D0F81E20037803F0100344
:101D30004B72437F03F006030B72D30F4B6022F00C
:101D400060420A60428C02F4E0624A81428C0123C4
:101D500003EB12328A81828CCA81C08C08820022F5
:101D6000104670470004074010B50446002C02D00E
:101D700034F0690004D040F28B51F5A006F058FA17
:101D8000FE480078204201D0012010BD002010BD87
:101D9000F8B506460C46002000906FF0070507E0F6
:101DA0003046FFF7E1FF012807D00098401C009063
:101DB0000098A042F4D92846F8BD0025FBE72DE99C
:101DC000F0410446207900F01F00172804D940F2A2
:101DD0001A21DFA006F02CFA6068C0F3082013383F
:101DE000B0F5E67F04D940F21B21D9A006F020FA15
:101DF0006068C0F30350401E0E2804D94FF40771E9
:101E0000D3A006F015FA6068C0F30360401E0E28E8
:101E100004D940F21D21CEA006F00AFA60684FF006
:101E2000FF3101EB10700E2804D940F21E21C8A02A
:101E300006F0FEF9D14E3C3ED6F80001000601D472
:101E4000CF4801E0CF480068616801F01F02521CD2
:101E5000B0FBF2F0C1F308256D1C4543CA490844A4
:101E6000CA49884204D94FF40971B9A006F0E0F9D3
:101E7000C748C74928444942884204D940F225212D
:101E8000B3A006F0D5F96068DFF80883C0F303500B
:101E9000401CB5FBF0F0C04F4044B84204D940F2BA
:101EA0002621ABA006F0C4F96068C0F30360401CB3
:101EB000B5FBF0F04044B84204D940F22721A4A079
:101EC00006F0B6F96068012101EB1070B5FBF0F087
:101ED0004044B84204D94FF40A719DA006F0A8F915
:101EE0002078012805D020B140F2292198A006F0E1
:101EF0009FF9B6F8FE03C00706D1BDE8F04140F2F5
:101F00002A2193A006F094B9BDE8F0812DE9FF41A4
:101F100004460025A14E3068039070680290B068B6
:101F20000190F0680090002C0ED0012C0CD0022CF7
:101F30000AD0032C08D0042C06D0052C04D040F283
:101F4000372183A006F074F98C4F3C3FB7F8FE03AD
:101F5000C00704D14FF40E717DA006F069F997F81F
:101F6000260000F00700052801D0052C11D101251D
:101F70003069C00704D14FF4107175A006F058F90C
:101F800087483060C0127060B060F0601E2006F0BC
:101F9000DAF887F826401E2006F0D5F8012D0DD17D
:101FA00003983060029870600198B0600098F0600B
:101FB00004B01E20BDE8F04106F0C5B8BDE8FF81C1
:101FC000F0B56E4D3C3D95F826106E4B01F00702C2
:101FD0006B4E1C684FF40041062A30D2DFE802F055
:101FE000030507090B0D046029E0066027E0016086
:101FF00025E0066023E0016021E0D5F800110A0F1A
:10200000D5F80011C1F30721D5F8003103F01F0303
:10201000D5F800713F0609D45B1CB6FBF3F3491CED
:102020004B43521CB3FBF2F1016008E05B1CB4FBB4
:10203000F3F3491C4B43521CB3FBF2F101604F4ACE
:102040001C3A2B6A13600168C3F3026321FA03F39D
:1020500043601378C3F3021321FA03F3C3601368D8
:10206000C3F3024321FA03F383611388C3F30233FA
:1020700021FA03F343611368C3F3025321FA03F314
:10208000C361137803F0070321FA03F38360128816
:10209000C2F30222D1400161F0BD2DE9FF410546A6
:1020A0000C4600263D4F3868039078680290B86867
:1020B0000190F868009014F0E06F12D0C4F3026150
:1020C00001290ED002290CD003290AD0042908D0F6
:1020D000052906D0062904D040F2A1211CA006F053
:1020E000A7F814F0700F12D0C4F3021101290ED01A
:1020F00002290CD003290AD0042908D0052906D0CA
:10210000062904D040F2A22111A006F091F814F49F
:10211000E02F12D0C4F3024101290ED002290CD0C5
:1021200003290AD0042908D0052906D0062904D09D
:1021300040F2A32106A006F07BF814F4E00F3ED095
:10214000C4F3025101293AD0022938D0032929E0E9
:102150002E2E5C647269766572735C686333325FDD
:102160006C6C5F6472697665725C7372635C6863E1
:1021700033325F6C6C5F636C6B2E63003C400540D8
:1021800000127A000480FF1FC0BDF0FF00366E0110
:1021900000E4B1F1401E1BFF40E0060B008004404C
:1021A000EEFAFFFF0BD0042909D0052907D0062934
:1021B00005D04FF42971AFF2680006F039F86007D6
:1021C00013D004F0070001280FD002280DD00328F7
:1021D0000BD0042809D0052807D0062805D040F2E6
:1021E000A521AFF2940006F023F814F4E06F13D0A9
:1021F000C4F3022001280FD002280DD003280BD0F1
:10220000042809D0052807D0062805D040F2A621C9
:10221000AFF2C40006F00CF814F4E04F13D0C4F38E
:10222000023001280FD002280DD003280BD004283B
:1022300009D0052807D0062805D040F2A721AFF223
:10224000F00005F0F5FFF948054205D14FF42A7179
:10225000AFF2041005F0ECFFDFF8D483B8F8FE030A
:10226000C00705D140F2A921AFF21C1005F0E0FF34
:1022700098F8260000F00700052812D101263869D9
:10228000C00705D14FF42C71AFF23C1005F0D0FF20
:10229000E8483860C0127860B860F8601E2005F029
:1022A00052FFD8F820002C40A8432043C8F8200053
:1022B0001E2005F048FF012E0DD1039838600298CA
:1022C00078600198B8600098F86004B01E20BDE8FE
:1022D000F04105F038BF71E670B504460025002CCA
:1022E00007D0012C05D040F2D921AFF29C1005F0A7
:1022F0009FFFCF4EB6F8FE03C00705D140F2DA21AA
:10230000AFF2B41005F094FFCB4834B10021017056
:10231000A02005F018FF284670BD96F8261001F0A1
:102320000701022902D001210170F1E76FF00505D4
:10233000EEE770B504460026002C07D0012C05D02E
:1023400040F2F721AFF2F81005F072FFB84DB5F882
:10235000FE03C00705D14FF43E71AFF20C2005F02B
:1023600067FF3CB1802085F83800012005F0EBFEC6
:10237000304670BD95F8260000F00700012803D014
:10238000012085F83800F0E76FF00506EDE770B53D
:1023900005460024002D07D0012D05D040F216314E
:1023A000AFF2542005F044FFA14EB6F8FE03C0077B
:1023B00005D140F21731AFF2682005F039FF55B171
:1023C000002086F836004FF480510120FFF7E0FC32
:1023D0000446204670BD96F826006FF005024007BF
:1023E0000BD0D6F8000101064FF0010009D596F890
:1023F0002A1021B186F83600EBE71446E9E71446C7
:10240000E7E786F83600E4E770B50446884DB5F88E
:10241000FE13C90705D140F23531AFF2CC2005F0EB
:1024200007FF85F8624070BD70B50446804DB5F871
:10243000FE13C90705D140F24131AFF2EC2005F09F
:10244000F7FE85F8614070BD10B504467A49293918
:102450000988C90705D140F24D31AFF20C3005F0C3
:10246000E7FE7548801C047010BD002100280AD0CA
:10247000012202700022827042708022C270052206
:102480000271084670476FF00201FAE770B5054621
:102490000024002D07D0012D05D04FF46771AFF255
:1024A000503005F0C5FE624EB6F8FE03C00705D1F8
:1024B00040F29D31AFF2683005F0BAFE55B1002010
:1024C00086F832004FF480510820FFF761FC044683
:1024D000204670BD96F826006FF0050200F0070058
:1024E00003280BD0D6F8000101064FF0010009D4F3
:1024F00096F82A1021B186F83200E9E71446E7E79A
:102500001446E5E786F83200E2E770B50446002C91
:102510004AD02078012806D028B14FF45F71AFF27D
:10252000D03005F085FE607858B1102809D02028F9
:1025300007D0302805D040F27D31AFF2EC3005F005
:1025400077FEA07838B1402805D040F27E31AFF256
:10255000004005F06DFEE078802806D028B140F2FA
:102560007F31AFF2144005F063FE2079012815D0C9
:10257000022813D0032811D004280FD005280DD02D
:1025800006280BD0072809D0082807D0092805D02D
:102590004FF46071AFF2484005F04AFE244DB5F8A3
:1025A000FE03C00709D102E06FF0020070BD40F2E7
:1025B0008131AFF2644005F03BFE207985F8A2003E
:1025C000E07861780843A17808431B4917390870FF
:1025D000207818B1BDE87040002057E7BDE8704092
:1025E000012053E770B50446002C07D0012C05D01C
:1025F00040F2BB31AFF2A84005F01AFE0C4DB5F821
:10260000FE03C00705D14FF46F71AFF2BC4005F077
:102610000FFE2CB115F8400F40F08000287070BDFF
:1026200015F8400F00F07F00287070BD77777707AE
:1026300000400540EEFAFFFF274405402DE9F04138
:1026400005460C460026002D07D0802D05D040F20F
:10265000D231AFF2045005F0EBFD4CB1062C07D09F
:10266000012C05D040F2D331AFF21C5005F0E0FD53
:10267000FE4FB7F8FE03C00705D14FF47571AFF2F6
:10268000305005F0D5FDD7F80001000605D4012C27
:1026900003D197F82A0000B9261F16B9254387F8F9
:1026A0004050304630E470B504460025002C09D077
:1026B000062C07D0012C05D04FF47C71AFF270507E
:1026C00005F0B6FDE94EB6F8FE03C00705D140F2AD
:1026D000F131AFF2845005F0ABFDD6F800010006F1
:1026E00005D4012C03D196F82A0000B9251F3DB965
:1026F00016F8400F04F0070100F0F80008433070AE
:10270000284692E710B5D94CB4F8FE03C00705D1AE
:1027100040F20941AFF2C85005F08AFD94F841003B
:10272000012802D1002084F8410010BDCF4841307B
:102730000078002801D00120704700207047002158
:10274000002805D00022027042708270084670474F
:102750006FF00201FAE770B504460025002C07D09F
:10276000012C05D040F26441AFF21C6005F060FD21
:10277000BE4EB6F8FE03C00705D140F26541AFF288
:10278000306005F055FDBA4834B100210170A02039
:1027900005F0D9FC284648E796F8261001F0070115
:1027A000042902D001210170F1E76FF00505EEE781
:1027B00010B50446002C25D02078012806D028B179
:1027C00040F24741AFF2786005F032FD607838B1F1
:1027D000012805D04FF48961AFF28C6005F028FD27
:1027E000A07848B1012807D0032805D040F249411C
:1027F000AFF2A46005F01CFD9D4822380088C00798
:1028000009D102E06FF0020010BD40F24A41AFF280
:10281000C06005F00DFD96496078491C0870091DDF
:10282000A0780870207818B1BDE81040002092E729
:10283000BDE8104001208EE770B50446002C07D09B
:10284000012C05D04FF49061AFF2FC6005F0F0FC74
:10285000864DB5F8FE03C00705D140F28141AFF2C5
:10286000107005F0E5FCD5F8000164F3C710C5F859
:102870000001DAE60021002812D00022132363F3BE
:10288000102202F1805222F0706202F1807222F472
:10289000700202F580124260012202700846704701
:1028A0006FF00201FAE770B505460024002D07D04D
:1028B000012D05D040F2E541AFF26C7005F0B8FC97
:1028C0006A4EB6F8FE03C00705D140F2E641AFF20A
:1028D000807005F0ADFC5DB1D6F800014FF4805575
:1028E000000612D429460820FFF752FA044611E0E8
:1028F00096F8260000F00700052803D0012086F88E
:102900002A0010E06FF005040DE029460120FFF7D2
:102910003FFA04463CB9002086F82A0029462020C8
:10292000FFF736FA044620467FE62DE9F0410446DB
:10293000002C29D0606800F01F00172805D940F24C
:10294000B941AFF2F47005F073FC6068C0F3082081
:102950001338B0F5E67F05D940F2BA41AFF6100062
:1029600005F066FC60684FF0FF3101EB10700E2837
:1029700005D940F2BB41AFF6280005F059FC61686B
:10298000080604D43B4804E06FF002008AE63A48A7
:10299000006801F01F02521CB0FBF2F0C1F30825E1
:1029A0006D1C4543354908443549884205D94FF4E3
:1029B0009861AFF6640005F03BFC32483149284489
:1029C0004942884205D940F2C141AFF67C0005F08A
:1029D0002FFC6068012101EB1070B5FBF0F02A4F6D
:1029E0002A4E3844B04205D940F2C241AFF6A000A9
:1029F00005F01EFC6068C0F30360401E0E2805D978
:102A000040F2C341AFF6B80005F012FC6068C0F3B5
:102A10000350401E0E2805D940F2C441AFF6D00045
:102A200005F006FC6068C0F30350401CB5FBF0F0F5
:102A30003844B04205D940F2C541AFF6EC0005F08C
:102A4000F7FB6068C0F30360401CB5FBF0F038444E
:102A5000B04205D940F2C641AFF60C1005F0E8FBD4
:102A6000207801281AD0C8B112E0000000400540CB
:102A70002044054000127A000480FF1FC0BDF0FF13
:102A800000366E0100E4B1F1401E1BFF40E0060B72
:102A90004FF49961AFF6481005F0CAFBFE4DB5F84A
:102AA000FE03C00705D140F2C941AFF65C1005F046
:102AB000BFFB05F580752868217920F08000C1F3FF
:102AC000C01140EAC110286060682860207818B101
:102AD000BDE8F0410020E6E6BDE8F0410120E2E675
:102AE000002100280AD001220270EC4A132363F36C
:102AF000102222F01F024260084670476FF0020168
:102B0000FAE770B504460026002C07D0012C05D04A
:102B100040F24551AFF6C81005F08AFBDE4DB5F81E
:102B2000FE03C00705D140F24651AFF6DC1005F0B8
:102B30007FFB5CB1D5F800014FF48054000609D446
:102B400021460820FFF724F9064608E0012085F811
:102B50002E000DE021460120FFF71AF906463EB986
:102B6000002085F82E0021464020FFF711F9064687
:102B700030465AE510B50446002C0BD02046FFF72E
:102B80001EF9C74960680860207830B1BDE8104080
:102B90000020B6E76FF0020010BDBDE81040012034
:102BA000AFE770B506460C461546002C17D0012C31
:102BB00015D0022C13D0032C11D0042C0FD0062CCE
:102BC0000DD0072C0BD0082C09D0092C07D00B2CCA
:102BD00005D040F26651AFF6882005F029FB9DB183
:102BE000102D11D0202D0FD0302D0DD0402D0BD019
:102BF000502D09D0602D07D0702D05D040F26751BF
:102C0000AFF6B42005F014FB3EB1012E05D04FF411
:102C1000AD61AFF6C42005F00BFBA2480088C007E9
:102C200005D140F26A51AFF6D82005F001FB9A4871
:102C30003D30304401782C4301F0800104F07F02E4
:102C400011430170F1E470B505460C46002C07D025
:102C5000012C05D040F27B51AFF60C3005F0E8FABC
:102C600090480088C00705D140F27C51AFF6203073
:102C700005F0DEFA3DB1012D05D040F27D51AFF6F1
:102C8000303005F0D5FA84483D302844E101C1F3E5
:102C9000C012017862F3DF110170C6E410B5FFF7CE
:102CA00035F9BDE81040FDF733BB10B5002400280E
:102CB00003D0FFF785F9204610BD6FF00204FAE754
:102CC0002DE9F04704464FF0E0652E112F144FF424
:102CD000E0484FF4E029AC4211D0B4420FD0072CA9
:102CE0000DD0702C0BD0BC4209D0444507D04C45C8
:102CF00005D040F2BA51AFF6A83005F099FA66490E
:102D00006948444525D00CDC072C2ED0702C14D0FB
:102D1000BC4230D1096A0068C1F30221C840BDE855
:102D2000F0874C450FD0B44219D0AC4223D1096A88
:102D30000068C1F30261C840F1E7096A0068C1F3A5
:102D40000211C840EBE7096A0068C1F30241C840BC
:102D5000E5E7096A0068C1F30231C840DFE7096AA4
:102D60000068C1F30251C840D9E7096A006801F060
:102D70000701C840D3E70068D1E72DE9F04F0024F0
:102D8000002823D04649091F0A68170F0A68C2F3B2
:102D9000036C0A68C2F303580A68C2F308230A687E
:102DA00002F01F024D684FEA15794D68C5F3036ABA
:102DB0004D68C5F3035B4D68C5F308264D6805F003
:102DC0001F050968090604D4384904E06FF00204BD
:102DD00046E037490968521CB1FBF2FEC0F800E03A
:102DE000B1FBF2FE5B1C0EFB03FEC0F804E0B1FB7E
:102DF000F2FE0EFB03FE7F1CBEFBF7F78760B1FB04
:102E0000F2F75F430CF1010CB7FBFCF7C760B1FBB5
:102E1000F2F25A4308F10108B2FBF8F202616D1CAC
:102E2000B1FBF5F24261B1FBF5F2761C72438261AF
:102E3000B1FBF5F2724309F10109B2FBF9F2C2618B
:102E4000B1FBF5F272430AF1010AB2FBFAF2026237
:102E5000B1FBF5F171430BF1010BB1FBFBF14162E9
:102E60002046BDE8F08F10B5FFF717F9BDE8104018
:102E7000FDF74EBA70B50446002C21D0082C1FD0A7
:102E8000092C1DD00A2C1BD00B2C19D00C2C17D0C0
:102E90000D2C15D00EE00000004005400000101180
:102EA00004410540FE4305400080FF1F00127A00E8
:102EB0000480FF1F40F22B61AFF66C5005F0B8F9AB
:102EC000644DB5F8FE03C00705D140F22C61AFF6A2
:102ED000805005F0ADF9B5F8FE03800705D440F247
:102EE0002D61AFF6945005F0A3F9E0B2288208E412
:102EF00070B50446202C15D0302C13D0402C11D0A6
:102F0000802C0FD0902C0DD0A02C0BD0B02C09D041
:102F1000C02C07D0D02C05D040F23961AFF6D0508C
:102F200005F086F94B4DB5F8FE03C00705D140F218
:102F30003A61AFF6E45005F07BF985F82440BDE82E
:102F400070401E2005F0FFB870B505460C46002DF8
:102F50000BD0012D09D0022D07D0032D05D040F252
:102F60004D61AFF6146005F063F98CB1082C0FD0F9
:102F7000092C0DD00A2C0BD00B2C09D00C2C07D00F
:102F80000D2C05D040F24E61AFF63C6005F050F9D3
:102F9000304EB6F8FE03C00705D140F24F61AFF6E0
:102FA000506005F045F9B6F8FE03800705D44FF4EC
:102FB000CA61AFF6646005F03BF9728AA9000F2080
:102FC00088408C40824304402243728251E470B5B1
:102FD0000446002C07D0012C05D040F25D61AFF60D
:102FE000906005F025F91B4DB5F8FE03C00705D12B
:102FF00040F25E61AFF6A86005F01AF9E001C0F397
:10300000C01115F83F0F61F3DF10287031E470B57F
:103010000446002C09D0012C07D0022C05D040F228
:103020006D61AFF6D46005F003F90A4DB5F8FE0303
:10303000C00705D140F26E61AFF6EC6005F0F8F81C
:1030400015F83F0F04F0030100F0FC00084328705E
:103050000FE400000040054010B5044640F23F1068
:1030600034EA000004D04FF40471F5A005F0E0F854
:10307000FE480068844301D0002010BD012010BD2F
:10308000F8B506460C4600200090002508E00098A0
:10309000401C00900098A04202D96FF0070504E0A0
:1030A0003046FFF7D9FF0128F1D12846F8BD10B509
:1030B0000446EE4810380068012804D040F21E2172
:1030C000DFA005F0B5F840F23F1034EA000004D06C
:1030D00040F21F21DAA005F0ABF8E448001D0460BF
:1030E00010BD70B5054600244FF48070A840FFF76E
:1030F000C7FF083000D1441F44B91020A84005463E
:10310000FFF7AAFF012803D04FF0FF34204670BD1F
:103110002846FFF7CCFFF9E72DE9F04105460024EA
:10312000D348006AC0F30261D2480068C84044F640
:103130002061B0FBF1F14FF48070A840FFF7A0FFD1
:10314000083000D1441FACB90820A8400646FFF75C
:1031500083FF4FF0FF37012803D13046FFF7A7FF69
:103160003C463CB91020A8400546FFF775FF0128F2
:1031700003D03C462046BDE8F0812846FFF797FF84
:10318000F8E770B504460D46002D06D0012D04D099
:103190004FF49B71AAA005F04BF8B44810380068B2
:1031A000012804D040F23711A5A005F041F8012C08
:1031B00004D04FF49C71A2A005F03AF8AB490C3949
:1031C000012D03D008682043086070BD0868A04343
:1031D000086070BD2DE9F04105460024A348103871
:1031E0000068012804D040F24F1195A005F020F8A6
:1031F000F02D04D94FF4A87191A005F019F89B485F
:103200000838016805F0F00221F0F0011143016077
:103210009849974A44F620630E680CE0641C116AD2
:10322000C1F3026726FA07F1B1FBF3F1A14202D222
:103230006FF007009FE7016801F0F001A942EDD1AE
:10324000002098E710B50446002C06D0012C04D0CD
:1032500040F263117AA004F0EBFF84481038006854
:10326000012804D04FF4B27175A004F0E1FF824848
:10327000046010BD10B50446002C06D0012C04D00B
:1032800040F271116EA004F0D3FF78481038006846
:10329000012804D04FF4B97169A004F0C9FF764841
:1032A0002038046010BD10B50446002C06D0012C57
:1032B00004D040F27F1162A004F0BAFF6B481038CE
:1032C0000068012804D04FF4C0715DA004F0B0FF85
:1032D00069486038046010BD2DE9F0470446002CB1
:1032E00006D0012C04D04FF4C97155A004F0A0FF02
:1032F0005E4810380068012804D040F2931150A0B5
:1033000004F096FF5C4820300068012804D04FF498
:10331000CA714BA004F08CFF544E083E3768DFF8AA
:103320005C8107EA080730686FEA080900EA0900CB
:10333000306053494E484F4A351D012C1FD02B6831
:1033400023F0700343F040032B6000230B60006AFE
:10335000C0F302611068C8403221B0FBF1F10020D7
:10336000FFF7BFFE296821F070012960316807EA84
:10337000080701EA090139433160BDE8F0872B688D
:1033800023F0700343F010032B603E4B0B60006A88
:10339000C0F302611068C84044F62061B0FBF1F14F
:1033A0000020FFF79EFEDDE737480068002801D0C7
:1033B000002070470120704710B50446002C06D04D
:1033C000012C04D040F2C7111DA004F031FF2A489F
:1033D0004038046010BD70B504460025102C0DD097
:1033E000202C0BD0302C09D0402C07D0502C05D0ED
:1033F00024B14FF4EB7112A004F01AFF1B481038EF
:103400000068012804D040F2D7110DA004F010FF8D
:10341000194820300068012804D04FF4EC7108A04E
:1034200004F006FF1248006AC0F302611148006808
:10343000C8404FF22441B0FBF1F14FF4807025E019
:103440002E2E5C647269766572735C686333325FDA
:103450006C6C5F6472697665725C7372635C6863DE
:1034600033325F6C6C5F65666D2E63001004014043
:10347000004005400080FF1F6081204200000101E4
:10348000DCFF07002143FFFF80832042FFF7F8FDA8
:10349000083000D1451F3DB9FE48016804F07002B4
:1034A00021F0700111430160284670BD70B50446DB
:1034B0000D46F8480C380068012805D04FF4F87123
:1034C000AFF2840004F0B4FEE00805D040F2F11140
:1034D000AFF2940004F0ACFE3DB1012D05D04FF4E5
:1034E000F971AFF2A40004F0A3FEEA480C30012DFC
:1034F00003D00168A143016070BD016821430160F0
:1035000070BD10B5044640F23F1034EA000005D00B
:1035100040F20321AFF2D80004F08AFEDD48001D1E
:103520000068204201D0012010BD002010BD70B500
:103530000446D8480C380068012805D040F22E21F6
:10354000AFF2041004F074FE3CB1012C05D040F23F
:103550002F21AFF2141004F06BFECF4DD5F880018F
:10356000012805D04FF40C71AFF22C1004F060FE6E
:10357000C5F8A04170BD2DE9F04704460E4615463A
:103580006FF002074FF4807A4FF400284FF47F79F0
:1035900044450DD3C1496018484509D3C049601856
:1035A0001F2805D940F24621AFF26C1004F040FE0E
:1035B0006019411E41450FD3B849491E0144494590
:1035C0000AD3B749491E08441F2805D940F24721AC
:1035D000AFF2941004F02CFE86B1B248006AC0F33A
:1035E0000261B1480068C84044F62061B0FBF1F1C7
:1035F0005046FFF745FD40B16FF004073846BCE682
:1036000014F8010B06F8010B6D1E002DF8D10027F0
:10361000F4E72DE9FC5F04460D46904600264FEA8C
:10362000980708F003099B480C380068012805D06A
:1036300040F26E21AFF2F81004F0FAFD9B480068EA
:10364000012805D040F26F21AFF20C2004F0F0FD0C
:103650004FF4002A4FF47F7B54450DD38F496018F7
:10366000584509D38E4960181F2805D94FF41C719D
:10367000AFF2342004F0DCFD04EB0800411E51459C
:103680000FD38649491E014459450AD38449491E2E
:1036900008441F2805D940F27121AFF25C2004F0E4
:1036A000C7FDA00705D040F27221AFF26C2004F0F4
:1036B000BFFD0020009040F23F10FFF7F8FC754876
:1036C000001F01687A4A114001910168D2431140FC
:1036D0000160001D016821F0700141F010010160DE
:1036E000DFF8C081DFF8C0A144F6206B0EE001CD09
:1036F00001C4D8F82000C0F30261DAF80000C84025
:10370000B0FBFBF10098FFF7ECFC06467F1E781C2F
:1037100001D0002EEBD0B9F1000F15D0A6B9286862
:103720004FEAC9024FF0FF31914001432160D8F8C0
:103730002000C0F30261DAF80000C840B0FBFBF1E2
:103740000098FFF7CEFC06465248016821F0700150
:103750000160011F0868564A554BD2431040019A38
:103760001A40104308603046BDE8FC9F2DE9F04741
:1037700004468A4647480C380068012805D040F2C4
:10378000A521AFF2443004F053FD484800680128F9
:1037900005D040F2A621AFF2583004F049FDB4F54F
:1037A000002F0ED33D482044B0F57F7F09D33C481D
:1037B00020441F2805D940F2A721AFF27C3004F045
:1037C00037FDA00705D04FF42A71AFF28C3004F01A
:1037D0002FFD40F23F10FFF76AFC2E4D2D1F2F6882
:1037E000DFF8CC8007EA080728686FEA080900EAD2
:1037F0000900286000202E1D316821F0700141F081
:1038000010013160C4F800A02649096AC1F30262C0
:1038100025490968D14044F62062B1FBF2F1FFF777
:1038200060FC316821F070013160296807EA0807FF
:1038300001EA0901394329609FE52DE9F047044673
:103840008A4614480C380068012805D040F2D2217D
:10385000AFF2144004F0ECFC14480068012805D0D5
:1038600040F2D321AFF2284004F0E2FCB4F5002F7F
:103870000ED30A482044B0F57F7F09D3084820447E
:103880001F2805D94FF43571AFF24C4004F0D0FC3D
:10389000A0070FE00C0401400080204200F4FFFC70
:1038A0002000E8FC004005400080FF1F808120428E
:1038B0000000010105D040F2D521AFF27C4004F0B8
:1038C000B7FC40F23F10FFF7F2FBFE4D2F68DFF828
:1038D000F88307EA080728686FEA080900EA090080
:1038E000286000202E1D316821F0700141F0200178
:1038F0003160C4F800A0FFF70FFC316821F07001BF
:103900003160296807EA080701EA0901394329609B
:1039100033E52DE9F0470546B5F5002F05D340F214
:103920006331AFF2E44004F083FCA80705D04FF404
:103930005971AFF2F44004F07BFCE24808380068AB
:10394000012805D040F26531AFF20C5004F070FC54
:10395000DE480068012805D040F26631AFF2205001
:1039600004F066FC40F23F10FFF7A1FBD54C27683E
:10397000DFF8548307EA080720686FEA080900EABD
:1039800009002060261D306820F0700040F04000E3
:10399000306000202860CE49096AC1F30262CD4937
:1039A0000968D1403222B1FBF2F1FFF79AFB31688E
:1039B00021F070013160216807EA080701EA090176
:1039C00039432160D9E410B50446002C07D0012CFE
:1039D00005D04FF47471AFF2985004F029FCBB4845
:1039E000046010BD2DE9F04705460020BA4929447E
:1039F0003C2949D2A80705D04FF47971AFF2C050E5
:103A000004F016FCB1480068012805D040F2E53109
:103A1000AFF2D45004F00CFCAA4808380068012822
:103A200005D040F2E631AFF2E85004F001FCA54CBD
:103A30002768DFF8948207EA080720686FEA080918
:103A400000EA09002060261D306820F0700040F078
:103A500010003060002028609D48006AC0F30261B9
:103A60009C480068C8403221B0FBF1F10020FFF70C
:103A700038FB316821F070013160216807EA0807DE
:103A800001EA09013943216077E42DE9F047044652
:103A90000D468C4808380068012805D040F20341E3
:103AA000AFF2646004F0C4FB4FF400288B4E8C4FDF
:103AB0004FF47F7944450BD3A019484508D3E0194A
:103AC0001F2805D940F20441AFF28C6004F0B0FB2E
:103AD00045450BD3A819484508D3E8191F2805D92F
:103AE00040F20541AFF2A86004F0A2FB754818301F
:103AF0000460001D056040E400280BD07149483186
:103B0000096801606F494C31096841606D49503165
:103B10000968816070470021002806D000220260F9
:103B200042600C228260084670476FF00201FAE79B
:103B30002DE9F04106460C460025EF1E002C42D030
:103B40006048F8300068012805D040F23E41AFF2ED
:103B5000107004F06DFB3EB1012E05D040F23F41E4
:103B6000AFF2247004F064FBA0680C38072805D974
:103B70004FF48861AFF2387004F05AFB6068B0F51A
:103B8000002F0AD357490844B0F5004F05D340F23F
:103B90004141AFF2547004F04BFB206840B1B0F1EA
:103BA000004F05D040F24241AFF26C7004F040FB90
:103BB000D4E9011201209040B1FBF0F300FB131097
:103BC00018B13D4610E03D460EE03E48FC3000EBAB
:103BD000860023680B43444913430B400168424A63
:103BE000D24311400B4303602846BDE8F08110B575
:103BF0003448F8300068012805D040F25541AFF252
:103C0000C07004F015FB2F490020FC310860091D2D
:103C1000086010BD70B505460C462A48F8300068AB
:103C2000012805D040F26541AFF2EC7004F000FBD2
:103C30003DB1012D05D040F26641AFF2FC7004F0B9
:103C4000F7FA3CB1012C05D040F26741AFF6100005
:103C500004F0EEFA1B48FC3000EB8500012C04D088
:103C6000016821F00041016070BD016841F0004130
:103C7000016070BD70B505460C461248F83000680A
:103C8000012805D040F27B41AFF64C0004F0D0FA99
:103C90003DB1012D05D040F27C41AFF65C0004F04F
:103CA000C7FAB4F5002F0AD30E482044B0F5004FF0
:103CB00005D340F27D41AFF6780004F0B9FA01482F
:103CC000FC3013E008040140000001018081204223
:103CD000004005400080FF1F40F0FFFC00F4FFFCA7
:103CE0002000E8FC008000E01FF0FF9F00EB850053
:103CF0000168654A1140D24314402143016070BD00
:103D000070B504460D4661480068012805D040F2B0
:103D10008D41AFF6D40004F08BFA3CB1012C05D0F4
:103D200040F28E41AFF6E80004F082FAA5F10C00F3
:103D3000072805D940F28F41AFF6FC0004F078FA6D
:103D40005248001D00EB8400016865F30401016026
:103D500070BD3EB5044600210091019102910C22F4
:103D600069464B48FFF755FC012C07D0022C04D1C3
:103D7000484940F21440FFF7F9FC3EBD46494FF474
:103D80008260FFF7F3FC3EBD2DE9F05F04460F466D
:103D9000BE083F4D0C3541480068012805D040F26F
:103DA000B641AFF6641004F043FA3D4800680128BC
:103DB00005D040F2B741AFF6781004F039FA0C2F75
:103DC00005D94FF49761AFF6881004F031FA40F24C
:103DD0003F10FFF76CF9DFF8C49009F10809D9F832
:103DE0000080304808EA0008D9F80010C0430140BC
:103DF000C9F8001009F10407386820F0700040F09D
:103E00004000386000212960DFF89CB0DBF820001A
:103E1000DFF898A0C0F30261DAF80000C84044F669
:103E20002061B0FBF1F10020FFF75BF9396821F068
:103E3000700141F01001396044F6206B0DE001CCB7
:103E400001C51948006AC0F30261DAF80000C840F1
:103E5000B0FBFBF10020FFF744F9761E711C01D086
:103E60000028ECD0396821F070013960D9F80010D1
:103E70000C4AD2431140D24308EA020841EA080141
:103E8000C9F80010BDE8F09FFF0F00E000050140F9
:103E9000E0FF1703AE7351A8020418AF00040140FD
:103EA0008081204200000101004005400080FF1F8A
:103EB00070B504460D46002C02D03E48044203D0A3
:103EC00071213DA004F0B4F92DB1012D03D0722170
:103ED00039A004F0ADF9434E3069C00703D1732116
:103EE00035A004F0A5F9012D03D0306820433060DF
:103EF00070BD3068A043306070BD70B504460D469B
:103F0000002C02D03848044203D084212AA004F0B7
:103F10008FF92DB1012D03D0852127A004F088F958
:103F20003048012D03D041682143416070BD416894
:103F3000A143416070BD70B504460D46002C02D00F
:103F40002A48044203D096211BA004F071F92DB138
:103F5000012D03D0972118A004F06AF92148012D02
:103F600003D081682143816070BD8168A143816075
:103F700070BD70B504460D46002C04D041F203100C
:103F800034EA000003D0A8210BA004F051F92DB1B0
:103F9000012D03D0A92108A004F04AF91148012DF0
:103FA00003D0C1682143C16070BDC168A143C16035
:103FB00070BD0000EE3A0C702E2E5C64726976655E
:103FC00072735C686333325F6C6C5F6472697665D0
:103FD000725C7372635C686333325F6C6C5F6663E0
:103FE000672E6300008004408602F0F00078F8FF3E
:103FF0002DE9F04106460D4614460027002C04D05A
:10400000FE480088C00708D102E06FF002079AE07E
:104010004FF48071FAA004F00BF976B1012E0CD0A8
:10402000022E0AD0032E08D0042E06D0052E04D06E
:1040300040F20111F2A004F0FBF825B94FF48171B0
:10404000EFA004F0F5F8208830B1012804D040F248
:104050000311EBA004F0ECF8608830B1022804D022
:104060004FF48271E6A004F0E3F8A08830B1042890
:1040700004D040F20511E2A004F0DAF8E08840B183
:10408000102806D0202804D04FF48371DCA004F05F
:10409000CFF8208938B1B0F5804F04D040F2071135
:1040A000D7A004F0C5F8608930B1402804D04FF49F
:1040B0008471D3A004F0BCF8A08938B1B0F5007FBA
:1040C00004D040F20911CEA004F0B2F8E08938B172
:1040D000B0F5805F04D04FF48571C9A004F0A8F852
:1040E000208A38B1B0F5004F04D040F20B11C4A0C3
:1040F00004F09EF80021E8071FD020886288E3883A
:104100001043A2881A43104362891043A2891043C6
:10411000E289104322891043228A02434DF2772C10
:10412000B001B64B00EB81001B1D1844038802EA66
:104130000C0223EA0C03134303806D081DB1491CD4
:10414000C9B21029D7D33846BDE8F0810022002833
:104150000BD0002101804180C18001820181418119
:104160008181C1818180104670476FF00202FAE7B9
:1041700030B585B0A1480088C00704D14FF49771CD
:104180009FA004F055F86846FFF7E0FF0024A84D13
:104190006A4605EB8400418815F82400FFF728FFE4
:1041A000641CE4B2062CF3D394491F20083908801C
:1041B000091D4FF4804008800020891C088005B04C
:1041C00030BD70B505460C46002D01D0680904D0FD
:1041D0004FF4B2718AA004F02BF834B1012C04D052
:1041E00040F2651186A004F023F884480088C007D7
:1041F00004D14FF4B37182A004F01AF87F4905F09E
:104200001F000839012C03D00A8882430A8070BD40
:104210000A8802430A8070BD70B505460C461646F2
:10422000002D0ED0012D0CD0022D0AD0032D08D068
:10423000042D06D0052D04D04FF4BE7170A003F0FC
:10424000F7FF24B940F27D116DA003F0F1FF0F2EAE
:1042500008D9A6F120001B2804D94FF4BF7168A02B
:1042600003F0E6FF65480088C00704D140F27F11E3
:1042700063A003F0DDFF0021AA01604DAD1DE00742
:1042800006D002EB81002844038866F3050303800F
:104290006408002C03D0491CC9B21029EFD370BDAB
:1042A00070B505460C461646002D0ED0012D0CD0DB
:1042B000022D0AD0032D08D0042D06D0052D04D0E0
:1042C0004FF4CD714EA003F0B3FF24B940F29B111F
:1042D0004BA003F0ADFF49480088C00704D14FF45C
:1042E000CE7147A003F0A4FF0021444AAB01921D08
:1042F000E00708D003EB81001044012E0BD00588A5
:1043000025F4807505806408002C03D0491CC9B2CF
:104310001029EDD370BD058845F480750580F2E75E
:1043200010B504460F2C08D9A4F120001B2804D98D
:1043300040F2B51132A003F07BFF30480088C0077F
:1043400004D14FF4DB712EA003F072FF2B48001F45
:10435000018864F30301018010BD70B504460D4669
:104360001646002C0ED0012C0CD0022C0AD0032CA7
:1043700008D0042C06D0052C04D040F2C71120A090
:1043800003F056FF25B94FF4E4711DA003F050FF70
:1043900036B1012E04D040F2C91119A003F048FF34
:1043A000244800EB0410012E03D00188A9430180AA
:1043B00070BD01882943018070BD10B50446002CF2
:1043C0000DD0B4F5804F0AD0B4F5004F07D0B4F546
:1043D000404F04D04FF4ED7109A003F029FF0748C6
:1043E0000088C00704D140F2DB1105A003F020FFD4
:1043F0000248001F0188C1F30D011DE0FC3B054090
:104400002E2E5C647269766572735C686333325F0A
:104410006C6C5F6472697665725C7372635C68630E
:1044200033325F6C6C5F6770696F2E630000000051
:10443000DAFC02000638054004F4404211430180D2
:1044400010BD70B504460D46002C0FD0012C0DD0C8
:10445000022C0BD0032C09D0042C07D0052C05D03E
:104460004FF4F571AFF2680003F0E2FE3DB1012DAB
:1044700005D040F2EB11AFF2780003F0D9FED74837
:104480000088C00705D14FF4F671AFF28C0003F03D
:10449000CFFED2490120891EA040012D03D00A88F9
:1044A00082430A8070BD0A8802430A8070BD70B5DD
:1044B00004460D46002C0FD0012C0DD0022C0BD041
:1044C000032C09D0042C07D0052C05D04FF4FF7124
:1044D000AFF2D40003F0ACFE2DB940F2FF11AFF201
:1044E000E00003F0A5FEBE4901EB0410B0F800089F
:1044F000284201D0012070BD002070BD10B50446D7
:10450000002C0FD0012C0DD0022C0BD0032C09D085
:10451000042C07D0052C05D04FF40371AFF2201006
:1045200003F086FEAE4901EB0410B0F8000810BDA0
:1045300070B504460D46002C0FD0012C0DD0022C76
:104540000BD0032C09D0042C07D0052C05D040F249
:104550001A21AFF2541003F06BFE2DB940F21B216B
:10456000AFF2641003F064FE9D4901EB0410B0F853
:104570000408284201D0012070BD002070BD10B594
:104580000446002C0FD0012C0DD0022C0BD0032C94
:1045900009D0042C07D0052C05D04FF40A71AFF2D6
:1045A000A01003F045FE8E4901EB0410B0F804089A
:1045B00010BD70B504460D46002C0FD0012C0DD057
:1045C000022C0BD0032C09D0042C07D0052C05D0CD
:1045D0004FF40E71AFF2D81003F02AFE2DB940F25D
:1045E0003921AFF2E41003F023FE7E4800EB041003
:1045F00001882943018070BD70B504460D46002C2A
:104600000FD0012C0DD0022C0BD0032C09D0042C80
:1046100007D0052C05D040F24A21AFF21C2003F050
:1046200007FE2DB940F24B21AFF22C2003F000FE23
:104630006C48801C00EB041001882943018070BD88
:1046400070B504460D46002C0FD0012C0DD0022C65
:104650000BD0032C09D0042C07D0052C05D04FF427
:104660001771AFF2642003F0E3FD5E48001F00EB1A
:104670000410058070BD70B504460D46002C0FD0A7
:10468000012C0DD0022C0BD0032C09D0042C07D008
:10469000052C05D040F26D21AFF29C2003F0C8FD3F
:1046A0002DB940F26E21AFF2A82003F0C1FD4D48B4
:1046B000001D00EB041001882943018070BD70B516
:1046C00005460C46164645480088C00705D140F20D
:1046D0008121AFF2D42003F0ABFD7DB1012D0DD0CF
:1046E000022D0BD0032D09D0042D07D0052D05D0A8
:1046F00040F28221AFF2F82003F09AFD2CB940F28B
:104700008321AFF2043003F093FD0021334AAB0163
:10471000121DE00708D003EB81001044012E0BD0DE
:104720000588C5F30E0505806408002C03D0491CDC
:10473000C9B21029EDD370BD058845F40045058048
:10474000F2E72DE9F04107460E46904623480088DF
:10475000C00705D14FF42971AFF25C3003F068FD5A
:104760007FB1012F0DD0022F0BD0032F09D0042FC2
:1047700007D0052F05D040F2A521AFF27C3003F021
:1047800057FD2EB940F2A621AFF28C3003F050FD58
:104790000023F0070FD01149B80100EB8300091D79
:1047A0004418114800EB8305B8F1010F0BD02088A5
:1047B00020F4805020807608002E03D05B1CDBB2F2
:1047C000102BE6D3C0E42868296821F08001296015
:1047D000218841F4805121802860ECE7FC3B0540B2
:1047E0000030054008380540101005402DE9F04123
:1047F00004460025EE1E002C1BD02088B0F5007F5B
:1048000003D3CD21FDA003F013FD2288500900EB56
:104810004001202000EB4103B4F90200834204D898
:10482000252303EB4101814205D2202803D33546DD
:104830001CE035461AE0FE4901EB80010E68FD4F91
:10484000FD4BB7EBC65F06D10A60B4F90210606891
:1048500043F821000AE00968C1F308018A4203D144
:10486000616843F8201001E06FF001052846BDE8BB
:10487000F0810021802801D3C91E0AE0EC4A02EB36
:10488000800240F2FF131360EB4BC0B2002243F8EA
:1048900020200846704770B504460D46002C02D013
:1048A00014F07D4F04D04FF48371D4A003F0C0FC0A
:1048B00035B1012D04D040F20711D0A003F0B8FCAF
:1048C000DB485C38012D03D0016DA143016570BD4B
:1048D000016D2143016570BD70B504460D46002C85
:1048E00004D140F21911C5A003F0A2FC35B1012D8D
:1048F00004D04FF48D71C1A003F09AFCCC485C3811
:10490000012D05D0D0F8A012A143C0F8A01270BDAF
:10491000D0F8A0122143C0F8A01270BD70B50446B3
:104920000D46002C04D14FF49671B4A003F080FC26
:1049300035B1012D04D040F22D11B0A003F078FC68
:10494000BB485C38012D05D0D0F8A412A143C0F8B3
:10495000A41270BDD0F8A4122143C0F8A41270BDF7
:104960001CB5144690FAA0F2B2FA82F2ADF8022019
:1049700090FAA0F0B0FA80F0ADF80000019168461E
:10498000FFF734FFBDF902000123002809DB00F026
:104990001F0103FA01F14009800000F1E020C0F896
:1049A0008012BDF902002107090E002804DB00F186
:1049B000E02080F8001405E000F00F0000F1E02096
:1049C00080F8141DBDF90200002808DB00F01F016B
:1049D0008B404009800000F1E020C0F800311CBD90
:1049E00070B504460D46002C04D140F2551183A049
:1049F00003F01EFC35B1012D04D04FF4AB717FA044
:104A000003F016FC8A485C38012D05D0D0F89C12C2
:104A1000A143C0F89C1270BDD0F89C122143C0F88D
:104A20009C1270BD0021002806D000220260426066
:104A30008260C260084670476FF00201FAE72DE914
:104A4000F04104460026002C3AD0206840F62F772B
:104A500008B1B84304D04FF4C57168A003F0E8FB77
:104A6000734D5C3DEF6020686860606830B101287C
:104A700004D040F2911161A003F0DAFBA06830B1DC
:104A8000802804D04FF4C9715CA003F0D1FBE0682A
:104A900050B1102808D0202806D0302804D040F289
:104AA000931156A003F0C4FBD4E901010843E16867
:104AB0000843296821F08001296028603046D6E645
:104AC0006FF00206FAE710B50446002C04D040F659
:104AD0002F7034EA000004D04FF4D27147A003F0E5
:104AE000A7FB53485C388068204201D0012010BDEC
:104AF000002010BD70B504460D46002C04D040F6D1
:104B00002F7034EA000004D04FF4D9713BA003F0B9
:104B10008FFB35B1012D04D040F2B31137A003F063
:104B200087FB43485C38012D03D04168A1434160B5
:104B300070BD41682143416070BD10B50446002C32
:104B400004D040F62F7034EA000004D04FF4E27134
:104B50002AA003F06DFB36485C38C46010BD2DE917
:104B6000F04105460C460026002C6BD00DB1280CF8
:104B700004D04FF4EF7121A003F05AFB206830B14C
:104B8000802804D040F2DF111CA003F051FB6068C4
:104B900050B1102808D0202806D0302804D04FF477
:104BA000F07116A003F044FBA068032809D0012887
:104BB00007D030B1022804D040F2E1110FA003F079
:104BC00037FB00221A4F01234C3F03FA02F0284220
:104BD00010D007EB8201D4E9000C40EA0C00D4F8B5
:104BE00008C040EA0C00D1F800C02CF0800CC1F8DD
:104BF00000C00860521CD2B2102A20E02E2E5C6445
:104C00007269766572735C686333325F6C6C5F6483
:104C100072697665725C7372635C686333325F6C71
:104C20006C5F696E74657272757074732E630000C8
:104C30005C100540000080FF0C19002002E0C4D386
:104C4000304614E66FF00206FAE70021002805D08E
:104C50000022026042608260084670476FF00201E5
:104C6000FAE710B50446002C01D0200C05D040F224
:104C70000F21AFF2780003F0DBFAF748846510BD2E
:104C800010B50446002C01D0200C05D04FF407715C
:104C9000AFF2980003F0CCFAEF48406D204201D00B
:104CA000012010BD002010BD10B5EC480068804701
:104CB000BFF34F8F10BD10B5E84840688047BFF381
:104CC0004F8F10BD10B5E54880688047BFF34F8F08
:104CD00010BD10B5E148C0688047BFF34F8F10BDCD
:104CE00010B5DE4800698047BFF34F8F10BD10B587
:104CF000DA4840698047BFF34F8F10BD10B5D748E1
:104D000080698047BFF34F8F10BD10B5D348C0698D
:104D10008047BFF34F8F10BD10B5D048006A804761
:104D2000BFF34F8F10BD10B5CC48406A8047BFF32A
:104D30004F8F10BD10B5C948806A8047BFF34F8FB1
:104D400010BD10B5C548C06A8047BFF34F8F10BD76
:104D500010B5C248006B8047BFF34F8F10BD10B530
:104D6000BE48406B8047BFF34F8F10BD10B5BB48A6
:104D7000806B8047BFF34F8F10BD10B5B748C06B35
:104D80008047BFF34F8F10BD10B5B448006C80470B
:104D9000BFF34F8F10BD10B5B048406C8047BFF3D4
:104DA0004F8F10BD10B5AD48806C8047BFF34F8F5B
:104DB00010BD10B5A948C06C8047BFF34F8F10BD20
:104DC00010B5A648006D8047BFF34F8F10BD10B5DA
:104DD000A248406D8047BFF34F8F10BD10B59F486C
:104DE000806D8047BFF34F8F10BD10B59B48C06DDD
:104DF0008047BFF34F8F10BD10B59848006E8047B5
:104E0000BFF34F8F10BD10B59448406E8047BFF37D
:104E10004F8F10BD10B59148806E8047BFF34F8F04
:104E200010BD10B58D48C06E8047BFF34F8F10BDC9
:104E300010B58A48006F8047BFF34F8F10BD10B583
:104E40008648406F8047BFF34F8F10BD10B5834831
:104E5000806F8047BFF34F8F10BD10B57F48C06F84
:104E60008047BFF34F8F10BD10B57C48D0F880004D
:104E70008047BFF34F8F10BD10B57848D0F884003D
:104E80008047BFF34F8F10BD10B57448D0F888002D
:104E90008047BFF34F8F10BD10B57048D0F88C001D
:104EA0008047BFF34F8F10BD10B56C48D0F890000D
:104EB0008047BFF34F8F10BD10B56848D0F89400FD
:104EC0008047BFF34F8F10BD10B56448D0F89800ED
:104ED0008047BFF34F8F10BD10B56048D0F89C00DD
:104EE0008047BFF34F8F10BD10B55C48D0F8A000CD
:104EF0008047BFF34F8F10BD10B55848D0F8A400BD
:104F00008047BFF34F8F10BD10B55448D0F8A800AC
:104F10008047BFF34F8F10BD10B55048D0F8AC009C
:104F20008047BFF34F8F10BD10B54C48D0F8B0008C
:104F30008047BFF34F8F10BD10B54848D0F8B4007C
:104F40008047BFF34F8F10BD10B54448D0F8B8006C
:104F50008047BFF34F8F10BD10B54048D0F8BC005C
:104F60008047BFF34F8F10BD10B53C48D0F8C0004C
:104F70008047BFF34F8F10BD10B53848D0F8C4003C
:104F80008047BFF34F8F10BD10B53448D0F8C8002C
:104F90008047BFF34F8F10BD10B53048D0F8CC001C
:104FA0008047BFF34F8F10BD10B52C48D0F8D0000C
:104FB0008047BFF34F8F10BD10B52848D0F8D400FC
:104FC0008047BFF34F8F10BD10B52448D0F8D800EC
:104FD0008047BFF34F8F10BD10B52048D0F8DC00DC
:104FE0008047BFF34F8F10BD10B51C48D0F8E000CC
:104FF0008047BFF34F8F10BD10B51848D0F8E400BC
:105000008047BFF34F8F10BD10B51448D0F8E800AB
:105010008047BFF34F8F10BD10B51048D0F8EC009B
:105020008047BFF34F8F10BD10B50C48D0F8F0008B
:105030008047BFF34F8F10BD10B50848D0F8F4007B
:105040008047BFF34F8F10BD10B50448D0F8F8006B
:105050008047BFF34F8F10BD001005400C19002092
:1050600010B5F748D0F8FC008047BFF34F8FF2E748
:1050700010B5F348D0F800018047BFF34F8FEAE73F
:1050800010B5EF48D0F804018047BFF34F8FE2E737
:1050900010B5EB48D0F808018047BFF34F8FDAE72F
:1050A00010B5E748D0F80C018047BFF34F8FD2E727
:1050B00010B5E348D0F810018047BFF34F8FCAE71F
:1050C00010B5DF48D0F814018047BFF34F8FC2E717
:1050D00010B5DB48D0F818018047BFF34F8FBAE70F
:1050E00010B5D748D0F81C018047BFF34F8FB2E707
:1050F00010B5D348D0F820018047BFF34F8FAAE7FF
:1051000010B5CF48D0F824018047BFF34F8FA2E7F6
:1051100010B5CB48D0F828018047BFF34F8F9AE7EE
:1051200010B5C748D0F82C018047BFF34F8F92E7E6
:1051300010B5C348D0F830018047BFF34F8F8AE7DE
:1051400010B5BF48D0F834018047BFF34F8F82E7D6
:1051500010B5BB48D0F838018047BFF34F8F7AE7CE
:1051600010B5B748D0F83C018047BFF34F8F72E7C6
:1051700010B5B348D0F840018047BFF34F8F6AE7BE
:1051800010B5AF48D0F844018047BFF34F8F62E7B6
:1051900010B5AB48D0F848018047BFF34F8F5AE7AE
:1051A00010B5A748D0F84C018047BFF34F8F52E7A6
:1051B00010B5A348D0F850018047BFF34F8F4AE79E
:1051C00010B59F48D0F854018047BFF34F8F42E796
:1051D00010B59B48D0F858018047BFF34F8F3AE78E
:1051E00010B59748D0F85C018047BFF34F8F32E786
:1051F00010B59348D0F860018047BFF34F8F2AE77E
:1052000010B58F48D0F864018047BFF34F8F22E775
:1052100010B58B48D0F868018047BFF34F8F1AE76D
:1052200010B58748D0F86C018047BFF34F8F12E765
:1052300010B58348D0F870018047BFF34F8F0AE75D
:1052400010B57F48D0F874018047BFF34F8F02E755
:1052500010B57B48D0F878018047BFF34F8FFAE64E
:1052600010B57748D0F87C018047BFF34F8FF2E646
:1052700010B57348D0F880018047BFF34F8FEAE63E
:1052800010B56F48D0F884018047BFF34F8FE2E636
:1052900010B56B48D0F888018047BFF34F8FDAE62E
:1052A00010B56748D0F88C018047BFF34F8FD2E626
:1052B00010B56348D0F890018047BFF34F8FCAE61E
:1052C00010B55F48D0F894018047BFF34F8FC2E616
:1052D00010B55B48D0F898018047BFF34F8FBAE60E
:1052E00010B55748D0F89C018047BFF34F8FB2E606
:1052F00010B55348D0F8A0018047BFF34F8FAAE6FE
:1053000010B54F48D0F8A4018047BFF34F8FA2E6F5
:1053100010B54B48D0F8A8018047BFF34F8F9AE6ED
:1053200010B54748D0F8AC018047BFF34F8F92E6E5
:1053300010B54348D0F8B0018047BFF34F8F8AE6DD
:1053400010B53F48D0F8B4018047BFF34F8F82E6D5
:1053500010B53B48D0F8B8018047BFF34F8F7AE6CD
:1053600010B53748D0F8BC018047BFF34F8F72E6C5
:1053700010B53348D0F8C0018047BFF34F8F6AE6BD
:1053800010B52F48D0F8C4018047BFF34F8F62E6B5
:1053900010B52B48D0F8C8018047BFF34F8F5AE6AD
:1053A00010B52748D0F8CC018047BFF34F8F52E6A5
:1053B00010B52348D0F8D0018047BFF34F8F4AE69D
:1053C00010B51F48D0F8D4018047BFF34F8F42E695
:1053D00010B51B48D0F8D8018047BFF34F8F3AE68D
:1053E00010B51748D0F8DC018047BFF34F8F32E685
:1053F00010B51348D0F8E0018047BFF34F8F2AE67D
:1054000010B50F48D0F8E4018047BFF34F8F22E674
:1054100010B50B48D0F8E8018047BFF34F8F1AE66C
:1054200010B50748D0F8EC018047BFF34F8F12E664
:1054300010B50348D0F8F0018047BFF34F8F0AE65C
:105440000C19002010B50B48D0F8F4018047BFF3C9
:105450004F8F00E610B50748D0F8F8018047BFF33A
:105460004F8FF8E510B50348D0F8FC018047BFF333
:105470004F8FF0E50C1900207FB50546F84C2068E9
:10548000039060680290A0680190E0680090F54E7B
:10549000B6F8FE03C00704D140F25F11F2A002F09B
:1054A000C7FE96F8260000F00700052801D0052D5C
:1054B00008D1F8482060C1126160A160E16001205C
:1054C00002F041FE86F82650FAF722FF012002F092
:1054D0003AFE03982060029860600198A0600098EE
:1054E000E06004B00120BDE8704002F02CBE38B589
:1054F00000250095DB4CB4F8FE03C00704D140F250
:105500008911D9A002F094FE94F83600E24B00F025
:105510000100187094F8261001F007021A7178B192
:1055200084F836504FF4805594F83C0000F00100A8
:105530000099491C00910099A94201D20128F3D198
:105540000AB1052A14D1A08980070DD494F8380037
:1055500058705878802807D0802084F8380000BF21
:1055600000BF00BF00BF00BF0120BDE8384083E797
:1055700038BD70B5BB4CB4F8FE03C00704D14FF47E
:10558000D971B9A002F054FEA08980070CD4C24D95
:10559000287908B1052804D1FFF76EFF687884F8F0
:1055A0003800287884F83600BDE87040FAF7B0BEBD
:1055B0002DE9F0410020B949820002F1E022D2F841
:1055C000002141F82020401CC0B20528F4D38024DB
:1055D000204601F06BF9641CE4B2902CF8D300244F
:1055E000AF4E4FF4D8774FF4D07506EB84000068C7
:1055F000C0F30801B94240D040293ED051293CD0E7
:1056000052293AD0562938D0A94236D0A1F5807215
:10561000B13A32D0B1F5D97F2FD057292DD0080417
:10562000000C2AD0012928D0022926D0032924D011
:10563000042922D0052920D006291ED007291CD0F4
:1056400008291AD0092918D00A2916D00B2914D0F4
:105650000C2912D00D2910D00E290ED00F290CD0F4
:10566000A1F58070FF3802D0204601F01FF9641CBC
:10567000E4B2802CB9D3BDE8F0810C2977D009DCE5
:105680000C29F4D2DFE801F07F88919AA3ACB5BE73
:10569000C7D0D9E2562958D01DDC402943D00DDCB3
:1056A0000D296ED00E296DD00F29E0D17D480068FC
:1056B0000028DCD1204601F0F9F8D8E751293BD089
:1056C0005229D4D177481C3000680028CFD1204619
:1056D00001F0ECF8CBE7B9421CD00CDC572947D0DD
:1056E000A942C4D16F48103000680028BFD12046BD
:1056F00001F0DCF8BBE7A1F58071B1392ED00129AA
:10570000B5D168480C3000680028B0D1204601F0BF
:10571000CDF8ACE76348283000680028A7D12046C0
:1057200001F0C4F8A3E75F482030006800289ED14C
:10573000204601F0BBF89AE75A4818300068002864
:1057400095D1204601F0B2F891E756481430006830
:1057500000288CD1204601F0A9F888E7514808308C
:105760000068002883D1204601F0A0F87FE79BE085
:105770004C48001D006800289FD1204601F096F893
:1057800075E799E0A1E047483C380068002894D1CB
:10579000204601F08BF86AE7424838380068002854
:1057A0008BD1204601F082F861E73E48343800682A
:1057B00000288FD1204601F079F858E73948303871
:1057C0000068002886D1204601F070F84FE7354880
:1057D0002C38006800288DD1204601F067F846E794
:1057E000304828380068002884D1204601F05EF84F
:1057F0003DE72C482438006800288AD1204601F073
:1058000055F834E727482038006800288AD1204618
:1058100001F04CF82BE723481C38006800288AD197
:10582000204601F043F822E71E4818380068002897
:105830008AD1204601F03AF819E71A48143800686E
:1058400000288AD1204601F031F810E715481038B9
:10585000006800288AD1204601F028F807E70000F8
:1058600000800440004005402E2E5C64726976651D
:1058700072735C686333325F6C6C5F647269766507
:10588000725C7372635C686333325F6C6C5F7077F9
:10589000632E6300EEFAFFFF7682FF1F0C1B0020D1
:1058A0005C1005403C0AA242FD480068002884D1F3
:1058B000204600F0FBFFDAE6F948001D00680028EA
:1058C00084D1204600F0F2FFD1E6F54808300068A8
:1058D000002884D1204600F0E9FFC8E60020F14905
:1058E000820002F1E02251F82030C2F80031401C61
:1058F000C0B20528F4D3704710B572B6FFF7F7FDB4
:10590000E9490120C87062B610BD10B572B600201A
:10591000E549C870FFF72DFE62B610BD10B5E24C28
:10592000E078012804D1A078012801D1FFF7DFFD3C
:10593000A078401EA07010BDDB488178491C8170A2
:10594000C078012800D114E6704770B50446D74EE0
:10595000B6F8FE03800705D440F2F321AFF2F80059
:1059600002F066FC4CB1012C07D0022C05D04FF49C
:105970003D71AFF20C1002F05BFCCD4D2878800732
:1059800005D040F2F521AFF2201002F051FCFFF7F4
:105990000FFEFFF7B1FFB08940F40040B0812878D6
:1059A00000F07F00287014B1012C02D006E030BF57
:1059B00007E0C048016841F01001016040BF20BF0E
:1059C00020BFFFF7A2FFBDE8704087E770B504462F
:1059D000B64DB5F8FE03800705D440F21A31AFF298
:1059E000781002F025FC4CB1012C07D0022C05D018
:1059F00040F21B31AFF2901002F01AFCA889C0F3FC
:105A00000E00A881AA48017801F07F01017014B14D
:105A1000012C02D006E030BF70BDA648016841F0FD
:105A20001001016040BF20BF20BF70BD70B50446AB
:105A3000A4F50040433809D0A4F51040623805D0E1
:105A400040F23531AFF2E01002F0F2FB974DB5F8BD
:105A5000FE03800705D440F23631AFF2F41002F0B5
:105A6000E7FB2C8370BD002100280AD000220260D1
:105A7000426082600123C3600623036142610846DD
:105A800070476FF00201FAE72DE9F04707460C4630
:105A90004FF00008002C7DD0DFF81092B9F8FE031B
:105AA000000705D44FF45971AFF2442002F0C0FB57
:105AB0003FB1012F05D040F26531AFF2542002F022
:105AC000B7FB2068202806D028B140F26631AFF23B
:105AD000682002F0ADFBA06868B1A0F580710139C3
:105AE00009D0012807D0032805D040F26731AFF272
:105AF000882002F09DFB6068042806D028B14FF48E
:105B00005A71AFF29C2002F093FBE06838B1012893
:105B100005D040F26931AFF2B02002F089FB206974
:105B200004280AD0022808D038B1062805D040F24F
:105B30006A31AFF2CC2002F07BFB616999B1012997
:105B400011D002290FD003290DD004290BD005292B
:105B500009D0062907D0072905D040F26B31AFF2F2
:105B6000F82002F065FBDFF848A10AF1140A9AF860
:105B70000000BD000126AE4030438AF80000AAF1C3
:105B800002031A782020B84021788243B9400140AE
:105B90000A4300E045E01A700A2002F0D4FA9AF8AD
:105BA00000200720217B237CA8401943A940824381
:105BB00001400A438AF800200AF101031A78217D86
:105BC0008243A94001400A431A70981E03780421B9
:105BD000A94022798B43AA400A40134303700378FB
:105BE0000221A940227A8B43AA400A401343037042
:105BF00099F8E0102289B143120AAA4032401143B9
:105C000089F8E01099F8E110B14389F8E1100278C1
:105C1000217AB243A94031400A4302704046BDE8B0
:105C2000F0876FF00208F9E770B50446002C07D042
:105C3000012C05D040F29231AFF2D43002F0F8FAE4
:105C40001A4DB5F8FE03000705D440F29331AFF2C8
:105C5000E83002F0EDFA1648123001782022A24016
:105C600091430170012C03D1017801F0FE01017014
:105C70000F4A14321378A100072088408343137021
:105C8000531E1A7882431A7015F8E02F01238B40B7
:105C90009A432A70064915310A7882430A7070BD0A
:105CA000300AA2420C1B00207682FF1F00400540F4
:105CB0000044054010ED00E070B504460D46002D8F
:105CC00007D0012D05D040F2AF31AFF2644002F0B1
:105CD000AFFA3CB1012C05D04FF46C71AFF27840B3
:105CE00002F0A6FAFE480088000705D440F2B13160
:105CF000AFF28C4002F09CFAF94820221430A24006
:105D0000012D03D0017891430170C8E70178114358
:105D10000170C4E710B50446002C07D0012C05D053
:105D200040F2C231AFF2C04002F082FAEC48008883
:105D3000000705D440F2C331AFF2D44002F078FA44
:105D4000E7481430012C04D0017801F0FE01017005
:105D500010BD017841F00101017010BD70B505461C
:105D60000C46002C07D0012C05D040F2D531AFF203
:105D7000085002F05DFA3DB1012D05D040F2D63158
:105D8000AFF21C5002F054FAD5480088000705D441
:105D900040F2D731AFF2305002F04AFAD04A042034
:105DA0001532A9008840012C03D01178814311706D
:105DB00075E711780143117071E770B505460C461F
:105DC000002C07D0012C05D04FF47A71AFF2685047
:105DD00002F02EFA3DB1012D05D040F2E931AFF2CB
:105DE000785002F025FABE480088000705D440F23A
:105DF000EA31AFF28C5002F01BFAB9490122163198
:105E0000A8008240012C03D008781043087046E7B0
:105E100008789043087042E770B505460C46002D9F
:105E200007D0012D05D040F2FB31AFF2C45002F093
:105E3000FFF9042C0AD0022C08D03CB1062C05D066
:105E40004FF47F71AFF2E05002F0F2F9A4480088FD
:105E5000000705D440F2FD31AFF2F45002F0E8F94A
:105E60009F4B16331A78A900062088408C40824345
:105E7000044022431A7012E770B505460C46002D07
:105E800007D0012D05D040F20B41AFF2246002F0A3
:105E9000CFF99CB1012C11D0022C0FD0032C0DD0C6
:105EA000042C0BD0052C09D0062C07D0072C05D0CC
:105EB00040F20C41AFF2506002F0BAF98848008815
:105EC000000705D440F20D41AFF2646002F0B0F972
:105ED000834B17331A78A900072088408C408243EF
:105EE000044022431A70DAE610B50446002C02D0B2
:105EF00034F0330005D040F21B41AFF2946002F061
:105F000097F978480078204201D0012010BD002088
:105F100010BD70B50446734DE13DB5F8FE030007B2
:105F200005D440F22941AFF2C06002F081F9022CA1
:105F300007D0202C05D040F22A41AFF2D46002F005
:105F400077F960081121814385F8E110A7E670B563
:105F500004460D46002D07D0012D05D040F23B41EF
:105F6000AFF2FC6002F064F90CB1A00805D040F279
:105F70003C41AFF20C7002F05BF959480088800791
:105F800005D440F23D41AFF2207002F051F954487F
:105F9000C01C012D03D00178214301707FE60178F8
:105FA000A14301707BE62DE9F0414FF480552C466A
:105FB0004C4EE13EB6F8FE03800705D440F2544152
:105FC000AFF25C7002F034F947480068012805D050
:105FD00040F25541AFF2707002F02AF9434A0123B2
:105FE000C2F8203149F262013183981E03E0318307
:105FF000641E671C1CD0378B8F42F8D104E0C2F8B6
:1060000020316D1E691C13D0D2F820110029F6D062
:106010003348001D017801F0C00141F028010170F2
:106020002F491020113108701E2002F08CF800203A
:10603000BDE8F0812DE9F0414FF480552C46294E02
:10604000E13EB6F8FE03800705D440F28641AFF288
:10605000E87002F0EDF824480068012805D040F20D
:106060008741AFF2FC7002F0E3F81D48001D017893
:1060700041F03F0101701A491020113108701E20B3
:1060800002F061F8194A0023C2F8203148F24301B6
:106090003183581E03E03183641E671CC8D0378BE0
:1060A0008F42F8D104E0C2F820316D1E691CBFD0C8
:1060B000D2F820110029F6D10020B9E710B5084820
:1060C0000088800705D440F2AD41AFF6640002F0CD
:1060D000AFF80348001D017801F0C00108E000009E
:1060E000FE430540E140054000040140008020429D
:1060F00041F00F010170FF49102008701E2002F0CE
:1061000022F8002010BD10B5FA4811380088800729
:1061100005D440F2C441AFF6B00002F089F8F5486A
:106120000D38017841F03F010170F24910200870EC
:106130001E2002F008F8002010BD2DE9F041EE4DC0
:10614000B5F8FE03800705D440F2DB41AFF6E80066
:1061500002F06EF8E9480068012805D040F2DC4101
:10616000AFF6FC0002F064F8E2480D38017801F067
:10617000C00141F00F010170DE49102008701E209F
:1061800001F0E1FFDE4B0026C3F8206148F2430432
:106190002C834FF480521146701E03E02C83491E5D
:1061A0004F1C0DD02F8BA742F8D104E0C3F820611B
:1061B000521E511C04D0D3F820110029F6D1002022
:1061C00036E72DE9F041CC4DB5F8FE03800705D444
:1061D0004FF4A161AFF6701002F02AF8C7480068CA
:1061E000012805D040F20951AFF6841002F020F8E2
:1061F000C34C0127C4F8207149F262032B833A0390
:106200001146B81E03E02B83491E4E1C1BD02E8B5B
:106210009E42F8D104E0C4F82071521E511C12D0E5
:10622000D4F820110029F6D0B2480D38017801F0D9
:10623000C00141F028010170AE49102008701E20F5
:1062400001F081FF0020F3E610B50446002C07D0D2
:10625000012C05D04FF4A661AFF6F41001F0E8FF71
:10626000A44811380088800705D440F23151AFF6B8
:10627000082001F0DDFF9F480F38012C04D0017881
:1062800041F00401017010BD017801F0FB010170C3
:1062900010BD70B504460D46002D07D0012D05D068
:1062A00040F24451AFF6402001F0C2FF0CB1600A49
:1062B00005D040F24551AFF6502001F0B9FF8E4EA7
:1062C000B6F8FE03800705D440F24651AFF66820C9
:1062D00001F0AEFF012D05D07069E143C9B208405D
:1062E0007061DCE47069E1B208437061D7E40021B9
:1062F000002805D000224270027082700846704764
:106300006FF00201FAE770B504460025002C47D073
:10631000784811380088800705D440F27651AFF6EE
:10632000B82001F085FF607848B1102807D02028F8
:1063300005D040F27751AFF6D02001F079FF2078F8
:1063400058B1012809D0022807D0032805D04FF4FE
:10635000AF61AFF6EC2001F06BFFA07838B10128F7
:1063600005D040F27951AFF6003001F061FF60785E
:106370002178084300F033015E480F38027802F0BC
:10638000CC0211430170C01C0178A27801F0FB011E
:106390009200C2F3800241EA8201017028467EE445
:1063A0006FF00205FAE710B504465248113800882C
:1063B000800705D440F28C51AFF6543001F038FF1D
:1063C0004CB1102C07D0202C05D040F28D51AFF6E7
:1063D000683001F02DFF47480F38017804F0300293
:1063E00001F0CF011143017010BD10B504464148C2
:1063F00011380088800705D440F29D51AFF69830DF
:1064000001F016FF5CB1012C09D0022C07D0032C3F
:1064100005D040F29E51AFF6B03001F009FF35488B
:106420000F38017804F0030201F0FC011143017000
:1064300010BD70B5C2B2C0F30723C0F307402D4CA6
:106440000B3C651CA61C012909D0217891432170C1
:106450002978994329703178814331701FE421787C
:106460001143217029781943297031780143317023
:1064700015E470B504460D46002C01D0E00905D0A6
:1064800040F2C351AFF6204001F0D2FE3DB1012DE4
:1064900005D040F2C451AFF6304001F0C9FE1548B6
:1064A00011380088800705D440F2C551AFF6484046
:1064B00001F0BEFE0F480838012D03D00178A1433A
:1064C000017022E40178214301701EE410B50446F6
:1064D000002C02D014F49F4F05D04FF4BB61AFF6EF
:1064E000784001F0A5FE0348C01F00782040014914
:1064F000891F07E00F4405400040054000040140AB
:1065000000802042097801EA1421084301D00120CB
:1065100010BD002010BD10B50446002C02D014F4AC
:106520009F4F05D040F2EA51AFF6C44001F080FE23
:10653000200AE74A7F21A1431170B0218143501CFA
:10654000017010BD70B504460025002C3BD0E14E13
:10655000B6F8FE03800705D440F20761AFF6F840B5
:1065600001F066FE208838B1022805D040F20961AA
:10657000AFF60C5001F05CFEA07838B1C02805D011
:1065800040F20A61AFF6205001F052FEA08838B107
:10659000012805D040F20B61AFF6345001F048FEFF
:1065A000CB49C91F0878A27800F03F0002F0C00272
:1065B00010430870217820790143B08961F301000C
:1065C000B081284623E46FF00205FAE70021002895
:1065D00005D00022028082708280084670476FF0EA
:1065E0000201FAE770B50446002C07D0022C05D052
:1065F00040F23261AFF6905001F01AFEB54DB5F899
:10660000FE03800705D440F23361AFF6A45001F0D9
:106610000FFEA88904F0020120F002000843A881BF
:1066200029E470B50446002C07D0012C05D04FF4A6
:10663000C861AFF6CC5001F0FBFDA64DB5F8FE03E6
:10664000800705D440F24161AFF6E45001F0F0FD5F
:10665000012C04D0A88940F00100A8810BE4A8898E
:1066600020F00100A88106E410B50446002C07D0F4
:10667000C02C05D040F25361AFF6146001F0D8FD94
:1066800093480A380088800705D440F25461AFF679
:10669000286001F0CDFD8E48C01F017804F0C002D3
:1066A00001F03F011143017010BD10B50446002CEC
:1066B00007D0012C05D040F26161AFF6546001F0C3
:1066C000B7FD83480A380088800705D440F262612C
:1066D000AFF66C6001F0ACFD7D48801C012C04D04D
:1066E000017801F07F01017010BD017841F0800157
:1066F000017010BD70B504460D46002C0BD0B4F5EA
:10670000005F08D0B4F5804F05D040F27661AFF657
:10671000A86001F08DFDB5F5805F05D340F277618B
:10672000AFF6BC6001F084FD69480A380088800734
:1067300005D44FF4CF61AFF6D06001F079FD664823
:106740000188C5F30B022243C2F30E0201F400419B
:1067500042F480521143018020E410B50446B4F5A0
:10676000805F05D340F28761AFF6047001F060FDF1
:1067700057480A380088800705D44FF4D161AFF636
:10678000187001F055FD54480188C4F30C0201F45F
:10679000604142F480521143018010BD4E48008890
:1067A000C0F30B00704710B50446002C07D0012C35
:1067B00005D040F2A261AFF6507001F039FD4448B7
:1067C0000A380088800705D440F2A361AFF66870EC
:1067D00001F02EFD4048012C04D00188C1F30E01C8
:1067E000018010BD018841F41041018010BD3A487C
:1067F0000088C0F30030704710B535480A3800886B
:10680000800705D440F2C261AFF6A47001F010FD1C
:106810003148018821F48051018010BD10B5044633
:10682000002C07D0012C05D04FF4DA61AFF6C87008
:1068300001F0FEFC26480A380088800705D440F2A3
:10684000D161AFF6DC7001F0F3FC21482330012C5C
:1068500004D0017841F08001017010BD017801F091
:106860007F01017010BD10B50446002C06D0012C2C
:1068700004D040F2E361194801F0DAFC14480A3808
:106880000088800704D440F2E461144801F0D0FC91
:106890000F480838012C04D0017841F0080101703C
:1068A00010BD017801F0F701017010BD00280DDB6B
:1068B00000F01F02012191404009800000F1E0201A
:1068C000C0F88011BFF34F8FBFF36F8F7047000088
:1068D000084405400040054000C4044068580200D8
:1068E0006948016841F01F010160704710B56648B2
:1068F000001F0068772803D0A62164A001F098FC4F
:1069000061480C380068772803D0A7215FA001F008
:106910008FFC5D490020103908605B490839086028
:106920005948016841F01F01016010BD2DE9F04197
:1069300004460F4690460025002C01D0200903D0C4
:10694000C72152A001F074FC072F03D9C8214FA022
:1069500001F06EFCB8F1070F03D9C9214BA001F07B
:1069600067FC49480C38006877281CD0CA2147A02A
:1069700001F05EFC17E0E00712D0E800031D07FA03
:1069800003F108FA00F20A43072101FA03F68140F5
:106990000E433D48324010380168B1430A4302605B
:1069A00064086D1CEDB2002CE5D1BDE8F08110B596
:1069B0000C46002801D0400803D0E62133A001F0A6
:1069C00037FC34F0407003D0E72130A001F030FCF8
:1069D0002D48001F0068772803D0E8212BA001F084
:1069E00027FC29480838016804F0407221F0407102
:1069F0001143016010BD70B504460D46002C02D055
:106A000034F0011003D0F82120A001F011FC2DB1C9
:106A1000012D03D0F9211DA001F00AFC1A48001F26
:106A20000068772803D0FA2118A001F001FC16486D
:106A30000838012D03D00168A143016070BD0168D1
:106A40002143016070BD70B504460025002C01D0C3
:106A5000600904D040F20D110CA001F0E9FB0A48D6
:106A60000068204200D00125284670BD10B50446BC
:106A7000002C01D0600904D040F21D1103A001F0E8
:106A8000D7FB0148046010BD100805402E2E5C6441
:106A90007269766572735C686333325F6C6C5F64D5
:106AA00072697665725C7372635C686333325F6CC3
:106AB0006C5F7372616D2E6300000000274840F226
:106AC0002311016043F210210160704770B5044644
:106AD0000025002C02D034F4403003D07D2120A0CA
:106AE00001F0A6FB1D48001F0068204200D00125D0
:106AF000284670BD38B504460025002C02D034F479
:106B0000403003D0972116A001F092FB2048006A84
:106B1000C0F302611F480068C84046F2A811B0FBEC
:106B2000F1F04FF4C871484300900C484FF44031E5
:106B3000001FA14309E0026822F440320A430260C8
:106B4000009A3AB1009A521E009202682242F2D193
:106B5000284638BD6FF00705FAE7000008940440A6
:106B60002E2E5C647269766572735C686333325F83
:106B70006C6C5F6472697665725C7372635C686387
:106B800033325F6C6C5F737764742E6300000000B7
:106B9000004005400080FF1F70B504460025F948FD
:106BA000844206D0F848844203D09F21F7A001F028
:106BB0003FFB00222261626100214FF6FF7304EB6C
:106BC000810002608360491C0229F8D3284670BD09
:106BD0002DE9F04105460E4614460027002C5BD0F7
:106BE000E848854206D0E848854203D0C321E7A0A3
:106BF00001F01EFB2EB1012E03D0C421E3A001F051
:106C000017FB206860B1B0F5007F09D0B0F5807F38
:106C100006D0B0F5A06F03D0C521DCA001F008FBC1
:106C20006368BBB1102B15D0202B13D0302B11D0A3
:106C3000402B0FD0502B0DD0602B0BD0702B09D0D8
:106C4000802B07D0902B05D0A02B03D0C621CFA03E
:106C500001F0EEFAA06838B1A0F50041023903D086
:106C6000C721CAA001F0E4FA05EB8600002101600B
:106C7000A18981602B693101D4E9002648F2F270C4
:106C8000A4688840324322438A408343024013432E
:106C90002B613846BDE8F0816FF00207F9E700216B
:106CA000002808D000220260426082604FF6FF7226
:106CB0008281084670476FF00201FAE770B504461A
:106CC0000D46B048844206D0AF48844203D0F82134
:106CD000AEA001F0ADFA2DB1012D03D0F921ABA08A
:106CE00001F0A6FA20692A010121914008432061A0
:106CF00070BD70B504460D46A248844207D0A24834
:106D0000844204D040F20B11A0A001F091FA35B1F9
:106D1000012D04D04FF486719CA001F089FA2069FE
:106D20002A01012191408843206170BD70B504465D
:106D30000D4616469348844207D09348844204D0B7
:106D40004FF4917191A001F073FA35B1012D04D087
:106D500040F223118DA001F06BFA04EB8500066070
:106D600070BD70B504460D468648844207D08648FB
:106D7000844204D04FF49C7184A001F059FA35B1DB
:106D8000012D04D040F2391180A001F051FA04EB3A
:106D90008500006880B270BD70B504460D46164689
:106DA0007848844207D07848844204D040F24F119A
:106DB00076A001F03DFA35B1012D04D04FF4A87151
:106DC00072A001F035FA04EB8500866070BD70B5E5
:106DD00004460D466B48844207D06B48844204D079
:106DE00040F2651169A001F023FA35B1012D04D0FC
:106DF0004FF4B37165A001F01BFA04EB85008068C5
:106E000080B270BD70B505460E4614465D48854299
:106E100007D05D48854204D04FF4BE715BA001F0FD
:106E200007FA36B1012E04D040F27D1157A001F0CF
:106E3000FFF96CB1B4F5007F0AD0B4F5807F07D0BC
:106E4000B4F5A06F04D04FF4BF7150A001F0F0F979
:106E50002A6931014FF4E06088408C40824304404D
:106E600022432A6170BD70B505460E46144645485A
:106E7000854207D04448854204D040F29D1143A08A
:106E800001F0D6F936B1012E04D04FF4CF713FA0F6
:106E900001F0CEF9C4B1102C16D0202C14D0302C17
:106EA00012D0402C10D0502C0ED0602C0CD0702C56
:106EB0000AD0802C08D0902C06D0A02C04D040F210
:106EC0009F1132A001F0B4F92A693101F020884005
:106ED0008C408243044022432A6170BD2DE9F04179
:106EE00004460E4615462748844207D02648844269
:106EF00004D040F2B51125A001F09AF936B1012E67
:106F000004D04FF4DB7121A001F092F948F202079E
:106F100035B1BD4204D040F2B7111CA001F088F990
:106F20002169300187408540B9433D4029432161B3
:106F3000B0E670B504460E4615461248844207D0A6
:106F40001148844204D040F2CB1110A001F070F936
:106F500036B1012E04D04FF4E6710CA001F068F9AF
:106F600035B1012D04D040F2CD1108A001F060F937
:106F700031014FF400408840012D1FD02169814329
:106F8000216170BD00400240004402402E2E5C642E
:106F90007269766572735C686333325F6C6C5F64D0
:106FA00072697665725C7372635C686333325F6CBE
:106FB0006C5F746D72302E63000000002169014324
:106FC0002161DEE770B504460E4615467B488442D3
:106FD00008D07B48844205D04FF4F271AFF25400E0
:106FE00001F026F93EB1012E05D040F2E511AFF2D5
:106FF000640001F01DF93DB1012D05D04FF4F3718E
:10700000AFF2780001F014F931014FF4805088405C
:10701000012D03D0216981432161B2E72169014338
:107020002161AEE770B504460E46154663488442BA
:1070300008D06348844205D040F2FD11AFF2B4009D
:1070400001F0F6F83EB1012E05D04FF4FF71AFF21A
:10705000C40001F0EDF83DB1012D05D040F2FF1163
:10706000AFF2D80001F0E4F831014FF4005088404D
:10707000012D03D021698143216182E72169014308
:1070800021617EE770B504460E4615464B488442A2
:1070900008D04B48844205D040F21621AFF21410BC
:1070A00001F0C6F83EB1012E05D040F21721AFF233
:1070B000241001F0BDF83DB1012D05D04FF406714B
:1070C000AFF2381001F0B4F831014FF4804088403D
:1070D000012D03D021698143216152E721690143D8
:1070E00021614EE770B504460D461646334884428A
:1070F00008D03348844205D04FF40C71AFF27410BD
:1071000001F096F815B135F0041005D040F23121A8
:10711000AFF2881001F08CF83EB1012E05D040F29C
:107120003221AFF2981001F083F8012E03D02069CC
:10713000A843206125E720692843206121E770B535
:1071400004460D4600261D48844208D01C4884424F
:1071500005D040F24A21AFF2CC1001F069F815B128
:1071600035F0011005D040F24B21AFF2E01001F0F4
:107170005FF86069284200D00126304601E770B50B
:1071800004460D460D48844208D00D48844205D07F
:1071900040F26121AFF20C2001F04AF815B135F050
:1071A000011005D040F26221AFF2202001F040F83A
:1071B0004FF00110A8436061E3E600000040024088
:1071C0000044024070B504460D46FE48844213D088
:1071D000FD48844210D0FD4884420DD0FC488442D2
:1071E0000AD0FC48844207D0FB48844204D04FF4C4
:1071F0005171FAA001F01CF8A58070BD70B505466C
:107200000C466FF00206EF48854213D0EE488542E7
:1072100010D0EE4885420DD0ED4885420AD0ED48A9
:10722000854207D0EC48854204D04FF48B71EBA027
:1072300000F0FEFF002C29D0207830B1012804D0C6
:107240004FF48C71E5A000F0F3FF207800B3A08824
:1072500008B1410B05D020B140F22311DFA000F0AE
:10726000E7FFE08808B1410B05D020B140F22511BD
:10727000DAA000F0DDFFA088A5F88800E088A5F876
:107280008C002846A168FFF79DFF0026304670BDA0
:10729000A07830B1042804D040F21B11CFA000F038
:1072A000C7FFE07830B1022804D04FF48E71CBA034
:1072B00000F0BEFF6178C1B1102916D0202914D08A
:1072C000302912D0402910D050290ED060290CD07E
:1072D00070290AD0802908D0902906D0A02904D08E
:1072E00040F21D11BDA000F0A3FFA078E178084393
:1072F0006178084385F88000C3E76FF00201002839
:107300000BD000210170417081700222C270818017
:10731000C1804FF6FF71816000210846704770B54B
:1073200004460D46A748844213D0A748844210D093
:10733000A64884420DD0A64884420AD0A54884427B
:1073400007D0A548844204D040F25B11A3A000F00E
:107350006FFF35B1042D04D04FF4AE719FA000F043
:1073600067FF14F8800F05F0040100F0FB000843EC
:10737000207070BD70B504460D469248844213D00B
:107380009148844210D0914884420DD09048844264
:107390000AD09048844207D08F48844204D040F2FB
:1073A0006D118EA000F044FF35B1022D04D04FF4D2
:1073B000B7718AA000F03CFF14F8800F05F00201BD
:1073C00000F0FD000843207070BD70B505460C4606
:1073D0007C48854213D07C48854210D07B4885424A
:1073E0000DD07B4885420AD07A48854207D07A483A
:1073F000854204D040F27D1178A000F019FFC4B19D
:10740000102C16D0202C14D0302C12D0402C10D0A0
:10741000502C0ED0602C0CD0702C0AD0802C08D0B0
:10742000902C06D0A02C04D04FF4BF716BA000F0BC
:10743000FFFE15F8800F04F0F00100F00F00084384
:10744000287070BD70B504460D4616465D488442EE
:1074500013D05D48844210D05C4884420DD05C4813
:1074600084420AD05B48844207D05B48844204D0FF
:107470004FF4C77159A000F0DBFE0DB1680B04D0CA
:1074800040F28F1155A000F0D3FE36B1012E04D08A
:107490004FF4C87151A000F0CBFE012E04D034F897
:1074A000880FA843208070BD34F8880F28432080BF
:1074B00070BD70B504460D4616464248844213D04E
:1074C0004148844210D0414884420DD04048844213
:1074D0000AD04048844207D03F48844204D040F25A
:1074E000A5113EA000F0A4FE0DB1680B04D04FF42E
:1074F000D3713AA000F09CFE36B1012E04D040F2C8
:10750000A71136A000F094FE012E04D034F88C0FA1
:10751000A843208070BD34F88C0F2843208070BDB4
:1075200070B504460E461546264884420ED02648BD
:1075300084420BD02548844208D02548844205D097
:107540002448844202D02448844201D1072E04D921
:1075500040F2BF1121A000F06BFE35B1012D04D027
:107560004FF4E0711DA000F063FE04EB860000F50F
:107570008070018865F30001018070BD2DE9F04144
:1075800005460E4614466FF002070E4885420ED09F
:107590000D4885420BD00D48854208D00C488542E5
:1075A00005D00C48854202D00B48854201D1072EF8
:1075B00004D94FF4ED7109A000F03AFE002C71D00F
:1075C000A08823E0005001400054014000580140D1
:1075D000005C014000600140006401402E2E5C64AC
:1075E0007269766572735C686333325F6C6C5F647A
:1075F00072697665725C7372635C686333325F6C68
:107600006C5F746D72612E630000000048B1012848
:1076100007D0022805D040F2DD11AFF2400000F0A3
:1076200007FEE08848B1012807D0022805D04FF4B2
:10763000EF71AFF2580000F0FBFD208958B101282E
:1076400009D0022807D0032805D040F2DF11AFF29D
:10765000740000F0EDFD608958B1012809D00228BE
:1076600007D0032805D04FF4F071AFF2900000F07E
:10767000DFFD05EB860000F1400122880A8000F55D
:10768000A0702179A279A37A41EA8201227A1201BB
:1076900042EA831211430288C9B202F47F421143C5
:1076A000018000273846BDE8F0816FF00201002814
:1076B00009D0090C0160012181800021C1800321D2
:1076C0000181418100210846704770B504460E468D
:1076D0001546FC4884420ED0FB4884420BD0FB4840
:1076E000844208D0FA48844205D0FA48844202D045
:1076F000F948844201D1072E05D94FF40671AFF243
:10770000241000F095FD3DB1012D05D040F2192166
:10771000AFF2381000F08CFD04EB860000F5A0708D
:10772000400100F18440056370BD2DE9F04105463C
:107730000F4616461C46E34885420ED0E248854275
:107740000BD0E248854208D0E148854205D0E148A7
:10775000854202D0E048854201D1072F05D940F289
:107760003121AFF2881000F063FD26B914B3012C6B
:1077700020D0022C1ED0012E04D1DCB1012C19D056
:10778000022C17D0022E06D1A4B1012C12D0022C4B
:1077900010D0032C0ED0032E06D15CB1012C09D0E1
:1077A000022C07D0032C05D040F23221AFF2D410C6
:1077B00000F03EFD05EB870000F5A0700388720025
:1077C0000321914094408B430C40234303806AE79C
:1077D00070B504460E461546BA4884420ED0BA48E3
:1077E00084420BD0B948844208D0B948844205D0BD
:1077F000B848844202D0B848844201D1072E05D946
:107800004FF41271AFF22C2000F012FD5DB1B5F50E
:10781000007F08D0B5F5407F05D040F24921AFF296
:10782000442000F005FD04EB860000F5A0700188FF
:1078300005F4407221F440711143018070BD2DE9BF
:10784000F04104460F4615461E469E4884420ED01F
:107850009D4884420BD09D48844208D09C48844275
:1078600005D09C48844202D09B48844201D1072F16
:1078700005D940F25F21AFF29C2000F0D9FC15B190
:1078800035F45C7005D04FF41871AFF2B02000F001
:10789000CFFC3EB1012E05D040F26121AFF2C420F1
:1078A00000F0C6FC15F4407F07D0022F05D040F24F
:1078B0006521AFF2D82000F0BBFC04EB870000F597
:1078C0008070012E03D00188A9430180EBE6018876
:1078D00029430180E7E670B504460D46164679480F
:1078E000844214D07848844211D0784884420ED023
:1078F000774884420BD07748844208D07648844247
:1079000005D04FF41F71AFF22C3000F091FC0DB197
:10791000E80805D040F27D21AFF2403000F088FC4D
:107920003EB1012E05D040F27E21AFF2503000F082
:107930007FFC012E04D034F8840FA843208070BD52
:1079400034F8840F2843208070BD70B504460D467E
:1079500016465C48844214D05B48844211D05B4890
:1079600084420ED05A4884420BD05A48844208D0F0
:107970005948844205D040F29321AFF2A03000F084
:1079800057FC15B135F0700005D04FF42571AFF2FA
:10799000B43000F04DFC3EB1012E05D040F29521EF
:1079A000AFF2C83000F044FC012E04D034F8840F4C
:1079B000A843208070BD34F8840F2843208070BD18
:1079C00070B504460D4616463E48844214D03E48E3
:1079D000844211D03D4884420ED03D4884420BD0B1
:1079E0003C48844208D03C48844205D040F2AA2159
:1079F000AFF2184000F01CFC15B135F4774005D00B
:107A000040F2AB21AFF22C4000F012FC3EB1012E4F
:107A100005D04FF42B71AFF23C4000F009FC012E71
:107A200004D034F8840FA843208070BD34F8840F4C
:107A30002843208070BDF8B504460D46164627A0A1
:107A4000006800901F4884420ED01F4884420BD02B
:107A50001E48844208D01E48844205D01D488442F6
:107A600002D01D48844201D10A2D05D940F2CA2115
:107A7000AFF2984000F0DCFB032E05D940F2CB2199
:107A8000AFF2A84000F0D4FB032D0BD234F8982FAE
:107A90001DF80510032088408E4082430640324383
:107AA0002280F8BDED1E04EB850000F58070018892
:107AB000720321F4C041C2F3413241EA42310180F4
:107AC000F8BD000000500140005401400058014042
:107AD000005C0140006001400064014001090D00AC
:107AE000F8B504460D461646FEA000680090FE4814
:107AF00084420ED0FD4884420BD0FD48844208D019
:107B0000FC48844205D0FC48844202D0FB488442B1
:107B100001D10A2D05D940F2EA21AFF2405000F020
:107B200087FB3EB1012E05D040F2EB21AFF254505D
:107B300000F07EFB032D03D298341DF8050005E00C
:107B4000ED1E04EB850404F580740C20610101EB4B
:107B5000800000F184400660B2E72DE9F041044660
:107B60000825E148844214D0E048844211D0E0481E
:107B700084420ED0DF4884420BD0DF48844208D0D4
:107B8000DE48844205D04FF44271AFF2B05000F0AD
:107B90004FFB022084F88000002184F881102180AE
:107BA0004FF6FF77A78004F5807304F5A0760020D8
:107BB00008E004EB8002A2F8407023F8201026F8B9
:107BC0002010401CA842F4D38434A1812182A182D8
:107BD00021832180A1802181A187A4F84410A4F8E9
:107BE0004C10A4F8541000205DE510B50446BE48C2
:107BF000844214D0BD48844211D0BD4884420ED086
:107C0000BC4884420BD0BC48844208D0BB48844264
:107C100005D040F23331AFF23C6000F009FB94F83C
:107C2000800000F0020010BD10B50446AE4884424A
:107C300014D0AE48844211D0AD4884420ED0AD4835
:107C400084420BD0AC48844208D0AC48844205D072
:107C500040F25331AFF27C6000F0EAFAA08810BD28
:107C600070B504460D46A048844214D09F48844213
:107C700011D09F4884420ED09E4884420BD09E482B
:107C8000844208D09D48844205D04FF45971AFF228
:107C9000B46000F0CDFA258070BD10B5044692485E
:107CA000844214D09148844211D0914884420ED02D
:107CB000904884420BD09048844208D08F48844238
:107CC00005D040F27331AFF2EC6000F0B1FA2088D9
:107CD00010BD70B504460D461646834884420ED04A
:107CE000824884420BD08248844208D08148844232
:107CF00005D08148844202D08048844201D1072DBA
:107D000005D94FF46271AFF22C7000F091FA04EBD8
:107D10008500A0F8406070BD70B504460D467248FD
:107D200084420ED0714884420BD07148844208D0FE
:107D30007048844205D07048844202D06F48844223
:107D400001D1072D05D940F29B31AFF2707000F0E0
:107D50006FFA04EB8500B0F8400070BD70B50446C2
:107D60000D466248844211D0614884420ED0614879
:107D700084420BD06048844208D06048844205D0D9
:107D80004FF46B71AFF2AC7000F052FA3DB1012DBF
:107D900005D040F2AD31AFF2BC7000F049FA80344A
:107DA000600100F18440C56070BD70B504460E46A8
:107DB00015464D48844214D04C48844211D04C485A
:107DC00084420ED04B4884420BD04B48844208D0AA
:107DD0004A48844205D04FF47371AFF6000000F0BA
:107DE00027FA5EB1022E09D0042E07D0062E05D048
:107DF00040F2CD31AFF61C0000F01AFA5DB1022D51
:107E000009D0042D07D0062D05D040F2CE31AFF6B3
:107E1000340000F00DFA04EB8600C030018805F054
:107E2000060221F006011143018070BD70B50446C1
:107E30000D4616462C48844214D02C48844211D05A
:107E40002B4884420ED02B4884420BD02A488442CF
:107E500008D02A48844205D040F2E331AFF68400CE
:107E600000F0E6F95DB1022D09D0042D07D0062DF2
:107E700005D04FF47971AFF69C0000F0D9F93EB10E
:107E8000012E05D040F2E531AFF6B00000F0D0F998
:107E900004EB8500C030400100F18440066070BDF5
:107EA00070B504460D4600260F4884420ED00F4898
:107EB00084420BD00E48844208D00E48844205D03C
:107EC0000D48844202D00D48844203D115B10C48BC
:107ED000054205D040F2FB31AFF6001000F0A8F9E2
:107EE00010E0000000080C00005001400054014068
:107EF00000580140005C0140006001400064014006
:107F00003FFF00FF05F0C0012A0C94F881000840F3
:107F1000B4F89C101140084300D00126304670BDD3
:107F200070B504460D46734884420ED072488442B0
:107F30000BD07248844208D07148844205D0714801
:107F4000844202D07048844203D115B16F48054283
:107F500005D040F21441AFF67C1000F069F9E84317
:107F6000C0F3811114F8810F61F39F1020706FEA44
:107F70001540C0B2A4F81B0070BD70B504460D4694
:107F800016465C4884420ED05B4884420BD05B4866
:107F9000844208D05A48844205D05A48844202D0CC
:107FA0005948844204D11DB158489030054205D04B
:107FB00040F22941AFF6DC1000F03AF93EB1012E53
:107FC00005D040F22A41AFF6EC1000F031F905F08F
:107FD0003002290C05F0300040F0C000012E0BD01B
:107FE00014F8813F8343904303432370B4F80F0098
:107FF0008843A4F80F0070BD14F8812F024322704B
:10800000B4F80F000843A4F80F0070BD70B5044623
:108010000D461646374884420ED0374884420BD06E
:108020003648844208D03648844205D035488442D8
:1080300002D03548844202D10DB1280A05D040F261
:108040004341AFF6682000F0F3F83EB1012E05D0B1
:1080500040F24441AFF67C2000F0EAF8012E04D053
:1080600034F8940FA843208070BD34F8940F28434F
:10807000208070BD10B504461E48844214D01E48AE
:10808000844211D01D4884420ED01D4884420BD03A
:108090001C48844208D01C48844205D040F2564116
:1080A000AFF6C82000F0C4F814F8800F40F00100CB
:1080B000207010BD10B504460E48844214D00E48FE
:1080C000844211D00D4884420ED00D4884420BD01A
:1080D0000C48844208D00C48844205D040F26341E9
:1080E000AFF6083000F0A4F814F8800F00F0FE009E
:1080F000207010BD00500140005401400058014064
:10810000005C014000600140006401403FFF00FF4F
:1081100008B57249096AC1F3026371490968D94017
:1081200041F270731944491EB1FBF3F206E000926C
:1081300000BF00994B1E00930029FAD1011EA0F147
:108140000100F4D108BD08B56449096AC1F30263AE
:1081500063490968D940634B1944491EB1FBF3F2E6
:1081600006E0009200BF00994B1E00930029FAD14F
:10817000011EA0F10100F4D108BD4FF0FF3100282D
:1081800023D04FF47A7290421FD8B2FBF0F2564BD4
:108190001A60524A126AC2F30263514A1268DA4004
:1081A000B2FBF0F0401EB0F1807F01D301200AE065
:1081B0004FF0E02250614D4BF0201870002090618C
:1081C00007201061002000B900210846704746488A
:1081D0004068704770B50446FFF7F9FF054642480E
:1081E000016800290FD04FF0FF30B0FBF1F0484399
:1081F000844202D2021B8A4200D20446FFF7E7FF04
:10820000401BA042FAD370BD374841680268114450
:10821000416070474FF0E020016921F002010161E7
:1082200070474FF0E020016941F0020101617047A1
:1082300010B50A4601462EA005F076FFFEE718B5F8
:108240000446002100200090C01E274AD36892688F
:10825000002A06D118BD106800F080010098401C6B
:1082600000900098984201D80029F4D011B1948070
:10827000002018BD6FF0070018BD10B50446E0B22D
:10828000FFF7DDFF10B14FF0FF3010BD204610BDED
:1082900070B505460E466FF00204002A0BD0314639
:1082A00028469047044644B14FF0FF344FF4BF7165
:1082B0001BA0FFF7BDFF204670BD0B498D6056B176
:1082C0000648006AC0F3026205480068D040B0FB6F
:1082D000F6F0C860EFE70020FBE700000040054033
:1082E0000080FF1F808D5B007C82FF1F23ED00E07C
:1082F00057726F6E6720706172616D65746572731D
:108300002076616C75653A2066696C65202573205E
:108310006F6E206C696E652025640D0A00000000F8
:108320002E2E5C647269766572735C686333325FAB
:108330006C6C5F6472697665725C7372635C6863AF
:1083400033325F6C6C5F7574696C6974792E63008D
:1083500000F032BD7047FFF73ABF000010B5354C52
:108360002078002806D1012100F0D3F8002801D0A0
:108370000120207010BD2F48007800280BD000206D
:108380002D4901EB001212783AB1401CC0B21028FE
:10839000F7D3002070470020704701EB0010012246
:1083A000027000214170817041608160C16070473E
:1083B000002803D0002101704170C160704700287F
:1083C00000D0C160704700280AD00378002B07D086
:1083D000002A05D081704260002181600121417036
:1083E0007047002802D000214170816070472DE95C
:1083F000F04101260025DFF84080002708EB051436
:10840000207870B1607860B1A0683044A060616885
:10841000884206D3E16809B120468847A07830B188
:10842000A7606D1CEDB2102DE8D3BDE8F081677038
:10843000A760F6E78C82FF1F201B002010B5FFF716
:10844000D6FFBDE810404FF480313748FEF797BEA5
:1084500010B586B001210846FBF76DFD02A8FEF7B6
:108460001EFC002002901021039104904CF24F302A
:10847000ADF814002C4C02AA01212046FEF7A8FBFF
:10848000012211462046FEF7CDFD0122910420462F
:10849000FEF728FE4120ADF800000620ADF80200EE
:1084A000AFF2670001906846FCF7A0F9BDF9021031
:1084B0000120002909DB01F01F0200FA02F349093B
:1084C000890001F1E021C1F88032BDF90210F022EB
:1084D000002904DB01F1E02181F8002405E001F02E
:1084E0000F0101F1E02181F8142DBDF902100029DE
:1084F00009DB01F01F0200FA02F34809800000F1D5
:10850000E020C0F8003101212046FEF7D7FB06B07D
:1085100010BD10B5002801D0002010BD0846FFF79F
:1085200097FF012010BD00000040024010B5FB4C39
:108530004FF49C71204605F001FD0620206160612A
:10854000F7A0A06104F59C70E0614FF480602062A8
:108550000020A0626062E062F1A1C4F8A81004F5F6
:10856000A761C4F8AC101021C4F8B010C4F8B8006A
:10857000C4F8B400C4F8BC00EC49C0F10F028A5C36
:108580002254401C1028F8D310BD2DE9F0470546B1
:10859000894617464FF00008EC682869A04202D9C6
:1085A000061B761E03E0A968201A0E1A761EA8681C
:1085B000001BB04200D80646BE4200D33E46686863
:1085C00020443246494605F0A0FCB044B144BF1BEC
:1085D0003444A868A04200D10024EC60002FDCD114
:1085E0004046BDE8F0872DE9F0410446884616462E
:1085F000E768A068C51BE1686068B542084407D910
:108600003246414605F081FCB819E060BDE8F081D2
:108610002A46414605F079FC761B606808EB0501A7
:10862000324605F072FCE660F0E708B5FF228DF8EF
:108630000020BE4A103A515C8DF8011002226946B2
:10864000FFF7A3FF08BD0169C268914204D88068A2
:10865000801A0844401E7047881A401E70472DE952
:10866000F047044688461646AC4A1178532901D093
:10867000FFF75CFFA94904EB440001EBC005183586
:108680002C69D5F80C9000274C4511D9A868071B18
:10869000B74200D33746686801193A46404605F0AC
:1086A00034FCB844F61B3C44A868A04200D1002426
:1086B000A9EB0400B04200D206463EB16868011939
:1086C0003246404605F021FC3744344407B12C6162
:1086D000384686E72DE9F0470446884616468F4A15
:1086E0001178532901D0FFF721FF8C4904EB440096
:1086F00001EBC005A8352C69D5F80C9000274C4536
:1087000011D9A868071BB74200D33746686801191A
:108710003A46404605F0F9FBB844F61B3C44A868CD
:10872000A04200D10024A9EB0400B04200D20646CA
:108730003EB1686801193246404605F0E6FB374411
:10874000344407B12C6138464BE710B5EFF3118480
:10875000202383F31188FFF782FFE1B281F31188B0
:1087600010BD10B5EFF31184202383F31188FFF7B8
:10877000B1FFE1B281F3118810BD2DE9F0410F4640
:108780001546664900EB400001EBC0041834D4E9FB
:108790000301884202D1A068401E0BE02169884293
:1087A00003D22169081A401E04E02169081AA16851
:1087B000401E084485420BD92169281A08442061CB
:1087C000A06802E02169091A216121698142F9D278
:1087D000D4E90201461A4FF00008AE420AD9E16816
:1087E000606808442A46394605F08FFBE068284453
:1087F000E0600BE7E168606808443246394605F0FE
:1088000084FB3744C4F80C80AD1BA668761E002D8F
:10881000E3D1FBE62DE9F041884616463F4900EBDF
:10882000400001EBC00418342269E5686068284400
:10883000AA421FD8A168491B0F46491EB14207D35F
:108840003246414605F061FBA819E0600120DDE6F3
:108850001144B1421AD33A46414605F056FBF51B86
:108860002DB1606808EB07012A4605F04EFBE56074
:108870000120CBE6511B491EB14207D33246414687
:1088800005F043FBA819E0600120BFE60020BDE62B
:1088900070B50E461446214900EB400001EBC005BF
:1088A000A8356869002806D0012811D002281BD0FD
:1088B0000024204670BD2846FFF7C5FEA04201D225
:1088C0000024F6E7224631462846FFF78CFEF0E703
:1088D0002846FFF7B8FEA04200D2044622463146A1
:1088E0002846FFF780FEE4E7224631462846FFF798
:1088F0004CFE0446DDE770B50E461446074900EB12
:10890000400001EBC00518356869002810D0012827
:108910001BD0022825D00024204670BD201C00203A
:108920005465726D696E616C0000000002FD02000A
:108930002846FFF788FEA04201D20024ECE7224639
:1089400031462846FFF74FFEE6E72846FFF77BFE55
:10895000A04200D20446224631462846FFF743FE95
:10896000DAE7224631462846FFF70FFE0446D3E7F2
:108970002DE9F04105460E461746FD4B1878532861
:1089800001D0FFF7D3FDEFF31184202080F311888D
:108990003A4631462846FFF77BFFE1B281F3118862
:1089A00034E62DE9F04105460E461746F04B18789F
:1089B000532801D0FFF7BAFDEFF31184202080F394
:1089C00011883A4631462846FFF795FFE1B281F318
:1089D00011881BE670B505460C46204605F0D1FA15
:1089E000024621462846BDE87040DAE710B5E04A65
:1089F00000EB400002EBC0001830C2681346521C66
:108A00008468944200D100220469944205D04468ED
:108A100023441970C260012010BD002010BD70B544
:108A200004460D46D2490878532801D0FFF77EFD51
:108A3000EFF31183202080F31188CD4904EB44002B
:108A400001EBC0001830C2681146521C8468944281
:108A500000D100220469944205D044680C4425707A
:108A6000C260012000E00020D9B281F3118854E7F0
:108A700070B504460D46BE490878532801D0FFF76B
:108A800055FDEFF31181202080F31188B84A04EBE3
:108A9000440002EBC0001830C2681446521C8368C0
:108AA000934200D100224369022B02D10369934211
:108AB000FCD00369934205D0436823441D70C26013
:108AC000012000E00020C9B281F3118825E708B534
:108AD000012269460020FFF744FE012802D04FF032
:108AE000FF3008BD9DF8000008BD10B5FFF7EFFF8F
:108AF0000028FBDB10BD10B59D480078532801D03D
:108B0000FFF714FD9A48A8300169C068884201D077
:108B1000012010BD002010BD954900EB400001EB85
:108B2000C000A830C1680069081A7047904900EB7E
:108B3000400001EBC000816A406A401A70472DE98D
:108B4000F04180460D4616461F4689480078532856
:108B500001D0FFF7EBFCEFF31181202080F31188A7
:108B6000834C002000EB400204EBC202D2F8AC20A0
:108B70001AB1401C62698242F4DC626982420CDDF7
:108B800000EB400204EBC20444F8A88F6560A660C5
:108B900000222261E260676101E04FF0FF30C9B25C
:108BA00081F3118832E52DE9F04180460D461646E5
:108BB0001F466F480078532801D0FFF7B7FCEFF34A
:108BC0001181202080F31188694C002000EB4002C5
:108BD00004EBC202D2691AB1401C22698242F5DC60
:108BE000226982420CDD00EB400204EBC204C4F8AF
:108BF0001880E56126620022A2626262E76201E0FB
:108C00004FF0FF30C9B281F31188FFE42DE9F0473E
:108C10000546DDF820900E461746984654480078E1
:108C2000532801D0FFF782FC5149062D18D2EFF3EB
:108C30001180202282F3118805EB450201EBC2046A
:108C4000183435B126606760C4F8088000212161BE
:108C5000E160C4F81490C0B280F311880020C0E431
:108C60004FF0FF30BDE42DE9F0470546DDF82090D8
:108C70000E46174698463E480078532801D0FFF725
:108C800055FC3B49062D18D2EFF31180202282F3C8
:108C9000118805EB450201EBC204A83435B126600A
:108CA0006760C4F8088000212161E160C4F8149075
:108CB000C0B280F31188002093E44FF0FF3090E4BD
:108CC00070B504460D462A480078532801D0FFF7B6
:108CD0002DFC2748062C0ED2EFF31182202181F3C0
:108CE000118804EB440100EBC1008561D0B280F330
:108CF0001188002011E64FF0FF300EE670B50446F3
:108D00000D461B480078532801D0FFF70FFC184888
:108D1000062C0FD2EFF31182202181F3118804EB8E
:108D2000440100EBC100C0F8A850D0B280F3118814
:108D30000020F2E54FF0FF30EFE570B504460D4638
:108D40000B480078532801D0FFF7F0FB0848062CA9
:108D500010D2EFF31182202181F3118804EB44013A
:108D600000EBC100C562D0B280F311880020D4E5C9
:108D7000201C00204FF0FF30CFE570B504460D46B3
:108D800071480078532801D0FFF7D0FB6E48062CBD
:108D90000FD2EFF31182202181F3118804EB4401FB
:108DA00000EBC100C0F8BC50D0B280F311880020A5
:108DB000B3E54FF0FF30B0E5FFF7B8BB2DE9F8435E
:108DC000044661480078532801D0FFF7AFFB002527
:108DD000FF208DF800004FF0FF38102C2BD25B489D
:108DE000005D8DF80100584E1836EFF311872020F2
:108DF00080F31188307DDFF8589100F003000228DD
:108E00000CD03046FFF71FFC02280FD389F8004032
:108E1000022269463046FFF7E6FB08E089F8004089
:108E2000022269463046FFF7B0FB00E04546F8B243
:108E300080F3118800E045462846BDE8F8832DE917
:108E4000F05F82468B4640480078532801D0FFF7F8
:108E50006DFB4FF0FF36BAF1100F5AD2DFF8E88001
:108E600008F11808584605F08CF80546EFF311890B
:108E7000202080F311884046FFF7E5FB044698F870
:108E80001400334F10F0030009D001281BD0022832
:108E900030D0344609F0FF0080F311883AE0281DF5
:108EA000844201D20024F5E751464046FFF7BDFB5E
:108EB0002A4659464046FFF768FB04463978404643
:108EC000FFF7B3FBE6E7042C01D23446E2E7514654
:108ED0004046FFF7AAFB201F854200D3251F2A46E4
:108EE00059464046FFF751FB044639784046FFF7A4
:108EF0009CFBCFE751464046FFF797FB2A46594671
:108F00004046FFF742FB044639784046FFF78DFBA9
:108F1000C0E734462046BDE8F09F0B4900EB400017
:108F200001EBC0001830FFF78EBB074900EB400093
:108F300001EBC002906A516A884201D8081A704752
:108F4000126A081A101A7047201C0020F2FC020056
:108F50008D82FF1F10B50446A0686368421C9342CF
:108F600005D323681954A260E068401CE060D4E98E
:108F70000102824209D121682069FFF712FDA16830
:108F8000884203D04FF0FF30E06010BD0020A060A9
:108F900010BD2DE9F84F8246DDE90A4B8846174699
:108FA000994640460125012602E0B0FBF7F0761C09
:108FB000B842FAD2B14500D94E465FEACB7018D11B
:108FC000BCB15FEA8B7002D5B9F1000F02D020204E
:108FD00000900BE03020009008E0641E504600999D
:108FE000FFF7B8FFDAF80C00002802DB0CB1A6424C
:108FF000F3D3DAF80C0000280CDABDE8F88FA9F1F9
:10900000010906E0B8FBF5F0B84202D2DFF8E492BD
:1090100004E07D43B9F1010FF4D9F0E7B8FBF5F0B6
:1090200000FB158819F800105046FFF793FFDAF897
:109030000C00002803DBB5FBF7F5002DEED15FEA4D
:10904000CB70DAD04CB9D8E7641E20215046FFF728
:1090500081FFDAF80C000028CFDB002CCDD0A6422F
:10906000F2D3CAE72DE9FC5F0646DDE90C480F465E
:1090700092469946C7F1000B002F01DA584600E0EE
:109080003846012502E090FBFAF06D1C5045FADAF3
:10909000A94500D94D462CB1002F02DB5FEA48708C
:1090A00000D5641E5FEA887002D5B9F1000F0FD0B9
:1090B0005FEAC8700CD144B90AE0641E2021304632
:1090C000FFF748FFF068002802DB0CB1A542F4D39B
:1090D000F068002830DB002F05DA5F462D2130468E
:1090E000FFF738FF06E05FEA487003D52B213046D2
:1090F000FFF730FFF06800281EDB08F003000228AD
:109100000FD1B9F1000F0CD144B90AE0641E30212F
:109110003046FFF71FFFF068002802DB0CB1A542C4
:10912000F4D3F068002807DBCDE900484B465246EF
:1091300039463046FFF72DFFBDE8FC9F2DE9F04191
:1091400098B080460C46164603A813904020149011
:1091500000271597CDF85C80169714F8011B39B1DC
:10916000252917D013A8FFF7F5FE16980028F4DA82
:10917000169800280ADD159820B103A94046159AD3
:10918000FFF70FFCDDE9151008441690169818B08B
:10919000BDE8F081002101202278232A1ED02B2A4D
:1091A00018D02D2A0ED0302A10D000200028F3D15C
:1091B0002578A5F130020A2A14D3002322782E2A1A
:1091C00017D023E041F00101641CEFE741F00201F8
:1091D000641CEBE741F00401641CE7E741F008017F
:1091E000641CE3E7641C00EB800005EB40003038B2
:1091F000DEE7641C2578A5F130020A2A06D2641C39
:1092000003EB830205EB4203303BF3E76C2D0DD0FB
:10921000682D0BD0702D4ED00BDC252D58D0582D3D
:109220002FD0632D0CD0642D56D112E0641C25780C
:10923000ECE7732D31D0752D17D0782D4CD120E06F
:109240003068011D31600078C1B213A8FFF782FEBB
:1092500042E03268151D35601568CDE900010A222B
:10926000294613A8FFF7FEFE36E03268151D35606B
:109270001568CDE900010A22294613A8FFF789FEE7
:109280002AE03268151D35601568CDE9000110220D
:10929000294613A8FFF77DFE1EE03068011D3160EE
:1092A000056815F8011BB9B113A8FFF753FE16980E
:1092B0000028F6DA10E03068011D316001680820EE
:1092C000CDE900070346102213A8FFF762FE03E072
:1092D000252113A8FFF73EFE641C46E70FB408B52E
:1092E00004A900916A460399FFF728FF01B05DF8D1
:1092F00014FB000013FD02001FB50122032105200D
:10930000FBF7DDF902A8F9F7B0F86846F9F7B2FA09
:109310005C495D48F9F7A7FD00248DF80A4030202C
:109320008DF809008DF8084005208DF80C0002A882
:10933000F9F7EBF83121204661F3102001900198F4
:1093400020F0704000F180500190019820F0706092
:1093500000F180700190019820F4700000F58010F9
:1093600001908DF80040019820F08000019068463F
:10937000F9F7DBFA2020F8F7F7FC0128FAD10022F0
:1093800011460420FDF7D2FA012211460B20FDF709
:10939000CDFA5020F9F71EFF4FF44040FBF70DF8CF
:1093A000FCF78CFE0520F9F779FC0120F9F74AFF5C
:1093B0000020F9F747FF0120F9F75CFF1FBD70B5EA
:1093C00086B000210C20FAF7FCFE00211020FAF7ED
:1093D000F8FE01A8FAF7BAFE0226ADF806602025CD
:1093E000ADF80A500024ADF80440ADF8144001AACD
:1093F00080210120FAF7FCFD01AAA9020020FAF75A
:10940000F7FD01A8FAF7A2FEADF80660ADF80A5024
:10941000ADF80440ADF8144001AA08210120FAF784
:10942000E7FD01AA10210120FAF7E2FD06B070BDA8
:10943000C720F7F709F8FFF75FFFFFF7C0FFFEF758
:1094400087FF12A213A10020FFF748FF4FF47A70A4
:10945000FEF793FEF6F75EFC62B604F0D9FBC72078
:10946000F7F722F8144C207808B9FDF727FBFEF730
:10947000AEFEF6F711FD04F098FBF4E77047FEF737
:10948000C3BE000010221100777777074D41494E87
:10949000000000001B5B33366D5B25735D204D4182
:1094A000494E2829207374617274696E672E2E2EBE
:1094B0001B5B306D0D0A00002883FF1FF8B50446C2
:1094C0000D46E0692946C26820469047E06038B3FF
:1094D0006168B1FBF5F22168411AB1FBF5F1491C55
:1094E000914230D3284605F0B5F80746A069E168F7
:1094F0002B4686683A462046B047E0698168204698
:109500008847A06921682B4646683A462046B047FE
:109510002068E06028442061384605F073F814E0C4
:10952000E069816820468847A0680090A0692168AA
:10953000042346686A462046B0472068E060284415
:1095400020610020F8BD284420610020F8BD2DE9ED
:10955000F04105460E4617469846E86901682846D8
:109560008847002404E039593019FAF766F9241DB8
:109570004445F8D3E86941682846BDE8F04108470A
:10958000084611461A46F9F7F6BFC06870470069E9
:10959000704710B5EFF31081416172B60120F6F704
:1095A00053FF4FF480742046F9F756FD0128FAD195
:1095B000BDE81040FAF707BA10B504460020FAF7E4
:1095C00002FA0120F6F770FF606980F3108810BD81
:1095D00010B50446E06901682046884740F23F1014
:1095E000F9F765FD2068FAF794F9E06941682046CB
:1095F0008847002010BD2DE9F84305460F462C682A
:109600004FF000080CE0A86904236A4686682146EA
:109610002846B047A8680099884206D1A0463C4435
:10962000D5E900010844A042EDD84046BDE8F883E2
:10963000002816D0002914D002680A60027A0A7342
:1096400042790AB1012200E000224A7302790AB18C
:10965000012200E000228A7350F8092F4A60406816
:109660008860704710B58AB00020B14C21786278CC
:1096700091420FD06078AF4900EB400001EBC00190
:10968000182204A804F041FC6078401C00F01F0080
:109690006070012000281AD0694604A8FFF7C8FFAF
:1096A0009DF80E006946012813D09DF80C20091D75
:1096B0000098F5F7B7FB012809D06078401E00F04C
:1096C0001F0060709CA29E490020FFF707FE0AB0B1
:1096D00010BD9DF80C20091D0098F5F7C8FBEAE7BE
:1096E00070B5984D2846F8F701F9914CC0074FF036
:1096F00000061CD0E07848B98FA293A10020FFF7A4
:10970000EDFD0120E070FEF762FD2061FEF75FFDD8
:109710002169401AB0F5FA7F08D387A29AA10020E8
:10972000FFF7DCFD2846F8F765F8E67070BDE078D5
:109730000028FBD080A2A2A10020FFF7CFFDE67099
:1097400070BD7B498860002801D0A6A300E0A6A3D5
:1097500079A2A7A10020FFF7C1BD70B5054676A28A
:10976000AEA10020FFF7BAFD714CE560B648F5F7F1
:1097700053FB71A2B5A10020FFF7B0FD4FF440717B
:109780006C4804F0DBFB0025257065704FF4807198
:10979000B84804F0D3FBA570A5602561E5700020F2
:1097A000FFF7CFFF01202071BDE8704062A2B2A197
:1097B0000020FFF793BDF0B585B0044600275C4E4E
:1097C00030794042204202D1002005B0F0BD237A1A
:1097D000082B06D958A2B2A10020FFF77FFD002078
:1097E000F3E701A92046FFF723FF72B6F5F717FB51
:1097F00060B99DF8120001A9012827D09DF810201A
:10980000091D0198F5F70EFB012826D03078401C81
:1098100000F01F05707885422BD03078454900EB69
:10982000400001EBC0001822214604F06EFB3570A9
:1098300001273078717840A2401A00F01F00009094
:109840009FA100202368FFF749FD18E09DF8102034
:10985000091D0198F5F70BFBD6E762B69DF81000DD
:10986000009035A2A2A10020019BFFF737FD012047
:10987000ABE731A2AAA100202368FFF72FFD62B653
:109880003846A2E710B52A4C207900280CD0FFF703
:1098900027FFF5F7C4FA002806D1207861788842BE
:1098A00002D0BDE81040DDE610BD2DE9FC41204CA2
:1098B00021794942014202D10020BDE8FC81C36800
:1098C00053B1A278102A0ED310231BA2A1A100200D
:1098D000FFF704FD0020F0E717A2ACA10020FFF77E
:1098E000FDFC0020E9E7634990E8E00001EB02118C
:1098F00081E8E000CB60521CD1B2A1704268CDE992
:10990000002103680CA2AE490020FFF7E7FC01200C
:10991000D3E707480179002907D072B6017840786B
:10992000081A00F01F0062B6704700207047000060
:10993000D482FF1F6821002043414E4946000000A9
:1099400058020300000407401B5B33336D5B257333
:109950005D204275732D4F6666206465746563747F
:10996000656421205374617274696E672072656347
:109970006F766572792074696D65722E2E2E1B5B71
:10998000306D0D0A000000001B5B33326D5B2573E8
:109990005D204275732D4F6666207265636F766534
:1099A00072793A2065786974696E67206C6F6361BB
:1099B0006C2072657365741B5B306D0D0A000000CE
:1099C0001B5B33326D5B25735D204275732D4F66D3
:1099D00066207265636F76657265641B5B306D0D22
:1099E0000A000000594553004E554C4C0000000041
:1099F0001B5B33366D5B25735D2044656661756C5A
:109A0000742063616C6C6261636B207365743A20CF
:109A100025731B5B306D0D0A000000001B5B3332A9
:109A20006D5B25735D203D3D3D2043616E496620A1
:109A3000496E6974205374617274203D3D3D1B5B17
:109A4000306D0D0A00000000659602001B5B333686
:109A50006D5B25735D2054582063616C6C6261639B
:109A60006B20726567697374657265641B5B306D2A
:109A70000D0A0000682400201B5B33326D5B2573E8
:109A80005D203D3D3D2043616E496620496E69740D
:109A900020446F6E65203D3D3D1B5B306D0D0A001F
:109AA0001B5B33316D5B25735D20496E76616C699C
:109AB0006420444C433A2025641B5B306D0D0A0042
:109AC0001B5B33366D5B25735D20545820717565C3
:109AD0007565643A2049443D3078253038582C204B
:109AE00071756575653D25641B5B306D0D0A000061
:109AF0001B5B33366D5B25735D205458206469729F
:109B00006563743A2049443D3078253038582C201C
:109B10006C656E3D25641B5B306D0D0A0000000016
:109B20001B5B33336D5B25735D2054582071756565
:109B300075652066756C6C212049443D3078253070
:109B400038582064726F707065641B5B306D0D0A4D
:109B5000000000001B5B33336D5B25735D20526595
:109B60006769737465722066696C7465723A2074F3
:109B700061626C652066756C6C20286D61783D258E
:109B800064291B5B306D0D0A000000001B5B333342
:109B90006D5B25735D20526567697374657220661D
:109BA000696C7465723A2063616C6C6261636B20EE
:109BB0006973204E554C4C1B5B306D0D0A00000044
:109BC0001402030070B505460120F6F73DFC0120A4
:109BD000F9F7F9FE4FF480742046F9F73DFA0128B1
:109BE000FAD140F23F10F9F762FA2846F9F791FEF0
:109BF0002046F9F731FA0128FAD10020F9F7E3FEFF
:109C0000BDE870400120F6F74FBC70B505460E4622
:109C10000120F6F719FC0120F9F7D5FE4FF4807406
:109C20002046F9F719FA0128FAD131462846F9F702
:109C300004FE2046F9F710FA0128FAD10020F9F7BE
:109C4000C2FEBDE870400120F6F72EBC08B5042224
:109C50006946F9F790FC009808BD70B500280CD053
:109C6000054600244FF4803606EB8400FFF7EEFF34
:109C700045F82400641C0E2CF6D370BD70B5064662
:109C8000002E0ED04FF480352846FFF79BFF0024AE
:109C900005EB840056F82410FFF7B7FF641C0E2C68
:109CA000F6D370BD4FF480308CE730B58FB00446EA
:109CB0000D46382101A804F041F9214A019202948D
:109CC000039501A8FFF7DAFF0FB030BD00B595B0DE
:109CD00007A8FFF7C2FF1A48079B83422ED10D99B0
:109CE0000898CDE9000117A218490020FFF7F6FAFD
:109CF0000D9811281BD113A215A10020FFF7EEFA31
:109D0000182101A804F01AF91E48019001208DF8CD
:109D1000080008218DF80C1004218DF80D10512138
:109D20008DF80E108DF80F0001A8FFF744FDFFF726
:109D3000B9FF04A214A10020FFF7D0FA15B000BDAE
:109D4000005344554D41494E000000009C02030061
:109D50001B5B33366D5B25735D2053656E64696EE6
:109D6000672070656E64696E672031312030312064
:109D700041434B20283531203031290D0A1B5B30FF
:109D80006D0D0A0003F1DA181B5B33366D5B25732A
:109D90005D2055445320536861726564207374617B
:109DA000746520636C65617265640D0A1B5B306DC0
:109DB0000D0A000038B50446F74D2B78A34206D0B3
:109DC000F6A2F7A100200094FFF788FA2C7038BDA6
:109DD000F1498969491E8843704748400021F84A83
:109DE000C30702D082EA500000E04008491C08295D
:109DF000F6DB70472DE9F047C0B007460D464FF03F
:109E0000FF384FF4807916E04E46B54200D82E4612
:109E1000324669463846F9F7AEFB0024EA4606E0CA
:109E20001AF804104046FFF7D8FF8046641CB4427D
:109E3000F6D33744AD1B002DE6D140B06FEA0800E1
:109E4000BDE8F08770B505460120F6F7FDFA012060
:109E5000F9F7B9FD4FF480742046F9F7FDF80128B1
:109E6000FAD140F23F10F9F722F92846F9F751FDEF
:109E700005462046F9F7F0F80128FAD10020F9F755
:109E8000A2FD0120F6F710FB284670BD70B505460F
:109E90000E460120F6F7D8FA0120F9F794FD4FF4A9
:109EA00080742046F9F7D8F80128FAD131462846BF
:109EB000F9F7C3FC05462046F9F7CEF80128FAD198
:109EC0000020F9F780FD0120F6F7EEFA284670BD74
:109ED000F8B507460E46B04885693046FFF778FF6B
:109EE00004463846FFF774FF0346ACA2B5A1002034
:109EF0000094FFF7F3F93846FFF76AFF04460CE0D9
:109F00002046FFF79FFF38B12346A4A2B9A1002045
:109F1000FFF7E4F90320F8BD2C443046FFF758FF63
:109F2000A042EDD20020F8BD2DE9FC4106461446C2
:109F3000E01C850898482246303003F0E6FF2046B2
:109F4000954B3033FF2101E01954401CB0EB850FD5
:109F5000FAD3334691A2B0490020CDE90045FFF77E
:109F6000BDF98D4F3037002411E057F8241006EB6F
:109F70008400FFF78BFF48B106EB840387A2A7A1FB
:109F80000020FFF7ABF90420BDE8FC81641CAC4263
:109F9000EBD30020F8E77CB5054630217E4803F07E
:109FA000CDFF7D4C4FF4283060614FF40050A0612C
:109FB0004FF48820E061A2482062012684F82460E2
:109FC0002DB1286800B16061686800B1A06100200F
:109FD000FFF7F0FE9B480670D4E90501CDE90001CA
:109FE0006EA299490020E369FFF778F97CBDF8B5C6
:109FF0000C4694490978002909D0674E337843B15B
:10A0000066A292A10020FFF769F90720F8BD082099
:10A01000F8BD9649884202D14FF4D03503E0B0F143
:10A02000904F0ED00546A5F58821B1F5283F0BD3FA
:10A0300003465AA28EA100200095FFF74FF9012098
:10A04000F8BD4FF48825EEE77069A0420DD364B1E6
:10A050002919B1F5DC2F10D92B4650A293A100206D
:10A060000094FFF73BF90120F8BD23464BA29FA1C6
:10A070000020FFF733F90220F8BD491E2846FFF7FC
:10A0800027FF0028F8D17560B460F06001203074BB
:10A09000801EF0622B4641A29DA100200094FFF794
:10A0A0001DF90220FFF786FE0020F8BD2DE9FE43D2
:10A0B0000746884615466348007800280DD0364E7E
:10A0C0003378022B0BD0032B09D034A29EA10020A1
:10A0D000FFF704F90620BDE8FE830820FBE775B111
:10A0E000337CBB420DD02DA2A0A100200097FFF72A
:10A0F000F5F806207070FFF75DFE0620EBE7002004
:10A10000E9E7D6E90201401AA84201D20220E2E7BB
:10A110000320FFF74FFEF16870682A460844414665
:10A12000FFF702FF04462CB174700620FFF742FED1
:10A130002046D0E7002407E018F80410F06AFFF783
:10A140004CFEF062641CA4B2AC42F5D3F068411935
:10A15000F160307CFF280DD0401C3074B068CDE930
:10A16000005102903B460DA28BA10020FFF7B6F8EC
:10A170000020B0E701203074F0E77CB5314800786A
:10A18000002808D0044CE06AC043E062A168CDE931
:10A19000001002A218E14AE168250020465700009D
:10A1A0001B5B33326D5B25735D2053746174653ABC
:10A1B000202564202D3E2025641B5B306D0D0A0098
:10A1C0002083B8ED1B5B33326D5B25735D204572D8
:10A1D0006173696E672072616E67653A2030782519
:10A1E000303858202D203078253038581B5B306DA2
:10A1F0000D0A00001B5B33316D5B25735D204572DA
:10A20000617365206661696C203078253038581B91
:10A210005B306D0D0A0000003C0303001B5B333113
:10A220006D5B25735D205772697465206661696C8A
:10A23000203078253038581B5B306D0D0A00000047
:10A24000FFDF0600E882FF1FEC0203001B5B3333D5
:10A250006D5B25735D20427573792C207374617476
:10A26000653D25641B5B306D0D0A00000000018810
:10A270001B5B33316D5B25735D20446F776E6C6FB4
:10A280006164206164647265737320696E76616CC9
:10A2900069643A20307825303858202D3E203078B7
:10A2A000253038581B5B306D0D0A00001B5B3331C5
:10A2B0006D5B25735D2052616E676520696E766106
:10A2C0006C69643A20307825303858202B2025647A
:10A2D000206578636565647320415050322077694A
:10A2E0006E646F771B5B306D0D0A00001B5B3331B2
:10A2F0006D5B25735D2053697A6520696E76616CAC
:10A3000069643A2025641B5B306D0D0A0000000073
:10A310001B5B33326D5B25735D20446F776E6C6F12
:10A3200061642072656164793A20616464723D30D1
:10A3300078253038582C2073697A653D25641B5B7D
:10A34000306D0D0A000000001B5B33336D5B25731D
:10A350005D204E6F742072656164792C2073746186
:10A3600074653D25641B5B306D0D0A001B5B33314A
:10A370006D5B25735D20536571206D69736D61742C
:10A3800063683A2065787020256420676F74202503
:10A39000641B5B306D0D0A001B5B33366D5B2573F0
:10A3A0005D20426C6F636B2025643A202564206237
:10A3B000797465732C20746F74616C3D25642F254E
:10A3C000641B5B306D0D0A0063A10020E368FEF79B
:10A3D00085FFD4E90203834206D2AFF24022009007
:10A3E0006CA10020FEF77AFF94F82400002820D00A
:10A3F0000420FFF7DFFCD4E90101FFF7FBFC054671
:10A40000E06A2B46AFF26C2200906BA10020FEF7B1
:10A4100065FFE06AA8420CD0AFF2802274A1002050
:10A42000FEF75CFF0620FFF7C5FC05207CBD082079
:10A430007CBD0520FFF7BEFCAFF2A02274A1002076
:10A44000FEF74CFF00207CBDF0B47C4B4FF4D034C1
:10A450004FF090464FF48825984201D1224604E0FF
:10A46000B04201D12A4600E002461144491E9842FA
:10A4700001D1204602E0B04200D12846F0BC27E5D9
:10A4800010B51446002C06D029B16C4A904204D174
:10A490004FF4D03006E0012010BDB0F1904F01D153
:10A4A0004FF48820FFF7A6FC2060002010BD644810
:10A4B00000787047002811D0614A91680160D16826
:10A4C000416051688160916831B1D26864235A4318
:10A4D000B2FBF1F1C9B200E00021017370475848A6
:10A4E0004078704708B5042269464FF48820F9F790
:10A4F00042F8009880B208BD08B5042269460020E1
:10A50000F9F739F8009880B208BD08B50422694609
:10A510004FF48820F9F72FF8009808BD10B50020F7
:10A52000FFF748FC4649002081F82800AFF294323A
:10A53000BDE8104043A1FEF7D1BE10B53021404820
:10A5400003F0FCFC48490020087010BD70473C48EF
:10A5500090F82800704700001B5B33326D5B257359
:10A560005D205472616E7366657220657869743A15
:10A570002072656365697665643D25642F25642CCA
:10A58000204352433D3078253038581B5B306D0DE9
:10A590000A0000001B5B33336D5B25735D20496E41
:10A5A000636F6D706C6574653A202564203C2025CE
:10A5B000641B5B306D0D0A001B5B33326D5B2573D2
:10A5C0005D205665726966793A20666C6173685FD2
:10A5D0006372633D3078253038582C2072785F6381
:10A5E00072633D3078253038581B5B306D0D0A00A2
:10A5F0001B5B33316D5B25735D20435243206D69D6
:10A60000736D61746368211B5B306D0D0A0000007F
:10A610001B5B33326D5B25735D20466C6173682074
:10A62000646F776E6C6F616420636F6D706C6574BE
:10A6300065211B5B306D0D0A0000000000000188E1
:10A64000682500201B5B33326D5B25735D20446FF2
:10A65000776E6C6F61642063616E63656C6C6564BA
:10A660001B5B306D0D0A0000E882FF1F30B500282B
:10A670000DD062B101600121017100244471847127
:10A68000C471082B00D908230372002107E04FF0A2
:10A69000FF3030BD4518535C6B72491CC9B2037A58
:10A6A0008B42F7D84461002030BD2DE9F041A0B0C5
:10A6B0000D461646287800F0F00700F00F084021FC
:10A6C0000BA803F03BFC00240AE02A5DF9A109A8CD
:10A6D00003F03AFD09A90BA803F03BFC641CE4B2AB
:10A6E000B44201D2082CF0D3B7B1102F19D0202FCB
:10A6F0001CD0302F1FD0F1A11BA803F025FDFFB106
:10A70000102F37D0202F32D1012E30D9202101A88F
:10A7100003F014FC012458E0EAA11BA803F014FD87
:10A72000EDE7EAA11BA803F00FFDE8E7E9A11BA8EC
:10A7300003F00AFDE3E7EAA11BA803F005FDDEE74D
:10A74000012E14D9202101A803F0F8FB01240AE00E
:10A750002A5DD8A109A803F0F7FC09A901A803F014
:10A76000F8FB641CE4B2B44201D2082CF0D320B050
:10A77000BDE8F081687840EA0820062800D9062064
:10A78000C6B2002EF3D0202101A803F0D7FB02248B
:10A79000B61C0AE02A5DC7A109A803F0D5FC09A9E7
:10A7A00001A803F0D6FB641CE4B2B442DFD2082C4B
:10A7B000F0D3DCE72A5DBFA109A803F0C5FC09A915
:10A7C00001A803F0C6FB641CE4B2B442CFD2082C4B
:10A7D000F0D3CCE710B50B7803F0F002C34CA042E5
:10A7E00007D1012B01D1487808B1C1A010BDC1A08B
:10A7F00010BD302A0BD0202A0BD0102A0BD048785D
:10A800000FD1312809D0362809D0BDA010BDBEA077
:10A8100010BDBFA010BD8878F2E7BFA010BDC4A0D6
:10A8200010BD0AB1B2A010BD312837D00CDC2228EF
:10A8300025D004DC102811D011280DD11DE02728C7
:10A840001FD02E2808D127E0342829D0362829D037
:10A85000372829D03E2829D0A5A010BD8878012806
:10A8600005D0022805D0032805D0B6A010BDBAA097
:10A8700010BDBEA010BDC2A010BDC5A010BDC8A017
:10A8800010BD8878012803D0022803D0C8A010BDCD
:10A89000CCA010BDCEA010BDD0A010BDD3A010BDC7
:10A8A000D7A010BDDBA010BDDFA010BDE3A010BD80
:10A8B0002DE9F0478EB007460E46DFF89493D9F89D
:10A8C0001000401CC9F81000FDF781FC002504466B
:10A8D0004FF47A7A524600232046294603F0E4FAE0
:10A8E0008046524600232046294603F0DDFA1546ED
:10A8F000D848874201D1D8A40FE0D948874201D176
:10A90000D8A40AE07948874201D1D3A405E0D7480A
:10A91000874201D1D0A400E0D5A4607852281FD08E
:10A9200073A0B279F1797379CDE90932CDE90B10D1
:10A93000B2783079F1787378CDE90532CDE9071036
:10A940003078CDE90085CDE902470490CAA2CB4911
:10A950000020D9F81030FEF7C1FC0EB0BDE8F0873A
:10A9600031463846FFF736FFDBE72DE9F0439FB06D
:10A9700081460D461646287800F0F00700F00F08D3
:10A9800040210AA803F0DAFA00240AE02A5D49A16E
:10A9900008A803F0D9FB08A90AA803F0DAFA641C96
:10A9A000E4B2B44201D2082CF0D3DFB1102F1ED094
:10A9B000202F21D0302F24D040A11AA803F0C4FBAF
:10A9C000324629464846FFF773FFFFB1102F37D0B4
:10A9D000202F32D1012E30D92021684603F0AEFA63
:10A9E000012458E037A11AA803F0AEFBE8E737A12D
:10A9F0001AA803F0A9FBE3E736A11AA803F0A4FB09
:10AA0000DEE737A11AA803F09FFBD9E7012E14D97E
:10AA10002021684603F092FA01240AE02A5D25A16C
:10AA200008A803F091FB08A9684603F092FA641C99
:10AA3000E4B2B44201D2082CF0D31FB0BDE8F083D9
:10AA4000687840EA0820062800D90620C6B2002E01
:10AA5000F3D02021684603F071FA0224B61C0AE004
:10AA60002A5D14A108A803F06FFB08A9684603F04B
:10AA700070FA641CE4B2B442DFD2082CF0D3DCE7F5
:10AA80002A5D0CA108A803F05FFB08A9684603F043
:10AA900060FA641CE4B2B442CFD2082CF0D3CCE705
:10AAA0000021774A52F82130834201D101207047BA
:10AAB000E8E000002530325820000000554E4B4E93
:10AAC0004F574E0053494E474C450000464952539C
:10AAD00054000000434F4E534543555449564500DA
:10AAE000464C4F575F4354524C0000001881FF18EA
:10AAF000000000003C2D2D20456E61626C65000059
:10AB00003C2D2D20464600003C2D2D2046430000C4
:10AB10003C2D2D20434600003C2D2D204646205242
:10AB20006F7574696E65436F6E74726F6C000000B0
:10AB30003C2D2D204646205472616E73666572442A
:10AB4000617461003C2D2D2053657373696F6E43F2
:10AB50006F6E74726F6C00003C2D2D205365737303
:10AB6000696F6E3A44454641554C54003C2D2D20AA
:10AB700053657373696F6E3A50524F47000000007F
:10AB80003C2D2D2053657373696F6E3A4558540000
:10AB90003C2D2D204543555265736574000000001F
:10ABA0003C2D2D205265616442794964000000000B
:10ABB0003C2D2D205365637572697479416363651B
:10ABC000737300003C2D2D20526571536565640040
:10ABD0003C2D2D2053656E644B6579003C2D2D2056
:10ABE0005772697465427949640000003C2D2D203C
:10ABF000526F7574696E65436F6E74726F6C00008E
:10AC00003C2D2D2052657175657374446F776E6CA1
:10AC10006F6164003C2D2D205472616E7366657205
:10AC200044617461000000003C2D2D205472616E5F
:10AC30007366657245786974000000003C2D2D2014
:10AC400054657374657250726573656E74000000AC
:10AC5000EC82FF1FF103DA185B52585D0000000020
:10AC600003F1DA185B54585D00000000F0FFDB18B8
:10AC70005B2D2D5D000000004F5441008003030058
:10AC800024FD0200491CC9B20429FFF40BAF0020C7
:10AC90000DE72DE9F04106460F461446FE4DFD48EE
:10ACA000A98800EB01100660082C01D9082200E0F9
:10ACB000224602733946001D03F027F9EE60082C86
:10ACC00001D9082200E02246AA70F3483946143020
:10ACD00003F01BF9A868401CA860A888401C80B23B
:10ACE000A880402801D30020A8802246394630465B
:10ACF000BDE8F041DCE5E7480021283800F8101CE9
:10AD000040F80C1C01804180012202714171C18018
:10AD10000172C16001618182C18202764176418304
:10AD200001774177C183DC484170C0E61CB5044619
:10AD3000D8483821383803F001F94FF40051D7488A
:10AD400003F0FCF8D54A02F50051CA604FF6FF72D5
:10AD50004A8681F83440FFF7CEFF0020D04B052112
:10AD6000AFF2EC02CDE90010CEA1FEF7B7FACA4966
:10AD7000012008701CBDC7480021203801704182A5
:10AD80008160C181012202744174C182C248417054
:10AD90008DE670B5C04E307800282AD0BD4C042511
:10ADA000383C2078012808D1E08A30B1401E80B2BA
:10ADB000E08210B92570FFF79EFFE08D40B1401E84
:10ADC00080B2E08520B9207E022801D10120707078
:10ADD000207E00280DD003280BD0608D002808D0DD
:10ADE000401E80B26085002803D12576BDE8704002
:10ADF000C1E770BD2DE9F0418AB08046109E0F4634
:10AE000014461D46182104A803F098F844F03000B9
:10AE10008DF808008DF809508DF80A60032202AC05
:10AE2000AA23A354521CD2B2082AFAD33B46AFF24B
:10AE3000B812CDE90056A9A10020FEF74FFA08226A
:10AE400002A93846FFF791FD082302AA394604A853
:10AE5000FFF70CFC012204A9404600F0ECFA0AB00E
:10AE600086E42DE9F04188B080460F4616461D461F
:10AE7000182102A803F062F8072D03D94FF0FF3024
:10AE800008B075E40024AA206B461855641CE4B28F
:10AE9000082CFAD38DF80050002404E01919305D15
:10AEA0004870641CE4B2AC42F8D3082269463846C4
:10AEB000FFF75BFD08236A46394602A8FFF7D6FB79
:10AEC000012202A9404600F0B6FA0020D8E72DE999
:10AED000F04389B08146884617461D46182103A8CD
:10AEE00003F02CF8B5F5805F03D34FF0FF3009B0C5
:10AEF000A4E50024AA2001AE3055641CE4B2082C5D
:10AF0000FAD3C5F3032040F010008DF804008DF84B
:10AF10000550062D00D90625ECB2002304E0F118F7
:10AF2000F85C88705B1CDBB2A342F8D3082201A94D
:10AF30004046FFF71AFD082301AA414603A8FFF780
:10AF400095FB012203A9484600F075FA0020CEE7E0
:10AF5000F0B589B007460E46182103A802F0EEFFAF
:10AF60004C4D383DA88CE98C401A80B2072800D996
:10AF70000720C4B20022AA2001AB9854521CD2B2BE
:10AF8000082AFAD395F8280000F00F0040F02000BE
:10AF90008DF804000022286A084406E003EB020C46
:10AFA000115C8CF80110521CD2B2A242F6D30822D6
:10AFB00001A93046FFF7D9FC082301AA314603A8AE
:10AFC000FFF754FB012203A9384600F034FA35F8A4
:10AFD000260F20442880A878401C00F00F00A8709D
:10AFE000E878401CE87009B00020F0BD10B4294B8F
:10AFF000383B1C7E012C10D128B101280DD002282D
:10B000000BD110BCB7E6183319755A750020587467
:10B010000220187020490120487010BC70472DE9AB
:10B02000F84F8146DDE90A850F4614461E461A4848
:10B030004FF0FF3B00784042304202D15846BDE815
:10B04000F88F3846FFF72CFD68B132462146384666
:10B05000FFF71FFE2E4887425ED1082E5CD3207872
:10B06000242802D058E05846E9E76078D22853D126
:10B07000A078042850D1E07850B92079B5284BD178
:10B080006079D22848D1A079042845D1E07941E0FF
:10B0900042E00000D0650020EC82FF1F98450020B0
:10B0A00003F1DA181B5B33366D5B25735D20494E67
:10B0B00049543A20726573706F6E73655F69643DC1
:10B0C0003078253038582073746D696E3D256420C2
:10B0D00062733D25641B5B306D0D0A001B5B3336CC
:10B0E0006D5B25735D2046433A206473745F696429
:10B0F0003D3078253038582062733D2564207374C4
:10B100006D696E3D25641B5B306D0D0A000000000B
:10B11000F103DA1800B900BF324621463846FFF77E
:10B12000C4FA207800F0F00100F00F00302909D0B7
:10B13000C64A4FF0030A761E13784BB1012B6CD030
:10B1400058467CE76178A278FFF750FF012076E748
:10B1500019B1102912D0584671E70746B74200DDF1
:10B16000F7B24FB1B8F1000F06D02DB13A46611CCD
:10B17000404602F0CAFE2F80002060E7617841EA75
:10B18000002010820021B24EB0F5005F0AD9009174
:10B190000023022231464846FFF72CFEFFF7ABFDA5
:10B1A00058464CE70123137057605182137551754F
:10B1B000518ED182062800D90620C7B29346D068A6
:10B1C0003A46A11C02F0A1FEABF81270BBF81020A9
:10B1D000974211D38BF800A0B8F1000F08D03DB111
:10B1E0004046DBF80C1002F090FEBBF810002880FF
:10B1F000FFF781FD002022E73346AFF2845295A18C
:10B200000020FEF76BF80520002300901A46314617
:10B210004846FFF7EFFD012011E75368BB4203D01A
:10B22000FFF769FD58460AE7202903D0FFF763FDC1
:10B23000584604E7117D814203D0FFF75CFD584674
:10B24000FDE6F6B2108A518A401A80B2864200D9D1
:10B25000C6B2D068914608443246611C02F055FEE1
:10B26000B9F81200304480B2A9F8120099F814100D
:10B27000491C01F00F0189F8141099F81510491CA8
:10B2800089F81510B9F83210A9F81610B9F810207D
:10B29000904211D389F800A0B8F1000F08D03DB159
:10B2A0004046D9F80C1002F030FEB9F810002880A2
:10B2B000FFF721FD0020C2E60120C0E670B56F4C0B
:10B2C0004FF0FF362478002C04D0604D2C7E1CB14A
:10B2D000012070BD304670BD12B10BB1002403E0F7
:10B2E000304670BD641CA4B29C4201D2102CF9D32C
:10B2F000072B03D8BDE87040DBB2B2E52A62AB840D
:10B30000E96101242C766E8E6E85FFF7E0FD034621
:10B310001BB1FFF730FD184670BD062025F8260F3B
:10B32000AC700020E870012070BD2DE9F041534D54
:10B33000287800282DD0687800282AD0434C207E19
:10B34000022826D100266E70E08CA18C032788424B
:10B3500003D32776BDE8F0410DE594F83400E169A8
:10B36000FFF7F6FD10B1BDE8F04104E5E08CA18CDB
:10B37000884203D32776BDE8F041FCE494F82C0022
:10B38000012140B194F82920824204D3217684F827
:10B390002960BDE8F08194F82D0008B1E085F8E758
:10B3A0006970F6E7294800210170C18241820122BB
:10B3B000027541756CE42548007869E42348007EF5
:10B3C00066E413E62D48806862E42C48C0685FE4B8
:10B3D00070B50C46002809D0002C07D0274D05F188
:10B3E0001401AA7802F091FDA878207070BD70B5A4
:10B3F0000D461446402801D3002070BD1F49421C51
:10B400008988081A914202D3401E80B201E03F3081
:10B4100080B20E49383101EB00110DB10868286087
:10B420000BB1087B187024B10A7B091D204602F07D
:10B430006CFD012070BD10B50846002803D0FEF752
:10B44000BAF9002010BD4FF0FF3010BD9865002004
:10B4500003F1DA181B5B33366D5B25735D204646BE
:10B460003A20726573706F6E73655F69643D307802
:10B47000253038581B5B306D0D0A0000EC82FF1F31
:10B4800030B5FF2200240FE0035D5A40002315066B
:10B4900004D55206120E82F01D0201E05206120E71
:10B4A0005B1C082BF3DB641C8C42EDDBD043C0B289
:10B4B00030BD2DE9FF4704460D46002202AEA05CD8
:10B4C000B054521C062AFADB062102A8FFF7D8FF67
:10B4D0008DF800008DF80800062102A8FFF7D0FFC4
:10B4E0008DF8010007460022A05CB054521C062AC9
:10B4F000FADB20788DF808008DF80970062102A883
:10B50000FFF7BEFF8DF80200814661788DF80910C3
:10B510008DF80A00062102A8FFF7B2FF8DF803009C
:10B520008046A0788DF80A008DF80B80062102A8CD
:10B53000FFF7A6FF8DF804000646E1788DF80B10A2
:10B540008DF80C00062102A8FFF79AFF8DF8050080
:10B55000824621798DF80C108DF80D00062102A885
:10B56000FFF78EFF8DF806000146B8F1000F04D1F9
:10B570001EB9BAF1000F00D149B185F800806E7094
:10B5800085F802A0E97004B00120BDE8F0872F70B3
:10B5900085F8019085F80280EE70F4E71CB5002272
:10B5A0006B46845C9C54521C042AFADBE7208DF81D
:10B5B000040038208DF805006846FFF77AFF1CBDAF
:10B5C0000A281AD2DFE800F00507090B0D0F111346
:10B5D0001517FF20704731207047312070477220C7
:10B5E00070477220704772207047242070472120D6
:10B5F0007047222070477220704710207047F8B5BE
:10B60000D0A2D1A10020FDF769FE2821D84802F080
:10B6100095FCD74C01202070002565704FF47A60AE
:10B62000A0830320A0776560A56002F0F8F908B355
:10B6300002F0F2F906466946726B4FF4704090478B
:10B6400010B10098208400E02584726B69464FF2A7
:10B650000100904710B10098608400E06584726B2F
:10B6600069464FF20200904710B10098606209E00D
:10B67000656207E0B3A2BF490020FDF72FFE2584D5
:10B6800065846562A582A575A561607800902378C0
:10B69000ACA2B9490020FDF721FEA38BA9A2B7A156
:10B6A0000020FDF71BFEBDE8F840A6A2BDA10020CA
:10B6B000FDF714BE30B585B0AD4C6068002500289C
:10B6C0001DD06068401E60606068C0B92378012B9F
:10B6D00015D09CA2BD490020FDF700FE012020707E
:10B6E00065702574E56002F09AF940B102F094F9B2
:10B6F000806A804793A2B6A10020FDF7EFFDA06805
:10B7000048B1A068401EA060A06820B98DA2BFA16A
:10B710000020FDF7E3FDC7490868401C0860C64AE1
:10B72000904217D30D60A26863686178A1B10129C6
:10B7300014D0C2A0CDE90332CDE901102378012B4A
:10B740000ED0032B0ED0C0A000907EA2C1490020D5
:10B75000FDF7C4FD05B030BDBFA0EBE7C0A0E9E731
:10B76000C2A0F1E7C3A0EFE7704708B5804843687F
:10B77000818B41604068009072A2C1A10020FDF75A
:10B78000ADFD08BD10B5AB494868401C4860C649CE
:10B79000484377494968441823466AA2C3A1002058
:10B7A000FDF79CFD204610BD10B586B0010E8DF84A
:10B7B0001410010C8DF81510010A8DF816108DF873
:10B7C000170003465FA2C6A10020FDF787FD9DF884
:10B7D00017009DF816109DF81520CDE90021029064
:10B7E0009DF8143057A2CBA10020FDF777FD04A9E6
:10B7F00005A8FFF7D3FE9DF813009DF8101040EA4E
:10B8000001649DF811009DF81210000440EA012027
:10B81000044323464BA2CBA10020FDF75FFD9DF81A
:10B8200012109DF81120CDE900219DF8130002901F
:10B830009DF8103043A2CDA10020FDF74FFD06B0CA
:10B84000204610BD38B50546002402F0E8F880B166
:10B8500002F0E2F8426B69462846904710B1009822
:10B8600084B20CE02B4637A2CCA10020FDF736FDB8
:10B8700005E02B4633A2D2490020FDF72FFD2B46D1
:10B8800030A2D0A100200094FDF728FD204638BD4D
:10B890001CB504467F238DF804308DF805108DF813
:10B8A00006200B46009227A2D1A10020FDF716FD2D
:10B8B000032301AADB492046FFF700FD00201CBD41
:10B8C0002DE9F84F04460D46174698461DA2D6A10D
:10B8D0000020FDF703FD022D0BD22B4619A2E2A199
:10B8E0000020FDF7FBFC2178BDE8F84F1322002073
:10B8F000CEE7657813A22B46E6A10020FDF7EEFC0B
:10B90000012D0FD0022D14D0032D19D02B460DA2DE
:10B91000E8A10020FDF7E2FC2178BDE8F84F1222F3
:10B920000020B5E7012407A2EFA10020FDF7D6FC17
:10B930000FE2022403A2F7A10020FDF7CFFC08E2EA
:10B9400000E20000554453001B5B33326D5B2573EE
:10B950005D203D3D3D2055445320496E6974205380
:10B9600074617274203D3D3D1B5B306D0D0A00001B
:10B97000D0690020CC0703001C0503001B5B333299
:10B980006D5B25735D2073657373696F6E5F74699A
:10B990006D656F75745F6D733D25641B5B306D0D58
:10B9A0000A0000001B5B33326D5B25735D203D3D5B
:10B9B0003D2055445320496E697420446F6E6520C4
:10B9C0003D3D3D1B5B306D0D0A0000001408030077
:10B9D0001B5B33326D5B25735D20446F776E6C6F3C
:10B9E0006164206D6F64756C652072657365742089
:10B9F0006F6E2073657373696F6E2074696D656F08
:10BA000075741B5B306D0D0A000000001B5B333248
:10BA10006D5B25735D20536563757269747920646D
:10BA2000656C617920657870697265641B5B306D47
:10BA30000D0A00000883FF1FF6FF0900554E4C4F0A
:10BA4000434B45440000000050524F4752414D4D7A
:10BA5000494E4700D00A03004C4F434B4544000079
:10BA6000534545445F53454E54000000444546410C
:10BA7000554C5400455854454E4445440000000080
:10BA80001B5B33366D5B25735D2052656672657393
:10BA9000682074696D65723A202564202D3E20254A
:10BAA000641B5B306D0D0A00B979379E1B5B333622
:10BAB0006D5B25735D2047656E65726174652073EB
:10BAC000656564202852414E444F4D206D6F64657A
:10BAD000293A203078253038581B5B306D0D0A002C
:10BAE0001B5B33366D5B25735D2043616C63756C46
:10BAF0006174696E67206B65792066726F6D207363
:10BB00006565643A203078253038581B5B306D0D00
:10BB10000A0000001B5B33366D5B25735D205365A7
:10BB200065642062797465733A2025303258202587
:10BB3000303258202530325820253032581B5B30A7
:10BB40006D0D0A001B5B33366D5B25735D20436111
:10BB50006C63756C61746564206B65793A2030782C
:10BB6000253038581B5B306D0D0A00001B5B3336E7
:10BB70006D5B25735D204B65792062797465733A3E
:10BB80002025303258202530325820253032582098
:10BB9000253032581B5B306D0D0A00001B5B3333C0
:10BBA0006D5B25735D20556E6B6E6F776E2044491B
:10BBB000443A203078253034581B5B306D0D0A0034
:10BBC0006C0903001B5B33366D5B25735D2052658A
:10BBD00061642044494420307825303458203D2089
:10BBE0003078253034581B5B306D0D0A00000000A2
:10BBF0001B5B33336D5B25735D2053656E64204E94
:10BC000052433A205349443D3078253032582C2055
:10BC10004E52433D3078253032581B5B306D0D0A53
:10BC20000000000003F1DA181B5B33326D5B2573F3
:10BC30005D203E3E3E2048616E646C652030783168
:10BC4000302028446961676E6F737469632053659F
:10BC50007373696F6E20436F6E74726F6C291B5B18
:10BC6000306D0D0A000000001B5B33316D5B2573E6
:10BC70005D204C656E677468206572726F723A2041
:10BC80006C656E3D2564203C20321B5B306D0D0AD7
:10BC9000000000001B5B33366D5B25735D20737500
:10BCA000625F66756E633D3078253032581B5B30BD
:10BCB0006D0D0A001B5B33336D5B25735D2053757F
:10BCC000622D66756E6374696F6E206E6F7420737B
:10BCD0007570706F727465643A2030782530325810
:10BCE0001B5B306D0D0A00001B5B33326D5B2573EF
:10BCF0005D20526571756573743A2044454641551F
:10BD00004C542073657373696F6E1B5B306D0D0A45
:10BD1000000000001B5B33326D5B25735D205265B4
:10BD200071756573743A2050524F4752414D4D49D9
:10BD30004E472073657373696F6E1B5B306D0D0A20
:10BD4000000000000324AFF20442A4A10020FDF78C
:10BD5000C5FAAD4E4FF000094FF0010A012C04D096
:10BD6000032C22D0022C39D049E03378AFF22C4298
:10BD7000A6A10020FDF7B2FA86F800A086F801908F
:10BD800086F81090C6F80C90C6F8089001F047FEAF
:10BD9000002834D001F040FE806A8047AFF25C4258
:10BDA000A6A10020FDF79AFA29E03078012806D0F4
:10BDB000AFF27042B0A10020FDF790FA1FE0AFF2A1
:10BDC0007C42BAA10020FDF789FA0320307086F882
:10BDD000019086F81090C6F80C9010E03378AFF21E
:10BDE0009C42BFA10020FDF779FA0220307086F84E
:10BDF000019086F81090C6F80C90C6F808903D7037
:10BE000088F800A03378AFF2C442C2A10020FDF749
:10BE100065FA98F8000000903B78AFF2D842C7A1CD
:10BE20000020FDF75BFABDE8F88F2DE9F04190B0F6
:10BE300005460C4690461E46CE4F3B68CEA2D0A18A
:10BE40000020FDF74BFA022C0CD2AFF20852DBA116
:10BE50000020FDF743FA297810B01322BDE8F04125
:10BE6000002015E56C78C4A22346DCA10020FDF774
:10BE700035FA012C0FD0032C0DD02346AFF23C52E3
:10BE8000E0A10020FDF72AFA297810B01222BDE8BF
:10BE9000F0410020FCE4386858B1B7A2E649002020
:10BEA000FDF71CFA88F800400120307010B0BDE8A2
:10BEB000F081B1A2E1490020FDF710FA02A8FDF7D8
:10BEC000CCFE08990398CDE90001ABA2DC49002023
:10BED000029BFDF703FADB48029B83420CD1112041
:10BEE000089002A8FDF7CAFE4FF48033A2A2D6A1A3
:10BEF0000020FDF7F3F904E09FA2E3490020FDF7DD
:10BF0000EDF90020307064239BA2E0A1FDF7E6F973
:10BF1000EC4964200860C9E7F8B506460C461546AA
:10BF20001F46AFF2E052E8A10020FDF7D7F9032C3D
:10BF30000CD22346AFF2F452EEA10020FDF7CEF969
:10BF40003178BDE8F84013220020A1E4B078717880
:10BF500040EA01242346AFF21462F1A10020FDF76C
:10BF6000BDF9B4F5704F14D04FF20100844210D0E7
:10BF7000A4F5704002380CD02346AFF23862EFA12E
:10BF80000020FDF7ABF93178BDE8F8403122002000
:10BF90007EE42046FFF756FC210A29706C70010AE6
:10BFA000A970E870042139702346AFF268620090EE
:10BFB000EDA10020FDF792F9F8BD38B504460D4615
:10BFC000AFF28062F5A10020FDF788F9052D03D2BC
:10BFD0002B46AFF29062F9E103E200001B5B3332C3
:10BFE0006D5B25735D20526571756573743A2045EC
:10BFF0005854454E4445442073657373696F6E1BF6
:10C000005B306D0D0A000000D06900201B5B3332ED
:10C010006D5B25735D2053657373696F6E20636874
:10C02000616E67653A202564202D3E2044454641D7
:10C03000554C541B5B306D0D0A0000001B5B333206
:10C040006D5B25735D20446F776E6C6F6164206D4E
:10C050006F64756C65207265736574206F6E204423
:10C06000454641554C542073657373696F6E1B5B75
:10C07000306D0D0A000000001B5B33366D5B2573CD
:10C080005D20416C726561647920696E2045585469
:10C09000454E4445442073657373696F6E2C206B65
:10C0A0006565701B5B306D0D0A0000001B5B333251
:10C0B0006D5B25735D2053657373696F6E206368D4
:10C0C000616E67653A2044454641554C54202D3EEB
:10C0D00020455854454E4445441B5B306D0D0A00C5
:10C0E0001B5B33326D5B25735D2053657373696F22
:10C0F0006E206368616E67653A202564202D3E20BE
:10C1000050524F4752414D4D494E471B5B306D0DCC
:10C110000A0000001B5B33326D5B25735D205265A6
:10C1200073706F6E73653A2073657373696F6E3DDC
:10C1300025641B5B306D0D0A000000001B5B333271
:10C140006D5B25735D20526573706F6E736520643F
:10C1500061746120746F2073656E643A205B30787F
:10C16000253032585D2C206C656E3D25641B5B309C
:10C170006D0D0A0008ED00E04D41494E0000000041
:10C180001B5B33366D5B25735D203E3E3E20486170
:10C190006E646C652030783131202845435520523B
:10C1A00065736574292C2056544F523D30782530E4
:10C1B00038580D0A1B5B306D0D0A00001B5B3331D4
:10C1C0006D5B25735D204C656E67746820657272C7
:10C1D0006F721B5B306D0D0A000000001B5B333675
:10C1E0006D5B25735D20202072657365745F7479C3
:10C1F00070653D3078253032580D0A1B5B306D0D6F
:10C200000A0000001B5B33336D5B25735D205265B4
:10C210007365742074797065206E6F742073757007
:10C22000706F727465643A203078253032581B5B29
:10C23000306D0D0A0000000080040300C4040300F8
:10C2400030040300005344551B5B33366D5B25738C
:10C250005D20202070656E64696E675F7369643D60
:10C2600030783131207772697474656E20746F2074
:10C27000666C617368206174203078253038580D01
:10C280000A1B5B306D0D0A00E00303001B5B3336B5
:10C290006D5B25735D20202044656C6179656420A9
:10C2A0007265736574207363686564756C6564207A
:10C2B000696E202564206D730D0A1B5B306D0D0ABD
:10C2C000000000001C83FF1F1B5B33326D5B257376
:10C2D0005D203E3E3E2048616E646C6520307832C1
:10C2E000322028526561642044617461291B5B30EF
:10C2F0006D0D0A001B5B33316D5B25735D204C6552
:10C300006E677468206572726F723A206C656E3D5C
:10C310002564203C20331B5B306D0D0A00000000BB
:10C320001B5B33366D5B25735D204449443D30789B
:10C33000253034581B5B306D0D0A00001B5B333316
:10C340006D5B25735D20444944206F7574206F66D2
:10C350002072616E67653A203078253034581B5B57
:10C36000306D0D0A000000001B5B33326D5B2573DE
:10C370005D20526573706F6E73653A204449443D89
:10C380003078253034582C2056616C75653D3078F6
:10C39000253034581B5B306D0D0A00001B5B3332B7
:10C3A0006D5B25735D203E3E3E2048616E646C658A
:10C3B00020307832452028577269746520446174B2
:10C3C00061291B5B306D0D0A00000000F5A1002003
:10C3D000FCF784FF2178BDE8384013220020FFF7E6
:10C3E00057BAA078617840EA01252079E17840EADF
:10C3F00001202B46AFF6B4220090F5A10020FCF7F7
:10C400006DFFFE480378032B0ED0022B0CD0AFF645
:10C41000CC22FB490020FCF761FF2178BDE83840C1
:10C4200022220020FFF734BA4378022B0CD0AFF65B
:10C43000EC22F4A10020FCF751FF2178BDE8384040
:10C4400033220020FFF724BAB5F5704F14D06FF4F3
:10C450007040281810D001280ED02B46AFF61C32A1
:10C46000AFF6C8010020FCF739FF2178BDE838405D
:10C4700031220020FFF70CBA2B46AFF63832EEA17E
:10C480000020FCF72BFF2178BDE838403122002046
:10C49000FFF7FEB92DE9FC5F0446884615461F46A6
:10C4A000AFF66032F0A10020FCF718FFDFF84C93E4
:10C4B000D9F8040099F80110CDE9001099F800307E
:10C4C000AFF68032F5490020FCF708FFB8F1020F03
:10C4D0000FD24346AFF69432AFF674010020FCF75A
:10C4E000FDFE217802B01322BDE8F05F0020FFF7C7
:10C4F000CFB966783346AFF6B432AFF668010020A4
:10C50000FCF7ECFE99F80030032B0FD0022B0DD076
:10C51000AFF6D032E2490020FCF7E0FE217802B00D
:10C520002222BDE8F05F0020FFF7B2B9D9F8080079
:10C5300078B1D9F80830AFF6F432DAA10020FCF770
:10C54000CDFE217802B03722BDE8F05F0020FFF772
:10C550009FB9F0074FF0010B56D0AFF61842DDA19E
:10C560000020FCF7BBFE99F801304FF00508012BC5
:10C570000ED04BB3AFF63442DEA10020FCF7AEFE86
:10C58000217802B02422BDE8F05F0020FFF780B9D7
:10C59000AFF65042E7490020D9F80C30FCF79EFE78
:10C5A0002E70D9F80C00000E6870D9F80C00000C41
:10C5B000A870B9F80C00000AE87099F80C0028710E
:10C5C00087F80080BDE8FC9FFFF7DCF8C9F80C0095
:10C5D00089F801B00346AFF69442D7A10020FCF7DA
:10C5E0007DFE2E70D9F80C00000E6870D9F80C0092
:10C5F000000CA870B9F80C00000AE87099F80C005B
:10C60000287187F80080DDE7AFF6C842D4A100208A
:10C61000FCF764FE99F80130022B0FD0012B17D0E4
:10C62000AFF6E042D5A10020FCF758FE217802B019
:10C630002422BDE8F05F0020FFF72AB9AFF6FC42E4
:10C64000DCA10020FCF74AFE2E7087F800B0B9E7A5
:10C65000B8F1060F0ED24346AFF61852E2A1002001
:10C66000FCF73CFE217802B01322BDE8F05F002009
:10C67000FFF70EB96079A17840EA0168E078217986
:10C68000000440EA012048EA00084346AFF64C5255
:10C69000E1A10020FCF722FED9F80C00FFF784F896
:10C6A00003464FF0000A984518D1AFF66852E4A14E
:10C6B0000020FCF713FE022089F8010089F810A081
:10C6C000C9F808A02E7087F800B0AFF6885202B003
:10C6D000E5A1BDE8F05F0020FCF700BEAFF69C527C
:10C6E000EAA10020CDF80080FCF7F8FD99F81000D1
:10C6F000401CC3B289F8103089F801A0C9F80CA019
:10C7000099F81E00834213D364204343C9F80830CC
:10C71000D9F80830AFF6D452EBA10020FCF7DEFDCB
:10C72000217802B03622BDE8F05F0020FFF7B0B8F4
:10C73000AFF6F0520090F1A10020FCF7CFFD217878
:10C7400002B03522BDE8F05F0020FFF7A1B82DE967
:10C75000F04105460F4690461E460024AFF61C6287
:10C76000EEA10020FCF7BAFD022F00D36C7884B153
:10C77000802C0ED02346AFF63462AFF6C8210020DD
:10C78000FCF7ACFD2978BDE8F04112220020FFF74C
:10C790007FB8802C04D000203070AFF65862D5E10D
:10C7A000D9E100001B5B33316D5B25735D204C6567
:10C7B0006E677468206572726F723A206C656E3DA8
:10C7C0002564203C20351B5B306D0D0A0000000005
:10C7D0001B5B33366D5B25735D204449443D3078E7
:10C7E000253034582C2056616C75653D30782530E5
:10C7F00034581B5B306D0D0A00000000D06900202A
:10C80000440A03001B5B33336D5B25735D20536566
:10C81000637572697479206C6F636B656421207332
:10C82000656375726974795F73746174653D2564BD
:10C830001B5B306D0D0A00001B5B33336D5B257392
:10C840005D20577269746520746F20726561642D74
:10C850006F6E6C79204449443A2030782530345842
:10C860001B5B306D0D0A00001B5B33326D5B257363
:10C870005D203E3E3E2048616E646C65203078321B
:10C880003720285365637572697479204163636545
:10C890007373291B5B306D0D0A0000008C0A0300C6
:10C8A000FC0903001B5B33336D5B25735D2053650F
:10C8B0006375726974792064656C61792061637451
:10C8C0006976653A202564206D731B5B306D0D0A17
:10C8D000000000001B5B33326D5B25735D205265E9
:10C8E000717565737420736565641B5B306D0D0A2B
:10C8F000000000001B5B33336D5B25735D205772B6
:10C900006F6E6720737461746520666F7220736543
:10C910006564207265717565737421207365637534
:10C92000726974795F73746174653D25641B5B3053
:10C930006D0D0A00B80903001B5B33326D5B257374
:10C940005D20536565642067656E6572617465641A
:10C950003A203078253038581B5B306D0D0A0000C6
:10C960001B5B33326D5B25735D2053656E64206BFA
:10C9700065791B5B306D0D0A000000001B5B3333D3
:10C980006D5B25735D2057726F6E672073746174E1
:10C990006520666F72206B657921207365637572FF
:10C9A0006974795F73746174653D25641B5B306DD8
:10C9B0000D0A00001B5B33336D5B25735D204475EE
:10C9C000706C69636174652053656E644B65792C86
:10C9D00020616C726561647920756E6C6F636B6544
:10C9E000641B5B306D0D0A001B5B33316D5B25737F
:10C9F0005D204B6579206C656E6774682065727286
:10CA00006F723A206C656E3D2564203C20361B5BBE
:10CA1000306D0D0A000000001B5B33366D5B257323
:10CA20005D205265636569766564206B65793A209F
:10CA30003078253038581B5B306D0D0A000000003F
:10CA40001B5B33326D5B25735D204B65792056414E
:10CA50004C49442120556E6C6F636B696E672E2EB6
:10CA60002E1B5B306D0D0A001B5B33326D5B257333
:10CA70005D20536563757269747920756E6C6F63A0
:10CA80006B6564211B5B306D0D0A00001B5B33334B
:10CA90006D5B25735D204B657920494E56414C49AD
:10CAA00044212065787065637465643D3078253075
:10CAB00038582C20676F743D3078253038581B5B10
:10CAC000306D0D0A000000001B5B33336D5B257376
:10CAD0005D204D617820617474656D70747320728F
:10CAE000656163686564212064656C61793D2564D6
:10CAF000206D731B5B306D0D0A0000001B5B333330
:10CB00006D5B25735D20417474656D7074733A209C
:10CB100025642F25641B5B306D0D0A001B5B3336CB
:10CB20006D5B25735D203E3E3E2048616E646C6502
:10CB300020307833452028546573746572507265CF
:10CB400073656E74291B5B306D0D0A00BDE8F04102
:10CB5000E4A1FCF7C3BB88F8004001203070BDE8B9
:10CB6000F041E74AE7A10020FCF7B8BB2DE9F0410E
:10CB700005460E4614461F46E14AEDA10020FCF78B
:10CB8000ADFB022E0CD2DE4AAFF6D0110020FCF72E
:10CB9000A5FB2978BDE8F04113220020FEF778BEFE
:10CBA0006B78012B0ED0022B0CD0D54AAFF6FC616E
:10CBB0000020FCF793FB2978BDE8F0411222002009
:10CBC000FEF766BE237000206070A070E070042045
:10CBD0003870BDE8F041CA4AE0A10020FCF77EBBF6
:10CBE00070B506460C461D46C54AE5A10020FCF777
:10CBF00075FB3CB100202870BDE87040C04AEBA135
:10CC0000FCF76CBB3178BDE8704013220020FEF7C2
:10CC10003FBEF0B58FB004460D4617461E46B84AD3
:10CC2000E9A10020FCF75AFB042D0DD22B46B44A93
:10CC3000F2A10020FCF752FB21780FB01322BDE8CF
:10CC4000F0400020FEF724BEA078617840EA01237E
:10CC5000E578AB4AF4A100200095FCF73FFBFE48C5
:10CC60004378022B0CD0A64AFC490020FCF736FB87
:10CC700021780FB03322BDE8F0400020FEF708BE57
:10CC8000F74801684FF4D033012499420DD0006871
:10CC9000B0F5882F09D03D7034700FB0984ABDE8C8
:10CCA000F040F0A10020FCF719BB382101A801F0E9
:10CCB00045F9FB48019002943120079001A8FCF748
:10CCC000DDFF002030708E4AF649FCF707FBF6497D
:10CCD000642008600FB0F0BD2DE9F84304460D460E
:10CCE00017469846864AF1A10020FCF7F7FADA4881
:10CCF0000378022B0BD0824AF9490020FCF7EEFAA8
:10CD00002178BDE8F8437F220020FEF7C1BD4378BB
:10CD1000022B0BD07A4AF3490020FCF7DFFA217886
:10CD2000BDE8F84333220020FEF7B2BD00F077FEE5
:10CD3000B0B1A078020900F00F0322B1042A02D892
:10CD40000BB1042B18D903466D4AE7A10020FCF76C
:10CD5000C5FA2178BDE8F84331220020FEF798BDDE
:10CD6000674AEFA10020FCF7B9FA2178BDE8F84343
:10CD700022220020FEF78CBDD018C01CC1B2A942EF
:10CD80000DD900902B465E4AF2A10020FCF7A6FACE
:10CD90002178BDE8F84313220020FEF779BD002674
:10CDA000002005E02118C97841EA0626401CC0B2DF
:10CDB0009042F7D30025002006E011182144C978DD
:10CDC00041EA0525401CC0B29842F6D333464C4A8E
:10CDD000EBA100200095FCF781FA00F01DFE4268EF
:10CDE00029463046904705468DB12846FEF7E8FBB8
:10CDF00006462B46424AF24900200096FCF76EFA9E
:10CE000021783246BDE8F8430020FEF741BD4020BE
:10CE1000387000207870022088F80000BDE8F843E0
:10CE2000374AE8A10020FCF759BA38B504467F22FA
:10CE30008DF800208DF8011078228DF802200B4625
:10CE40002F4AEFA10020FCF749FA03236A46F9496B
:10CE50002046FEF733FA002038BD2DE9F84304469A
:10CE60000D4616461F46264AF3A10020FCF736FA67
:10CE700079480378022B0BD0214AFB490020FCF7AC
:10CE80002DFA2178BDE8F8437F220020FEF700BD8F
:10CE90004378022B0BD01A4AF4490020FCF71EFA03
:10CEA0002178BDE8F84333220020FEF7F1BC00F002
:10CEB000B6FD78B1022D13D2114A2B4602F5497105
:10CEC0000020FCF70BFA2178BDE8F843132200207C
:10CED000FEF7DEBC0A4A92A10020FCF7FFF9C7E189
:10CEE000CDE100001B5B33366D5B25735D204E6F1B
:10CEF00020726573706F6E73651B5B306D0D0A0079
:10CF000044B902001B5B33366D5B25735D205265AF
:10CF100073706F6E73652077697468207375625FD4
:10CF200066756E633D307838301B5B306D0D0A00DE
:10CF30001B5B33366D5B25735D203E3E3E204861B2
:10CF40006E646C6520307831392028526561642028
:10CF5000445443291B5B306D0D0A00001B5B3336C4
:10CF60006D5B25735D20526573706F6E73653A203B
:10CF70006E6F204454431B5B306D0D0A00000000AF
:10CF80001B5B33366D5B25735D203E3E3E20486162
:10CF90006E646C6520307831342028436C65617292
:10CFA00020445443291B5B306D0D0A001B5B333258
:10CFB0006D5B25735D2044544320636C656172652D
:10CFC000641B5B306D0D0A001B5B33326D5B257398
:10CFD0005D203E3E3E2048616E646C6520307833B3
:10CFE000312028526F7574696E6520436F6E7472BC
:10CFF0006F6C291B5B306D0D0A0000001B5B333129
:10D000006D5B25735D204C656E6774682065727278
:10D010006F723A206C656E3D2564203C20341B5BAA
:10D02000306D0D0A000000001B5B33366D5B25730D
:10D030005D205249443D3078253034582C206374AB
:10D04000726C5F747970653D3078253032581B5BA7
:10D05000306D0D0A00000000D0690020400603007A
:10D0600008ED00E01B5B33326D5B25735D20526F72
:10D070007574696E6520436F6E74726F6C3A2042EE
:10D080006F6F7420736C6F742073657420746F20DD
:10D090003078253038581B5B306D0D0A00000000D9
:10D0A000005344551C0B03001C83FF1F1B5B3332D2
:10D0B0006D5B25735D203E3E3E2048616E646C656D
:10D0C000203078333420285265717565737420449C
:10D0D0006F776E6C6F6164291B5B306D0D0A000009
:10D0E00028070300F40503001B5B33316D5B2573D8
:10D0F0005D20496E76616C696420616464722F738F
:10D10000697A65206C656E6774683A20616C66693F
:10D110003D3078253032581B5B306D0D0A00000021
:10D120001B5B33336D5B25735D20446F776E6C6FD3
:10D13000616420696E74657266616365206E6F74E8
:10D1400020726567697374657265641B5B306D0D71
:10D150000A0000001B5B33316D5B25735D204C655D
:10D160006E677468206572726F723A206C656E3DEE
:10D170002564203C2025641B5B306D0D0A000000F7
:10D180001B5B33326D5B25735D2052657175657372
:10D190007420646F776E6C6F61643A2061646472AE
:10D1A0003D3078253038582C2073697A653D2564E8
:10D1B0002062797465731B5B306D0D0A00000000FE
:10D1C000E40803001B5B33326D5B25735D20446F05
:10D1D000776E6C6F61642061636365707465642C45
:10D1E000206D617820626C6F636B2073697A653D96
:10D1F0003078343030301B5B306D0D0A0000000099
:10D200001B5B33326D5B25735D2053656E6420724A
:10D210006573706F6E73652070656E64696E673AD2
:10D22000205349443D3078253032581B5B306D0D1A
:10D230000A00000003F1DA181B5B33366D5B2573BF
:10D240005D203E3E3E2048616E646C652030783340
:10D250003620285472616E73666572204461746171
:10D26000291B5B306D0D0A00D8060300A8050300DA
:10D270002178BDE8F84322220020FEF709BB94F88C
:10D280000180AD1EADB24346DD4ADEA1002000950F
:10D29000FCF724F800F0C0FB81462A46D9F8083094
:10D2A000A11C4046984705468DB12846FEF788F9EF
:10D2B00006462B46D24AE04900200096FCF70EF8BD
:10D2C00021783246BDE8F8430020FEF7E1BAD9F8EC
:10D2D0003000804748B1CA4AD8A10020FBF7FEFFC2
:10D2E0002178BDE8F84300209FE57620307086F86D
:10D2F000018002203870BDE8F843C14ADEA1002059
:10D30000FBF7ECBF70B50D46A2B0064611461C46B1
:10D310007F2C09D92346BA4AE7A10020FBF7DEFF9C
:10D320004FF0FF3022B070BD40358DF8085024B169
:10D3300022460DF1090000F0E8FD641CE4B22B4622
:10D34000AF4AE7A100200094FBF7C8FF234602AADA
:10D35000F0493046FDF7B2FF0020E3E7F8B5044698
:10D360001F46A74AECA10020FBF7B8FFF848037856
:10D37000022B0BD0A24AF7490020FBF7AFFF217820
:10D38000BDE8F8407F220020FEF782BA4378022BE6
:10D390000BD09B4AF0490020FBF7A0FF2178BDE8A5
:10D3A000F84033220020FEF773BA00F038FBC0B11A
:10D3B00000F032FB0646F06880470546F5B1284686
:10D3C000FEF7FEF806462B468D4AE44900200096FB
:10D3D000FBF784FF21783246BDE8F8400020FEF7D5
:10D3E00057BA874AAFF2C8210020FBF777FF2178B0
:10D3F000BDE8F84022220020FEF74ABA306B804791
:10D4000048B17F4AD6A10020FBF768FF2178BDE82C
:10D41000F840002009E5002321781A461846FFF756
:10D4200071FF00203870BDE8F840754ADBA1FBF7BA
:10D4300055BF2DE9F041A8B080460F4616461C4660
:10D4400000200790DF484FF0FF3587420ED0DE49BD
:10D450008F420BD0CDE900013B46694ADB490020F1
:10D46000FBF73CFF284628B0BDE8F081002E34D001
:10D47000002C32D031780D46B379F27996F805C098
:10D480003079CDE904C306920390B278F0787378CE
:10D49000CDE9003202900B46594ACD490020FBF7F6
:10D4A0001DFFFEF762F92B46554ACAA100200094E1
:10D4B000FBF714FF3B46524AD4A10020FBF70EFFB6
:10D4C0002E2D59D015DC192D41D00DDC102D29D071
:10D4D000112D2ED0142D18D132E0494AD6A10020AA
:10D4E000FBF7FCFE2846BEE7222D37D0272D0CD1B6
:10D4F0003BE0362D55D004DC312D44D0342D04D101
:10D5000048E0372D54D03E2D59D02B463C4AD4A16B
:10D510000020FBF7E3FE112229464046FEF7B8F94A
:10D520000020A0E7E1B207AB08AA3046FEF7C8F931
:10D530004BE0E1B207AB08AA3046FEF776FC44E0C8
:10D54000E1B207AB08AA3046FFF74AFB3DE0E1B283
:10D5500007AB08AA3046FFF709FB36E0E1B207AB9C
:10D5600008AA3046FEF7D8FC2FE0E1B207AB08AAC4
:10D570003046FEF78FFF28E0E1B207AB08AA30463D
:10D58000FEF71BFD21E0E1B207AB08AA3046FFF72A
:10D5900040FB1AE0E1B207AB08AA3046FFF79CFB5C
:10D5A00013E007AB08AA21463046FFF756FC0CE013
:10D5B000E1B207AB08AA3046FFF7D0FE05E0E1B2C2
:10D5C00007AB08AA3046FFF7C2F89DF81C3023B11C
:10D5D00008AA29464046FFF795FE002043E75C482D
:10D5E000007870475A4840787047012805D00228D3
:10D5F00004D0032803D0A5A070474BE14FE14BE1D5
:10D6000044B902001B5B33366D5B25735D20547299
:10D61000616E7366657220646174613A207365712E
:10D620003D25642C20646174615F6C656E3D2564EA
:10D630001B5B306D0D0A0000A00803001B5B33323A
:10D640006D5B25735D205472616E73666572206434
:10D650006174613A2070656E64696E6720726573EB
:10D66000706F6E736520284E52432030783738290A
:10D670001B5B306D0D0A00001B5B33366D5B257341
:10D680005D205472616E73666572206461746120FE
:10D6900061636365707465642C20706F736974696D
:10D6A000766520726573706F6E73652073656E7436
:10D6B0001B5B306D0D0A00001B5B33316D5B257306
:10D6C0005D20526573706F6E736520746F6F206C90
:10D6D0006F6E673A2025641B5B306D0D0A000000F9
:10D6E0001B5B33366D5B25735D2053656E64207262
:10D6F0006573706F6E73653A205349443D307825E9
:10D700003032582C206C656E3D25641B5B306D0DEE
:10D710000A00000003F1DA181B5B33326D5B2573DE
:10D720005D203E3E3E2048616E646C65203078335B
:10D7300037202852657175657374205472616E7359
:10D740006665722045786974291B5B306D0D0A008F
:10D75000D06900207C0703008C0603002809030021
:10D760001B5B33326D5B25735D205472616E736693
:10D77000657220657869743A2070656E64696E67B9
:10D7800020726573706F6E736520284E524320308F
:10D79000783738291B5B306D0D0A00001B5B333274
:10D7A0006D5B25735D205472616E736665722065D2
:10D7B0007869742061636365707465641B5B306DA8
:10D7C0000D0A0000F103DA18F0FFDB18640503000E
:10D7D000580803001B5B33326D5B25735D203D3DB4
:10D7E0003D2055445320526563656976653A205360
:10D7F00049443D3078253032582C206C656E3D25EB
:10D8000064203D3D3D1B5B306D0D0A001B5B3336D4
:10D810006D5B25735D2043414E2049443A203078AA
:10D820002530385820286D617463686564291B5B56
:10D83000306D0D0A000000001B5B33316D5B2573FA
:10D840005D20496E76616C696420726563656976F6
:10D850006520646174611B5B306D0D0A000000007F
:10D860001B5B33336D5B25735D20534944206E6F22
:10D870007420737570706F727465643A2030782507
:10D880003032581B5B306D0D0A000000554E4B4E78
:10D890004F574E000C48AFE60B480830ACE60A483C
:10D8A0002438A9E6002806D0012807D0022808D08D
:10D8B000AFF22800A0E6044814389DE602480C3870
:10D8C0009AE60148303897E66CBA0200092818D267
:10D8D000DFE800F00507090B0D0F111315000020FC
:10D8E00070470120704702207047032070470420D2
:10D8F00070470520704706207047072070470820B2
:10D9000070470A207047072811D2DFE800F00410A2
:10D9100006080A0C0E000020704701207047022004
:10D92000704703207047042070470520704700208F
:10D93000704710B50020FCF72EFB002010BD10B57D
:10D94000FCF755FBBDE81040C0E710B5FCF7AEFB97
:10D95000BDE81040BAE710B5FCF70FFCBDE8104079
:10D96000B4E710B5FCF770FDBDE81040AEE710B5A8
:10D97000FCF786FDBDE81040A8E710B5FCF797FD61
:10D98000BDE81040BFE71FB504466846FCF792FDAE
:10D99000002C08D000982060019860600298A06078
:10D9A0009DF80C0020731FBD10B5FCF798FDBDE875
:10D9B00010408BE7FCF7B2BDFCF7BFBDFCF7C6BD5E
:10D9C000FCF7C5BD10B50C46002C0AD0B0F5704F61
:10D9D00009D06FF4704140180AD001280DD0002002
:10D9E00010BD002010BDFCF77DFD2060012010BDA2
:10D9F000FCF782FD2060012010BDFCF786FD206051
:10DA0000012010BD002806D01049086010A211A105
:10DA10000020FBF763BC70470C48006870470B4858
:10DA20000068002800D00120704710B508A215A199
:10DA30000020FBF753FC2248FFF7E4FFBDE810404D
:10DA400003A220A10020FBF749BC00001083FF1FA8
:10DA5000444C00001B5B33326D5B25735D20446FCB
:10DA6000776E6C6F616420696E7465726661636560
:10DA700020726567697374657265641B5B306D0D38
:10DA80000A0000001B5B33326D5B25735D203D3D5A
:10DA90003D204669726D7761726520446F776E6CC8
:10DAA0006F616420496E7465726661636520496EBA
:10DAB0006974203D3D3D1B5B306D0D0A0000000088
:10DAC00034FD02001B5B33326D5B25735D203D3DF1
:10DAD0003D204669726D7761726520446F776E6C88
:10DAE0006F616420496E7465726661636520496E7A
:10DAF000697420446F6E65203D3D3D1B5B306D0DAC
:10DB00000A0000003EB504460020029002A84849E1
:10DB1000CDE90010237A04F1090200202168FDF705
:10DB20007EFA002805D1BDF80830414A2168FFF788
:10DB300080FC3EBD7FB50020009001908DF808006C
:10DB40003C48039000243C4D55F824000090684662
:10DB5000FBF7ABFE30B955F8243038A23949002024
:10DB6000FBF7BCFB641CE4B2042CEDD333A236A15A
:10DB70000020FBF7B3FB7FBD10B530A240A1002011
:10DB8000FBF7ACFB0020FDF7D1F8FFF7D3FF002037
:10DB9000FCF701FAFFF749FFFDF731FDBDE8104042
:10DBA00026A243A10020FBF799BB10B5FAF70FFBA3
:10DBB000002421464A4A137843B1137814701FA2F7
:10DBC00048490020FBF78AFB00F025F8D2E9024320
:10DBD00044404B401C430ED0C2E90201506820B1C2
:10DBE0005068401E5060506858B1FDF7D2F8FDF7FC
:10DBF00061FDFDF79AFBFCF7A9FCBDE81040FBF7BF
:10DC000041BE0EA238A10020FBF768FB00F003F82C
:10DC1000FCF75CB87047BFF34F8F40480168404A3B
:10DC200001F4E06111430160BFF34F8F00BFFDE7D6
:10DC3000F869002005DB02006CFD02004D41494EF1
:10DC400000000000B80B03001B5B33366D5B2573CF
:10DC50005D2049534F54503A20342043414E2049CF
:10DC6000442052582066696C74657273207265672F
:10DC7000697374657265640D0A1B5B306D0D0A0073
:10DC80001B5B33366D5B25735D203D3D3D20554468
:10DC90005320537461636B20496E6974205374611F
:10DCA0007274203D3D3D0D0A1B5B306D0D0A000076
:10DCB0001B5B33366D5B25735D203D3D3D20554438
:10DCC0005320537461636B20496E697420446F6EF6
:10DCD00065203D3D3D0D0A1B5B306D0D0A000000C7
:10DCE0001883FF1F680B03001B5B33366D5B2573C6
:10DCF0005D2044656C61796564207265736574208C
:10DD0000646F6E652C20726573657474696E672E1E
:10DD10002E2E0D0A1B5B306D0D0A00000CED00E08D
:10DD20000400FA0500B587B03549019101218DF84D
:10DD3000081000218DF809108DF80A108DF80B10CD
:10DD400008228DF80C208DF80D00069101A8FBF734
:10DD500032FD07B000BD2B49884208D02A498842CD
:10DD600005D02A49884202D02949884201D10120A0
:10DD7000704700207047FEB505460C4616462548FC
:10DD8000854205D1002E02D0234920780870FEBDBF
:10DD900022480027854219D1002EF8D0207820494A
:10DDA000012801D040B10DE0012008701DA21FA183
:10DDB0000020FBF793FA05E00F701AA22AA10020B9
:10DDC000FBF78CFA2078FFF7ADFFFEBD2846FFF782
:10DDD000C2FF0028F9D0029702A83249CDE900100D
:10DDE0003346224629460020FDF719F90028ECD1D8
:10DDF000BDF808302B4A2946FFF71BFBFEBD00008B
:10DE00005555EF18F103DA1803F1DA18F0FFDB18B3
:10DE10001881FF185858FF181883FF1F5555FF1811
:10DE20002883FF1F4D41494E000000001B5B333625
:10DE30006D5B25735D205B544553545D20535744FF
:10DE40005420666565642044495341424C45442052
:10DE5000627920307831384646353535350D0A1B24
:10DE60005B306D0D0A0000001B5B33366D5B257364
:10DE70005D205B544553545D2053574454206665E0
:10DE8000656420454E41424C4544206279203078FB
:10DE900031384646353535350D0A1B5B306D0D0A78
:10DEA00000000000FC7900202DE9F05F054600200D
:10DEB00092469B4688460646814640241BE02846FB
:10DEC00041464746224600F0E0F853465A46C01AFB
:10DED000914110D311461846224600F0C7F82D1A7A
:10DEE00067EB01084F4622460120002100F0BEF8F2
:10DEF00017EB00094E41201EA4F10104DFDC484667
:10DF000031462A464346BDE8F09F40EA01039B079D
:10DF100003D009E008C9121F08C0042AFAD203E09E
:10DF200011F8013B00F8013B521EF9D27047D2B202
:10DF300001E000F8012B491EFBD270470022F6E7F2
:10DF400010B513460A4604461946FFF7F0FF20466F
:10DF500010BD421E12F8013F002BFBD111F8013B0E
:10DF600002F8013B002BF9D1704710B5044604E0DC
:10DF70000B7800F8013B03B1491C521EF8D2204631
:10DF800010BD421C10F8011B0029FBD1801A7047FC
:10DF900010B5002200E0521C835C8C5CA34201D1CE
:10DFA000002BF8D1D8B2E1B2401A10BD30B504460A
:10DFB0000020034600E05B1C934203D2E05CCD5C92
:10DFC000401BF8D030BD30B505460020034600E0C8
:10DFD0005B1C934205D2EC5CC85C201A01D1002C7A
:10DFE000F6D130BD00F0004230F000400AD0C10D43
:10DFF00001F56071C0F3160042EA0151C208400702
:10E0000011437047002001467047000030B5041EE0
:10E0100071F1000404DB4FF00044404264EB010165
:10E02000141E73F1000405DB1C464FF000435242FE
:10E0300063EB04038B4208BF824230BD30B5041E3F
:10E0400071F1000404DB4FF00044404264EB010135
:10E05000141E73F1000405DB1C464FF000435242CE
:10E0600063EB0403994208BF904230BD202A04DBD1
:10E07000203A00FA02F1002070479140C2F12003DB
:10E0800020FA03F3194390407047202A04DB203A1A
:10E0900021FA02F00021704721FA02F3D040C2F1C8
:10E0A000200291400843194670470000064C074D76
:10E0B00006E0E06840F0010394E807009847103458
:10E0C000AC42F6D3ECF7E0F8000C0300200C0300A0
:10E0D00070B58C1810F8015B15F0070301D110F82A
:10E0E000013B2A1106D110F8012B03E010F8016B57
:10E0F00001F8016B5B1EF9D12B0705D40023521EDA
:10E100000DD401F8013BFAE710F8013BCB1A921C41
:10E1100003E013F8015B01F8015B521EF9D5A1423F
:10E12000D8D3002070BD00000FB4054B10B503A973
:10E13000044A029800F036F810BC5DF814FB0000A9
:10E140007B8202002C83FF1F0FB4084B10B504A97B
:10E1500002AA039800F026F8044602A9002000F065
:10E160004CFA204610BC5DF814FB0000FBE50200F1
:10E170002DED020B019820F0004001909DED000B69
:10E1800002B0704702E008C8121F08C1002AFAD185
:10E1900070477047002001E001C1121F002AFBD127
:10E1A000704700002DE9FF4F8DB00F460546002651
:10E1B00006E025280BD0DDE90F1290476D1C761C78
:10E1C00028780028F5D111B03046BDE8F08F002442
:10E1D000A246A1460122E94900E0044315F8013FA7
:10E1E000203B02FA03F00842F7D128782A2810D001
:10E1F0006FF02F022878A0F13001092914D80AEB1A
:10E200008A0102EB410144F0020400EB010A6D1C9B
:10E21000F0E701CF5FEA000A03D544F40054CAF1E5
:10E22000000A44F002046D1C28782E2817D115F836
:10E23000010F44F004042A280ED06FF02F02287832
:10E24000A0F1300109290AD809EB890102EB41014B
:10E2500000EB01096D1CF2E757F8049B6D1C287850
:10E260006C280FD006DC4C2817D068280DD06A28FF
:10E2700014D104E0742810D07A280FD10DE044F4B2
:10E2800000140AE044F4801401E044F44014697876
:10E29000814202D104F580146D1C6D1C28786E2813
:10E2A0001ED00CDC632830D004DC00288BD058282A
:10E2B00011D19FE0642867D069280CD164E07328ED
:10E2C0002DD004DC6F2872D0702804D194E075281A
:10E2D0006ED078286DD0DDE90F129047761C4BE1A7
:10E2E000C4F30250022806D0032809D0042801CF25
:10E2F00009D0066040E101CFF117C0E900613BE1C0
:10E3000001CF068038E1067036E117F8040B8DF86E
:10E31000000000208DF80100EB46012003E057F8D3
:10E3200004BB4FF0FF3061074FF0000102D40DE055
:10E3300008F10101884649450FDA8045F8DB1BF8F2
:10E3400008100029F4D108E008F101018846814253
:10E35000FADB1BF808100029F6D1DDE90F23AAEB40
:10E3600008008146214600F031F9304400EB0806F0
:10E3700004E0DDE90F121BF8010B9047B8F101082A
:10E38000F7D221464846F2E00A21C4F302524FF088
:10E39000000B0891022A04D001CFC117032A09D02B
:10E3A0000AE0FF1D27F00707F7E8020108E02CE06C
:10E3B0001EE01FE000B2C117042A01D140B2C1170C
:10E3C000021E71F1000206DA0023D0EB030063EBBA
:10E3D00001012D2202E0220504D52B228DF82420F4
:10E3E000012203E0E20701D02022F7E7904653E044
:10E3F0000A210BE0102109E010214FF0000B44F03E
:10E4000004044FF00809089103E008214FF0000BC5
:10E410000891C4F30252022A04D001CF0021032A3A
:10E4200006D006E0FF1D27F00707F7E8020103E02A
:10E4300080B2042A00D1C0B24FF0000822072BD5C9
:10E440002A78702A07D0DDF820C08CF0100C5CEA26
:10E450000B0C05D00EE040228DF82420012208E0AC
:10E4600050EA010306D030238DF824308DF82520A2
:10E4700002229046089B83F0080353EA0B030BD15A
:10E4800050EA010201D1620706D530228DF824201E
:10E490004FF00108A9F101092A78582A04D038A2BE
:10E4A0000B9208AA0A920BE03AA2F9E75B46089A97
:10E4B000FFF7FAFC0B9B9B5C0A9A521E0A921370A0
:10E4C00050EA0102F2D10A98ADEB000000F1200BF6
:10E4D000600702D524F4803401E04FF00109D945EA
:10E4E00002DDA9EB0B0000E0002000EB0B01414432
:10E4F0000890AAEB010AE00306D4DDE90F232146C8
:10E50000504600F063F806444FF0000908E009A9FE
:10E5100011F80900DDE90F12904709F10109761C95
:10E52000C145F4DBE0030CD5DDE90F23214650465D
:10E5300000F04CF8064404E0DDE90F12302090476B
:10E54000761C0899481E08900029F5DC08E00A9816
:10E550000A990078491C0A91DDE90F129047761C50
:10E56000BBF10001ABF1010BF1DC21465046DDE9C6
:10E570000F2300F019F806446D1C21E6092801005C
:10E580003031323334353637383961626364656629
:10E5900000000000303132333435363738394142EB
:10E5A00043444546000000002DE9F04104460025A3
:10E5B0001E461746880404D405E039462020B0479B
:10E5C0006D1C641EF9D52846BDE8F0812DE9F041A7
:10E5D000044600251E469046C80301D5302700E0BA
:10E5E0002027880404D505E041463846B0476D1C15
:10E5F000641EF9D52846BDE8F0810A68531C0B60FB
:10E600001070704710B5002821D0114B0022001F58
:10E61000196803E0814203D80A4649680029F9D104
:10E6200052B11368841A9C4204D1006818441060E7
:10E63000104602E0506000E0186039B102680B1A21
:10E64000934203D10B681A4402604968416010BDCF
:10E650003083FF1FF0B50B30154D20F0070100246B
:10E66000144A0FE003688B420BD38B4205D95E1A24
:10E6700043184768C3E9006700E04368136002C0BD
:10E6800004E0021D10680028ECD12046002802D1C9
:10E69000286808B10020F0BD064A07481060074A04
:10E6A000121A22F00702C0E9002401202860D7E7EF
:10E6B0003483FF1F3083FF1F048A002000CA00201C
:10E6C000000100000000000002000000C80000007F
:10E6D000200000001CFE02000000000000000000FE
:10E6E0000200000002000000010000000000000025
:10E6F0000200000002000000030000000300000010
:10E700000100000000000000000000000DAA010050
:10E7100000000000010000000FAA0100000000003E
:10E720000200000011AA0100000000000300000028
:10E7300013AA010000000000010000000002000018
:10E740000000C80001000000000100000000C80037
:10E7500001000000000400000000C80001000000EB
:10E76000040000000000C8000100000002000000DA
:10E770000000C80001000000010000000000C80007
:10E780000000000001000000010000000100000086
:10E79000020000000200000002000000040000006F
:10E7A000030000000200000008000000010000005B
:10E7B0000200000000000200010000000300000051
:10E7C0000800000004000000030000000000020038
:10E7D00001000000040000004000000007000000ED
:10E7E000040000001000000005000000040000000C
:10E7F00020000000060000000400000000000200ED
:10E80000010000000700000080000000010000007F
:10E8100007000000000100000400000007000000E5
:10E8200000000200010000000500000040000000A0
:10E8300007000000050000000001000004000000C7
:10E8400005000000000002000100000006000000BA
:10E85000400000000700000006000000000100006A
:10E86000040000000600000000000200010000009B
:10E870000100000000020000080000000800000085
:10E88000000400000900000008000000000800006B
:10E89000010000000800000000000200010000006C
:10E8A00009000000000800000A0000000900000044
:10E8B00000000200010000000A000000004000000B
:10E8C0000D0000000A000000001000000B00000016
:10E8D0000A000000002000000C0000000A000000F8
:10E8E00000000200010000000D0000000080000098
:10E8F000010000000D000000000001000A000000FF
:10E900000D00000000000200010000000B000000EC
:10E91000004000000D0000000B000000000001009E
:10E920000A0000000B0000000000020001000000CF
:10E930000C000000004000000D0000000C00000072
:10E94000000001000A0000000C00000000000200AE
:10E95000010000000000000005B001000000000000
:10E960000100000005B001000000000002000000EE
:10E970007DB0010000000000030000007DB0010038
:10E9800000000000040000007DB001000000000055
:10E99000050000007DB0010000000000060000003E
:10E9A0007DB0010000000000070000007DB0010004
:10E9B00000000000080000007DB001000000000021
:10E9C000090000007DB00100000000000A00000006
:10E9D0007DB00100000000000B0000007DB00100D0
:10E9E000000000000C0000007DB0010000000000ED
:10E9F0000D0000007DB001000000000002000000DA
:10EA000003000000000000000400000003000000FC
:10EA100000000000080000000000000000000000EE
:10EA200010000000010000000000000020000000B5
:10EA300002000000000000000002000002000000D0
:10EA40000000000040000000040000000000000082
:10EA50008000000005000000000000000001000030
:10EA60000600000000000000080408000700000085
:10EA70000000000010040800080000000000000072
:10EA80002004080009000000000000000804200025
:10EA90000A00000000000000100420000B0000002D
:10EAA00000000000200420000C0000000000000016
:10EAB000400420000D000000000000000804400099
:10EAC0000E00000000000000100440000F000000D5
:10EAD00000000000200440001000000000000000C2
:10EAE00008048000110000000000000010048000F5
:10EAF000120000000000000020048000130000004D
:10EB000000000000808000001400000000000000F1
:10EB1000408000001500000000000000008100009F
:10EB200016000000000000000040008000200202EB
:10EB300002010004000204000000050100010204BB
:10EB400005030602000001000000020000000300AF
:10EB500000000000000004000000050000000600A6
:10EB6000FA000100FA000000FA000200FA000000BA
:10EB7000FA000300FA000000320001003200000039
:10EB800032000200320000003200030032000000B8
:10EB90003200040032000000C8000100C80000007C
:10EBA000C800010084030000C8000200C800000083
:10EBB000C800020084030000C8000300C800000071
:10EBC000C800030084030000C8000100C800000062
:10EBD000C8000100C8000000C8000100F4010000E6
:10EBE000C8000200C8000000C8000200C800000001
:10EBF000C8000200F4010000C8000300C8000000C3
:10EC0000C8000300C8000000C8000300F4010000B1
:10EC1000FA000100FA000200FA000100FA00030005
:10EC2000FA000200FA00030044EB020001000000B9
:10EC300048FE020048EB02000100000080FE0200D6
:10EC40004CEB020001000000B0FE020050EB02009D
:10EC50000100000054FE020054EB02000100F40128
:10EC60008CFE020058EB02000100F40160FE02007D
:10EC70005CEB02000100F401C0FE020060EB020048
:10EC80000200F40138FF020068EB02000200F40108
:10EC900048FF020070EB02000200F40158FF02007E
:10ECA00078EB02000200C800E8FE020080EB0200E0
:10ECB0000200C800F8FE020088EB02000200C80053
:10ECC00024FF020090EB02000200C8000CFF0200CB
:10ECD00098EB02000400C8006CFF0200A8EB0200E1
:10ECE0000400C8007CFF0200B8EB02000400C8006A
:10ECF0008CFF0200C8EB02000600C8006CFF020097
:10ED0000E0EB02000600C8007CFF0200F8EB020006
:10ED10000600C8008CFF020010EC02000200F401A3
:10ED200070FE020018EC02000200F401A0FE0200D6
:10ED300020EC02000200F401D4FE0200A0FF020059
:10ED4000FDB701000000000000000000000000000E
:10ED500001000000ACFF0200DDB90100000000006E
:10ED6000040001000000000001000000000000425B
:10ED7000000000410000000000000040B80B00004F
:10ED80000000000000000000000000000000000083
:10ED90000000000000000000000020410000000012
:10EDA0000000000000000000000000000000000063
:10EDB00000000000000000000000000000002041F2
:10EDC0000000000000000000000000000000000043
:10EDD0000000000000000000F0ED02006CED0200F9
:10EDE0006CEE020090ED0200E8EE0200B4ED0200CD
:10EDF000000000000000044001000000000004408A
:10EE000000002000050000000000000000000000DD
:10EE100000000000000000000000000000000000F2
:10EE200002000000000000000000000000000000E0
:10EE300000000000000000000000000000000000D2
:10EE40000100000000000F0045BF010000000000AD
:10EE500000000000000080410000000000000000F1
:10EE600000000000333353400C000000000000009D
:10EE7000000004400001000000000000000000004D
:10EE8000000000000000044000000100000100003C
:10EE90000000000000000000000000000200000070
:10EEA0000000000100000000000000000000000061
:10EEB00001000000580801400201010000010000AB
:10EEC00000000000000000000100010059BF010027
:10EED000000000000000000000409C450000000011
:10EEE000333353400C0000000000000000000440D9
:10EEF0000001000000000000000000000000000011
:10EF000000000440000002000101000000000000B9
:10EF100000000000000000000200000000000000EF
:10EF200000000000000000000000000000000000E1
:10EF300000000000000000000000000000000000D1
:10EF400000000000000000000000000000000000C1
:10EF50000000000000409C45000000003333534097
:10EF60000C00000000000000010000000100000093
:10EF7000010000000200000012000000010000007B
:10EF80000400000002000000010000000001000079
:10EF90000A00000001000000004000001300000013
:10EFA00001000000008000001400000002000000CA
:10EFB000000100000A000000020000004000000004
:10EFC0000800000002000000200000000500000012
:10EFD00002000000004000001300000002000000DA
:10EFE0000080000014000000020000000200000089
:10EFF0001200000005000000000100000A000000EF
:10F0000005000000040000000300000005000000EF
:10F010000040000013000000050000000080000018
:10F0200014000000050000000200000012000000B3
:10F0300003000000000100000A00000003000000BF
:10F040002000000006000000030000000040000057
:10F050001300000003000000008000001400000006
:10F060000300000002000000120000000300000086
:10F070004000000008000000060000000001000041
:10F080000A00000006000000040000000400000068
:10F090000600000000400000130000000600000011
:10F0A00000800000140000000600000002000000C4
:10F0B0001200000004000000000100000A0000002F
:10F0C0000400000020000000070000000400000011
:10F0D0000040000013000000040000000080000059
:10F0E00014000000040000000200000012000000F4
:10F0F00004000000400000000800000007000000BD
:10F10000000100000A0000000700000004000000E9
:10F11000090000000700000000400000130000008C
:10F12000070000000080000014000000070000003D
:10F1300002000000120000000A00000004000000AD
:10F14000020000000A000000001000001000000093
:10F150000A000000000800000D0000000A00000086
:10F1600000400000130000000A00000000800000C2
:10F17000140000000A00000002000000120000005D
:10F180000D00000004000000020000000D0000005F
:10F19000000100000B0000000D0000000040000016
:10F1A000130000000D0000000080000014000000AB
:10F1B0000D00000002000000120000000B00000023
:10F1C00004000000020000000B0000000008000026
:10F1D0000E0000000B0000000040000013000000C3
:10F1E0000B00000000800000140000000B00000075
:10F1F00002000000120000000B00000000100000E0
:10F20000100000000E0000000400000002000000DA
:10F210000E000000000100000C0000000E000000C5
:10F2200000400000130000000E00000000800000FD
:10F23000140000000E000000020000001200000098
:10F240000C00000004000000020000000C000000A0
:10F25000000800000F0000000C000000004000004B
:10F26000130000000C0000000080000014000000EB
:10F270000C00000002000000120000000C00000062
:10F2800000100000100000000F000000040000004B
:10F29000020000000F00000000010000110000004B
:10F2A0000F00000000400000130000000F000000ED
:10F2B00000800000140000000F00000002000000A9
:10F2C0001200000013000000010000000100000017
:10F2D0001400000000000100000000001200000007
:10F2E000010000000100000010000000000001000B
:10F2F0000100000008000000000001000100000003
:10F3000009000000000001000100000011000000E1
:10F3100000000100010000000100000000000200E8
:10F3200015000000020000000000020016000000AE
:10F3300005000000000002001600000003000000AD
:10F34000000002001600000006000000000002009D
:10F35000160000000400000000000200160000007B
:10F360000700000000000200160000000A00000074
:10F3700000000200160000000D0000000000020066
:10F38000160000000B000000000002001600000044
:10F390000E00000000000200160000000C0000003B
:10F3A00000000200160000000F0000000000020034
:10F3B0001600000015000000040000001600000008
:10F3C00015000000000100001600000015000000FC
:10F3D000000004000100000016000000000008000A
:10F3E00015000000010000000000200017000000D0
:10F3F00001000000000010001900000019000000CA
:10F400000000800001000000190000000001000061
:10F410000A0000001700000000008000010000004A
:10F420001700000004000000180000001700000092
:10F43000000100000A00000002000000000020009F
:10F440001800000003000000000020001800000069
:10F45000040000000000200018000000050000006B
:10F46000000020001800000006000000000020003E
:10F470001800000007000000000020001800000035
:10F48000180000000000000117000000000000004C
:10F490004BD1010000000000010000004BD1010031
:10F4A00000000000020000009FD1010000000000E9
:10F4B000030000009FD101000000000004000000D4
:10F4C0009FD1010000000000050000009FD1010055
:10F4D00000000000060000009FD1010000000000B5
:10F4E000070000009FD1010000000000080000009C
:10F4F0004BD1010000000000090000004BD10100C9
:10F50000000000000A0000009FD101000000000080
:10F510000B0000009FD10100000000000C00000063
:10F520009FD10100000000000D0000009FD10100EC
:10F53000000000000E0000009FD10100000000004C
:10F540000F0000009FD1010000000000100000002B
:10F550004BD1010000000000110000004BD1010060
:10F560000000000012000000A7D30100000000000E
:10F5700013000000A7D301000000000014000000E9
:10F58000A7D301000000000017000000A7D301006E
:10F590000FD4010018000000A7D301000FD4010010
:10F5A00019000000A7D301000FD4010015000000CE
:10F5B000A7D301000FD4010016000000A7D301005B
:10F5C0000FD4010000000000010000000100000055
:10F5D000010000000800000002000000010000001F
:10F5E00000100000080000000200000020000000E1
:10F5F00003000000020000001000000001000000F5
:10F6000003000000000004000400000004000000EB
:10F610004000000005000000040000008000000021
:10F6200006000000040000000002000007000000C7
:10F6300004000000000800000100000004000000B9
:10F640000080000001000000040000000000010034
:10F65000010000000400000000100000080000008D
:10F66000050000000001000004000000050000008B
:10F670000080000001000000050000000000010003
:10F68000010000000500000000100000080000005C
:10F690000500000000080000010000000500000057
:10F6A000000200000700000006000000000100004A
:10F6B00004000000060000000080000001000000BF
:10F6C000060000000000010001000000060000002C
:10F6D0000010000008000000060000000008000004
:10F6E000010000000600000000020000070000000A
:10F6F00007000000000400000400000007000000F4
:10F7000000080000010000000800000000200000C8
:10F710000900000009000000004000000100000096
:10F720000000000081D8010000000000010000007E
:10F73000BDDA01000000000002000000BDDA010097
:10F7400000000000030000005DDB0100000000007D
:10F75000040000005DDB0100000000000500000067
:10F760005DDB010000000000060000005DDB010021
:10F7700000000000070000005DDB01000000000049
:10F78000080000005DDB010000000000090000002F
:10F790005DDB01000000000000000000040000002C
:10F7A000010000000000000008000000020000004E
:10F7B0000000000040000000050000000100000003
:10F7C000080000000200000001000000100000001E
:10F7D0000300000001000000200000000400000001
:10F7E00001000000400000000500000002000000D1
:10F7F00004000000010000000200000010000000F2
:10F8000003000000020000002000000004000000CF
:10F81000020000004000000005000000030000009E
:10F8200004000000010000000300000008000000C8
:10F83000020000000300000020000000040000009F
:10F84000030000004000000005000000040000006C
:10F850000400000001000000040000000800000097
:10F86000020000000400000010000000030000007F
:10F87000040000004000000005000000050000003A
:10F8800080000000000000000000000011DE010008
:10F89000000000000100000013DE01000000000075
:10F8A0000200000013DE0100000000000400000060
:10F8B00013DE0100000000000300000013DE010061
:10F8C000000000000500000013DE01000000000041
:10F8D0000000000001000000010000000100000025
:10F8E0008000000002000000010000000200000093
:10F8F00003000000010000000400000004000000FC
:10F9000001000000002000000500000001000000D0
:10F910002000000003000000010000004000000083
:10F9200003000000020000000200000003000000CD
:10F9300002000000040000000400000002000000BB
:10F940000020000005000000020000002000000070
:10F95000030000000200000040000000030000005F
:10F96000050000008000000002000000050000000B
:10F970000800000001000000030000000800000073
:10F98000010000000300000008000000010000006A
:10F99000040000000800000001000000000000005A
:10F9A0007DE0010000000000010000007FE0010098
:10F9B000000000000200000081E0010000000000E3
:10F9C00005000000BBE00100000000000300000093
:10F9D000BBE001000000000004000000BBE00100EB
:10F9E0000000000001008000010000000080010014
:10F9F000000040000100000080000100E4F9020066
:10FA0000EAF90200F0F90200F6F902000000000035
:10FA100000040740010101000040330001000080A4
:10FA200032000100000000000000000000000000A3
:10FA30000000000000100000080A00008000000024
:10FA4000FA000000020007006BEF01000000000058
:10FA500000000000000000000000000000000000A6
:10FA6000FFFFFF1800000000210021007CFA0200C7
:10FA700068FA02009CFA02006AFA020000000440E0
:10FA80000000080003010000000000000000803FAB
:10FA900000000000333353400C000000000004401D
:10FAA0000000100004010000000000000000803F82
:10FAB00000000000333353400C000000100003022C
:10FAC000110003022300030224000302A100030229
:10FAD000A2000302A70003021001030011010300AA
:10FAE0002301030024010300A1010300A20103007C
:10FAF000A70103008E000202340002033500020356
:10FB0000B5000203B60002032D0002032E0002031B
:10FB10002F0002033C000203290003023A00030203
:10FB20002A000203BE000203BB00020231000203EE
:10FB30003200020333000203B7000203B8000203DD
:10FB400031010202300002023B00020224000000E8
:10FB5000DC0103005D8302000000000000000100E2
:10FB60000000000001000000EC010300F5BE0100F0
:10FB70001BBF010001000A0000000000010000009E
:10FB800078010300B1E201000000000001000A005A
:10FB90000000000001000000580103000DEC01000E
:10FBA00029EC010001000A00000000000100000033
:10FBB0005001030049E301000000000001000A00B9
:10FBC00000000000010000008C01030037F101007B
:10FBD0005BF10100010001000000000001000000D5
:10FBE000F40103009DB8010009B9010001000500FE
:10FBF000000000000100000060010300DDB9010009
:10FC000049BA0100010001000000000001000000ED
:10FC1000D0010300FDB70100000000000100010059
:10FC20000000000001000000000203006DF8010068
:10FC300000000000020000000000000001000000C1
:10FC4000C401030063F3010000000000020064002F
:10FC500000000000010000000C020300AFAA010038
:10FC600065AB01000200010000000000010000007F
:10FC7000AC01030059AF0100C5AF01000200010053
:10FC800000000000010000007001030095B10100B8
:10FC900007B20100020001000000000001000000A6
:10FCA0009C01030011A80100AFA90100020001009E
:10FCB0000000000001000000B801030063F3010030
:10FCC000000000000400000000000000010000002F
:10FCD000000101010102020202000000FFFF010019
:10FCE000FFFF0200FFFF0300FFFF0400FFFF05000E
:10FCF00007003031323334353637383941424344E6
:10FD00004546000000000000545452205245474729
:10FD10004553003031323334353637383941424378
:10FD200044454600F103DA1803F1DA181881FF1888
:10FD3000F0FFDB1833D902003FD902004BD9020093
:10FD400057D9020063D902006FD902007BD90200A3
:10FD500087D90200A9D90200B5D90200B9D9020099
:10FD6000BDD90200C1D90200C5D90200F103DA18D9
:10FD700003F1DA181881FF18F0FFDB186576656E5D
:10FD8000745F63616C69625F310000006576656E67
:10FD9000745F63616E5F31006576656E745F616389
:10FDA000745F31006576656E745F6D6F745F3100EE
:10FDB0006576656E745F63616C69625F3200000036
:10FDC0006576656E745F63616E5F32006576656E41
:10FDD000745F6163745F32006576656E745F6D6F2A
:10FDE000745F320073797374656D5F6576656E74E8
:10FDF0005F0000006576656E745F6B65795F00007B
:10FE000073797374656D5F6576656E7400000000CC
:10FE10006576656E745F6B65790000004B455930FF
:10FE20002B4B4559315F4C4F4E47000052656400E3
:10FE3000426C61636B000000477265656E000000F4
:10FE400059656C6C6F770000536F6C69645F526525
:10FE500064000000536F6C69645F426C61636B0007
:10FE6000536F6C69645F5265645F477265656E00CD
:10FE7000416C745F5265645F477265656E00000097
:10FE8000536F6C69645F477265656E00536F6C6990
:10FE9000645F5265645F59656C6C6F7700000000A9
:10FEA000416C745F5265645F59656C6C6F770000DC
:10FEB000536F6C69645F59656C6C6F77000000006C
:10FEC000536F6C69645F477265656E5F59656C6CF2
:10FED0006F770000416C745F477265656E5F5965AE
:10FEE0006C6C6F7700000000426C696E6B5F52654E
:10FEF000645F3130487A0000426C696E6B5F477214
:10FF000065656E5F3130487A00000000426C696EB2
:10FF10006B5F5265645F59656C6C6F775F31304819
:10FF20007A000000426C696E6B5F59656C6C6F778C
:10FF30005F3130487A000000426C696E6B5F526539
:10FF4000645F32487A000000426C696E6B5F4772F2
:10FF500065656E5F32487A00426C696E6B5F596509
:10FF60006C6C6F775F32487A00000000426C696EFB
:10FF70006B5F5265645F35487A000000426C696EC1
:10FF80006B5F477265656E5F35487A00426C696EDB
:10FF90006B5F59656C6C6F775F35487A00000000C5
:10FFA0004374726C5F437572720000004374726C2C
:10FFB0005F537065656400001B5B33336D5B2573B5
:10FFC0005D206D7953797374656D2E617869735B0B
:10FFD00025645D2E6D6F746F722E6576745F6D6F24
:10FFE000742C204556545F4D4F545F464F52574135
:10FFF00052441B5B306D0D0A000000001B5B333365
:020000040003F7
:100000006D5B25735D206D7953797374656D2E6119
:100010007869735B25645D2E6D6F746F722E6576E3
:10002000745F6D6F742C204556545F4D4F545F5272
:100030004556455253451B5B306D0D0A00000000CC
:100040001B5B33336D5B25735D204D7367205375E8
:10005000627363726962653A206475706C6963618A
:100060007465207375627363726962652028746FAA
:100070007069633A307825303458291B5B306D0D38
:100080000A0000001B5B33316D5B25735D204D73EF
:1000900067205375627363726962653A2073756293
:1000A000736372696265206C6973742066756C6C29
:1000B0002028746F7069633A307825303458291BD2
:1000C0005B306D0D0A0000001B5B33336D5B2573E5
:1000D0005D204D7367205075626C6973683A2069C2
:1000E0006E76616C6964207072696F2028746F701D
:1000F00069633A3078253034582C207072696F3A31
:100100002564291B5B306D0D0A0000001B5B333139
:100110006D5B25735D204D7367205075626C69734C
:10012000683A2063616C6C6261636B204E554C4C85
:100130002028746F7069633A3078253034582C2049
:100140006964783A2564291B5B306D0D0A00000054
:100150002250574D220000002243414E2200000051
:10016000224374726C5F5370656564220000000066
:10017000226C6564220000002273746F72616765EF
:100180005F6D6F64756C65220000000022706F73F4
:100190005F6D6F64756C65220000000022737461EE
:1001A00074655F6D616368696E652200226B6579B5
:1001B0005F7374617465220022776F726B5F636690
:1001C0006722000022636F6E6669672200000000EC
:1001D000226375725F6C6F6F7022000022736F660E
:1001E000745F74696D6572220000000022706F7781
:1001F00065722200224374726C5F506F732200009C
:10020000226D73675F62757322000000226B65794F
:10021000220000001B5B33366D5B25735D20466951
:100220006C74657220726567697374657265643A8F
:100230002049443D3078253038582C204D61736B6F
:100240003D3078253038582C20636F756E743D250D
:10025000641B5B306D0D0A001B5B33336D5B2573D4
:100260005D2054582063616C6C6261636B3A20734B
:10027000656E64206661696C65642C206672616DD0
:10028000652072657475726E656420746F20717577
:100290006575651B5B306D0D0A0000001B5B333616
:1002A0006D5B25735D20554453205368617265640E
:1002B0002073746174653A206D616769633D3078BD
:1002C000253038582C2070686173653D25642C20DA
:1002D00070656E64696E675F7369643D3078253060
:1002E00032580D0A1B5B306D0D0A00001B5B333268
:1002F0006D5B25735D20466C617368446F776E6C2F
:100300006F616420696E697420646F6E653A207352
:10031000746172743D3078253038582C206D6178C6
:100320005F73697A653D25642C20736563746F7211
:100330003D25641B5B306D0D0A0000001B5B3336EE
:100340006D5B25735D2057726974696E6720746FE9
:1003500020466C6173683A20616464723D30782590
:100360003038582C2073697A653D25642C20776FCE
:100370007264733D25641B5B306D0D0A0000000044
:100380001B5B33326D5B25735D207365713D252DDD
:1003900034642C2074696D653D2533752E2530330A
:1003A00075732C202573203078253038582C202563
:1003B0003032582025303258202530325820253010
:1003C00032582025303258202530325820253032FE
:1003D0005820253032582025731B5B306D0D0A00E4
:1003E0001B5B33366D5B25735D2020205741524ED9
:1003F000494E473A206D61676963206D69736D618D
:100400007463682028307825303858292C2070658E
:100410006E64696E675F736964204E4F5420777213
:10042000697474656E210D0A1B5B306D0D0A000046
:100430001B5B33366D5B25735D2020205368617232
:1004400065642073746174653A206D616769633D0A
:100450003078253038582C2070686173653D2564EC
:100460002C2070656E64696E675F7369643D3078D7
:10047000253032580D0A1B5B306D0D0A000000005C
:100480001B5B33366D5B25735D2020204543552073
:1004900052657365743A2041505020636F6E7465E5
:1004A00078742C2073656E64696E67206E6F726D50
:1004B000616C20726573706F6E73650D0A1B5B3023
:1004C0006D0D0A001B5B33366D5B25735D202020AC
:1004D0004543552052657365743A20426F6F746CC2
:1004E0006F6164657220636F6E746578742C207719
:1004F000726974696E672070656E64696E675F7398
:1005000069643D3078313120746F20666C617368A6
:100510000D0A1B5B306D0D0A000000001B5B3332BF
:100520006D5B25735D2073657373696F6E5F6D6FAF
:1005300064653D2564202844454641554C54292C8A
:100540002073656375726974795F73746174653D56
:10055000256420284C4F434B4544291B5B306D0DCF
:100560000A0000001B5B33366D5B25735D20434141
:100570004E2049442066696C74657265643A203087
:100580007825303858202865787065637465642054
:10059000307825303858206F722030782530385820
:1005A000291B5B306D0D0A001B5B33336D5B2573BC
:1005B0005D205472616E73666572204461746120BF
:1005C00072656A65637465643A2073656375726900
:1005D0007479206E6F7420756E6C6F636B65642028
:1005E0002873746174653D2564291B5B306D0D0AA9
:1005F000000000001B5B33336D5B25735D2052658B
:10060000717565737420446F776E6C6F61642072CE
:10061000656A65637465643A2073656375726974AD
:1006200079206E6F7420756E6C6F636B6564202823
:1006300073746174653D2564291B5B306D0D0A0080
:100640001B5B33336D5B25735D20526F7574696E70
:100650006520436F6E74726F6C2072656A65637497
:1006600065643A207365637572697479206E6F747E
:1006700020756E6C6F636B6564202873746174659C
:100680003D2564291B5B306D0D0A00001B5B333375
:100690006D5B25735D205472616E736665722045D3
:1006A0007869742072656A65637465643A2073655D
:1006B000637572697479206E6F7420756E6C6F63E8
:1006C0006B6564202873746174653D2564291B5B28
:1006D000306D0D0A000000001B5B33336D5B25732A
:1006E0005D205472616E736665722044617461208E
:1006F00072656A65637465643A206E6F7420696E12
:100700002050524F4752414D4D494E47207365731B
:1007100073696F6E202873657373696F6E3D25640E
:10072000291B5B306D0D0A001B5B33336D5B25733A
:100730005D205265717565737420446F776E6C6FC0
:1007400061642072656A65637465643A206E6F74D3
:1007500020696E2050524F4752414D4D494E47201F
:1007600073657373696F6E202873657373696F6E39
:100770003D2564291B5B306D0D0A00001B5B333384
:100780006D5B25735D205472616E736665722045E2
:100790007869742072656A65637465643A206E6F67
:1007A0007420696E2050524F4752414D4D494E477B
:1007B0002073657373696F6E202873657373696F37
:1007C0006E3D2564291B5B306D0D0A001B5B3333C6
:1007D0006D5B25735D20446F776E6C6F616420697B
:1007E0006E74657266616365206E6F7420726567F2
:1007F000697374657265642C204449442076616C89
:100800007565732073657420746F20301B5B306DC9
:100810000D0A00001B5B33336D5B25735D202121C6
:10082000212053455353494F4E2054494D454F5570
:1008300054202121212073657373696F6E5F6D6F82
:1008400064653D2564202D3E2044454641554C5469
:100850001B5B306D0D0A00001B5B33366D5B25732F
:100860005D205258207261775B302E2E375D3A2022
:100870002530325820253032582025303258202556
:10088000303258202530325820253032582025303B
:10089000325820253032581B5B306D0D0A000000A5
:1008A0001B5B33336D5B25735D205472616E736621
:1008B000657220646174612072656A656374656441
:1008C0003A20646C5F726573756C743D25642C20EE
:1008D0004E52433D3078253032581B5B306D0D0A47
:1008E000000000001B5B33336D5B25735D20526598
:1008F000717565737420646F776E6C6F61642072BC
:10090000656A65637465643A20646C5F72657375CB
:100910006C743D25642C204E52433D307825303296
:10092000581B5B306D0D0A001B5B33336D5B257309
:100930005D205472616E73666572206578697420FB
:1009400072656A65637465643A20646C5F7265738E
:10095000756C743D25642C204E52433D3078253013
:1009600032581B5B306D0D0A000000001B5B3333F7
:100970006D5B25735D20446F776E6C6F61642069D9
:100980006E74657266616365206E6F742072656750
:10099000697374657265642C2063616E6E6F742078
:1009A0007265616420444944203078253034581BF6
:1009B0005B306D0D0A0000001B5B33336D5B2573EC
:1009C0005D204475706C6963617465205265715374
:1009D0006565642C2072652D73656E64696E672091
:1009E0006578697374696E6720736565643A203051
:1009F00078253038581B5B306D0D0A001B5B333394
:100A00006D5B25735D204E4F5420696E2045585410
:100A1000454E4445442F50524F4752414D4D494E4B
:100A2000472073657373696F6E21207365737369F3
:100A30006F6E5F6D6F64653D25641B5B306D0D0AE5
:100A4000000000001B5B33336D5B25735D204E6F30
:100A50007420696E20455854454E4445442F5052E9
:100A60004F4752414D4D494E472073657373696F2F
:100A70006E212073657373696F6E5F6D6F64653D82
:100A800025641B5B306D0D0A000000001B5B3336D4
:100A90006D5B25735D2043757272656E742073748F
:100AA0006174653A2073657373696F6E3D25642CBC
:100AB0002073656375726974793D25642C207469AF
:100AC0006D65723D25641B5B306D0D0A00000000F2
:100AD0001B5B33366D5B25735D2053746174653A1F
:100AE0002073657373696F6E3D2564282573292C07
:100AF0002073656375726974793D256428257329AF
:100B00002C2074696D65723D25642C2064656C61D0
:100B1000793D25641B5B306D0D0A00001B5B333291
:100B20006D5B25735D20526F7574696E6520436F30
:100B30006E74726F6C3A20415050202D3E20426FEF
:100B40006F746C6F616465722C2073636865647583
:100B50006C65642064656C61796564207265736599
:100B6000741B5B306D0D0A001B5B33366D5B2573A8
:100B70005D20466F726365204F544120636D642091
:100B800030783138464635383538203D20307825A4
:100B90003032582C20726573657474696E672074E6
:100BA0006F20626F6F746C6F616465722E2E2E0DF4
:100BB0000A1B5B306D0D0A001B5B33366D5B2573C2
:100BC0005D2049534F54503A206661696C6564203A
:100BD000746F20726567697374657220525820665D
:100BE000696C74657220666F722043414E204944DF
:100BF000203078253038580D0A1B5B306D0D0A0007
:100C0000200C03000880FF1F30030000D0E002002A
:100C10001C0D03003883FF1FC8D6010094E10200B9
:100C20001113FE0214E4FD021A98041ACC041AA44B
:100C3000041AD8041A8C041AC0041A7C041AB004CA
:100C40001A10281AF408012063FFFF1A30301A2CFA
:100C5000041A38041A400461534040C480BB44E382
:100C6000564D234D31AA0110223209207A01161463
:100C700001E1011A1D041A2B041A2F041A37041A51
:100C80003B041A55041A69041AE7041AFF041417DE
:100C9000E2011A73041A1D0401243809E880FF1FB9
:100CA0001481FF1F64312A08D7413564014004AA2A
:100CB0000584319A1020291CE9209A20200A110667
:100CC000209A40209A0720291C29043A8006011204
:100CD00079160A1C80200A1D4040091660C1DD50AB
:100CE0004F5331100A10323609144814BD940214BF
:100CF0004F95021A81041A8B041A8F041A93041A4E
:100D0000B9041AD1041AF7041123E0062220C5A55C
:0C0D10005AA55A1E9082FF1FA404016423
:040000050001A281D3
:00000001FF
