:020000040000FA
:1000000060FD002095020000CD020000CF0200003C
:10001000D1020000D3020000D50200000000000061
:10002000000000000000000000000000D7020000F7
:10003000D902000000000000DB020000596D000042
:1000400099420000AD420000C1420000D5420000CC
:10005000E9420000FD42000011430000254300007A
:10006000394300004D430000614300007543000028
:10007000894300009D430000B1430000C5430000D8
:10008000D9430000ED430000014400001544000086
:10009000294400003D440000514400006544000034
:1000A000794400008D440000A1440000B5440000E4
:1000B000C9440000DD440000F14400000545000093
:1000C000194500002D450000414500005545000040
:1000D000694500007D45000091450000A5450000F0
:1000E000B9450000CD450000E1450000F5450000A0
:1000F000094600001D46000031460000454600004C
:10010000594600006D4600008146000095460000FB
:10011000A9460000BD460000D1460000E5460000AB
:10012000F94600000D470000214700003547000058
:10013000494700005D470000714700008547000007
:1001400099470000AD470000C1470000D5470000B7
:10015000E9470000FD470000114800002548000065
:10016000394800004D480000614800007548000013
:10017000894800009D480000B1480000C5480000C3
:10018000D9480000ED480000014900001549000071
:10019000294900003D49000051490000654900001F
:1001A000794900008D490000A1490000B5490000CF
:1001B000C9490000DD490000F1490000054A00007E
:1001C000194A00002D4A0000414A0000554A00002B
:1001D000694A00007D4A0000914A0000A54A0000DB
:1001E000B94A0000CD4A0000E14A0000F54A00008B
:1001F000094B00001D4B0000314B0000454B000037
:10020000594B00006D4B0000814B0000954B0000E6
:10021000A94B0000BD4B0000D14B0000E54B000096
:10022000F94B00000D4C0000214C0000354C000043
:10023000494C00005D4C0000714C0000854C0000F2
:10024000DF020000DF020000DF020000DF0200002A
:10025000DF020000DF020000DF020000DF0200001A
:10026000DF020000DF020000DF020000DF0200000A
:10027000DF020000DF020000DF020000DF020000FA
:10028000DFF80CD000F012F900480047EDBD000087
:1002900060FD002012484FF01F01016011484FF02F
:1002A0007701016010484FF0770101600F484FF46B
:1002B000885101600B484FF0760101600A484FF009
:1002C000760101600A4880470A480047FEE7FEE7DA
:1002D000FEE7FEE7FEE7FEE7FEE7FEE7FEE7FEE7F6
:1002E00010080540040805400C08054000080540BA
:1002F000717300008102000040EA01039B0703D0F4
:1003000009E008C9121F08C0042AFAD203E011F854
:10031000013B00F8013B521EF9D27047D2B201E016
:1003200000F8012B491EFBD270470022F6E710B5FA
:1003300013460A4604461946FFF7F0FF204610BD53
:1003400010B5044604E00B7800F8013B03B1491CEA
:10035000521EF8D2204610BD421C10F8011B002985
:10036000FBD1801A704710B5002200E0521C835C5C
:100370008C5CA34201D1002BF8D1D8B2E1B2401A73
:1003800010BD30B504460020034600E05B1C9342DC
:1003900003D2E05CCD5C401BF8D030BD30B50546E3
:1003A0000020034600E05B1C934205D2EC5CC85C75
:1003B000201A01D1002CF6D130BD00F0004230F0FF
:1003C00000400AD0C10D01F56071C0F3160042EA89
:1003D0000151C20840071143704700200146704791
:1003E00010B50121034800F013F903480CF0D2F8CE
:1003F00010BD0000000004407CE2FF1F7047704702
:10040000BFFFDFFFFFFEFFFFFFFFFFFFFFFFFFFF5D
:10041000FFFFFFFFFFFFFFFFFFFFFFFFFFFFFFFFEC
:1004200030B5041E71F1000404DB4FF0004440427B
:1004300064EB0101141E73F1000405DB1C464FF050
:100440000043524263EB04038B4208BF824230BD3B
:1004500030B5041E71F1000404DB4FF0004440424B
:1004600064EB0101141E73F1000405DB1C464FF020
:100470000043524263EB0403994208BF904230BDEF
:1004800030B50B46014600202022012409E021FA64
:1004900002F59D4205D303FA02F5491B04FA02F561
:1004A0002844151EA2F10102F1DC30BD064C074DB7
:1004B00006E0E06840F0010394E807009847103434
:1004C000AC42F6D3FFF7E0FED8F60000F8F60000E5
:1004D00070B58C1810F8015B15F0070301D110F806
:1004E000013B2A1106D110F8012B03E010F8016B33
:1004F00001F8016B5B1EF9D12B0705D40023521EB6
:100500000DD401F8013BFAE710F8013BCB1A921C1D
:1005100003E013F8015B01F8015B521EF9D5A1421B
:10052000D8D3002070BD000010B50221054800F0AE
:100530006FF805480CF02EF804480CF02BF809F081
:10054000EFFD10BD0000044098E2FF1FB4E2FF1F62
:100550002DE9F04107460C461546984600BF1F4856
:10056000874201D1102D04D91D48874202D1082DA0
:1005700000D804E040F265111AA002F039FB00BF78
:1005800000BF0CB1012C00D104E04FF4B37115A0F1
:1005900002F02EFB00BF00BFB8F1000F02D0B8F18F
:1005A000010F00D104E040F267110EA002F020FB21
:1005B00000BF07F10C0000EB8406B8F1010F05D174
:1005C00030680121A9400843306004E0306801210F
:1005D000A94088433060BDE8F0810000000004407D
:1005E000000404402E2E5C647269766572735C6848
:1005F0006333325F6C6C5F6472697665725C7372D0
:10060000635C686333325F6C6C5F6164632E6300AC
:1006100070B505460C4600BF0F48854202D00F4812
:10062000854200D104E040F2AB210DA002F0E0FAD7
:1006300000BF00BF24B144F00300032800D104E050
:100640004FF42B7106A002F0D3FA00BF84F0030030
:1006500085F8460070BD000000000440000404401E
:100660002E2E5C647269766572735C686333325FE8
:100670006C6C5F6472697665725C7372635C6863EC
:1006800033325F6C6C5F6164632E630070B5054646
:100690000C4600BF0A48854201D1102C04D90948F4
:1006A000854202D1082C00D804E040F2762106A051
:1006B00002F09EFA00BF05F1500030F8140070BD42
:1006C00000000440000404402E2E5C6472697665CC
:1006D00072735C686333325F6C6C5F6472697665F9
:1006E000725C7372635C686333325F6C6C5F61640D
:1006F000632E630070B505460C466FF0020600BF1E
:100700002148854202D02148854200D103E0E521FD
:100710001FA002F06DFA00BF002C33D000BF20886C
:1007200040B12088012805D02088022802D02088E6
:10073000032800D103E0E82115A002F059FA00BF18
:1007400000BF6088202804D06088102801D060880D
:1007500000B903E0E9210EA002F04AFA00BF00BF91
:10076000A08810B1A088802800D103E0EA2108A069
:1007700002F03EFA00BF208861880843A188084340
:1007800068800026304670BD00000440000404402C
:100790002E2E5C647269766572735C686333325FB7
:1007A0006C6C5F6472697665725C7372635C6863BB
:1007B00033325F6C6C5F6164632E630070B5044616
:1007C0000D46164600BF1948844202D0184884429C
:1007D00000D104E040F23B2116A002F009FA00BF6C
:1007E00000BF25B145F00300032800D104E04FF419
:1007F0000F7110A002F0FCF900BF00BF0EB1012E76
:1008000000D104E040F23D210AA002F0F1F900BF5E
:10081000012E05D194F84700284384F8470004E0EE
:1008200094F84700A84384F8470070BD00000440D6
:10083000000404402E2E5C647269766572735C68F5
:100840006333325F6C6C5F6472697665725C73727D
:10085000635C686333325F6C6C5F6164632E63005A
:1008600070B50446002500BF0A48844202D00A48F9
:10087000844200D104E040F2532108A002F0B8F90C
:1008800000BF2078012801D1C51F01E001202070A0
:10089000284670BD00000440000404402E2E5C6415
:1008A0007269766572735C686333325F6C6C5F6427
:1008B00072697665725C7372635C686333325F6C15
:1008C0006C5F6164632E630001466FF0020021B12A
:1008D00000220A804A808A800020704770B5044652
:1008E0000D46164600BF1A48844202D01948844279
:1008F00000D104E040F2222117A002F079F900BFF4
:1009000000BF0DB1012D00D104E040F2232112A05F
:1009100002F06EF900BF00BF0EB1012E00D104E05D
:100920004FF409710CA002F063F900BF012E07D14A
:100930006089EA008021914089B20843608105E026
:100940006089EA00802191408843608170BD000089
:1009500000000440000404402E2E5C647269766539
:1009600072735C686333325F6C6C5F647269766566
:10097000725C7372635C686333325F6C6C5F61647A
:10098000632E630070B506460C46154600BF1B4833
:10099000864202D01A48864200D104E040F20B2180
:1009A00018A002F025F900BF00BF0CB1012C00D146
:1009B00004E04FF4037113A002F01AF900BF00BF66
:1009C0002DB1012D03D0022D01D0032D00D104E063
:1009D00040F20D210BA002F00BF900BFE006040E5F
:1009E00070890321A140884305FA04F10322A24043
:1009F00092B211400843708170BD000000000440B5
:100A0000000404402E2E5C647269766572735C6823
:100A10006333325F6C6C5F6472697665725C7372AB
:100A2000635C686333325F6C6C5F6164632E630088
:100A300070B504460D4600BF0A48844207D30948F2
:100A40006830844203D804F0030000B903E08F212A
:100A500005A002F0CDF800BF206865F30800206013
:100A600070BD0000040801402E2E5C64726976653A
:100A700072735C686333325F6C6C5F647269766555
:100A8000725C7372635C686333325F6C6C5F616F5E
:100A9000732E630070B5044625462B4828606E20EF
:100AA000A8802A48A8601A20A8810120A8612846A9
:100AB00005F06CFE05F0F4FD2549086005F0F0FD39
:100AC0002449086005F0ECFD2349086005F0E8FDC5
:100AD0002249086005F0E4FD2149086005F0E0FDC9
:100AE000204908601A48006820B11F49184800686A
:100AF00005F00AFE1748006820B11C491548006837
:100B000005F002FE1448006820B119491248006837
:100B100005F0FAFD1148006820B116490F48006839
:100B200005F0F2FD0E48006820B113490C4800683A
:100B300005F0EAFD0B48006820B11049094800683B
:100B400005F0E2FD70BD0000ACE40000D4E9000057
:100B5000DC80FF1FE480FF1FE080FF1FE880FF1F95
:100B6000EC80FF1FF080FF1FFD030000FF0300006B
:100B70008D0F00008F0F0000910F0000CD0F0000BF
:100B800070B50446204609F003F894F82C000228BA
:100B900004D04FF4F6700059022800D170BD94F8CB
:100BA000FE01012808D12078F5490BF0BFF894F830
:100BB000FE0184F8FF01F1E794F8FE0194F8FF11BB
:100BC000884207D0207804210BF0B0F894F8FE0199
:100BD00084F8FF0194F8FC0140B92078E9490BF052
:100BE000A5F894F8FC0184F8FD01D7E701212078ED
:100BF00000EB800202EBC012E34800EB820080F8B9
:100C00002C1020460AF008FE20460CF0D7FA94F883
:100C1000FC0194F8FD11884207D0207804210BF0E4
:100C200085F894F8FC0184F8FD01D4F8B80102F0CD
:100C300081FD00F4001018B3207800EB800101EB77
:100C4000C011D14800EB8100D0F8AC01012817D1C8
:100C5000207800EB800101EBC011CB4800EB810054
:100C600090F82E0001280BD14FF40011D4F8B801F0
:100C700002F03AFC4FF48011D4F8B80102F0E4FD20
:100C8000D4F8B80102F056FD054605F0020058B14F
:100C9000022104F5CE7005F07FFD0221D4F8B801E1
:100CA00002F022FC0020607005F0010058B1012123
:100CB00004F5CE7005F070FD0121D4F8B80102F002
:100CC00013FC0120607005F4004058B14FF400415E
:100CD00004F5CE7005F060FD4FF40041D4F8B80182
:100CE00002F002FC05F4804058B14FF4804104F555
:100CF000CE7005F051FD4FF48041D4F8B80102F0F8
:100D0000F3FB05F4803058B14FF4803104F5CE7018
:100D100005F042FD4FF48031D4F8B80102F0E4FB55
:100D200005F4003058B14FF4003104F5CE7005F0F1
:100D300033FD4FF40031D4F8B80102F0D5FB05F4CF
:100D4000802058B14FF4802104F5CE7005F024FDC9
:100D50004FF48021D4F8B80102F0C6FB05F400205E
:100D600058B14FF4002104F5CE7005F015FD4FF495
:100D70000021D4F8B80102F0B7FB05F4801058B197
:100D80004FF4801104F5CE7005F006FD4FF480118C
:100D9000D4F8B80102F0A8FB05F4001058B14FF4E4
:100DA000001104F5CE7005F0F7FC4FF40011D4F8F3
:100DB000B80102F099FB05F4800058B14FF48001AE
:100DC00004F5CE7005F0E8FC4FF48001D4F8B801CA
:100DD00002F08AFB05F4000058B14FF4000104F55D
:100DE000CE7005F0D9FC4FF40001D4F8B80102F040
:100DF0007BFB05F0807058B14FF0807104F5CE7028
:100E000005F0CAFC4FF08071D4F8B80102F06CFB19
:100E100005F0800048B1802104F5CE7005F0BCFCDF
:100E20008021D4F8B80102F05FFB05F4005058B1FE
:100E30004FF4005104F5CE7005F0AEFC4FF40051B4
:100E4000D4F8B80102F050FB05F4807058B14FF4AB
:100E5000807104F5CE7005F09FFC4FF48071D4F8DA
:100E6000B80102F041FB05F0040048B1042104F58B
:100E7000CE7005F091FC0421D4F8B80102F034FBE7
:100E800005F0080048B1082104F5CE7005F084FC97
:100E90000821D4F8B80102F027FB05F0100048B192
:100EA000102104F5CE7005F077FC1021D4F8B801BC
:100EB00002F01AFB05F0200048B1202104F5CE70A5
:100EC00005F06AFC2021D4F8B80102F00DFB05F012
:100ED000400048B1402104F5CE7005F05DFC402192
:100EE000D4F8B80102F000FB05F0800048B1802181
:100EF00004F5CE7005F050FC8021D4F8B80102F062
:100F0000F3FA05F4007058B14FF4007104F5CE7097
:100F100005F042FC4FF40071D4F8B80102F0E4FA95
:100F200005F4806058B14FF4806104F5CE7005F08F
:100F300033FC4FF48061D4F8B80102F0D5FA05F41F
:100F4000006058B14FF4006104F5CE7005F024FC48
:100F50004FF40061D4F8B80102F0C6FA05F48050ED
:100F600058B14FF4805104F5CE7005F015FC4FF4E4
:100F70008051D4F8B80102F0B7FA00BF00BF0DE607
:100F800040000020808000302483FF1F704770479E
:100F900010B504460C48D0F8F001162806D10A49CD
:100FA000D1F8FC014FF4002102F04EFC0648D0F8C5
:100FB000F001182806D10449D1F8FC014FF08071E6
:100FC00002F042FC10BD0000E082FF1F10B5044695
:100FD0000C48D0F80404162806D10A49D1F81004A8
:100FE0004FF4002102F030FC0648D0F80404182821
:100FF00006D10449D1F810044FF0807102F024FCAE
:1010000010BD0000E082FF1F1FB501220321052053
:1010100002F05EFD02A801F01FF9684600F0C4FF6F
:101020002F49304800F0E9FF00208DF80A003020F9
:101030008DF8090000208DF8080005208DF80C00BF
:1010400002A801F067F800200190019820F01F002D
:1010500001903121019861F310200190019820F056
:10106000704000F180500190019820F0706000F114
:1010700080700190019820F4700000F580100190BC
:1010800000208DF80000019820F080000190684653
:1010900000F038FE00BF202000F0A0FD0128FAD1AA
:1010A00000221146042005F05BF8012211460B20B6
:1010B00005F056F8502002F043F94FF4404003F099
:1010C00013F804F0EDFC052000F0A1FF012001F071
:1010D000BDFE002001F0BAFE012001F081FE1FBD1F
:1010E00010221100777777072DE9F04105460C466D
:1010F00000BF1448854200D104E040F2723112A0D2
:1011000001F076FD00BF00BF2CB11A4820431949F9
:10111000884200D104E040F273310BA001F068FD79
:1011200000BF15480440C4F307474FEA146805F8A8
:10113000A57F6E7806F0EA0646EA08066E70A53DC1
:10114000BDE8F081000407402E2E5C64726976656C
:1011500072735C686333325F6C6C5F64726976656E
:10116000725C7372635C686333325F6C6C5F636183
:101170006E2E63002701FFD50000FF1510B5044651
:1011800000BF0848844200D104E040F2FA2106A0E2
:1011900001F02EFD00BF94F8A00000F07F0084F85D
:1011A000A00010BD000407402E2E5C6472697665B5
:1011B00072735C686333325F6C6C5F64726976650E
:1011C000725C7372635C686333325F6C6C5F636123
:1011D0006E2E63002DE9F04704460E4615464FF08B
:1011E000000900BF3D48844200D104E040F26A217A
:1011F0003BA001F0FDFC00BF00BF0EB1012E00D1ED
:1012000004E040F26B2136A001F0F2FC00BF002D9B
:101210005ED000BF2879C0F3401000B904E040F26E
:101220006E212FA001F0E4FC00BF3EB994F8A100AC
:1012300000F01000B8B16FF0050914E094F8A100B7
:1012400000F0060010B16FF005090CE094F8A470EE
:1012500094F8A28007F0010018B908F003000328F1
:1012600001D16FF00909B9F1000F33D100BF28791E
:10127000C0F3C01030B1286860F060406FF060418A
:10128000884209D02879C0F3C01030B940F2FF710C
:1012900028680843884200D104E040F2852110A06C
:1012A00001F0A6FC00BF04F1A10A1C2101EB4A10C9
:1012B00000F1844006602946204600F067FC012EBC
:1012C00008D194F8A20040F0400084F8A20001E0A8
:1012D0006FF002094846BDE8F087000000040740AF
:1012E0002E2E5C647269766572735C686333325F5C
:1012F0006C6C5F6472697665725C7372635C686360
:1013000033325F6C6C5F63616E2E63002DE9F047D2
:1013100006460F4614464FF0000800256FF00209FC
:1013200000BF3448864200D104E04FF4967132A0E9
:1013300001F05EFC00BF002F59D0002C57D053E0C5
:1013400007F0010000284AD000BF05EB450004EB80
:101350008000806878B105EB450004EB8000806870
:10136000B0F1804F07D005EB450004EB80008068AA
:10137000B0F1C04F00D104E040F231111EA001F0E5
:1013800037FC00BF00BF05EB450004EB8000406860
:1013900060F060406FF06041884200D104E04FF49B
:1013A000997115A001F024FC00BF06F8B48F05EB7D
:1013B000450054F820007060307840F02000307014
:1013C00005EB450004EB8000406805EB450104EBAC
:1013D0008101896808437060B43E681CC5B27F1003
:1013E00008F1010000F0FF08002FA9D1B9464846D6
:1013F000BDE8F087000407402E2E5C6472697665B4
:1014000072735C686333325F6C6C5F6472697665BB
:10141000725C7372635C686333325F6C6C5F6361D0
:101420006E2E630010B5044600BF0748844200D109
:1014300004E040F2F53105A001F0DAFB00BF94F8BA
:10144000A30000F0030010BD000407402E2E5C64D2
:101450007269766572735C686333325F6C6C5F646B
:1014600072697665725C7372635C686333325F6C59
:101470006C5F63616E2E630070B504460D466FF0BD
:10148000080600BF0F48844200D104E040F2D22198
:101490000DA001F0ADFB00BF15B96FF002060FE023
:1014A00094F8A30000F0030050B12946204600F054
:1014B00005FA94F8A30040F0100084F8A300002679
:1014C000304670BD000407402E2E5C64726976655C
:1014D00072735C686333325F6C6C5F6472697665EB
:1014E000725C7372635C686333325F6C6C5F636100
:1014F0006E2E63002DE9F05F05460C464FF0000BA1
:1015000000BF2048854200D104E04FF44F711EA077
:1015100001F06EFB00BF00BF2CB1264820432549D7
:10152000884200D104E040F23D3117A001F060FB99
:1015300000BF04F0070604F02007C4F30728C4F333
:1015400007494FEA146A15F8A00F0640E8780740EB
:10155000287900EA0808687900EA0909A879A03D15
:1015600000EA0A0A4EB947B9B8F1000F05D1B9F13E
:10157000000F02D1BAF1000F01D04FF0010B584615
:10158000BDE8F09F000407402E2E5C64726976650A
:1015900072735C686333325F6C6C5F64726976652A
:1015A000725C7372635C686333325F6C6C5F63613F
:1015B0006E2E63002701FFD570B505460C466FF00F
:1015C0000206002C4FD02146284600F04FF815F8AF
:1015D000A00F40F0800028706068801EA168491E3E
:1015E00040EA0121A089401E41EA00412078401EC6
:1015F00041EA0060A860A87800F0DF00617E01F099
:1016000020010843A870A03DA18A28462269FFF75F
:101610007DFE95F8A00000F07F0085F8A000A17D78
:10162000284600F07BF9E07D217E084300F0180099
:1016300015F8A01F01F0E70108432870E07EA17EA5
:1016400040EA0110E871207F617F0843A17F0843D1
:10165000E870207DA875A03D206A18B12846216A4F
:1016600000F0DEF90026304670BD000070B505467A
:101670000C4600BF5648854200D103E0D52155A055
:1016800001F0B6FA00BF00BFA07D042800D803E037
:10169000D62150A001F0ACFA00BF00BFE07D10B130
:1016A000E07D102800D103E0D7214AA001F0A0FA84
:1016B00000BF00BF207E10B1207E082800D103E0CB
:1016C000D82144A001F094FA00BF00BF607E10B1A1
:1016D000607E202800D103E0D9213EA001F088FAE5
:1016E00000BF00BFA07E18B1A07E0A2800D803E08A
:1016F000DA2138A001F07CFA00BF00BFE07E10289C
:1017000000D203E0DB2133A001F072FA00BF00BF7A
:10171000A08A28B1A08A40F0FF00FF2800D103E092
:10172000DC212CA001F064FA00BF00BF207F10B1C3
:10173000207F082800D103E0DD2126A001F058FA1F
:1017400000BF00BF607F10B1607F402800D103E080
:10175000DE2120A001F04CFA00BF00BFA07F10B135
:10176000A07F802800D103E0DF211AA001F040FA19
:1017700000BF00BF206820B12068B0F5807F00D88E
:1017800003E0E12113A001F033FA00BF00BF60685D
:10179000022816D36068412813D8A06888B1A068D1
:1017A00008280ED8E06860B1E068082809D8D4E9B4
:1017B0000110401C814204D3D4E90201884200D3C5
:1017C00003E0E22103A001F013FA00BF70BD0000A6
:1017D000000407402E2E5C647269766572735C6843
:1017E0006333325F6C6C5F6472697665725C7372CE
:1017F000635C686333325F6C6C5F63616E2E6300A1
:101800002DE9F04104460D46164600BF1F488442AC
:1018100000D104E040F243211DA001F0E9F900BF2E
:1018200000BF3DB142F6FE20284342F6FE21884229
:1018300000D104E04FF4117115A001F0D9F900BFF7
:1018400000BF0EB1012E00D104E040F2452110A0EE
:1018500001F0CEF900BFEFB2C5F30728012E09D180
:1018600014F8A40F38432070A07840EA0800A07054
:10187000A43C08E014F8A40FB8432070A07820EA34
:101880000800A070A43CBDE8F081000000040740FF
:101890002E2E5C647269766572735C686333325FA6
:1018A0006C6C5F6472697665725C7372635C6863AA
:1018B00033325F6C6C5F63616E2E6300F0B502467D
:1018C00001F10805144626680E6066684E600E79C0
:1018D000C6F3C01626B90E88C6F30A060E6003E0EA
:1018E0000E6826F060460E600E7906F00F060A4F6D
:1018F000BB5D0E79C6F3401616B9022B00D9022340
:10190000002006E0861C54F8266045F82060461C3E
:10191000F0B29842F6DBF0BD6CF2000030B5002268
:10192000002305290DD2DFE801F00D0305070900AA
:10193000402308E0202206E0402204E04023402229
:1019400001E000BF00BF00BF10F8A04F04F09F04EB
:1019500002F060052C430470447804F0BF0403F0E7
:1019600040052C434470A03830BD000070B50446DB
:101970000D4600BF0E48844200D104E040F2A92188
:101980000CA001F035F900BF00BF25B145F01600ED
:10199000162800D104E040F2AA2106A001F028F99F
:1019A00000BF94F8A100284384F8A10070BD000096
:1019B000000407402E2E5C647269766572735C6861
:1019C0006333325F6C6C5F6472697665725C7372EC
:1019D000635C686333325F6C6C5F63616E2E6300BF
:1019E00001466FF00200D1B104220A6010224A6061
:1019F00004228A600222CA6000220A618A828A75F1
:101A0000CA750A764A760A228A760722CA760022A0
:101A10000A7740224A7700228A770A6200207047BC
:101A20002DE9F04105460C466FF0020700BF4B4818
:101A3000854200D104E040F25F4149A001F0D8F8AE
:101A400000BF002C7DD000BF607A10B1607A1028F2
:101A500000D104E040F2624141A001F0C9F800BFAA
:101A600000BF207A40B1207A022805D0207A0428CD
:101A700002D0207A062800D104E040F2634138A069
:101A800001F0B6F800BF00BF6068012806D12068E9
:101A900060F060406FF06041884207D0606830B904
:101AA00040F2FF7120680843884200D104E040F210
:101AB00064412BA001F09CF800BF00BF608978B1A1
:101AC0006089B0F5807F0BD06089B0F5007F07D0CA
:101AD0006089B0F5407F03D06089B0F5806F00D198
:101AE00004E040F265411EA001F082F800BF00BF93
:101AF000A08918B1A089102800D804E040F26641FE
:101B000017A001F075F800BF206820F0004615F816
:101B1000A20F00F0EF00617A01F010010843287075
:101B20006189207B401E41EA00306884207946EAC2
:101B3000C070C5F81E00E089A884208AE884687F08
:101B400000E008E000F0F900217A01F00601084306
:101B50006877A23D00273846BDE8F08100040740C1
:101B60002E2E5C647269766572735C686333325FD3
:101B70006C6C5F6472697665725C7372635C6863D7
:101B800033325F6C6C5F63616E2E6300F0B50346A9
:101B900001F1080503F150020E6816604E685660A8
:101BA0000E7906F00F060C4FBC5D0E79C6F3401699
:101BB00016B9022C00D902240E79C6F3801656B944
:101BC000002006E055F82070861C42F82670461C5E
:101BD000F0B2A042F6DBF0BD6CF2000010B5044696
:101BE00000BF24B144F06900692800D104E040F24C
:101BF0008B5106A000F0FCFF00BF0F48007820408A
:101C000008B1012010BD0020FCE700002E2E5C640E
:101C10007269766572735C686333325F6C6C5F64A3
:101C200072697665725C7372635C686333325F6C91
:101C30006C5F636C6B2E63003C40054070B50446DE
:101C4000002500BF0CB1012C00D104E040F2E541B9
:101C50001FA000F0CDFF00BF00BF2848008800F0A3
:101C6000010000B104E040F2E64119A000F0C0FF1D
:101C700000BF64B92248007800F00700052801D1B0
:101C8000C54322E001201E49091D08701DE01C48C3
:101C9000DA300068C0F3C01030B94FF4805108202A
:101CA00000F0BDF9054605E04FF48051012000F039
:101CB000B6F905464DB900201149091D08704FF4C9
:101CC0008051202000F0ABF90546284670BD000089
:101CD0002E2E5C647269766572735C686333325F62
:101CE0006C6C5F6472697665725C7372635C686366
:101CF00033325F6C6C5F636C6B2E6300FE43054098
:101D0000264005402DE9F041044614B96FF0020663
:101D10001FE100BF2079C0F3C01018B12079C0F3D3
:101D2000C01000B104E04FF497618BA000F060FF99
:101D300000BF00BF207900F01F00401C182805D804
:101D4000207900F01F00401C00B104E040F2B941CE
:101D500081A000F04DFF00BF00BF6068C0F3082005
:101D6000401CB0F5F07F06D86068C0F30820401C26
:101D7000142800D304E040F2BA4177A000F038FF05
:101D800000BF00BF0121606801EB1070102805D86A
:101D9000606801EB1070022800D304E040F2BB4100
:101DA0006DA000F025FF00BF2079C0F3C01008B976
:101DB000744901E074480168207900F01F00401C5C
:101DC000B1FBF0F76068C0F30820401C00FB07F58A
:101DD00000BF6E48874203D86D48874200D304E0B5
:101DE0004FF498615CA000F003FF00BF00BF69489A
:101DF000854203D84010854200D304E040F2C1413F
:101E000055A000F0F5FE00BF00BF0121606801EBA6
:101E10001070B5FBF0F06049884209D80121606874
:101E200001EB1070B5FBF0F05C49884200D304E090
:101E300040F2C24148A000F0DBFE00BF00BF606876
:101E4000C0F30360401C102806D86068C0F303602C
:101E5000401C022800D304E040F2C3413EA000F041
:101E6000C7FE00BF00BF6068C0F30350401C1028CD
:101E700006D86068C0F30350401C022800D304E079
:101E800040F2C44134A000F0B3FE00BF00BF606860
:101E9000C0F30350401CB5FBF0F03F49884209D81D
:101EA0006068C0F30350401CB5FBF0F03B4988422A
:101EB00000D304E040F2C54127A000F099FE00BF26
:101EC00000BF6068C0F30360401CB5FBF0F032490E
:101ED000884209D86068C0F30360401CB5FBF0F08D
:101EE0002E49884200D304E040F2C6411AA000F017
:101EF0007FFE00BF00BF2078012801D0207800B904
:101F000004E04FF4996114A000F072FE00BF00BF1E
:101F10002348008800F0010000B104E040F2C9410C
:101F20000DA000F065FE00BF2079C1091D480068C2
:101F300061F3C7101B49086060680860207820B909
:101F40000120FFF77BFE064603E00020FFF776FE48
:101F500006463046BDE8F0812E2E5C6472697665D7
:101F600072735C686333325F6C6C5F647269766550
:101F7000725C7372635C686333325F6C6C5F636C5A
:101F80006B2E630000127A000480FF1F40787D01F1
:101F900040420F0000389C1C00C2EB0BC0E1E40083
:101FA000FE430540004105400146002009B9C01E1E
:101FB00022E000224A604A6822F080024A604A68B1
:101FC00022F01F024A6013234A6863F310224A601A
:101FD0004A6822F0704202F180524A604A6822F058
:101FE000706202F180724A604A6822F4700202F55F
:101FF00080124A6001220A70704770B504460D468F
:102000002946204604F022F905F04CF970BD10B5C0
:102010000446204604F0B0FA05F044F910BDF8B5C6
:1020200005460C46002000906FF0070609E02846A0
:10203000FFF7D4FD012801D1002605E00098401CDF
:1020400000900098A042F2D900BF3046F8BD0000D1
:1020500070B50446002500BF0CB1012C00D104E08E
:102060004FF467711EA000F0C3FD00BF00BF2748FA
:10207000008800F0010000B104E040F29D3118A09A
:1020800000F0B6FD00BFFCB92148007800F0070061
:10209000032802D16FF0050520E01D48DA30006802
:1020A000C0F3C01058B91A48001D007810B96FF07D
:1020B000050513E0012016490C3108700EE00120DF
:1020C00013490C31087009E0002011490C310870E7
:1020D0004FF480510820FFF7A2FF0546284670BD47
:1020E0002E2E5C647269766572735C686333325F4E
:1020F0006C6C5F6472697665725C7372635C686352
:1021000033325F6C6C5F636C6B2E6300FE43054083
:102110002640054070B5044614B96FF002057FE013
:1021200000BF2078012801D0207800B904E04FF4E6
:102130005F713CA000F05CFD00BF00BF607840B163
:102140006078102805D06078202802D06078302888
:1021500000D104E040F27D3132A000F049FD00BF23
:1021600000BFA07810B1A078402800D104E040F270
:102170007E312CA000F03CFD00BF00BFE07880283D
:1021800001D0E07800B904E040F27F3125A000F0F2
:102190002FFD00BF00BF2079012817D02079022829
:1021A00014D02079032811D0207904280ED020796A
:1021B00005280BD02079062808D02079072805D0DB
:1021C0002079082802D02079092800D104E04FF4B2
:1021D000607114A000F00CFD00BF00BF1C48008817
:1021E00000F0010000B104E040F281310DA000F0E8
:1021F000FFFC00BF207917490870E0786178084338
:10220000A1780843124912310870207820B90120C2
:10221000FFF71EFF054603E00020FFF719FF054604
:10222000284670BD2E2E5C647269766572735C6898
:102230006333325F6C6C5F6472697665725C737273
:10224000635C686333325F6C6C5F636C6B2E63003E
:10225000FE430540A24005400146002009B9C01ECA
:1022600008E001220A7000228A704A708022CA7037
:1022700005220A717047000070B5044625460748DC
:1022800028601D20A8800648A8600A20A881012097
:10229000A861284604F07AFA70BD00000CEB00003B
:1022A00068EC000070B50446D4F8F80101F042FA79
:1022B000054605F4807050B125F4807626B131468C
:1022C000D4F8F80101F010F94FF4807500BFB5F5AE
:1022D000007F76D015DC102D5DD008DC012D2ED0CE
:1022E000022D37D0042D40D0082D6BD148E0202D91
:1022F0005CD0402D68D0802D74D0B5F5807FF4D1AE
:102300007FE0B5F5804F6BD00CDCB5F5806F68D001
:10231000B5F5006F71D0B5F5805F6FD0B5F5005F92
:10232000E3D1B0E0B5F5004F69D0B5F5803F67D097
:10233000B5F5003F72D0B5F5802FD6D1E4E001218C
:1023400004F5EE7004F028FA0121D4F8F80101F048
:10235000CBF8E7E0022104F5EE7004F01DFA02214B
:10236000D4F8F80101F0C0F8DCE0042104F5EE70C7
:1023700004F012FA0421D4F8F80101F0B5F8D1E024
:10238000082104F5EE7004F007FA0821D4F8F801EA
:1023900001F0AAF8C6E0102104F5EE7004F0FCF993
:1023A0001021D4F8F80101F09FF8BBE0202104F5DA
:1023B000EE7004F0F1F92021D4F8F80101F094F85E
:1023C000B0E02CE0ADE0FFE7402104F5EE7004F052
:1023D000E3F94021D4F8F80101F086F8A2E001E029
:1023E0005EE029E0802104F5EE7004F0D5F980214B
:1023F000D4F8F80101F078F894E02AE036E05CE0E7
:1024000068E04FF4807104F5EE7004F0C5F94FF404
:102410008071D4F8F80101F067F883E067E04FF4C9
:10242000007104F5EE7004F0B7F94FF40071D4F8C0
:10243000F80101F059F875E04FF4806104F5EE7091
:1024400004F0AAF94FF48061D4F8F80101F04CF8D7
:1024500068E04FF4006104F5EE7004F09DF94FF46C
:102460000061D4F8F80101F03FF85BE04FF48051CF
:1024700004F5EE7004F090F94FF48051D4F8F801AF
:1024800001F032F84EE04FF4005104F5EE7004F024
:1024900083F94FF40051D4F8F80101F025F841E038
:1024A0004FF4804104F5EE7004F076F94FF480416A
:1024B000D4F8F80101F018F834E04FF4004104F5C5
:1024C000EE7004F069F94FF40041D4F8F80101F01E
:1024D0000BF827E04FF4803104F5EE7004F05CF95E
:1024E0004FF48031D4F8F80100F0FEFF1AE04FF409
:1024F000003104F5EE7004F04FF94FF40031D4F8D8
:10250000F80100F0F1FF0DE04FF4802104F5EE70CA
:1025100004F042F94FF48021D4F8F80100F0E4FF10
:1025200000E000BF00BF70BD10B5002481E004EBE7
:10253000840202EBC413414A02EB830202F5AA7142
:1025400004EB840202EBC4133C4A02EB830202F563
:10255000A07003F006FA012104EB840000EBC41222
:10256000364800EB820080F84011B6EE000A04EB1A
:10257000840000EBC411314800EB810080ED510A6A
:102580009FED2F0A04EB840000EBC4112B4800EBF5
:10259000810080ED520A9FED2B0A04EB840000EBD2
:1025A000C411264800EB810080ED530A9FED250AF7
:1025B00004EB840000EBC411204800EB810080EDA7
:1025C000540A9FED210A04EB840000EBC4111B4860
:1025D00000EB810080ED5D0A9FED1A0A04EB840098
:1025E00000EBC411154800EB810080ED5E0A9FED01
:1025F000170A04EB840000EBC411104800EB8100C3
:1026000080ED630A9FED120A04EB840000EBC41115
:102610000A4800EB810080ED640A9FED0E0A04EB8E
:10262000840000EBC411054800EB810080ED650AD1
:10263000641C022CFFF67BAF10BD00002483FF1F3B
:10264000CDCC4C3D0000000000401C4500002F4454
:102650000080BB440000FA4410B500246BE004EB9A
:10266000840202EBC413354A02EB830202F19C019F
:1026700004EB840202EBC413304A02EB830202F142
:10268000880003F06EF9012104EB840000EBC41212
:102690002A4800EB820080F88810B7EE000A04EBAD
:1026A000840000EBC411254800EB810080ED230A73
:1026B0009FED230A04EB840000EBC4111F4800EBDC
:1026C000810080ED240A9FED1F0A04EB840000EBDB
:1026D000C4111A4800EB810080ED250A9FED190A0C
:1026E00004EB840000EBC411144800EB810080ED82
:1026F000260AB2EE000A04EB840000EBC4110F4876
:1027000000EB810080ED2F0ABAEE000A04EB840092
:1027100000EBC411094800EB810080ED300AB6EEF1
:10272000000A04EB840000EBC411044800EB8100B4
:1027300080ED350A641C022C91DB10BD2483FF1F41
:102740000AD7233C0000000010B52DED048B0024B7
:1027500008E104EB840000EBC411854800EB810024
:1027600090F89C00002876D004EB840202EBC4139E
:102770007F4A02EB830292ED291AF0EE410A04EB44
:10278000840202EBC4137A4A02EB830292ED281A08
:10279000B0EE410A04EB840202EBC413744A02EB6C
:1027A000830202F19C0104EB840202EBC413704A21
:1027B00002EB830202F1880003F066F884BB6D48E7
:1027C000008802282DDB00206A4908806A480088BA
:1027D000B0F5C87F2ADA04EB840000EBC41164482A
:1027E00000EB810090ED2D0A64486349098800EBF5
:1027F000810080ED000A04EB840000EBC4115C480A
:1028000000EB810090ED310A5D485B49098800EBDF
:10281000810080ED000A58480088401C5649088015
:1028200004E054480088401C5249088004EB8400AE
:1028300000EBC4114E4800EB810090ED310AF0EE40
:10284000C08AB2EE040AF4EEC08AF1EE10FA03DD9B
:10285000B1EE048A16E084E0B1EE040AF4EEC08A18
:10286000F1EE10FA02DDB0EE088A0BE0B0EE000ADD
:10287000F4EEC08AF1EE10FA02DDB7EE088A01E04C
:102880009FED408A04EB840000EBC411384800EB54
:10289000810090ED2D0AB0EEC09A04EB840000EBAD
:1028A000C411334800EB810090F8600001281CD16E
:1028B00004EB840000EBC4112D4800EB810090ED87
:1028C0002D0AB5EEC00AF1EE10FA09DD04EB840022
:1028D00000EBC411264800EB810090ED2D9A2DE00D
:1028E0009FED290AB0EE409A28E004EB840000EB4B
:1028F000C4111F4800EB810090F8600002281DD130
:1029000004EB840000EBC411194800EB810090ED4A
:102910002D0AB5EEC00AF1EE10FA0BD204EB8400DA
:1029200000EBC411124800EB810090ED2D0AB1EECE
:10293000409A03E09FED140AB0EE409AB4EEC89AB4
:10294000F1EE10FA00DD00BF104890ED000A04EB34
:10295000840000EBC411064800EB810080ED3F0AC3
:1029600000BF641C022CFFF6F4AEBDEC048B10BD5E
:102970002483FF1F7E80FF1F7C80FF1FFC8AFF1FB8
:102980007C97FF1FCDCC4C3F000000007880FF1FDC
:1029900010B500246BE004EB840202EBC413354A4B
:1029A00002EB830202F1F80104EB840202EBC41390
:1029B000304A02EB830202F1E40002F0D2FF01216F
:1029C00004EB840000EBC4122A4800EB820080F87C
:1029D000E410B3EE040A04EB840000EBC4112548B4
:1029E00000EB810080ED3A0A9FED230A04EB84009E
:1029F00000EBC4111F4800EB810080ED3B0A9FED06
:102A00001F0A04EB840000EBC4111A4800EB81009C
:102A100080ED3C0A9FED1A0A04EB840000EBC41120
:102A2000144800EB810080ED3D0A9FED160A04EB8F
:102A3000840000EBC4110F4800EB810080ED460AD2
:102A40009FED0E0A04EB840000EBC411094800EB73
:102A5000810080ED470AB6EE000A04EB840000EB2B
:102A6000C411044800EB810080ED4C0A641C022C68
:102A700091DB10BD2483FF1F0AD7A33C0000000098
:102A80000000FA440080BB4410B500249BE004EB36
:102A9000840000EBC4114E4800EB810090F8F80070
:102AA00000287DD004EB840202EBC413484A02EBF9
:102AB000830292ED401AF0EE410A04EB840202EB2D
:102AC000C413434A02EB830292ED3F1AB0EE410A6F
:102AD00004EB840202EBC4133D4A02EB830202F1D1
:102AE000F80104EB840202EBC413394A02EB8302BF
:102AF00002F1E40002F0C8FE002C57D135480088EE
:102B000005284EDB00203349088033480088B0F5A3
:102B10007A7F4BDA04EB840000EBC4112C4800EB05
:102B2000810090ED3F0A2D482B49098800EB810078
:102B300080ED000A04EB840000EBC411244800EB94
:102B4000810090ED400A26482349098800EB810066
:102B500080ED000A04EB840000EBC4111C4800EB7C
:102B6000810090ED440A1F481B49098800EB810051
:102B700080ED000A04EB840000EBC411144800EB64
:102B8000810090ED480A18481349098800EB81003C
:102B900080ED000A10480088401C0F49088005E0BD
:102BA00010E00C480088401C0A4908800F4890ED4E
:102BB000000A04EB840000EBC411054800EB81001F
:102BC00080ED560A641C022CFFF661AF10BD0000B8
:102BD0002483FF1F8A80FF1F8880FF1FFCA3FF1F25
:102BE0009CB3FF1F3CC3FF1FDCD2FF1F8080FF1F71
:102BF00004460D462A46214602A006F067F800BFAB
:102C0000FEE7000057726F6E6720706172616D653C
:102C1000746572732076616C75653A2066696C65BF
:102C2000202573206F6E206C696E652025640D0A67
:102C30000000000038B50246002300250095D81E8C
:102C400000BF0D4D2D682C4600BF0C4D2D68294648
:102C500089B105E00D6805F08003009D6D1C0095AD
:102C6000009DA54201D8002BF4D013B18A8000202A
:102C700001E06FF0070038BD8882FF1F8482FF1FCC
:102C800008B50D49096AC1F302630C490968D940C6
:102C900041F270731944491EB1FBF3F206E0009251
:102CA00000BF00994B1E00930029FAD1011EA0F12C
:102CB0000100F4D108BD0000004005400080FF1F66
:102CC00008B50C49096AC1F302630B490968D94088
:102CD0000A4B1944491EB1FBF3F206E0009200BF13
:102CE00000994B1E00930029FAD1011EA0F10100AA
:102CF000F4D108BD004005400080FF1F808D5B00BF
:102D000030B587B004460121084600F05DFE03A8F7
:102D100005F0F6F9002003901020049000200590A3
:102D20004CF24F30ADF8180003AA0121274805F0F6
:102D3000ADF801221146254805F052F80122910410
:102D4000224805F04DF94120ADF804000620ADF809
:102D500006001F48029001A801F02CFABDF90600F8
:102D6000002807DB00F01F0101228A4019494309AE
:102D700041F8232000BFBDF906000F21002804DB25
:102D80000A07130E144A135406E00A07150E134AD5
:102D900000F00F031B1FD55400BFBDF9060000282B
:102DA0000DDB00BF00BF00F01F020121914042096E
:102DB000920002F1E022C2F8001100BF00BF00BF84
:102DC0000121024805F05EF907B030BD0040024025
:102DD000C97D000080E200E000E400E018ED00E0C2
:102DE00010B5044600BF0CB1012C00D104E040F244
:102DF000711109A0FFF7FCFE00BF00BF1148006879
:102E0000012800D104E04FF4B97103A0FFF7F0FEF0
:102E100000BF0D48046010BD2E2E5C64726976659B
:102E200072735C686333325F6C6C5F647269766581
:102E3000725C7372635C686333325F6C6C5F65668F
:102E40006D2E6300000401404081204210B504460D
:102E500000BF0CB1012C00D104E040F2631109A0C5
:102E6000FFF7C6FE00BF00BF11480068012800D16F
:102E700004E04FF4B27103A0FFF7BAFE00BF0D48A3
:102E8000046010BD2E2E5C647269766572735C6896
:102E90006333325F6C6C5F6472697665725C737207
:102EA000635C686333325F6C6C5F65666D2E6300D4
:102EB000000401406081204210B5044600BF0F4865
:102EC0000068012800D104E040F21E210CA0FFF7A9
:102ED0008FFE00BF00BF40F23F10204340F23F1181
:102EE000884200D104E040F21F2105A0FFF780FED8
:102EF00000BF02481430046010BD0000000401400F
:102F00002E2E5C647269766572735C686333325F1F
:102F10006C6C5F6472697665725C7372635C686323
:102F200033325F6C6C5F65666D2E630010B50446CE
:102F300000BF0CB1012C00D104E04FF4747103A068
:102F4000FFF756FE00BF0C48046010BD2E2E5C64D7
:102F50007269766572735C686333325F6C6C5F6450
:102F600072697665725C7372635C686333325F6C3E
:102F70006C5F65666D2E63008081204210B504464B
:102F800000BF40F23F10204340F23F11884200D181
:102F900004E04FF4047106A0FFF72AFE00BF0F48BB
:102FA00000682040A04201D1012010BD0020FCE7B4
:102FB0002E2E5C647269766572735C686333325F6F
:102FC0006C6C5F6472697665725C7372635C686373
:102FD00033325F6C6C5F65666D2E630010040140D8
:102FE0002DE9F04104460D4600BF3748006801282E
:102FF00000D104E040F2D22134A0FFF7F9FD00BF78
:1030000000BF3D480068012800D104E040F2D32110
:103010002EA0FFF7EDFD00BF00BFB4F5002F0BD3CE
:103020003648844202D33648844205D93548844222
:1030300003D3B4F1467F00D204E04FF4357123A0EE
:10304000FFF7D6FD00BF00BF04F0030000B904E0A5
:1030500040F2D5211DA0FFF7CBFD00BF40F23F108D
:10306000FFF72AFF184808300068274900EA0106E0
:10307000154808300068C943084013490831086002
:103080000027081D006820F0700040F02000091D96
:1030900008602560384600F0E9F980460A480C309F
:1030A000006820F0700008490C310860081F0068B3
:1030B0001549C9430840C943314008430249083112
:1030C00008604046BDE8F081000401402E2E5C649B
:1030D0007269766572735C686333325F6C6C5F64CF
:1030E00072697665725C7372635C686333325F6CBD
:1030F0006C5F65666D2E630080812042000C0003CA
:10310000FB0F0003E0FF1703000001012DE9F05F52
:1031100004460E4615466FF002092746A8464FF4AE
:10312000807A00BFB4F5002F0BD32B48844202D322
:103130002A48844205D92A48844203D3B4F1467F01
:1031400000D204E040F2462126A0FFF751FD00BF67
:1031500000BF6019401EB0F5002F13D36019401E48
:103160001D49884204D36019401E1C49884209D970
:103170006019401E1A49884205D36019401EB0F1FB
:10318000467F00D204E040F2472116A0FFF730FD51
:1031900000BFF6B11E48006AC0F302611D48006816
:1031A000C84044F62061B0FBF1FB5946504600F0A0
:1031B00044F960B905E017F8010B06F8010BA8F116
:1031C0000108B8F1000FF6D14FF0000901E06FF0EF
:1031D00004094846BDE8F09F000C0003FB0F000304
:1031E000E0FF17032E2E5C647269766572735C686B
:1031F0006333325F6C6C5F6472697665725C7372A4
:10320000635C686333325F6C6C5F65666D2E630070
:10321000004005400080FF1F2DE9F041044600BF3B
:10322000B4F5002F00D204E040F2633134A0FFF780
:10323000DFFC00BF00BF04F0030000B904E04FF45E
:1032400059712FA0FFF7D4FC00BF00BF37480068BA
:10325000012800D104E040F2653129A0FFF7C8FC45
:1032600000BF00BF32480068012800D104E040F2EE
:10327000663123A0FFF7BCFC00BF40F23F10FFF710
:103280001BFE2A48083000682A4900EA0106274840
:1032900008300068C9430840244908310860002705
:1032A000081D006820F0700040F04000091D086013
:1032B000002020602048006AC0F302611F480068B7
:1032C000C8403221B0FBF1F84146384600F094F88E
:1032D000054616480C30006820F0700013490C3188
:1032E0000860081F00681349C9430840C9433140BA
:1032F00008430E49083108602846BDE8F081000007
:103300002E2E5C647269766572735C686333325F1B
:103310006C6C5F6472697665725C7372635C68631F
:1033200033325F6C6C5F65666D2E63000004014094
:103330008081204200000101004005400080FF1F05
:1033400070B50446002500BF1D480068012800D163
:1033500004E040F24F111BA0FFF74AFC00BF00BF82
:10336000F02C00D804E04FF4A87116A0FFF740FC41
:1033700000BF13480830006820F0F00004F0F001AE
:1033800008430F490831086010E06D1C1848006AB6
:10339000C0F3026117480068C84044F62061B0FBE2
:1033A000F1F0A84202D26FF0070070BD0448083067
:1033B000006800F0F000A042E7D10020F5E700002F
:1033C000000401402E2E5C647269766572735C683D
:1033D0006333325F6C6C5F6472697665725C7372C2
:1033E000635C686333325F6C6C5F65666D2E63008F
:1033F000004005400080FF1F70B504460E460025C2
:103400004FF4807101FA04F0314600F016F810F123
:10341000080F00D16D1F75B9102101FA04F0FFF7F4
:10342000ADFD012805D1102101FA04F0FFF744FD9C
:1034300001E04FF0FF35284670BDF8B505460C4653
:1034400000200090002608E00098401C00900098A2
:10345000A04202D96FF0070604E02846FFF78EFD70
:103460000128F1D100BF3046F8BD000070B5044618
:1034700000251B48006AC0F302611A480068C84072
:1034800044F62061B0FBF1F64FF4807101FA04F0CC
:103490003146FFF7D2FF10F1080F00D16D1FEDB9D3
:1034A000082101FA04F0FFF769FD012806D108217F
:1034B00001FA04F0FFF700FD4FF0FF3575B9102158
:1034C00001FA04F0FFF75AFD012805D1102101FA95
:1034D00004F0FFF7F1FC01E04FF0FF35284670BD26
:1034E000004005400080FF1F70B504460D460CB13A
:1034F000207B38B900BF06A207A1002002F01AFD08
:1035000000BF70BD2068A843206000BFF9E700003D
:103510004552524F520000001B5B33316D5B2573E7
:103520005D204576656E7447726F757020636C65BB
:1035300061723A20696E76616C69642067726F759A
:10354000701B5B306D0D0A0038B505461DB128466D
:10355000FCF702FF40B900BF27A229A1002002F01A
:10356000E9FC00BF002038BD284600F0BDF848B196
:1035700000BF2B4620A22EA1002002F0DBFC00BFE2
:103580000020F0E700242CE0384800EB4410007BDA
:10359000002825D1354901EB44102021FCF7C5FE58
:1035A0000120324901EB44110873304901EB441109
:1035B00001F10D000F222946FCF7C2FE00212B4825
:1035C00000EB4410017700BF234629A22AA1002066
:1035D000009502F0AFFC00BF244800EB4410C2E7A6
:1035E000641C202CD0DB00BF03A231A1002002F01C
:1035F000A1FC00BF0020B6E74552524F5200000028
:103600001B5B33316D5B25735D204576656E7447BA
:10361000726F7570206372656174653A206E616DBA
:1036200065206973204E554C4C1B5B306D0D0A00B4
:103630001B5B33316D5B25735D204576656E74478A
:10364000726F7570206372656174653A206E616D8A
:103650006520616C72656164792065786973747343
:1036600020282573291B5B306D0D0A0068AC0020F3
:10367000494E464F000000001B5B33326D5B2573E3
:103680005D204576656E7447726F75702063726554
:10369000617465204F4B20286964783A25642C209A
:1036A0006E616D653A2573291B5B306D0D0A000054
:1036B0001B5B33316D5B25735D204576656E74470A
:1036C000726F757020637265617465206661696CE4
:1036D00065643A206E6F20667265652067726F754B
:1036E000701B5B306D0D0A0070B505461DB1284694
:1036F000FCF732FE08B9002070BD002413E00C482E
:1037000000EB4410007B68B1094901EB441101F161
:103710000D0010222946FCF741FE18B9044800EBC1
:103720004410E9E7641C202CE9DB0020E4E70000FA
:1037300068AC002010B504460CB1207B40B900BF36
:1037400004A206A1002002F0F5FB00BF002010BD7E
:103750002068FCE74552524F520000001B5B33319A
:103760006D5B25735D204576656E7447726F75706D
:10377000206765743A20696E76616C6964206772AF
:103780006F75701B5B306D0D0A0000002DE9F0476E
:1037900004460E461746984614B1207B00B14EB938
:1037A00000BF1BA21CA1002002F0C4FB00BF002030
:1037B000BDE8F087207A20B908F0BCFB60600121E9
:1037C0002172D4F8009009EA0605012F06D17DB1D7
:1037D00029462046FFF788FE2846E9E7022F07D151
:1037E000B54205D131462046FFF77EFE2846DFE789
:1037F00008F1010050B108F09DFB82466068AAEB19
:103800000000404501D30020D2E700BF0020CFE7F1
:103810004552524F520000001B5B33316D5B2573E4
:103820005D204576656E7447726F757020726563B2
:10383000763A20696E76616C696420706172616DA0
:103840001B5B306D0D0A000070B504460D460CB1CF
:10385000207B38B900BF06A207A1002002F06AFB56
:1038600000BF70BD20682843206000BFF9E700005A
:103870004552524F520000001B5B33316D5B257384
:103880005D204576656E7447726F75702073656E46
:10389000643A20696E76616C69642067726F757036
:1038A0001B5B306D0D0A000070B504460D4600BF6D
:1038B0002CB1174820431649884200D103E07121FA
:1038C00014A0FFF795F900BF00BF0DB1012D00D185
:1038D00003E072210FA0FFF78BF900BF00BF18486B
:1038E000006900F0010000B103E0732109A0FFF7B7
:1038F0007FF900BF012D05D111480068A043104990
:10390000086004E00E48006820430D49086070BD5F
:1039100011C5F38F2E2E5C647269766572735C68D4
:103920006333325F6C6C5F6472697665725C73726C
:10393000635C686333325F6C6C5F6663672E630041
:103940000080044070B504460D4600BF2CB11148FC
:1039500020431049884200D103E084210EA0FFF7E4
:1039600047F900BF00BF0DB1012D00D103E0852153
:1039700009A0FFF73DF900BF012D05D111484068AE
:10398000A0431049486004E00E48406820430D49B8
:10399000486070BD79FD0F0F2E2E5C6472697665EC
:1039A00072735C686333325F6C6C5F6472697665F6
:1039B000725C7372635C686333325F6C6C5F666306
:1039C000672E63000080044070B504460D4600BFBA
:1039D0002CB1114820431049884200D103E09621C0
:1039E0000EA0FFF705F900BF00BF0DB1012D00D1FA
:1039F00003E0972109A0FFF7FBF800BF012D05D1D7
:103A000011488068A0431049886004E00E4880682F
:103A100020430D49886070BDFF8707002E2E5C642F
:103A20007269766572735C686333325F6C6C5F6475
:103A300072697665725C7372635C686333325F6C63
:103A40006C5F6663672E63000080044070B50446B7
:103A50000D4600BF3CB141F20310204341F2031177
:103A6000884200D103E0A8210DA0FFF7C1F800BFF4
:103A700000BF0DB1012D00D103E0A92108A0FFF77F
:103A8000B7F800BF012D05D11048C068A0430F4909
:103A9000C86004E00D48C06820430C49C86070BD90
:103AA0002E2E5C647269766572735C686333325F74
:103AB0006C6C5F6472697665725C7372635C686378
:103AC00033325F6C6C5F6663672E63000080044076
:103AD0002DE9F04104460D46904600BF2548008878
:103AE00000F0010000B104E040F2812122A0FFF7C4
:103AF0007FF800BF00BF4CB1012C07D0022C05D0CD
:103B0000032C03D0042C01D0052C00D104E040F29A
:103B1000822119A0FFF76CF800BF00BF15B1A8B251
:103B200000B104E040F2832113A0FFF761F800BF69
:103B3000002719E005F0010088B10E48001D00EBD8
:103B4000841000EB8706B8F1010F04D1308840F4EF
:103B50000040308003E03088C0F30E0030806D10EC
:103B600005B903E0781CC7B2102FE3D300BFBDE84E
:103B7000F0810000FC3B05402E2E5C647269766586
:103B800072735C686333325F6C6C5F647269766514
:103B9000725C7372635C686333325F6C6C5F677016
:103BA000696F2E63000000002DE9F05F05460E46A8
:103BB00014464FF0000B14B96FF0020BD9E000BFB0
:103BC0006D48008800F0010000B104E04FF48071FE
:103BD0006AA0FFF70DF800BF00BF4DB1012D07D05F
:103BE000022D05D0032D03D0042D01D0052D00D1C9
:103BF00004E040F2011161A0FEF7FAFF00BF00BF30
:103C000016B1B0B200B104E04FF481715BA0FEF7D1
:103C1000EFFF00BF00BF208810B12088012800D12D
:103C200004E040F2031155A0FEF7E2FF00BF00BF21
:103C3000608810B16088022800D104E04FF48271DE
:103C40004EA0FEF7D5FF00BF00BFA08810B1A0882E
:103C5000042800D104E040F2051148A0FEF7C8FF97
:103C600000BF00BFE08828B1E088102802D0E088BB
:103C7000202800D104E04FF4837140A0FEF7B8FF84
:103C800000BF00BF208918B12089B0F5804F00D156
:103C900004E040F2071139A0FEF7AAFF00BF00BF01
:103CA000608910B16089402800D104E04FF484712C
:103CB00032A0FEF79DFF00BF00BFA08918B1A08908
:103CC000B0F5007F00D104E040F209112BA0FEF70F
:103CD0008FFF00BF00BFE08918B1E089B0F5805FB9
:103CE00000D104E04FF4857124A0FEF781FF00BFEE
:103CF00000BF208A18B1208AB0F5004F00D104E03F
:103D000040F20B111DA0FEF773FF00BF00272DE04E
:103D100006F0010028B3208861880843A188084381
:103D2000E188084361890843A1890843E189084380
:103D3000218940EA010A45F27728208A40EA0A0AE6
:103D400048F400480C48001D00EB851000EB870983
:103D5000B9F8000020EA08000AEA08010843A9F8B7
:103D60000000761006B903E0781CC7B2102FCFD33D
:103D700000BF5846BDE8F09FFC3B05402E2E5C641A
:103D80007269766572735C686333325F6C6C5F6412
:103D900072697665725C7372635C686333325F6C00
:103DA0006C5F6770696F2E630000000070B5044699
:103DB0000D4600BF4CB1012C07D0022C05D0032CBE
:103DC00003D0042C01D0052C00D104E04FF4FF7186
:103DD0000CA0FEF70DFF00BF00BF15B1A8B200B1E7
:103DE00004E040F2FF1107A0FEF702FF00BF1149F7
:103DF00001EB0410B0F80008284008B1012070BDA4
:103E00000020FCE72E2E5C647269766572735C6834
:103E10006333325F6C6C5F6472697665725C737277
:103E2000635C686333325F6C6C5F6770696F2E63CD
:103E3000000000000030054070B504460D4600BF8C
:103E40004CB1012C07D0022C05D0032C03D0042C3C
:103E500001D0052C00D104E040F24A210BA0FEF76E
:103E6000C7FE00BF00BF15B1A8B200B104E040F228
:103E70004B2106A0FEF7BCFE00BF1048102101FB3D
:103E8000040630882843308070BD00002E2E5C640C
:103E90007269766572735C686333325F6C6C5F6401
:103EA00072697665725C7372635C686333325F6CEF
:103EB0006C5F6770696F2E63000000000A38054070
:103EC00070B504460D4600BF24B144F01F001F2802
:103ED00000D104E04FF4B27118A0FEF789FE00BFD4
:103EE00000BF0DB1012D00D104E040F2651113A017
:103EF000FEF77EFE00BF00BF1C48008800F00100F6
:103F000000B104E04FF4B3710CA0FEF771FE00BFE6
:103F1000012D09D115480838008804F01F01084315
:103F200012490839088008E010480838008804F071
:103F30001F0188430D490839088070BD2E2E5C642E
:103F40007269766572735C686333325F6C6C5F6450
:103F500072697665725C7372635C686333325F6C3E
:103F60006C5F6770696F2E6300000000FC3B0540CA
:103F70002DE9F04104460D46164600BF4CB1012C18
:103F800007D0022C05D0032C03D0042C01D0052C23
:103F900000D104E04FF4BE7124A0FEF729FE00BF5B
:103FA00000BF15B1A8B200B104E040F27D111FA01E
:103FB000FEF71EFE00BF00BF0F2E03D9202E02D336
:103FC0003B2E00D804E04FF4BF7118A0FEF710FE9E
:103FD00000BF00BF2148008800F0010000B104E0EC
:103FE00040F27F1111A0FEF703FE00BF002717E08B
:103FF00005F0010078B11948801D00EB841000EB3A
:104000008708B8F800004FF6C071084006F03F017D
:104010000843A8F800006D1005B903E0781CC7B28A
:10402000102FE5D300BFBDE8F08100002E2E5C64A8
:104030007269766572735C686333325F6C6C5F645F
:1040400072697665725C7372635C686333325F6C4D
:104050006C5F6770696F2E6300000000FC3B0540D9
:1040600070B504460D4600BF4CB1012C07D0022CA0
:1040700005D0032C03D0042C01D0052C00D104E082
:104080004FF40E710BA0FEF7B3FD00BF00BF15B1DA
:10409000A8B200B104E040F2392106A0FEF7A8FD65
:1040A00000BF1048102101FB0406308828433080EF
:1040B00070BD00002E2E5C647269766572735C6858
:1040C0006333325F6C6C5F6472697665725C7372C5
:1040D000635C686333325F6C6C5F6770696F2E631B
:1040E000000000000838054010B5044600BF44B188
:1040F000B4F5804F05D0B4F5004F02D0B4F5404F71
:1041000000D104E04FF4ED710EA0FEF771FD00BF89
:1041100000BF1848008800F0010000B104E040F240
:10412000DB1108A0FEF764FD00BF1248001F0088E5
:10413000C0F30D0004F4404108430E49091F0880F4
:1041400010BD00002E2E5C647269766572735C6827
:104150006333325F6C6C5F6472697665725C737234
:10416000635C686333325F6C6C5F6770696F2E638A
:1041700000000000FC3B05400146002009B9C01EBC
:1041800009E000220A804A80CA800A820A814A81A4
:104190008A81CA818A80704770B505460C461DB970
:1041A0002046FEF7ADFD01E0002070BD00BF0120FC
:1041B000FBE7000070B5044600260CB9F61E4BE084
:1041C00000BF2088B0F5007F00DA03E0CD2123A0F6
:1041D000FEF70EFD00BF2088400900EB40002021C3
:1041E00001EB4000B4F9021088420AD82088400947
:1041F00000EB4000252101EB4000B4F90210884299
:1042000006D2B4F90200202802D36FF0020623E0A0
:1042100060881F49042212FB00152868C0F30800BB
:1042200040F2FF11884208D120882860B4F90210BA
:10423000184A606842F821000EE020882968C1F31E
:104240000801884206D1B4F90210124A606842F8A7
:10425000210001E06FF00106304670BD2E2E5C6437
:104260007269766572735C686333325F6C6C5F642D
:1042700072697665725C7372635C686333325F6C1B
:104280006C5F696E74657272757074732E63000072
:104290005C10054014B5002010B50349086880473C
:1042A000BFF34F8F10BD000014B5002010B50349B7
:1042B00048688047BFF34F8F10BD000014B5002041
:1042C00010B5034988688047BFF34F8F10BD0000C9
:1042D00014B5002010B50349C8688047BFF34F8F5D
:1042E00010BD000014B5002010B5034908698047CF
:1042F000BFF34F8F10BD000014B5002010B5034967
:1043000048698047BFF34F8F10BD000014B50020EF
:1043100010B5034988698047BFF34F8F10BD000077
:1043200014B5002010B50349C8698047BFF34F8F0B
:1043300010BD000014B5002010B50349086A80477D
:10434000BFF34F8F10BD000014B5002010B5034916
:10435000486A8047BFF34F8F10BD000014B500209E
:1043600010B50349886A8047BFF34F8F10BD000026
:1043700014B5002010B50349C86A8047BFF34F8FBA
:1043800010BD000014B5002010B50349086B80472C
:10439000BFF34F8F10BD000014B5002010B50349C6
:1043A000486B8047BFF34F8F10BD000014B500204D
:1043B00010B50349886B8047BFF34F8F10BD0000D5
:1043C00014B5002010B50349C86B8047BFF34F8F69
:1043D00010BD000014B5002010B50349086C8047DB
:1043E000BFF34F8F10BD000014B5002010B5034976
:1043F000486C8047BFF34F8F10BD000014B50020FC
:1044000010B50349886C8047BFF34F8F10BD000083
:1044100014B5002010B50349C86C8047BFF34F8F17
:1044200010BD000014B5002010B50349086D804789
:10443000BFF34F8F10BD000014B5002010B5034925
:10444000486D8047BFF34F8F10BD000014B50020AA
:1044500010B50349886D8047BFF34F8F10BD000032
:1044600014B5002010B50349C86D8047BFF34F8FC6
:1044700010BD000014B5002010B50349086E804738
:10448000BFF34F8F10BD000014B5002010B50349D5
:10449000486E8047BFF34F8F10BD000014B5002059
:1044A00010B50349886E8047BFF34F8F10BD0000E1
:1044B00014B5002010B50349C86E8047BFF34F8F75
:1044C00010BD000014B5002010B50349086F8047E7
:1044D000BFF34F8F10BD000014B5002010B5034985
:1044E000486F8047BFF34F8F10BD000014B5002008
:1044F00010B50349886F8047BFF34F8F10BD000090
:1045000014B5002010B50349C86F8047BFF34F8F23
:1045100010BD000014B5002010B50349D1F880008B
:104520008047BFF34F8F10BD14B5002010B503496D
:10453000D1F884008047BFF34F8F10BD14B5002021
:1045400010B50349D1F888008047BFF34F8F10BDE5
:1045500014B5002010B50349D1F88C008047BFF393
:104560004F8F10BD14B5002010B50349D1F890004D
:104570008047BFF34F8F10BD14B5002010B503491D
:10458000D1F894008047BFF34F8F10BD14B50020C1
:1045900010B50349D1F898008047BFF34F8F10BD85
:1045A00014B5002010B50349D1F89C008047BFF333
:1045B0004F8F10BD14B5002010B50349D1F8A000ED
:1045C0008047BFF34F8F10BD14B5002010B50349CD
:1045D000D1F8A4008047BFF34F8F10BD14B5002061
:1045E00010B50349D1F8A8008047BFF34F8F10BD25
:1045F00014B5002010B50349D1F8AC008047BFF3D3
:104600004F8F10BD14B5002010B50349D1F8B0008C
:104610008047BFF34F8F10BD14B5002010B503497C
:10462000D1F8B4008047BFF34F8F10BD14B5002000
:1046300010B50349D1F8B8008047BFF34F8F10BDC4
:1046400014B5002010B50349D1F8BC008047BFF372
:104650004F8F10BD14B5002010B50349D1F8C0002C
:104660008047BFF34F8F10BD14B5002010B503492C
:10467000D1F8C4008047BFF34F8F10BD14B50020A0
:1046800010B50349D1F8C8008047BFF34F8F10BD64
:1046900014B5002010B50349D1F8CC008047BFF312
:1046A0004F8F10BD14B5002010B50349D1F8D000CC
:1046B0008047BFF34F8F10BD14B5002010B50349DC
:1046C000D1F8D4008047BFF34F8F10BD14B5002040
:1046D00010B50349D1F8D8008047BFF34F8F10BD04
:1046E00014B5002010B50349D1F8DC008047BFF3B2
:1046F0004F8F10BD14B5002010B50349D1F8E0006C
:104700008047BFF34F8F10BD14B5002010B503498B
:10471000D1F8E4008047BFF34F8F10BD14B50020DF
:1047200010B50349D1F8E8008047BFF34F8F10BDA3
:1047300014B5002010B50349D1F8EC008047BFF351
:104740004F8F10BD14B5002010B50349D1F8F0000B
:104750008047BFF34F8F10BD14B5002010B503493B
:10476000D1F8F4008047BFF34F8F10BD14B500207F
:1047700010B50349D1F8F8008047BFF34F8F10BD43
:1047800014B5002010B50349D1F8FC008047BFF3F1
:104790004F8F10BD14B5002010B50349D1F80001AA
:1047A0008047BFF34F8F10BD14B5002010B50349EB
:1047B000D1F804018047BFF34F8F10BD14B500201E
:1047C00010B50349D1F808018047BFF34F8F10BDE2
:1047D00014B5002010B50349D1F80C018047BFF390
:1047E0004F8F10BD14B5002010B50349D1F810014A
:1047F0008047BFF34F8F10BD14B5002010B503499B
:10480000D1F814018047BFF34F8F10BD14B50020BD
:1048100010B50349D1F818018047BFF34F8F10BD81
:1048200014B5002010B50349D1F81C018047BFF32F
:104830004F8F10BD14B5002010B50349D1F82001E9
:104840008047BFF34F8F10BD14B5002010B503494A
:10485000D1F824018047BFF34F8F10BD14B500205D
:1048600010B50349D1F828018047BFF34F8F10BD21
:1048700014B5002010B50349D1F82C018047BFF3CF
:104880004F8F10BD14B5002010B50349D1F8300189
:104890008047BFF34F8F10BD14B5002010B50349FA
:1048A000D1F834018047BFF34F8F10BD14B50020FD
:1048B00010B50349D1F838018047BFF34F8F10BDC1
:1048C00014B5002010B50349D1F83C018047BFF36F
:1048D0004F8F10BD14B5002010B50349D1F8400129
:1048E0008047BFF34F8F10BD14B5002010B50349AA
:1048F000D1F844018047BFF34F8F10BD14B500209D
:1049000010B50349D1F848018047BFF34F8F10BD60
:1049100014B5002010B50349D1F84C018047BFF30E
:104920004F8F10BD14B5002010B50349D1F85001C8
:104930008047BFF34F8F10BD14B5002010B5034959
:10494000D1F854018047BFF34F8F10BD14B500203C
:1049500010B50349D1F858018047BFF34F8F10BD00
:1049600014B5002010B50349D1F85C018047BFF3AE
:104970004F8F10BD14B5002010B50349D1F8600168
:104980008047BFF34F8F10BD14B5002010B5034909
:10499000D1F864018047BFF34F8F10BD14B50020DC
:1049A00010B50349D1F868018047BFF34F8F10BDA0
:1049B00014B5002010B50349D1F86C018047BFF34E
:1049C0004F8F10BD14B5002010B50349D1F8700108
:1049D0008047BFF34F8F10BD14B5002010B50349B9
:1049E000D1F874018047BFF34F8F10BD14B500207C
:1049F00010B50349D1F878018047BFF34F8F10BD40
:104A000014B5002010B50349D1F87C018047BFF3ED
:104A10004F8F10BD14B5002010B50349D1F88001A7
:104A20008047BFF34F8F10BD14B5002010B5034968
:104A3000D1F884018047BFF34F8F10BD14B500201B
:104A400010B50349D1F888018047BFF34F8F10BDDF
:104A500014B5002010B50349D1F88C018047BFF38D
:104A60004F8F10BD14B5002010B50349D1F8900147
:104A70008047BFF34F8F10BD14B5002010B5034918
:104A8000D1F894018047BFF34F8F10BD14B50020BB
:104A900010B50349D1F898018047BFF34F8F10BD7F
:104AA00014B5002010B50349D1F89C018047BFF32D
:104AB0004F8F10BD14B5002010B50349D1F8A001E7
:104AC0008047BFF34F8F10BD14B5002010B50349C8
:104AD000D1F8A4018047BFF34F8F10BD14B500205B
:104AE00010B50349D1F8A8018047BFF34F8F10BD1F
:104AF00014B5002010B50349D1F8AC018047BFF3CD
:104B00004F8F10BD14B5002010B50349D1F8B00186
:104B10008047BFF34F8F10BD14B5002010B5034977
:104B2000D1F8B4018047BFF34F8F10BD14B50020FA
:104B300010B50349D1F8B8018047BFF34F8F10BDBE
:104B400014B5002010B50349D1F8BC018047BFF36C
:104B50004F8F10BD14B5002010B50349D1F8C00126
:104B60008047BFF34F8F10BD14B5002010B5034927
:104B7000D1F8C4018047BFF34F8F10BD14B500209A
:104B800010B50349D1F8C8018047BFF34F8F10BD5E
:104B900014B5002010B50349D1F8CC018047BFF30C
:104BA0004F8F10BD14B5002010B50349D1F8D001C6
:104BB0008047BFF34F8F10BD14B5002010B50349D7
:104BC000D1F8D4018047BFF34F8F10BD14B500203A
:104BD00010B50349D1F8D8018047BFF34F8F10BDFE
:104BE00014B5002010B50349D1F8DC018047BFF3AC
:104BF0004F8F10BD14B5002010B50349D1F8E00166
:104C00008047BFF34F8F10BD14B5002010B5034986
:104C1000D1F8E4018047BFF34F8F10BD14B50020D9
:104C200010B50349D1F8E8018047BFF34F8F10BD9D
:104C300014B5002010B50349D1F8EC018047BFF34B
:104C40004F8F10BD14B5002010B50349D1F8F00105
:104C50008047BFF34F8F10BD14B5002010B5034936
:104C6000D1F8F4018047BFF34F8F10BD14B5002079
:104C700010B50349D1F8F8018047BFF34F8F10BD3D
:104C800014B5002010B50349D1F8FC018047BFF3EB
:104C90004F8F10BD14B5002070B50446002512E0FA
:104CA000665D062E01DB002070BD06EB860101EB80
:104CB000C601074A02EB810000F022F808B9002083
:104CC000F2E7681CC5B2207AA842E9DC0120EBE7D4
:104CD0003889FF1F10B586B0044601A8FFF74CFACB
:104CE0000020ADF80600207A10B94020ADF80E0083
:104CF000A28891B2207801AAFEF756FF06B010BD37
:104D000030B501464868037A002200200CE00C7898
:104D100004EB8404084D05EB4404245C9C4201D15F
:104D2000541CE2B2441CE0B20A28F0DB0A2A01DB80
:104D3000012030BD0020FCE7FC88FF1F70B5002576
:104D40003DE005EB850000EBC5001E4901EB80044A
:104D5000257005EB45001C4901EB800060600020D8
:104D600084F82600206384F8240084F82500606815
:104D7000FFF7B0FF1548A0600421A181144921610B
:104D80000421A1820021216204F1080001F0FEFC4F
:104D900000200DE06168097A09B9012100E00021D5
:104DA00005EB85020B4B03EB42021154411CC8B2C8
:104DB0000A28EFDB002008494855681CC5B2062DBB
:104DC000BFDB70BD3889FF1FD0DC000070DC000045
:104DD000A0DC0000FC88FF1F4080FF1F7FB5044659
:104DE0000D4616460020009001900290039000941A
:104DF00001958DF8086001F0A9FF039002231022AD
:104E000069463D2000F0FEFB7FBD000010B5214C3F
:104E1000214820602720A0802048A0600E20A0818B
:104E20000120A061204601F0B1FC01F039FC1C49D1
:104E3000086001F035FC1B49086001F031FC1A499B
:104E4000086001F02DFC194908601548006820B180
:104E500017491348006801F057FC1248006820B158
:104E600014491048006801F04FFC0F48006820B159
:104E700011490D48006801F047FC0C48006820B15A
:104E80000E490A48006801F03FFC0D493D2000F042
:104E90004BFC10BD708AFF1F18DD0000ECDE000027
:104EA0005080FF1F5480FF1F5880FF1F5C80FF1F32
:104EB000B5880000C9880000DD880000F188000086
:104EC000316A000010B51448047C052C06D0062C6D
:104ED00005D00B2C0FD00C2C1AD10DE000BF0F48C1
:104EE000007838B90D48407820B94FF480710A48ED
:104EF00001F052FC0DE000BF0848007838B90748BF
:104F0000407820B94FF48031034801F045FC00E0BF
:104F100000BF00BF10BD0000708AFF1F4C80FF1F44
:104F2000F8B501F013FF06460027002428E004EB43
:104F3000840202EBC402634B03EB82025268928844
:104F400091B204EB840202EBC40203EB82025268CA
:104F50001078FEF72BFF054604EB84005A4901EB5D
:104F600040005A49095D45545848005D401C0A21DB
:104F7000B0FBF1F201FB120054490855601CC4B2A9
:104F8000062CD4DB002427E004EB4400504901EB5D
:104F9000C0052846FFF780FEC0B101274D4850F8F4
:104FA0002400E968884207D24A4850F82400401C8F
:104FB000484941F824000DE00222D5E90401FFF739
:104FC0000DFF0020434941F8240003E0002041493F
:104FD00041F82400601CC4B2002CD5D00020009001
:104FE0006AE09DF8000000EB800101EBC00035494C
:104FF00001EB80042046FFF783FE84F824001FB1F4
:10500000012084F8260002E0002084F8260094F8AD
:10501000240094F8251088422BD014F8240F6070D7
:1050200014F8240940B1A66200202063002104F195
:10503000080001F0B1FB1CE0E662012104F1080068
:1050400001F0AAFB94F8260068B9D4E90A10451AC1
:1050500060684089A84205D9012269469DF8000090
:10506000FFF7BCFE00BF032269469DF80000FFF772
:10507000B5FEA06902281AD194F82400B8B194F8BA
:105080002600A0B9206B401C206361684989206B11
:1050900088420CD3022104F1080001F07DFB0020BE
:1050A0002063022269469DF80000FFF797FE9DF8F5
:1050B0000000401CC0B200909DF80000062890DB64
:1050C000F8BD00003889FF1FFC88FF1F4080FF1FCC
:1050D00058DC00004880FF1F30B5034618480078B0
:1050E000834200DA09B9002030BD086810B10868B1
:1050F000007908B90020F7E7C3EBC300114C04EBBB
:10510000C00292F8350088B192F8240003280DD12E
:10511000D0680C68A04209D1107C0C79A04205D15E
:1051200054698868844201D10120DDE791E83100AB
:10513000C2E907459061012082F8240000BFD3E74F
:10514000CFE000008C8AFF1F70B505460C460CB9F5
:10515000002070BD0DB90020FBE7002020606060DA
:10516000A06000211EE001EB4100144A52F820002B
:105170002840A84214D101EB410002EB80000079E5
:10518000207001EB410002EB80004079607001EB80
:10519000410002EB80008068606001202072D8E747
:1051A000481CC1B21829DED32146284606F0B4F9BE
:1051B00008B10120CDE70020CBE7000094DF00001C
:1051C0000146162901DB0020704701EB4100024A2D
:1051D00002EB8000F8E70000ACE1000070B500F0E1
:1051E00059F800252EE0C5EBC500194901EBC004B4
:1051F00005EB8500174901EB40000168216041681B
:105200006160008920810020E06020616061A06110
:10521000E061206284F8240084F82500A062E06246
:10522000206384F8340084F8350084F8360084F86C
:105230003700204606F0B0FC0021204606F036FD7F
:10524000681CC5B2044800788542CCDB70BD000004
:105250008C8AFF1FB4E00000CFE0000070B5054667
:105260000A480078854200DB70BDC5EBC5000849DF
:1052700001EBC004002084F83600012084F83400DB
:1052800001F064FDA06200BFEEE70000CFE0000087
:105290008C8AFF1F7047000010B50446064800784E
:1052A000844200DB10BDC4EBC401044A02EBC10020
:1052B00006F0ECFC00BFF5E7CFE000008C8AFF1F92
:1052C0002DE9F04101F042FD05461E480068281A0C
:1052D0000A2801D2BDE8F0811A48056000262AE0BC
:1052E000C6EBC600184901EBC00494F8240001285D
:1052F00002D1204606F071FC94F8350028B194F8EC
:10530000340010B194F8360000B112E0E06800B942
:105310000FE0E068006894F8251000EB8108A06AAF
:105320002F1AB8F80000B84202D8204606F070FCE8
:1053300000BF701CC6B2054800788642D0DB00BFB3
:10534000C8E700007080FF1F8C8AFF1FCFE00000BD
:1053500010B5044604F0010048B100BF40F223102C
:105360001A49086043F21020086000BF00BF04F033
:10537000020028B100BF16481649086100BF00BFEF
:1053800004F0040030B100BF4AF201501249088015
:1053900000BF00BF04F0100018B14AF2085000F03E
:1053A000C7FB04F0400018B14AF2035000F0C0FB04
:1053B00004F0800040B100BF772008490860074929
:1053C0000831086000BF00BF10BD000000040140AC
:1053D0000100A5A500800440FC3B054004080540F1
:1053E00010B5044604F0010028B100BF002019499F
:1053F000086000BF00BF04F0020028B100BF1648DB
:105400001649086100BF00BF04F0040030B100BFBE
:105410004FF425401249088000BF00BF04F010007F
:1054200018B14AF2085000F075FB04F0400018B1C2
:105430004AF2035000F06EFB04F0800040B100BF60
:1054400076200849086007490831086000BF00BF9E
:1054500010BD0000000401400000A5A5008004402C
:10546000FC3B05400408054010B500F0F7FC10BDFA
:1054700070B504462546074828601420A8800648D1
:10548000A8600620A8810020A861284601F07EF9C6
:1054900070BD0000E0EC0000D0ED000070B50446E7
:1054A00084210859FEF746F90546202D22D006DC56
:1054B000042D09D0082D12D0102D47D125E0402D04
:1054C0002ED0802D42D136E0042104F1680001F095
:1054D00063F9842108590421FEF706F837E0082112
:1054E00004F1680001F058F9842108590821FDF7FA
:1054F000FBFF2CE0202104F1680001F04DF984212C
:1055000008592021FDF7F0FF21E0102104F1680087
:1055100001F042F9842108591021FDF7E5FF16E05A
:10552000402104F1680001F037F984210859402135
:10553000FDF7DAFF0BE0802104F1680001F02CF99F
:10554000842108598021FDF7CFFF00E000BF00BF94
:1055500070BD000010B500200749A1F8C000C421AB
:105560000548FAF7E2FE00BF102304A205A10020BF
:1055700000F0E0FC00BF10BD68B00020494E464F6F
:10558000000000001B5B33326D5B25735D204D73A3
:10559000672050756253756220696E6974204F4BA5
:1055A0002C206D6178207375627363726962653A4D
:1055B0002025641B5B306D0D0A00000010B502460B
:1055C0000B46002117E001EB41000D4C04EB80007D
:1055D000007A70B101EB410054F82000904208D1EC
:1055E00001EB410004EB80004068984201D10120AA
:1055F00010BD481C81B21029E5DB0020F8E700004F
:1056000068B000202DE9F84305460F4690461E4637
:105610004FF00009022E09DD00BF2B462AA22C49BB
:105620000020009600F086FC00BF022600243BE02C
:1056300004EB4400274901EB8000007A88B304EBB7
:10564000440051F82000A8422BD14FF0010904EB8F
:10565000440001EB80004068B8B900BF2B461EA291
:105660001F490020009400F065FC00BF002004EBFF
:105670004401184A02EB810108721046B0F8C000DC
:10568000401E1146A1F8C0000CE004EB4400114993
:1056900001EB8000334642463946D0F804C0284624
:1056A000E04700BF601C84B2102CC1DBB9F1000FD1
:1056B00007D100BF2B460BA20CA1002000F03AFC42
:1056C00000BFBDE8F88300005741524E00000000C3
:1056D0008CF5000068B000204552524F5200000087
:1056E000D0F5000044454255470000001B5B3336AF
:1056F0006D5B25735D204D7367205075626C697317
:10570000683A206E6F2073756273637269626572A6
:105710002028746F7069633A307825303458291B1B
:105720005B306D0D0A000000F8B505460E464EB917
:1057300000BF2B462CA22EA1002000F0FBFB00BFD7
:105740000120F8BD31462846FFF738FF48B100BFB9
:105750002B4637A23849002000F0ECFB00BF0120A7
:10576000EFE73648B0F8C000102809DB00BF2B4631
:105770001DA23349002000F0DDFB00BF0120E0E75F
:1057800000242DE004EB44002C4901EB8000007A5A
:1057900020BB04EB440041F8205004EB440001EB33
:1057A00080004660012004EB4401244A02EB8101A1
:1057B00008721046B0F8C000401C1146A1F8C000A5
:1057C00000BF0846B0F8C0002B461EA21FA10090E3
:1057D000002000F0AFFB00BF0020B2E7601C84B2E5
:1057E000102CCFDB0120ACE74552524F5200000095
:1057F0001B5B33316D5B25735D204D7367205375E3
:10580000627363726962653A2063616C6C626163A2
:105810006B206973204E554C4C2028746F7069635F
:105820003A307825303458291B5B306D0D0A000062
:105830005741524E0000000004F5000068B00020FF
:1058400048F50000494E464F000000001B5B333214
:105850006D5B25735D204D736720537562736372B2
:105860006962653A20746F7069632030782530343E
:1058700058204F4B2028746F74616C3A2564291BA3
:105880005B306D0D0A00000070B52DED028B0546F2
:105890000C46B0EE408AF0EE608A84ED018AC4EDD9
:1058A000028A38EE680A84ED0A0A287810B10128C5
:1058B0000ED106E02146284600F059F884ED060A8C
:1058C0000BE02146284600F029F884ED060A04E0A2
:1058D0009FED110ABDEC028B70BD00BF94ED060A6E
:1058E000D4ED090AB4EEE00AF1EE10FA04D294ED18
:1058F000090A84ED060A0CE094ED060AD4ED080AC4
:10590000B4EEE00AF1EE10FA03DD94ED080A84ED3E
:10591000060A94ED060ADDE70000000091ED0A0A90
:1059200091ED0B1A30EE410A90ED011A20EE010ABA
:1059300090ED021AD1ED0A1A01EE210AF0EE400AAA
:1059400091ED060A30EE200A81ED060A91ED0B0A70
:1059500081ED0C0A91ED0A0A81ED0B0A91ED060A20
:10596000704700B50246084600F05AF800BD70B511
:105970002DED068B05460C4694ED0D0AD4ED0A0A72
:1059800030EE200A84ED0D0A95ED040A10EE101A8F
:105990000846FAF712FD41EC180B94ED0D0A10EED3
:1059A000101A0846FAF709FD41EC1A0BB0EE4A0A44
:1059B000F0EE6A0A03F09AF9B0EE409AF0EE609ABF
:1059C00053EC182B51EC190BFAF742FD14D2D5ED1C
:1059D000040A94ED0D0AB5EEC00AF1EE10FA01DDED
:1059E000012001E04FF0FF3000EE100AB8EEC00ACF
:1059F00020EE800A84ED0D0A95ED010AD4ED0A0A25
:105A000020EE200AD5ED020A94ED0D1A00EE810A6F
:105A100084ED060A94ED060ABDEC068B70BD00000D
:105A20009FED0C0A80ED010A9FED0A0A80ED020A43
:105A30009FED080A80ED0A0A9FED060A80ED0B0A29
:105A40009FED040A80ED0D0A9FED020A80ED060A23
:105A500070470000000000009FED0A0A80ED0A0A6E
:105A60009FED080A80ED0B0A9FED060A80ED0C0AF7
:105A70009FED040A80ED0D0A9FED020A80ED060AF3
:105A8000704700000000000000B9704780ED010A77
:105A9000D0ED020A70EE600AC0ED0A0A00BFF4E71A
:105AA00010B500BF0F48008800F00200022800D1A6
:105AB00004E040F2AD410CA0FDF79AF800BF0948A0
:105AC000001D007800F0C00040F00F000549091DDE
:105AD000087010200349113108701E20FDF7F0F8FE
:105AE000002010BDFE4305402E2E5C647269766571
:105AF00072735C686333325F6C6C5F647269766585
:105B0000725C7372635C686333325F6C6C5F707776
:105B1000632E630004490988814341F42541034A07
:105B2000A2F8FE1370470000FE4305400040054008
:105B3000034909880143034AA2F8FE137047000095
:105B4000FE43054000400540014600224A810A818B
:105B5000704700002DE9F04706460F4690469946EB
:105B6000DDF820A02E4890F86002082802D3FF201C
:105B7000BDE8F08737B1B8F1020F03DBB9F1000FD0
:105B800000D00EB9FF20F3E700250BE005EB450040
:105B900000EB0510224901EB8000007F00B903E013
:105BA000681CC5B2082DF1D300BF05EB450000EB22
:105BB00005101B4901EB80042760A4F8048084F8D9
:105BC000069000206081208184F81DA00F223146BC
:105BD00004F10C00FAF7B4FB0021E17601202077F4
:105BE000104860621048A0621048E06210482063CC
:105BF000104860631048E0631048A06310482064B8
:105C0000104860641048A0642046FFF79DFF0448D8
:105C100090F86002401C024981F860022846A7E71C
:105C2000B0B20020FB5D0000B55D0000495B0000E4
:105C3000935D00007F5D00005B5D0000A95C0000DB
:105C40001D5D0000C15C0000F55D000070B50546FB
:105C50000DB9002070BD00241FE004EB440000EBF0
:105C60000410104901EB8000007FA0B104EB440157
:105C700001EB04110B4A02EB810101F10C002946F2
:105C8000FAF771FB38B904EB440000EB0410054946
:105C900001EB8000DEE7601CC4B2082CDDD30020DD
:105CA000D8E70000B0B2002070B50446254628466B
:105CB000E96B8847A988491E081A80B270BD0000A8
:105CC0002DE9F0412DED028B044625469FED120A89
:105CD000B0EE408A6E892846E96B88470746D5F8BA
:105CE0000080002010E008EB860191ED000A30EE04
:105CF000080AB0EE408AAA88711C91FBF2F302FBFD
:105D000013118EB2411C88B2B842ECDBB0EE480AE7
:105D1000BDEC028BBDE8F081000000002DE9F047EA
:105D20000446254600266F892846E96B8847804649
:105D3000D5F8009000200BE019F807100E44AA884F
:105D4000791C91FBF2F302FB13118FB2411C88B254
:105D50004045F1DB3046BDE8F08702461146088930
:105D60004B89984204DB08894B89C01A80B270477E
:105D700088884B89C01A0B89184480B2F7E701461E
:105D80000A4610895389984201D1012070470020AA
:105D9000FCE710B501460A461089401C938890FB29
:105DA000F3F403FB14005389984201D1012010BD84
:105DB0000020FCE72DE9F04105460E462C46204622
:105DC000616B884710B10220BDE8F0816189A2793A
:105DD000206801FB0207A27939463046FAF78CFAAF
:105DE0006089401CA18890FBF1F201FB12006081E8
:105DF0000020E9E70246517770472DE9F04105465A
:105E00000E462C4616B90420BDE8F081607F28B903
:105E10002046216B884768B10120F5E72046216BB9
:105E2000884738B16089401CA18890FBF1F201FBE2
:105E3000120060812189A279206801FB0207A27902
:105E400031463846FAF758FA2089401CA18890FB61
:105E5000F1F201FB120020810020D5E710B502F01D
:105E600073FD10BD2DE9F04104460D46164600BFF6
:105E70000E4F3878532801D002F066FD00BFEFF3D3
:105E800011800746202080F3118800BF00BF3246F2
:105E90002946204600F00CF88046F8B280F31188BD
:105EA00000BF00BF4046BDE8F081000014B80020EC
:105EB0002DE9F047074688461646C24607EB4701DC
:105EC0001B4800EBC109D9F8140020B1012811D0FA
:105ED000022826D11EE0484602F074FD0546B54270
:105EE00001D2002405E0344632465146484602F0CD
:105EF000C0FE18E0484602F065FD0546B54201D2F5
:105F0000284600E03046044622465146484602F004
:105F1000B0FE08E032465146484602F06FFE0446A5
:105F200001E0002400BF00BF2046BDE8F08700006C
:105F30002CB800200FB438B5044606A800906A4675
:105F40002046059900F007F80546002000902846F5
:105F500038BC5DF814FB2DE9F04F99B082460D4630
:105F6000144603A814904020159000201690CDF8F8
:105F700060A0179000BF2E786D1C06B9DDE0252EBD
:105F800079D100274FF0010900BF2E78232E12D0BF
:105F90002B2E0CD02D2E02D0302E10D103E047F046
:105FA00001076D1C0EE047F002076D1C0AE047F088
:105FB00004076D1C06E047F008076D1C02E04FF077
:105FC000000900BF00BFB9F1000FDED14FF000089B
:105FD00000BF2E78302E01DB392E00DD07E06D1C6E
:105FE000A6F1300008EB880100EB4108F1E700BFA3
:105FF000002013902E782E2E12D16D1C00BF2E780B
:10600000302E01DB392E00DD09E06D1CA6F13000D9
:10601000139901EB810100EB41001390EFE700BF02
:106020002E7800BF6C2E01D0682E02D16D1C2E7808
:1060300000E000E0F6E700BF702E5DD008DC252E02
:106040006AD0582E35D0632E09D0642E69D113E062
:10605000732E3CD0752E1DD0782E62D128E0216899
:10606000081D2060D1F8009009F0FF0B594614A8D4
:1060700002F0A2FD56E058E02168081D2060D1F82A
:106080000090CDE900870A22494614A8139B02F02C
:10609000A7FC47E02168081D2060D1F80090CDE9F9
:1060A00000870A22494614A8139B02F00FFD39E02D
:1060B00000BF2168081D2060D1F80090CDE900875D
:1060C0001022494614A8139B02F000FD2AE0216823
:1060D000081D2060D1F800B000BF9BF800600BF1F4
:1060E000010B06B906E0314614A802F065FD1798C9
:1060F0000028F2DA00BF15E02168081D2060D1F801
:106100000090002008210B461022CDE900104946DE
:1061100014A802F0DBFC05E0252114A802F04CFDD8
:1061200000E000BF00BF6D1C03E0314614A802F080
:1061300043FD17980028BFF61EAF00BF1798002830
:106140000ADD169820B103A95046169AFFF78AFE79
:10615000DDE9161008441790179819B0BDE8F08FC4
:106160002DE9F04704460F4690464FF0000900BF66
:1061700024B144F00F000F2800D103E0C72126A06E
:10618000FCF736FD00BF00BF072F00D803E0C82191
:1061900021A0FCF72DFD00BF00BFB8F1070F00D80C
:1061A00003E0C9211CA0FCF723FD00BF00BF264867
:1061B0000068772800D103E0CA2117A0FCF718FD7A
:1061C00000BF24E004F00100E0B14FEAC960050E11
:1061D000281DC6B207FA06F008FA05F108430721A0
:1061E000B1400722AA40114308400721B1400722CD
:1061F000AA401143144A121F12688A4310431249DD
:10620000091F0860640809F1010000F0FF09002C73
:10621000D8D1BDE8F08700002E2E5C6472697665E7
:1062200072735C686333325F6C6C5F64726976654D
:10623000725C7372635C686333325F6C6C5F737241
:10624000616D2E6300000000040805407FB505461F
:106250000C460026B84800680390B7484068029092
:10626000B54880680190B448C068009000BF04F051
:10627000E060E8B104F0E060B0F1807F18D004F095
:10628000E060B0F1007F13D004F0E060B0F1407F37
:106290000ED004F0E060B0F1806F09D004F0E0604F
:1062A000B0F1A06F04D004F0E060B0F1C06F00D195
:1062B00004E040F2A121A1A0FCF79AFC00BF00BFBE
:1062C00004F07000B8B104F07000102813D004F08E
:1062D000700020280FD004F0700030280BD004F09C
:1062E0007000402807D004F07000502803D004F05C
:1062F0007000602800D104E040F2A2218FA0FCF7DA
:1063000077FC00BF00BF04F4E020E8B104F4E02013
:10631000B0F5803F18D004F4E020B0F5003F13D072
:1063200004F4E020B0F5403F0ED004F4E020B0F5D6
:10633000802F09D004F4E020B0F5A02F04D004F49D
:10634000E020B0F5C02F00D104E040F2A3217BA0F3
:10635000FCF74EFC00BF00BF04F4E000E8B104F419
:10636000E000B0F5801F18D004F4E000B0F5001F85
:1063700013D004F4E000B0F5401F0ED004F4E000A8
:10638000B0F5800F09D004F4E000B0F5A00F04D000
:1063900004F4E000B0F5C00F00D104E04FF429711F
:1063A00066A0FCF725FC00BF00BF04F00700B8B1F1
:1063B00004F00700012813D004F0070002280FD0D2
:1063C00004F0070003280BD004F00700042807D0CE
:1063D00004F00700052803D004F00700062800D1C8
:1063E00004E040F2A52155A0FCF702FC00BF00BF6D
:1063F00004F4E060E8B104F4E060B0F5807F18D008
:1064000004F4E060B0F5007F13D004F4E060B0F570
:10641000407F0ED004F4E060B0F5806F09D004F442
:10642000E060B0F5A06F04D004F4E060B0F5C06F98
:1064300000D104E040F2A62140A0FCF7D9FB00BF48
:1064400000BF04F4E040E8B104F4E040B0F5805F40
:1064500018D004F4E040B0F5005F13D004F4E0403D
:10646000B0F5405F0ED004F4E040B0F5804F09D0A5
:1064700004F4E040B0F5A04F04D004F4E040B0F5DF
:10648000C04F00D104E040F2A7212CA0FCF7B0FBE4
:1064900000BF00BF3448284000B104E04FF42A7127
:1064A00026A0FCF7A5FB00BF00BF3048008800F025
:1064B000010000B104E040F2A92120A0FCF798FB04
:1064C00000BF2B48007800F00700052817D10126EF
:1064D00000BF1948006900F0010000B104E04FF46A
:1064E0002C7116A0FCF784FB00BF224812490860FB
:1064F000C01248608860C8601E20FCF7E1FB1C48A1
:106500002638006AA84304EA0501084318492639D9
:1065100008621E20FCF7D4FB012E0BD1064903981C
:10652000086002984860019888600098C8601E2042
:10653000FCF7C6FB7FBD0000008004402E2E5C648B
:106540007269766572735C686333325F6C6C5F642A
:1065500072697665725C7372635C686333325F6C18
:106560006C5F636C6B2E630077777707FE430540A3
:1065700026400540EEFAFFFF7FB50446002530486F
:10658000006803902E48406802902D488068019072
:106590002B48C068009000BF4CB1012C07D0022CE2
:1065A00005D0032C03D0042C01D0052C00D104E02D
:1065B00040F2372123A0FCF71BFB00BF00BF2C4893
:1065C000008800F0010000B104E04FF40E711DA03E
:1065D000FCF70EFB00BF2748007800F007000528F5
:1065E00001D0052C17D1012500BF1548006900F026
:1065F000010000B104E04FF4107112A0FCF7F8FAAA
:1066000000BF1D480E490860C01248608860C8601D
:106610001E20FCF755FB174804701E20FCF750FBAA
:10662000012D0BD106490398086002984860019833
:1066300088600098C8601E20FCF742FB7FBD000008
:10664000008004402E2E5C647269766572735C680B
:106650006333325F6C6C5F6472697665725C73720F
:10666000635C686333325F6C6C5F636C6B2E6300DA
:10667000FE43054026400540EEFAFFFF10B50748EF
:10668000007800B110BD01210020FDF785FD00B9A3
:10669000F8E701200149087000BFF3E78C82FF1F73
:1066A0001748007808B900207047002124E01548F9
:1066B00000EB01100078E8B90120124A02EB011248
:1066C000107000200F4A02EB011250700D4A02EBCD
:1066D000011290700B4A02EB01125060094A02EB62
:1066E00001129060074A02EB0112D060054800EBEE
:1066F0000110D9E7481CC1B21029D8D30020D3E734
:106700008C82FF1F14B7002000B97047C16000BF22
:10671000FBE710B1037803B102B9704781704260A2
:10672000002383600123437000BFF6E700B9704780
:1067300000214170816000BFF9E7000070B50126BB
:1067400000251EE0104800EB0514207808B16078A1
:1067500000B914E0A0683044A060D4E90110884278
:106760000CD3E06810B12046E1688847A07818B9DA
:1067700000206070A06001E00020A06000BF681CE5
:10678000C5B2102DDED370BD14B7002000B970471C
:106790008169016100BFFAE72DE9F04104468846AE
:1067A0000CB9BDE8F0812669002500BF0FE005EBBC
:1067B0004502216801EB820001682269914204D1FF
:1067C0004168414501D1866804E0681C85B2A08813
:1067D000A842ECDC00BF2069B04200D1E1E700250F
:1067E0000FE005EB4501A06800EB810738682169DF
:1067F000884204D1B86810B1B868804704E0681CCA
:1068000085B2A089A842ECDC00BF206960612661E6
:1068100000250FE005EB4501A06800EB8107386813
:106820002169884204D1786810B17868804704E013
:10683000681C85B2A089A842ECDC00BF00BFB0E7AD
:1068400070B586B06A4800F069FC6A490868FCF7D0
:106850007BFE6749C86101A8FDF78EFC0220ADF8F8
:1068600006000020042332226349009063A0FFF752
:1068700071F90020042332226249009062A0FFF7E0
:1068800069F900259AE005EB850000EBC511584831
:10689000443000EB8104257000206070A06041F658
:1068A0004C50E060002020610A20606140F6C41076
:1068B000E0619FED570A84ED810A9FED560A84ED51
:1068C000820A6420C4F80C0225B94CA0FFF7BEF977
:1068D000606405E0012D03D14BA0FFF7B7F96064B8
:1068E0009FED4D0A84ED0C0A9FED4B0A84ED0D0AD5
:1068F000B2EE000A84ED0E0A142121643D490831EC
:1069000051F82500FCF720FEC4F8B80104F5CE705C
:10691000FAF7C0F884F84C5000214D200155354954
:10692000103151F82500FCF70FFE8421085104F1C5
:106930006800FEF79DFD05EB850000EBC5112C48B6
:10694000443000EB810000F14C06344800EBC500F8
:10695000B061B0690068007918B10020ADF80E0090
:1069600002E00120ADF80E00B26912685188B269E8
:106970001268107801AAFDF717F9B069406800792C
:1069800018B10020ADF80E0002E00120ADF80E00B5
:10699000B26952685188B2695268107801AAFDF74D
:1069A00003F91449203151F82500FCF7CDFDC4F856
:1069B000F80104F5EE70FBF75FFC6D1C022DFFF68D
:1069C00062AF17493020FEF7AFFE16492020FEF7D0
:1069D000ABFE15493E20FEF7A7FE14493D20FEF709
:1069E000A3FE0349C8698121FCF72EFF06B070BDE4
:1069F000E082FF1F0880FF1F4C87FF1F56617869E8
:106A0000735F31001488FF1F56617869735F32002D
:106A10000000AA4200000C420000000044EF000009
:106A2000E17700007D7B0000917300006976000033
:106A30002DE9F04781460E4690469A46B8F1100F70
:106A400001D0BDE8F0873446206800283BD1207A89
:106A5000012802D0207A022803D101209F49087022
:106A60009CE0207A0328FBD100209C4908708870A4
:106A70009B480068FFF75AFE9A48057C022D01D01A
:106A8000032D03D108219748FFF786FE072D0BD170
:106A900000209249887094480068FFF747FE4FF441
:106AA00080719048FFF778FE0D2D0BD100208B49A7
:106AB00088708E480068FFF739FE4FF480318948AE
:106AC000FFF76AFE6AE0206801283CD1207A01289D
:106AD00002D0207A022803D10120804948705DE06D
:106AE000207A03285AD100207C4948708870804859
:106AF0000068FFF71BFE7B48057C082D01D0092D9F
:106B000004D14FF400617748FFF746FE072D0BD103
:106B100000207249887074480068FFF707FE4FF440
:106B200080717048FFF738FE0D2D0BD100206B49A6
:106B300088706E480068FFF7F9FD4FF480316948AE
:106B4000FFF72AFE2AE02068202827D1207A012892
:106B500002D0207A022803D10120604988701DE00C
:106B6000207A03281AD100205C4988705E480068AA
:106B7000FFF7DCFD5D480068FFF7D8FD5948057C4C
:106B8000072D03D14FF48071FFF706FE0D2D04D1C0
:106B90004FF480315348FFF7FFFD00BF5148077C99
:106BA0000D2F75D2DFE807F0960796962B7576962F
:106BB00096964E8586004948007868B147484078E7
:106BC00050B902214748FFF7E7FD41F28832002122
:106BD00043480068FFF79DFD4048407870B13F484A
:106BE000007858B94FF400713E48FFF7D5FD41F2E7
:106BF000883200213E480068FFF78BFD6BE0374884
:106C0000007830B13548407818B910213548FFF781
:106C1000C3FD3248407830B13048007818B920219F
:106C20003048FFF7B9FD2D48807850B140212D48FC
:106C3000FFF7B2FD41F2883200212B480068FFF7D0
:106C400068FD48E02548407838B12448007820B9EC
:106C50004FF400512348FFF79FFD2048007838B1DA
:106C60001E48407820B94FF480511E48FFF794FD2C
:106C70001A48807858B14FF480411A48FFF78CFDCC
:106C800041F28832002119480068FFF742FD22E0F6
:106C900020E000BF1148807850B140211148FFF733
:106CA0007BFD41F2883200210F480068FFF731FD7B
:106CB00000BF00BF0948807858B14FF480410948AF
:106CC000FFF76AFD41F28832002108480068FFF7AB
:106CD00020FD00BF00BF00BF00BFB2E64C80FF1F19
:106CE0005080FF1F708AFF1F5480FF1F5C80FF1FB2
:106CF0005880FF1F10B500F027FA002421E0124948
:106D000081F8404004EB840101EBC4120E49443188
:106D100001EB8200FBF7C6FA04EB840101EBC4121D
:106D20000949443101EB8200F9F72AFF04EB8401A1
:106D300001EBC4120449443101EB8200FEF7AEFBC3
:106D4000641C022CDBDB10BDE082FF1F01480068E1
:106D5000704700008082FF1F10B500F001F810BDE1
:106D600003480068034909680844014908607047FE
:106D70008082FF1F7C82FF1FF0B501464FF0FF3479
:106D8000A9B3B1F57A7F32D84FF47A70B0FBF1F045
:106D9000184A10601848006AC0F302631748006878
:106DA000D840B0FBF1F2501EB0F1807F01D301203A
:106DB0001BE0501E4FF0E023586158170F230028A6
:106DC00004DB1D072E0E0E4D2E5406E01D072F0E60
:106DD0000C4D00F00F06361FAF5500BF00204FF0DE
:106DE000E023986107201861002000B900242046A4
:106DF000F0BD00007C82FF1F004005400080FF1FA7
:106E000000E400E018ED00E070B5FFF79FFF0646D4
:106E100000251BE005EB45000F4901EBC004207D78
:106E200008B1A06800B90FE0E08920B12069301AEC
:106E3000E189884207D3A0688047E08908B12661CC
:106E400001E00020207500BF681C85B20248B0F840
:106E50008001A842DEDC70BD2CB1002010B54FF4DB
:106E6000C2710A48F9F761FA00BF102308A20AA10B
:106E70000020FFF75FF800BF00BF102314A216A187
:106E80000020FFF757F800BF10BD00002CB1002014
:106E9000494E464F000000001B5B33326D5B25738B
:106EA0005D20537973205363686564756C65722047
:106EB000696E6974204F4B20286D6178206D6F6476
:106EC000756C65733A2564291B5B306D0D0A0000F3
:106ED0004D41494E000000001B5B33366D5B25734E
:106EE0005D20537973205363686564756C65722007
:106EF000696E6974204F4B20286D6178206D6F6436
:106F0000756C65733A2564291B5B306D0D0A0000B2
:106F10007CB5044624B13048B0F88001102808DB65
:106F200000BF2EA22FA10020FFF704F800BF012010
:106F30007CBD002514E005EB4502274B53F83200D9
:106F40002168F9F710FA48B900BF34A235A1002032
:106F50002368FEF7EFFF00BF0120E9E7681C85B258
:106F60001D48B0F88001A842E5DC1B49B1F880114A
:106F700001EB4101184A02EBC10018222146F9F742
:106F8000BBF91548B0F88001401C1349A1F88001F5
:106F90000846B0F88001401E00EB400001EBC00045
:106FA000406848B1B1F88011491E01EB41010A4A1D
:106FB00002EBC1014868804700F070F800BFE0892B
:106FC000217BCDE9001024A225A100202368FEF733
:106FD000B1FF00BF0020ABE72CB100204552524F5B
:106FE000520000001B5B33316D5B25735D205363E2
:106FF0006865642072656769737465723A20696EAA
:1070000076616C6964206D6F64756C65206F7220A9
:1070100066756C6C1B5B306D0D0A00005741524E5B
:10702000000000001B5B33336D5B25735D205363F1
:107030006865642072656769737465723A20647567
:10704000706C6963617465206D6F64756C65202573
:10705000731B5B306D0D0A00494E464F0000000067
:107060001B5B33326D5B25735D2053636865642061
:1070700072656769737465723A202573202870728F
:10708000696F3A25642C20706572696F643A2564D3
:107090006D73291B5B306D0D0A00000030B587B0A1
:1070A000012532E005EB45001B4A02EBC001182226
:1070B00001A8F9F721F9681E04B20EE004EB4402BE
:1070C000154B03EBC201621C02EB420203EBC20050
:1070D0001822F9F711F9601E04B2002C09DB04EB49
:1070E00044000D4901EBC000007B9DF81010884260
:1070F000E4DC611C01EB4101074A02EBC1001822EC
:1071000001A9F9F7F9F8681C85B20348B0F88001C5
:10711000A842C7DC07B030BD2CB1002070B50446D2
:107120002546074828601120A8800648A860062048
:10713000A8810020A8612846FFF728FB70BD000049
:1071400018EE0000E4EE000010B55549C869FCF7E0
:10715000F1FA044652490A230222C8698121FCF748
:1071600015FB38B101214E48FFF716FB80214C4832
:10717000FFF712FB4A490A230222C8690121FCF7E2
:1071800005FB38B101214648FFF706FB01214448C1
:10719000FFF702FB42490A230222C8698821FCF753
:1071A000F5FA38B108213E48FFF7F6FA80213C484D
:1071B000FFF7F2FA102C45D008DC012C10D0022C7D
:1071C00022D0042C48D0082C66D15BE0202C25D09E
:1071D000402C2DD0802C0DD0B4F5005F5CD145E063
:1071E00001212F48FFF7D8FA2D49C8690121FCF782
:1071F0007BF952E080212A48FFF7CEFA2849C86976
:107200008021FCF771F948E002212548FFF7C4FA14
:107210002349C8690221FCF767F93EE02021204894
:10722000FFF7BAFA1E49C8692021FCF75DF934E07E
:1072300040211B48FFF7B0FA1949C8694021FCF703
:1072400053F92AE010211648FFF7A6FA1449C86935
:107250001021FCF749F920E004211148FFF79CFABE
:107260000F49C8690421FCF73FF916E04FF40051BB
:107270000B48FFF791FA0A49C8694FF40051FCF72F
:1072800033F90AE008210648FFF786FA0449C8697D
:107290000821FCF729F900E000BF00BF10BD000085
:1072A000E082FF1F70B52B4D2D6805F001051DB163
:1072B000294D2A4E356002E0294D284E3560294D72
:1072C0002D7805F00700062840D2DFE800F003081B
:1072D0000C11151A214D2D68234E356037E0234DD2
:1072E000214E356033E04FF400451F4E35602EE0EF
:1072F0001E4D1D4E35602AE04FF400451A4E356094
:1073000025E0184DDA352D68C5F30822154D263DC8
:10731000D5F800512B0F134DDA352D6805F01F04F9
:10732000104D263DD5F8005105F080050DB90F49E7
:1073300001E00A4D2968651CB1FBF5F5561C754343
:107340005E1CB5FBF6F5084E356000E000BF00BFDF
:1073500070BD0000840601400024F4000480FF1F7B
:10736000002D3101264005400080FF1F00127A00E9
:1073700000B50648006840F4700004490860FFF753
:1073800091FF002001498039086000BD88ED00E0D0
:107390002DE9F04780460E46174699460EB10E2F4E
:1073A00001D0BDE8F0879A480069022800D0F8E7CC
:1073B0003446607901287FD103F0F0FB944890F8BF
:1073C0003F00002878D12079002858D104F07EFBB6
:1073D000002551E005EB850000EBC5118C484430D9
:1073E00000EB810090F82C00012832D1884981F807
:1073F0003F0005EB850000EBC5118548443000EBEC
:10740000810090ED0A0AF3EE050AB4EEE00AF1EE0F
:1074100010FA2FDD05EB850000EBC5117C484430E8
:1074200000EB810090ED0A0ADFED7A0AB4EEE00A83
:10743000F1EE10FA1ED205EB850101EBC51274497D
:10744000443101EB8201D1F884001021FCF7FCF9F2
:1074500010E001206E4981F83F00D1F83C024FF462
:107460000061FCF7F1F96A49D1F850044FF400616A
:10747000FCF7EAF9681CC5B2022DABDB1CE02079F1
:10748000012819D104F022FB0120614981F83F0055
:1074900001215F4880F8401280F854140146D1F869
:1074A0003C024FF48051FCF7CFF95949D1F8500410
:1074B0004FF48051FCF7C8F9A078012802D0A07AD7
:1074C000052804D10120524981F8360003E000204C
:1074D0004F4981F83600E0880F2802DC20890F2808
:1074E00004DD01204A4981F8380003E000204849C2
:1074F00081F838002078032818D1002003F054FBCD
:10750000434890F87000022809D104F0DFFA40499E
:10751000D1F83C024FF40041FCF796F922E03C49D7
:10752000D1F8FC010421FCF78FF91BE02078042836
:1075300018D1002003F038FB354890F8700002287D
:1075400009D104F0C3FA3249D1F83C024FF480313A
:10755000FCF77AF906E02E49D1F8FC014FF480716E
:10756000FCF772F96078032818D1012003F01CFBA6
:10757000274890F88402022809D104F0A7FA244988
:10758000D1F850044FF40041FCF75EF922E02049A5
:10759000D1F810040421FCF757F91BE060780428A7
:1075A00018D1012003F000FB194890F8840202284A
:1075B00009D104F08BFA1649D1F850044FF4803108
:1075C000FCF742F906E01249D1F810044FF480713B
:1075D000FCF73AF9E07A18B1E07A0D4981F83C00FD
:1075E000207B012803D10A4981F83E0003E00020F6
:1075F000074981F83E00E078012803D1044981F869
:107600003D0003E00020024981F83D0000BFC8E6CC
:10761000E082FF1F00004C4210B505F0A4FDFFF70B
:107620001DFC00F0FBFA00BF03A205A10020FEF73D
:1076300081FC00BF10BD0000494E464F0000000015
:107640001B5B33326D5B25735D2053797374656DFD
:1076500020696E697420636F6D706C6574651B5B67
:10766000306D0D0A000000002DE9F04107460D467F
:10767000164698460DB1102E01D0BDE8F08157484E
:10768000006900B9F9E72C46206802281DD1207A4C
:1076900002280DD10120514981F83400084690F8A4
:1076A000341080F8441290F8341080F858140CE02C
:1076B00000204A4981F83400084690F8341080F8D8
:1076C000441290F8341080F858142068052829D105
:1076D000207A022811D10120404981F83500D1F8E3
:1076E000FC014FF40011FCF7AFF83C49D1F810044D
:1076F0004FF40011FCF7A8F814E00020374981F896
:107700003500084690F8360060B9D1F8FC014FF416
:107710000001FCF799F83149D1F810044FF4000149
:10772000FCF792F82068032828D1207A012825D177
:107730002A4890F87000022807D12849D1F83C0265
:107740004FF40041FCF780F805E02449D1F8FC0132
:107750000421FCF779F8214890F88402022807D127
:107760001E49D1F850044FF40041FCF76DF805E0D4
:107770001A49D1F810040421FCF766F8206804289F
:107780002AD1207A012827D1144890F870000228C5
:1077900007D11249D1F83C024FF48031FCF754F87C
:1077A00006E00E49D1F8FC014FF48071FCF74CF86B
:1077B0000A4890F88402022807D10849D1F85004F9
:1077C0004FF48031FCF740F806E00449D1F810048A
:1077D0004FF48071FCF738F800BF4EE7E082FF1FDE
:1077E0002DE9F0472DED028B80460D461646994651
:1077F0000DB1102E03D0BDEC028BBDE8F0872C46F6
:10780000207B01280BD10121207900EB800202EBC3
:10781000C012D64800EB820080F8FE110AE0002179
:10782000207900EB800202EBC012D04800EB82000E
:1078300080F8FE11207902287EDA207B00287BD197
:10784000217901EB810303EBC113C84901EB8301EB
:10785000486C217901EB810303EBC113C34901EBB0
:107860008301496C4A6A04F1080190470128E6D176
:10787000FFF76CFA0746227902EB820303EBC2138F
:10788000BA4A02EB8302506C227902EB820303EBCB
:10789000C213B64A02EB8302526C516C8847B0EEB9
:1078A000408A9FEDB30AC8EE000A207900EB800100
:1078B00001EBC011AD4800EB8100C0ED0A0A207950
:1078C00000EB800101EBC011A84800EB810090EDB6
:1078D000290A207900EB800101EBC011A34800EBDD
:1078E000810080ED2B0A207900EB800101EBC011B3
:1078F0009E4800EB8100D0F8A810207900EB8002B0
:1079000002EBC012994800EB8200C0F8B010207959
:1079100000EB800101EBC011944800EB810090ED79
:107920000A0ADFED940A20EE200AF2EE040A20EEA5
:10793000200ABCEEC00A00E000E110EE100A80B29E
:1079400008EE900AB0EE680AB8EE400AF2EE040AB9
:1079500080EE201A207900EB800101EBC0118348F2
:1079600000EB810080ED0A1A207900EB800101EB29
:10797000C0117E4800EB810090ED0A0A207900EBEF
:10798000800101EBC011794800EB810080ED290AEC
:10799000207900EB800101EBC011744800EB8100FD
:1079A000C0F8A870207900EB800101EBC0116F488E
:1079B00000EB810090ED080A207900EB800101EBDB
:1079C000C0116A4800EB8100D0ED350A30EE200A84
:1079D000207900EB800101EBC011644800EB8100CD
:1079E000D0ED290AB4EEE00AF1EE10FA30DD20798C
:1079F00000EB800101EBC0115C4800EB810090EDD1
:107A0000080A207900EB800101EBC011574800EB18
:107A10008100D0ED350A30EE600A207900EB80015C
:107A200001EBC011514800EB8100D0ED290AB4EE02
:107A3000E00AF1EE10FA0BD20121207900EB80026E
:107A400002EBC012494800EB820080F82E1060E083
:107A5000207900EB800101EBC011444800EB81006C
:107A600090ED090A207900EB800101EBC0113F483D
:107A700000EB8100D0ED350A30EE200A207900EBD2
:107A8000800101EBC011394800EB8100D0ED290ADB
:107A9000B4EEE00AF1EE10FA30DD207900EB80015F
:107AA00001EBC011314800EB810090ED090A20790B
:107AB00000EB800101EBC0112C4800EB8100D0ED00
:107AC000350A30EE600A207900EB800101EBC0112D
:107AD000264800EB8100D0ED290AB4EEE00AF1EE71
:107AE00010FA0BD20221207900EB800202EBC012C7
:107AF0001E4800EB820080F82E100AE00021207959
:107B000000EB800202EBC012184800EB820080F804
:107B10002E10227902EB820303EBC213134A02EB0D
:107B20008302506C227902EB820303EBC2130F4AEB
:107B300002EB8302526CD16A884700BF94ED020ABF
:107B4000DFED0D0A20EE200ABCEEC00A10EE100A8E
:107B500081B2207900EB800202EBC012034800EBF7
:107B60008200A0F8121200BF45E600002483FF1F28
:107B7000000044423333054200007A442DE9F041CD
:107B800007460D46164698460DB1102E01D0BDE8A9
:107B9000F0812148006900B9F9E72C4694ED020A0A
:107BA0001D4880ED090A207900BB1B4890F834007D
:107BB00028B91949C8690221FBF746FE16E0A07BE7
:107BC000012805D11449C8692021FBF73DFE0DE0CD
:107BD000A07B022805D11049C8694021FBF734FE7B
:107BE00004E00D49C8698821FBF72EFE20790128A1
:107BF00002D0207902280CD1A1892079401E00EB07
:107C0000800202EBC0120448443000EB8200A0F86E
:107C1000021200BFBBE70000E082FF1F00B5E1B029
:107C2000182247495BA8F8F767FB5BA8FFF770F9D4
:107C300018224349183155A8F8F75EFB55A8FFF7FD
:107C400067F918223E4930314FA8F8F755FB4FA885
:107C5000FFF75EF918223A49483149A8F8F74CFB7A
:107C600049A8FFF755F918223549603143A8F8F7BC
:107C700043FB43A8FFF74CF91822314978313DA85E
:107C8000F8F73AFB3DA8FFF743F918222C49903149
:107C900037A8F8F731FB37A8FFF73AF91822284937
:107CA000A83131A8F8F728FB31A8FFF731F91822DD
:107CB0002349C0312BA8F8F71FFB2BA8FFF728F9A1
:107CC00018221F49D83125A8F8F716FB25A8FFF779
:107CD0001FF918221A49F0311FA8F8F70DFB1FA849
:107CE000FFF716F91822174919A8F8F705FB19A884
:107CF000FFF70EF918221349183113A8F8F7FCFA08
:107D000013A8FFF705F918220E4930310DA8F8F72E
:107D1000F3FA0DA8FFF7FCF818220A49483107A822
:107D2000F8F7EAFA07A8FFF7F3F8182205496031D7
:107D300001A8F8F7E1FA01A8FFF7EAF861B000BD81
:107D4000ECF00000F4F1000070B504460D4600BFF1
:107D50000F48844202D00F48844200D104E040F230
:107D600061210DA0FAF744FF00BF00BF2DB145F01F
:107D70000110B0F1011F00D104E040F2622106A021
:107D8000FAF736FF00BF4FF00110A843606170BDE5
:107D900000400240004402402E2E5C647269766509
:107DA00072735C686333325F6C6C5F6472697665B2
:107DB000725C7372635C686333325F6C6C5F746DAA
:107DC00072302E630000000010B5FEF7B7FC4FF4D0
:107DD00080310248FFF7B8FF10BD000000400240AC
:107DE00070B504460D46164600BF1A48844202D0BC
:107DF0001948844200D104E040F2FD1117A0FAF7BF
:107E0000F7FE00BF00BF0DB1012D00D104E04FF41B
:107E1000FF7112A0FAF7ECFE00BF00BF0EB1012EF9
:107E200000D104E040F2FF110CA0FAF7E1FE00BF20
:107E3000012E06D120692A01710391400843206177
:107E400006E020692A014FF40051914088432061E7
:107E500070BD000000400240004402402E2E5C64D1
:107E60007269766572735C686333325F6C6C5F64F1
:107E700072697665725C7372635C686333325F6CDF
:107E80006C5F746D72302E63000000002DE9F047C6
:107E900006460D4614464FF0000914B96FF002096A
:107EA0007FE000BF4048864202D04048864200D171
:107EB00003E0C3213EA0FAF79BFE00BF00BF0DB157
:107EC000012D00D103E0C42139A0FAF791FE00BFD3
:107ED00000BF206858B12068B0F5007F07D0206847
:107EE000B0F5807F03D02068B0F5A06F00D103E02B
:107EF000C5212FA0FAF77CFE00BF00BF6068E8B183
:107F0000606810281AD06068202817D06068302870
:107F100014D06068402811D0606850280ED0606886
:107F200060280BD06068702808D06068802805D071
:107F30006068902802D06068A02800D103E0C621C4
:107F40001BA0FAF755FE00BF00BFA06820B148F2A1
:107F50000201A068884200D103E0C72114A0FAF70B
:107F600047FE00BF06EB85070020386006F10800D9
:107F700000EB8508A089C8F8000030692A0148F2A2
:107F8000F27191408843D4E900121143A268114371
:107F90002A0191402B0148F2F2729A4011400843A5
:107FA00030614846BDE8F08700400240004402408E
:107FB0002E2E5C647269766572735C686333325F1F
:107FC0006C6C5F6472697665725C7372635C686323
:107FD00033325F6C6C5F746D72302E630000000092
:107FE00070B504460D46164600BF1848844202D0BC
:107FF0001748844200D104E04FF40C7115A0FAF741
:10800000F7FD00BF00BF2DB145F00410B0F1041F13
:1080100000D104E040F231210EA0FAF7E9FD00BFE3
:1080200000BF0EB1012E00D104E040F2322109A0C0
:10803000FAF7DEFD00BF012E03D12069284320613D
:1080400002E02069A843206170BD000000400240AA
:10805000004402402E2E5C647269766572735C681F
:108060006333325F6C6C5F6472697665725C7372E5
:10807000635C686333325F6C6C5F746D72302E6367
:108080000000000070B504460D4600BF0E48844253
:1080900002D00E48844200D103E0F8210CA0FAF788
:1080A000A7FD00BF00BF0DB1012D00D103E0F921F4
:1080B00007A0FAF79DFD00BF20692A010121914028
:1080C0000843206170BD00000040024000440240AF
:1080D0002E2E5C647269766572735C686333325FFE
:1080E0006C6C5F6472697665725C7372635C686302
:1080F00033325F6C6C5F746D72302E630000000071
:108100000146002009B9C01E06E000220A604A604C
:108110008A604FF6FF728A817047000070B504468E
:108120000D46164600BF1C4884420ED01B488442B0
:108130000BD01B48844208D01A48844205D01A4804
:10814000844202D01948844205D125B145F0FF0090
:10815000FF2800D104E040F2434115A0FAF748FDA2
:1081600000BF00BF0EB1012E00D104E040F2444137
:108170000FA0FAF73DFD00BF012E06D1B4F8940020
:10818000A9B20843A4F8940004E0B4F89400A8430A
:10819000A4F8940070BD000000500140005401405C
:1081A00000580140005C0140006001400064014053
:1081B0002E2E5C647269766572735C686333325F1D
:1081C0006C6C5F6472697665725C7372635C686321
:1081D00033325F6C6C5F746D72612E63000000005F
:1081E00070B505460C466FF0020600BF5348854245
:1081F0000ED0534885420BD05248854208D0524891
:10820000854205D05148854202D05148854200D16F
:1082100004E04FF48B714FA0FAF7EAFC00BF002C8A
:1082200077D000BF207810B12078012800D104E079
:108230004FF48C7147A0FAF7DBFC00BF20780028D0
:1082400049D100BFA07810B1A078042800D104E083
:1082500040F21B113FA0FAF7CBFC00BF00BFE07853
:1082600010B1E078022800D104E04FF48E7139A0FB
:10827000FAF7BEFC00BF00BF6078E8B16078102854
:108280001AD06078202817D06078302814D0607811
:10829000402811D0607850280ED0607860280BD02C
:1082A0006078702808D06078802805D060789028A1
:1082B00002D06078A02800D104E040F21D1125A072
:1082C000FAF796FC00BFA078E1780843617808438C
:1082D00085F880002AE000BFA08828B1A08841F678
:1082E000FF710843884201D0A08800B904E040F241
:1082F000231118A0FAF77CFC00BF00BFE08828B16A
:10830000E08841F6FF710843884201D0E08808B94F
:1083100005E010E040F225110EA0FAF769FC00BF5D
:10832000A088A5F88800E088A5F88C002846A168F8
:1083300000F0E2F90026304670BD00000050014018
:108340000054014000580140005C014000600140C1
:10835000006401402E2E5C647269766572735C68FD
:108360006333325F6C6C5F6472697665725C7372E2
:10837000635C686333325F6C6C5F746D72612E6333
:10838000000000002DE9F04705460E4614466FF048
:10839000020900BF414885420ED0414885420BD0BA
:1083A0004048854208D04048854205D03F48854234
:1083B00002D03F48854202D1072E00D804E04FF496
:1083C000ED713CA0FAF714FC00BF002C62D000BF96
:1083D000A08828B1A088012802D0A088022800D156
:1083E00004E040F2DD1133A0FAF702FC00BF00BF49
:1083F000E08828B1E088012802D0E088022800D176
:1084000004E04FF4EF712BA0FAF7F2FB00BF00BFBE
:10841000208940B12089012805D02089022802D076
:108420002089032800D104E040F2DF1121A0FAF7EF
:10843000DFFB00BF00BF608940B16089012805D023
:108440006089022802D06089032800D104E04FF43B
:10845000F07118A0FAF7CCFB00BF05F1400000EB6B
:1084600086082088A8F8000005F5A07000EB8607B4
:108470002079A17940EA8100217A40EA0110A17AAD
:1084800040EA8110C0B2398801F47F410843388046
:108490004FF000094846BDE8F08700000050014059
:1084A0000054014000580140005C01400060014060
:1084B000006401402E2E5C647269766572735C689C
:1084C0006333325F6C6C5F6472697665725C737281
:1084D000635C686333325F6C6C5F746D72612E63D2
:1084E000000000002DE9F04104460D46164600BF8D
:1084F000184884420ED0184884420BD01748844252
:1085000008D01748844205D01648844202D0164845
:10851000844202D1072D00D804E04FF4067113A065
:10852000FAF766FB00BF00BF0EB1012E00D104E0D8
:1085300040F219210DA0FAF75BFB00BF04F5A07013
:1085400000EB8507302101EB471000F18440066005
:10855000BDE8F08100500140005401400058014046
:10856000005C014000600140006401402E2E5C640C
:108570007269766572735C686333325F6C6C5F64DA
:1085800072697665725C7372635C686333325F6CC8
:108590006C5F746D72612E63000000002DE9F04184
:1085A00004460E46154600BF1B4884420ED01B48A9
:1085B00084420BD01A48844208D01A48844205D01D
:1085C0001948844202D01948844202D1072E00D8AB
:1085D00004E04FF4127116A0FAF70AFB00BF00BFC7
:1085E0002DB1B5F5007F02D0B5F5407F00D104E094
:1085F00040F249210EA0FAF7FBFA00BF04F5A07083
:1086000000EB860738884FF6FF41084005F44071BB
:1086100008433880BDE8F08100500140005401401B
:1086200000580140005C01400060014000640140CE
:108630002E2E5C647269766572735C686333325F98
:108640006C6C5F6472697665725C7372635C68639C
:1086500033325F6C6C5F746D72612E6300000000DA
:108660002DE9F04104460D46164600BF10488442ED
:108670000ED0104884420BD00F48844208D00F48D7
:10868000844205D00E48844202D00E48844202D172
:10869000072D00D804E04FF462710BA0FAF7A8FA96
:1086A00000BF04F1400000EB85073E80BDE8F0818B
:1086B000005001400054014000580140005C01405E
:1086C00000600140006401402E2E5C647269766592
:1086D00072735C686333325F6C6C5F647269766579
:1086E000725C7372635C686333325F6C6C5F746D71
:1086F00072612E630000000070B504460D4600BF95
:108700000D4884420ED00D4884420BD00C48844260
:1087100008D00C48844205D00B48844202D00B4854
:10872000844200D104E04FF4517109A0FAF760FAD5
:1087300000BFA58070BD0000005001400054014002
:1087400000580140005C01400060014000640140AD
:108750002E2E5C647269766572735C686333325F77
:108760006C6C5F6472697665725C7372635C68637B
:1087700033325F6C6C5F746D72612E6300000000B9
:1087800010B5044600BF104884420ED00F48844202
:108790000BD00F48844208D00E48844205D00E48C2
:1087A000844202D00D48844200D104E040F2564198
:1087B0000BA0FAF71DFA00BF94F8800040F001000A
:1087C00084F8800010BD00000050014000540140BA
:1087D00000580140005C014000600140006401401D
:1087E0002E2E5C647269766572735C686333325FE7
:1087F0006C6C5F6472697665725C7372635C6863EB
:1088000033325F6C6C5F746D72612E630000000028
:1088100070B504460D4600BF144884420BD014487E
:10882000844208D01348844205D01348844202D0C1
:108830001248844200D104E04FF46B7110A0FAF7A3
:10884000D7F900BF00BF0DB1012D00D104E040F207
:10885000AD310BA0FAF7CCF900BF04F180060C2172
:1088600001EB461000F18440056070BD00540140EA
:1088700000580140005C014000600140006401407C
:108880002E2E5C647269766572735C686333325F46
:108890006C6C5F6472697665725C7372635C68634A
:1088A00033325F6C6C5F746D72612E630000000088
:1088B0007047000010B5044604210248FDF76CFF24
:1088C00010BD0000708AFF1F10B5044680210248C9
:1088D000FDF762FF10BD0000708AFF1F10B504464F
:1088E0004FF480610148FDF757FF10BD708AFF1FEC
:1088F00010B504464FF400410148FDF74DFF10BD8F
:10890000708AFF1F30B503460C460AB9012030BDFE
:1089100000210FE00A4800EB81052878984207D132
:10892000687800F00F00A04202D111800020EEE72D
:10893000481C81B2034800888142EBDB0120E6E756
:1089400058F00000E8F0000070B5174C4FF49C712F
:108950002046F7F7EAFC06202061606113A0A061C1
:108960001549E1614FF4806121620021A1626162D9
:10897000E1620EA0C4F8A8001049AC2001511021FA
:10898000B02001510021B8200151B4200151BC2078
:108990000151002505E0C5F10F000949085C60554B
:1089A0006D1C102DF7D370BD14B800205465726D86
:1089B000696E616C000000004CB900204CBD0020C5
:1089C00085F2000010B501460A69CB689A4204D8C6
:1089D0008C68641EE41AA01801E0D41A601E10BD51
:1089E0002DE9FC5F06460F4692469846DDE90C45A8
:1089F000002F01DA784200E0384683464FF0010943
:108A000003E09BFBFAFB09F10109D345F9DAC845FC
:108A100000D9C14634B1002F03DB05F0040004285F
:108A200000D1641E05F0020010B1B8F1000F11D0A2
:108A300005F0010070B96CB108E0641E20213046D9
:108A400000F0BAF8F068002800DA02E00CB1A145A5
:108A5000F3D300BFF068002836DB002F05DA7F4231
:108A60002D21304600F0A8F807E005F004000428A6
:108A700003D12B21304600F09FF8F068002823DB5B
:108A800005F00200022814D105F0010088B9B8F100
:108A9000000F0ED16CB108E0641E3021304600F0AA
:108AA0008BF8F068002800DA02E00CB1A145F3D39E
:108AB00000BFF068002807DB43465246394630467F
:108AC000CDE9004500F002F8BDE8FC9F2DE9FC5F10
:108AD0008046894615461E460C9CCDF80490012719
:108AE000BB4605E00198B0FBF5F001900BF1010BDE
:108AF0000198A842F6D25E4500D9B3460D9800F021
:108B00000100D0B9CCB10D9800F00200022803D1C9
:108B100016B93020009001E02020009009E0641E8A
:108B20004046009900F048F8D8F80C00002800DA18
:108B300002E00CB1A345F2D300BFD8F80C00002826
:108B400035DB09E0012E01D9761E04E0B9FBF7FA06
:108B5000AA4500D201E06F43F4E700BF00BFB9FBB4
:108B6000F7FA0AFB1799134810F80A10404600F06C
:108B700023F8D8F80C00002800DA03E0B7FBF5F77B
:108B8000002FECD100BF0D9800F0010078B174B156
:108B900009E0641E2021404600F00EF8D8F80C00D1
:108BA000002800DA02E00CB1A345F2D300BFBDE813
:108BB000FC9F000096F2000070B504460E46A568C2
:108BC000681C6168814206D320684655681CA06015
:108BD000E068401CE060D4E9011088420DD1A26831
:108BE00021682069FDF73EF9A168884203D04FF063
:108BF000FF30E06001E00020A06070BD2DE9F05F73
:108C00000446894617464FF0000AE56800BFD4F8CD
:108C10001080A84503D9A8EB0500461E04E0A5EB8B
:108C20000800401CA1680E1AA068401BB04201D980
:108C3000304601E0A068401B0646BE4201D23046E5
:108C400000E038460646606800EB050B32464946B0
:108C50005846F7F751FBB244B144BF1B3544A068F6
:108C6000A84200D10025E560002FD0D15046BDE8D4
:108C7000F09F2DE9F047044689461546E668A0684E
:108C8000871BAF420AD9606800EB060A2A464946AC
:108C90005046F7F731FB7019E06014E0B8466068A1
:108CA00000EB060A424649465046F7F725FBA5EB7E
:108CB0000708D4F804A009EB070142465046F7F72D
:108CC0001BFBC4F80C80BDE8F08700000FB4054B17
:108CD00010B503A9044A029800F022F810BC5DF810
:108CE00014FB0000AFB70000D482FF1F2DED020B74
:108CF000019820F0004001909DED000B02B07047FC
:108D000002E008C8121F08C1002AFAD17047704754
:108D1000002001E001C1121F002AFBD170470000B2
:108D20002DE9FF4F8BB09A460F460546002606E018
:108D300025280BD052460D9990476D1C761C28783B
:108D40000028F5D10FB03046BDE8F08F0024A046D2
:108D50000122604900E0044315F8013F203B02FA7C
:108D600003F00842F7D128782E2817D115F8010F03
:108D700044F004042A280ED06FF02F022878A0F1C6
:108D8000300109290AD808EB880102EB410100EB08
:108D900001086D1CF2E757F8048B6D1C28786928D0
:108DA0003ED006DC0028CDD063280BD0642804D147
:108DB00036E0732810D075284BD052460D99904755
:108DC000761C85E017F8040B8DF8000000208DF864
:108DD0000100E946012003E057F8049B4FF0FF3003
:108DE00061074FF0000401D40AE0641C44450DDA29
:108DF0008442FADB19F804100029F6D106E0641C5D
:108E00008442FCDB19F804100029F8D1264404E060
:108E100019F8010B52460D999047641EF8D257E09D
:108E200001CF4FF00A0B002802DA40422D2102E068
:108E3000210504D52B218DF82410012103E0E10741
:108E400005D02021F7E70DF1200908910CE0002161
:108E5000F9E701CF4FF00A0BF9E75946F7F710FB96
:108E600001F1300209F8012D0028F6D1ADEB09001F
:108E700000F1200B600701D44FF00108D84502DD56
:108E8000A8EB0B0000E000208046002406E009A8C3
:108E90005246005D0D999047641C761C08988442E8
:108EA000F5DB04E0302052460D999047761CB8F16E
:108EB0000001A8F10108F5DC05E019F8010B5246A4
:108EC0000D999047761CBBF10001ABF1010BF4DC6E
:108ED0006D1C34E70928010070B50024F8E104EBAB
:108EE000840000EBC411FC4800EB810090F81002F4
:108EF000002842D004EB840000EBC411F64800EBDC
:108F00008100D0F8AC010A2815D004EB840000EBF6
:108F1000C411F14800EB8100D0F8AC010B280AD055
:108F200004EB840000EBC411EB4800EB8100D0F8A7
:108F3000AC010C2835D104EB840000EBC411E648E9
:108F400000EB8100D0F8AC010C2817D104EB8401B0
:108F500001EBC412E04901EB8201D1F8B8014FF4F2
:108F60000061FAF771FC002104EB840000EBC412ED
:108F7000D94800EB820080F810126DE004EB840108
:108F800001EBC412D44901EB8201D1F8B8014FF4CE
:108F90000061FAF759FCFDF7D9FED04941F82400E9
:108FA0005AE004EB840000EBC411CB4800EB8100D5
:108FB000D0F8AC01022815D004EB840000EBC411FA
:108FC000C54800EB8100D0F8AC0103280AD004EBBF
:108FD000840000EBC411C04800EB8100D0F8AC0164
:108FE000042839D104EB840000EBC411BA4800EB2B
:108FF0008100D0F8AC01042816D104EB840101EB08
:10900000C412B54901EB8201D1F8B8012021FAF769
:109010001BFC002104EB840000EBC412AE4800EB03
:10902000820080F8101217E004EB840101EBC412F7
:10903000A94901EB8201D1F8B8012021FAF704FC1B
:10904000FDF784FEA54941F824004FF49662002103
:10905000A3480068FDF75DFB04EB840000EBC4113E
:109060009D4800EB8100D0F8AC010D2815D004EB31
:10907000840000EBC411984800EB8100D0F8AC01EB
:109080000E280AD004EB840000EBC411924800EBD8
:109090008100D0F8AC010F287CD1FDF757FE0546C2
:1090A0008E4850F82400281AB0F5966F59D804EB72
:1090B000840000EBC411884800EB810090ED080AA1
:1090C00004EB840000EBC411834800EB8100D0ED79
:1090D000350A30EE200A04EB840000EBC4117E4810
:1090E00000EB8100D0ED290AB4EEE00AF1EE10FAAF
:1090F0000ADD04EB840000EBC411774800EB81002B
:1091000090F82D0002282CD004EB840000EBC41151
:10911000714800EB810090ED080A04EB840000EB3D
:10912000C4116D4800EB8100D0ED350A30EE600AC5
:1091300004EB840000EBC411674800EB8100D0ED24
:10914000290AB4EEE00AF1EE10FA21D204EB840011
:1091500000EBC411604800EB810090F82D0001285D
:1091600016D104EB840101EBC4125B4901EB8201CF
:10917000D1F8B8014FF48071FAF766FB002104EBD7
:10918000840000EBC412544800EB820080F81012F7
:109190009CE0FFE704EB840000EBC4114E4800EBB9
:1091A0008100D0F8AC01052815D004EB840000EB59
:1091B000C411494800EB8100D0F8AC0106280AD060
:1091C00004EB840000EBC411434800EB8100D0F8AD
:1091D000AC0107287AD1FDF7B9FD05463F4850F8A4
:1091E0002400281AB0F5966F59D804EB840000EBE0
:1091F000C411394800EB810090ED090A04EB8400AA
:1092000000EBC411344800EB8100D0ED350A30EE9C
:10921000200A04EB840000EBC4112F4800EB81000E
:10922000D0ED290AB4EEE00AF1EE10FA0ADD04EB03
:10923000840000EBC411284800EB810090F82D0059
:1092400001282CD004EB840000EBC411224800EB71
:10925000810090ED090A04EB840000EBC4111E4864
:1092600000EB8100D0ED350A30EE600A04EB84009B
:1092700000EBC411184800EB8100D0ED290AB4EED0
:10928000E00AF1EE10FA20D204EB840000EBC411E6
:10929000114800EB810090F82D00022815D104EB55
:1092A000840101EBC4120C4901EB8201D1F8B80131
:1092B0000421FAF7C9FA002104EB840000EBC41280
:1092C000054800EB820080F8101200BF601CC4B299
:1092D000022CFFF604AE70BD2483FF1FF480FF1F35
:1092E000DC80FF1F10B5324890F84040022C5EDA57
:1092F00004EB840000EBC4112D48443000EB8100E6
:109300004078002853D004EB840101EBC4122849B3
:10931000443101EB8201D1F884001021FAF794FA6C
:10932000002104EB840000EBC4122148443000EB20
:10933000820080F89C1004EB840000EBC4121C48EF
:10934000443000EB820080F8F81004EB840000EB5E
:10935000C4121748443000EB820080F8541104EB2B
:10936000840000EBC4111248443000EB8100D0F8B7
:10937000AC01162804D0182803D0192815D113E001
:1093800000BF3CB941F2883200210A480068FDF76D
:10939000C0F908E0012C06D141F2883200210648CC
:1093A0000068FDF7B6F901E000E000BF00BF10BDA6
:1093B000E082FF1FEC80FF1FF080FF1F10B54D48BB
:1093C00090F84040022C70DA04EB840000EBC411EA
:1093D0004848443000EB81004078002865D004EB19
:1093E000840000EBC4114348443000EB8100D0F806
:1093F000AC0110283AD004EB840000EBC4113D48C6
:10940000443000EB8100D0F8AC0111282ED004EBE1
:10941000840000EBC4113748443000EB8100D0F8E1
:10942000AC01082822D004EB840000EBC4113148C1
:10943000443000EB8100D0F8AC01092816D004EBD1
:10944000840000EBC4112B48443000EB8100D0F8BD
:10945000AC0158B104EB840000EBC4112548443042
:1094600000EB8100D0F8AC01012841D104EB84016C
:1094700001EBC4121F49443101EB8201D1F8840091
:109480001021FAF7E1F904EB840000EBC41119484C
:10949000443000EB8100D0F8AC0109280ED005DC87
:1094A000012817D0082821D106E021E0102802D099
:1094B00011281BD101E01AE019E000BF04EB840180
:1094C00001EBC4120B49443111F822000A4902F0A1
:1094D0002DFC0CE004EB840101EBC412054944317E
:1094E00011F82200042102F021FC00E000BF00BFBF
:1094F00010BD0000E082FF1F0804804010B52DED74
:10950000048B82B000BFEFA2F0A10020FCF712FD97
:1095100000BFFE4890F84040022C7CDA04EB840047
:1095200000EBC411F948443000EB8100407800287A
:1095300071D0012104EB840000EBC412F3484430E5
:1095400000EB820080F89C1004EB840000EBC41256
:10955000EE48443000EB820080F8F81004EB840001
:1095600000EBC412E948443000EB820080F854114B
:1095700004EB840101EBC412E449443101EB8201A4
:1095800001F5AA70FCF768FA04EB840101EBC41240
:10959000DE49443101EB820101F5AA709FEDDC0A3E
:1095A000FCF772FA04EB840000EBC411D748443096
:1095B00000EB8100D0F8AC0102283DD004EB840020
:1095C00000EBC411D148443000EB8100D0F8AC016D
:1095D000032831D004EB840000EBC411CB484430A5
:1095E00000EB8100D0F8AC01042825D004EB840006
:1095F00000EBC411C548443000EB8100D0F8AC0149
:109600000D2819D004EB840000EBC411BF4844308E
:1096100000EB810000E07FE2D0F8AC010E280BD017
:1096200004EB840000EBC411B848443000EB810027
:10963000D0F8AC010F287DD100BF04EB840000EB13
:10964000C411B248443000EB8100D0F8AC0123468D
:109650009CA2B0A100900020FCF76CFC00BF04EBC2
:10966000840000EBC412A948443000EB820090ED66
:109670000A0A04EB840000EBC412A448443000EB57
:109680008200D0ED080A30EE600A10EE101A08468B
:10969000F6F793FE41EC190BB0EE490AF0EE690AB9
:1096A000FFF724FBB0EE408AF0EE608A9FEDA80B36
:1096B00053EC102B51EC180BF6F7B2FE03D202B0AC
:1096C000BDEC048B10BD04EB840000EBC4118F488B
:1096D000443000EB810090ED0A0A04EB840000EBBB
:1096E000C4118A48443000EB8100D0ED080AB4EE82
:1096F000E00AF1EE10FA0CDDBFEE000A04EB840084
:1097000000EBC4118148443000EB810080ED2E0A4B
:109710000BE0B7EE000A04EB840000EBC4117B48B9
:10972000443000EB810080ED2E0A04EB840000EB56
:10973000C41100E05DE07548443000EB810090ED1D
:10974000080A04EB840000EBC4117048443000EBBD
:10975000810080ED280A04EB840000EBC4116B4803
:10976000443000EB810090ED2E0AF7EE000AB4EED3
:10977000600AF1EE10FA15D100BF234651A27649D6
:109780000020FCF7D7FB00BF04EB840101EBC412FF
:109790005E49443101EB8201D1F884000421FAF7DB
:1097A00053F88CE104EB840000EBC41157484430BB
:1097B00000EB810090ED2E0AFFEE000AB4EE600A85
:1097C000F1EE10FAEDD100BF23463EA2634900201E
:1097D000FCF7B0FB00BF04EB840101EBC4124B4962
:1097E000443101EB8201D1F884000821FAF72CF80A
:1097F00065E104EB840000EBC4114448443000EB05
:109800008100D0F8AC010A283BD004EB840000EBC7
:10981000C4113E48443000EB8100D0F8AC010B2865
:109820002FD004EB840000EBC4113848443000EB27
:109830008100D0F8AC010C2823D004EB840000EBAD
:10984000C4113248443000EB8100D0F8AC01052847
:1098500017D004EB840000EBC4112C48443000EB1B
:109860008100D0F8AC0106280BD004EB840000EB9B
:10987000C4112648443000EB8100D0F8AC01072821
:109880008FD100BF04EB840000EBC4111F484430AB
:1098900000EB8100D0F8AC0123460AA21DA1009084
:1098A0000020FCF747FB00BF04EB840000EBC41270
:1098B0001648443000EB820090ED0A0A04EB840065
:1098C0004EE000005741524E000000001B5B333356
:1098D0006D5B25735D202D2D6163745F656E74650E
:1098E000725F6D6F76696E673A2073746172746926
:1098F0006E672D2D2D2D2D2D2D2D2D2D2D2D2D2D1D
:109900002D2D1B5B306D0D0A00000000E082FF1F53
:109910000080BB441B5B33336D5B25735D206D7929
:1099200053797374656D2E617869735B25645D2E60
:10993000736D5F6163742E6375725F7374617465B8
:10994000203D3D2025641B5B306D0D0A00000000AA
:10995000000000000000F03F7CF40000C0F40000B4
:1099600000EBC4126D4800EB8200D0ED090A30EE26
:10997000600A10EE101A0846F6F71FFD41EC190BAD
:10998000B0EE490AF0EE690AFFF7B0F9B0EE408A8E
:10999000F0EE608A1FED120B53EC102B51EC180BFC
:1099A000F6F73EFD00D88AE604EB840000EBC41114
:1099B0005A4800EB810090ED0A0A04EB840000EBAA
:1099C000C411564800EB8100D0ED090AB4EEE00A5C
:1099D000F1EE10FA0BDDBFEE000A04EB840000EBA1
:1099E000C4114E4800EB810080ED2E0A0AE0B7EE6C
:1099F000000A04EB840000EBC411484800EB81002E
:109A000080ED2E0A04EB840000EBC411434800EB08
:109A1000810090ED090A04EB840000EBC4113F487B
:109A200000EB810080ED280A04EB840000EBC411F8
:109A30003A4800EB810090ED2E0AF7EE000AB4EEF2
:109A4000600AF1EE10FA15D100BF2346AFF28C1276
:109A500033490020FCF76EFA00BF04EB840101EBF0
:109A6000C4122E4901EB8201D1F884000421F9F7D8
:109A7000EBFE24E004EB840000EBC411274800EB6C
:109A8000810090ED2E0AFFEE000AB4EE600AF1EEBE
:109A900010FA14D100BF2346AFF2D812214900209A
:109AA000FCF748FA00BF04EB840101EBC4121B4928
:109AB00001EB8201D1F884000821F9F7C5FE04EB1F
:109AC000840000EBC411154800EB8100D0F8AC0114
:109AD000801E0E281ED2DFE800F0070809101112C0
:109AE0001D1D0D0E0F0A0B0C00BF00BF00BF00BFF5
:109AF00000BF00BF00BF00BF00BF00BF00BF04EB3E
:109B0000840101EBC412054911F82200064902F054
:109B10000DF900E000BF00BF00BFD0E52483FF1FA8
:109B20007CF40000C0F400001004085010B50024BC
:109B300029E004EB840000EBC411144800EB810021
:109B40004078F0B104EB840000EBC4110F4800EB47
:109B50008100D0F8AC01162804D0182803D01928A9
:109B60000DD101E000BF00BF04EB840101EBC41282
:109B7000064911F82200042102F0D8F800E000BFE5
:109B800000BF601CC4B2022CD3DB10BD2483FF1FB6
:109B900010B5044694F82C00012803D094F82C004A
:109BA000002865D14FF4D6700059012813D04FF426
:109BB000D670005908280ED04FF4D67000591028DE
:109BC00009D04FF4D6700059152804D04FF4D67040
:109BD0000059172830D14FF4D8700059092804D003
:109BE0004FF4D8700059112804D12078214902F08F
:109BF0009DF821E094F80002B8B194F82E000128F5
:109C000004D120781C4902F091F815E094F82E0058
:109C1000022805D120781849103102F087F80BE0AE
:109C20002078164902F082F806E094F8000218B98C
:109C30002078022102F07AF84FF4D67000591628E5
:109C400009D04FF4D6700059182804D04FF4D670BC
:109C50000059192803D12078064902F067F84FF41B
:109C6000F6700059022803D12078054902F05EF809
:109C700010BD00000804804010000050080480500F
:109C8000400420102DE9FC4106460D4614460CB94F
:109C9000BDE8FC81294886424DD1ADF800502088AE
:109CA000ADF80200606801906846FAF783FAB4F9EB
:109CB0000000002807DB00F01F0101228A40204934
:109CC000430941F8232000BFB4F90000A17800281F
:109CD00004DB0A07130E1B4A135406E00A07170E8B
:109CE000194A00F00F031B1FD75400BFB4F900003E
:109CF00000280DDB00BF00BF00F01F0201219140D2
:109D00004209920002F1E022C2F8001100BF00BF38
:109D100000BFB5F5E07F05D1012211463046F6F7C8
:109D20004DFD08E040F2C110854204D1012202211C
:109D30003046F6F743FD00BFAAE7000000000440EC
:109D400080E200E000E400E018ED00E010B5024819
:109D5000F6F786FD10BD00000000044010B5024972
:109D6000024800F09BFF10BD54EF00007C9F0020D4
:109D70007FB53D4E3D4D00244FF400013046F7F7CE
:109D8000B9FB012814D144F400040BE004E0694657
:109D900005F11C0000F0CFFF69463348F7F76CFB74
:109DA0000028F4D03046F7F73DFB0028EED100BF85
:109DB0004FF480013046F7F79DFB012807D144F4AA
:109DC00080047A20405B401C81B27A2041534FF4DA
:109DD00000113046F7F78EFB012801D144F400143E
:109DE0004FF480113046F7F785FB012801D144F488
:109DF00080144FF400213046F7F77CFB012801D195
:109E000044F400244FF480213046F7F773FB012817
:109E100001D144F480244FF400313046F7F76AFB57
:109E2000012812D101213046F7F764FB012804D143
:109E30003046F7F7A3F944F0010444F400347820E5
:109E4000405B401C81B2782041534FF08071304616
:109E5000F7F750FB012801D144F080741CB1214672
:109E60003046F7F741F97FBD000407407C9F002092
:109E700000B589B005A93A4800F03CFF01286CD133
:109E8000002001900290039004900598019006989C
:109E900000F00F008DF811009DF8112007A902A80D
:109EA000F6F72AFA2F4A0199881A914221D010DC3C
:109EB0002D48084480B3A0F5D050A0F1090060B34C
:109EC000A0F59C40A0F11F00D0B1B0F5006F3ED1CD
:109ED00036E0A0F50850703860B1A0F52C50B838C5
:109EE000A0B1A0F58850D838F0B1B0F5007F2ED1E0
:109EF00027E000BF9DF8111002A801F08DF828E0BE
:109F00009DF8111002A801F06DF822E09DF81110E3
:109F100002A801F09DF81CE000E00BE09DF8111094
:109F200002A801F045F814E09DF8111002A801F014
:109F30009BF80EE09DF8111002A801F045F808E02A
:109F400000BF9DF8111002A801F058F801E009B017
:109F500000BD00BF00F0C4FE00BF00BFF7E7000077
:109F6000989F0020F09DFF1810E800E710B9044A00
:109F7000517203E0012801D1014A9172704700003B
:109F8000709F002010B5FFF773FF00F001F810BDBF
:109F90001CB5FCF7DBFE0446002003F0F7FA0120B5
:109FA00003F0F4FA3D48007A70B93C480068201A82
:109FB000B0F5FA7F07D339480460012037490872A9
:109FC0000846446000E01CBD34484068A04200D907
:109FD000F9E73248007A06284CD2DFE800F04B035C
:109FE000101F2D3C2D48407A40B12D49684600F0A5
:109FF00014FA082269462B4800F0C6FE3BE02748C9
:10A00000807A50B126490831684600F006FA0822E5
:10A0100069462448401C00F0B7FE2CE01F48407AF7
:10A0200048B11F49684600F0D9F9082269461D4821
:10A03000001F00F0A9FE1EE01848807A50B11849B0
:10A040000831684600F0CAF9082269461548C01E62
:10A0500000F09AFE0FE01148407A10B90F48807A5C
:10A0600038B1684600F0F8F9082269460E4800F059
:10A070008BFE00E000BF00BF0848007A401C074983
:10A0800008720846007A052803DD0020087248603F
:10A0900002E0601C0149486000BF94E7709F002007
:10A0A000F89F00200801FF180811FF181A4890EDCA
:10A0B000030AF0EE0A0AB4EEE00AF1EE10FA08DC48
:10A0C00090ED030AF5EE000AB4EEE00AF1EE10FAA4
:10A0D00003D201211048017402E000210E480174EE
:10A0E0000E4890ED030AF0EE0A0AB4EEE00AF1EE33
:10A0F00010FA08DC90ED030AF5EE000AB4EEE00A6F
:10A10000F1EE10FA03D201210448017402E00021AB
:10A11000024801747047000018A0002034A00020FD
:10A1200010B5034801F0C4FF024801F0C1FF10BDA3
:10A1300018A0002034A0002010B50749074801F0FE
:10A140005FFF0749074801F05BFF012211460648FF
:10A15000F6F7C4FB10BD000008F0000018A00020B6
:10A1600010F0000034A000200000044010B500F002
:10A17000B3F8FFF79BFF00F011F800231022064907
:10A180003020FBF73FFA0023102203491031302022
:10A19000FBF738FA10BD00005C82FF1F0A4890ED03
:10A1A000030A0A4880ED020A0748007C0749087341
:10A1B000074890ED030A084680ED060A0448017C32
:10A1C000024801777047000018A000205C82FF1F42
:10A1D00034A0002010B5054800F03CFE044800F013
:10A1E00005FE044800F002FE10BD00007CE2FF1FE7
:10A1F00098E2FF1FB4E2FF1F10B50649064802F0BF
:10A2000077F80649064802F073F80649064802F056
:10A210006FF810BD20E300007CE2FF1F28E3000080
:10A2200098E2FF1F30E30000B4E2FF1F184890EDF2
:10A23000030A184880ED020A1548008A15498881EA
:10A240001348807C88731248C07CC873124890ED14
:10A25000030A124880ED020A0F48008A0F498881DC
:10A260000D48807C88730C48C07CC8730C4890ED06
:10A27000030A0C4880ED020A0948008A09498881CE
:10A280000748807C88730648C07CC873704700000C
:10A290007CE2FF1F8C80FF1F98E2FF1F9C80FF1F46
:10A2A000B4E2FF1FAC80FF1F10B5FCF74FFD044662
:10A2B000FFF74CFD07480068201A142803D305480F
:10A2C000046002F085FDFFF785FFFFF7AFFF02F0A6
:10A2D00031FD10BDC480FF1F10B5034802F044FDDE
:10A2E000024802F041FD10BD18A0002034A000205B
:10A2F00010B502F02BFE02F0EFFE002002F0DAFEB5
:10A30000012002F0D7FE022002F0D4FE032002F06A
:10A31000D1FE10BD10B504460348406A214682694B
:10A320000148904710BD00003081FF1F08B5034869
:10A33000406A816801488847009008BD3081FF1F4E
:10A3400010B504460348406A2146426A01489047D6
:10A3500010BD00003081FF1F10B504460348406A5D
:10A360002146026A0148904710BD00003081FF1F5E
:10A3700010B50348406A01680148884710BD0000D5
:10A380003081FF1F70B504460D460448406A2A46D6
:10A39000214643690148984770BD00003081FF1F86
:10A3A00001B50348406A426801480099904708BDDA
:10A3B0003081FF1F10B52DED028B0446B0EE408AB0
:10A3C0000548406AB0EE480A2146C26902489047F3
:10A3D000BDEC028B10BD00003081FF1F0B780278AE
:10A3E00063F3010202704B78027863F38502027016
:10A3F000027822F0C00202700022427000238370B3
:10A400000A79C2708A88121202718A7842714A8867
:10A41000121282718A79C27170470B78027863F3E5
:10A42000010202704B78027863F3850202700278B1
:10A4300022F0C00202708A7842704A88121282703A
:10A440000A79C2708A8812120271002242710023B6
:10A4500083718A79C2717047002101604160017087
:10A46000417081700221C1707047000070B50120F9
:10A47000874981F82000084690F84040022C7DDA98
:10A4800004EB840000EBC4118148443000EB8100F0
:10A4900000F5EE75012104EB840000EBC4127C484A
:10A4A000443000EB820080F82C102869012802D08B
:10A4B00002287CD1DDE00421204601F037FC04EBCA
:10A4C000840000EBC4117248443000EB8100D0F8E6
:10A4D000F8010068B0F5006F0DD004EB840000EBCC
:10A4E000C4116B48443000EB8100D0F8F8010068DB
:10A4F000B0F5804F77D104EB840000EBC4116448C1
:10A50000443000EB810090F82D00012824D104EBA9
:10A51000840101EBC4125E49443101EB8201D1F8A0
:10A5200084001021F9F790F902F0E2FF01212046A2
:10A53000FFF728FF04EB840000EBC41154484430BB
:10A5400000EB8100D0ED0A0AB0EE600A2046FFF76A
:10A5500031FF03F0D5FA8BE004EB840000EBC4116B
:10A560004B48443000EB810090F82D0002287FD149
:10A5700004EB840000EBC411454800E087E0443060
:10A5800000EB810090ED0A0ADFED420AB4EEE00A2A
:10A59000F1EE10FA6CDD04EB840101EBC4123C49CE
:10A5A000443101EB8201D1F88400102100E06CE01D
:10A5B000F9F74AF902F09CFF01212046FFF7E2FE7D
:10A5C00004EB840000EBC4113148443000EB8100FF
:10A5D000D0ED0A0AB0EE600A2046FFF7EBFE03F06A
:10A5E0008FFA45E0FFE704EB840000EBC411284834
:10A5F000443000EB8100D0F8F8010068102837D013
:10A6000004EB840000EBC4112148443000EB8100CE
:10A61000D0F8F8010068B0F5004F0DD104EB8401CB
:10A6200001EBC4121A49443101EB8201D1F8B8019F
:10A630000421F9F709F91BE004EB840000EBC411D5
:10A640001348443000EB8100D0F8F8010068B0F501
:10A65000803F0DD104EB840101EBC4120C4944315D
:10A6600001EB8201D1F8B8014FF48071F9F7ECF8F1
:10A670000BE00949204601F059FB0CB1012000E034
:10A680000020034981F83B0000BF00BF00BF70BD40
:10A69000E082FF1F00001C424004200010B5064964
:10A6A000D1F83C020121F9F7CFF80349D1F8500461
:10A6B0000121F9F7C9F810BDE082FF1F70B5F74816
:10A6C00090F83B0020B90220F44981F8200008E00E
:10A6D000F24890F83B00012803D10320EF4981F8AC
:10A6E0002000EE4890F84040022C79DA04EB840018
:10A6F00000EBC411E948443000EB810000F5EE7531
:10A70000022104EB840000EBC412E448443000EB67
:10A71000820080F82C102869C01E072809D2DFE8C3
:10A7200000F004091B60A4B6FD002021204601F0C2
:10A73000FDFAB0E104EB840101EBC412D7494431C6
:10A7400001EB8201D1F884001021F9F77DF8D4499A
:10A75000204601F0EBFA9EE1012104EB840000EBBE
:10A76000C412CE48443000EB820080F8541104EB50
:10A77000840000EBC412C948443000EB820080F82A
:10A780009C1004EB840101EBC412C449443101EB79
:10A79000820101F5AA709FEDC30AFBF775F904EB7E
:10A7A000840101EBC412BD49443101EB820101F186
:10A7B0009C009FEDBD0AFBF767F904EB840101EBF8
:10A7C000C412B649443101EB8201D1F8840004215E
:10A7D000F9F73AF8B2491039204601F0A7FA5AE1E0
:10A7E0005BE1012104EB840000EBC412AB48443070
:10A7F00000EB820080F8541104EB840000EBC412DB
:10A80000A648443000EB820080F89C1004EB8401E1
:10A8100001EBC412A149443101EB820101F5AA7098
:10A820009FEDA00AFBF730F904EB840101EBC412A1
:10A830009A49443101EB820101F19C009FED9B0A92
:10A84000FBF722F904EB840101EBC4129349443174
:10A8500001EB8201D1F884000821F8F7F5FF904957
:10A860001039204601F062FA15E104EB840101EB96
:10A87000C4128A49443101EB8201D1F884001021CD
:10A88000F8F7E2FF8649204601F050FA03E1042080
:10A89000824981F82000012104EB840000EBC412FE
:10A8A0007E48443000EB820080F8541104EB8400B1
:10A8B00000EBC4127948443000EB820080F89C1011
:10A8C00004EB840101EBC4127449443101EB8201B1
:10A8D00001F5AA709FED730AFBF7D6F804EB84012B
:10A8E00001EBC4126D49443101EB820101F19C007E
:10A8F0009FED6D0AFBF7C8F804EB840000EBC41170
:10A900006648443000EB810090F82D0001280FD1FB
:10A9100004EB840101EBC412604900E027E04431FC
:10A9200001EB8201D1F884000821F8F78DFF18E0CF
:10A9300004EB840000EBC4115848443000EB810064
:10A9400090F82D0002280CD104EB840101EBC41215
:10A950005249443101EB8201D1F884000421F8F717
:10A9600073FF4F491039204601F0E0F993E00121CF
:10A9700004EB840000EBC4124848443000EB820032
:10A9800080F8541104EB840000EBC41243484430B7
:10A9900000EB820080F89C1004EB840101EBC412F0
:10A9A0003E49443101EB820101F5AA709FED3D0A59
:10A9B000FBF76AF804EB840000EBC411374844301D
:10A9C00000EB810090F82D00012829D104EB8401CF
:10A9D00001EBC4123149443101EB8201D1ED0A0A85
:10A9E000B0EE001A70EE810AB0EE600A04EB84014A
:10A9F00001EBC4122949443101EB820101F19C00B1
:10AA0000FBF742F804EB840101EBC4122349443103
:10AA100001EB8201D1F884000421F8F715FF34E03E
:10AA200004EB840000EBC4111C48443000EB8100AF
:10AA300090F82D00022828D104EB840101EBC41208
:10AA40001649443101EB8201D1ED0A0AB0EE001A39
:10AA500070EEC10AB0EE600A04EB840101EBC4128F
:10AA60000E49443101EB820101F19C00FBF70CF827
:10AA700004EB840101EBC4120849443101EB82016B
:10AA8000D1F884000821F8F7DFFE05491039204687
:10AA900001F04CF900BF00BF00BF70BDE082FF1F96
:10AAA000200408000080A2440000C842000000000A
:10AAB00002B9704750B901B9FBE70B6813604B68E6
:10AAC00053608B689360CB68D3601CE0012807D18A
:10AAD000042313600623536002239360D36012E0C3
:10AAE000022807D1022313600623536002239360D8
:10AAF000D36008E0032806D10123136006235360C6
:10AB000002239360D36000BFD3E7000030B5A1B04B
:10AB100005460C4601210846F8F714FF18A8F6F779
:10AB20005FFF60221C496846F5F7E6FBA07D18AA86
:10AB300004F11801FFF7BCFF94F828008DF87600A7
:10AB4000FF20ADF87400CDF870D094F829008DF88E
:10AB500077002A20005D8DF878002B20005D8DF8AD
:10AB6000790094F82C008DF87A002D20005D8DF886
:10AB70007B002E20005D8DF87C002F20005D8DF87D
:10AB80007D003020005D8DF87E0018A92846F6F77C
:10AB900013FD21B030BD0000A4EF000000200149EA
:10ABA0004871704708A0002018B90021044A1170AC
:10ABB00004E0012802D10021014A517070470000D1
:10ABC00008A0002010B5044604B910BDA288618811
:10ABD0002078F9F7CDF900BFF7E700002DE9FC4137
:10ABE00005460E4614460CB9BDE8FC8106B9FBE7E4
:10ABF0002648854248D14FF4F370ADF80000208814
:10AC0000ADF80200606801906846F9F7D3FAB4F92C
:10AC10000000002807DB00F01F0101228A401C49C8
:10AC2000430941F8232000BFB4F90000A1780028AF
:10AC300004DB0A07130E174A135406E00A07170E1F
:10AC4000154A00F00F031B1FD75400BFB4F90000D2
:10AC500000280DDB00BF00BF00F01F020121914062
:10AC60004209920002F1E022C2F8001100BF00BFC9
:10AC700000BF002242F6FE212846F6F7C1FD012260
:10AC800031462846F6F7BCFD00BFADE7000407409B
:10AC900080E200E000E400E018ED00E070B504465A
:10ACA0000D4604B115B94FF0FF3070BD256000208E
:10ACB000207105F11000FFF785FF05F10A00FFF78D
:10ACC00081FF21684868FFF721FF236803F13802FC
:10ACD000596B5868FFF782FF0120207100BFE4E73D
:10ACE00010B500230E2202493E20FAF78BFC10BD5E
:10ACF00008A0002030B5024602B111B96FF0010082
:10AD000030BD908810B96FF00200F9E7138802F1A6
:10AD1000080000EB031539CD81E839001088401C8C
:10AD2000052390FBF3F403FB140010809088401E71
:10AD300090800120E4E770B5024602B111B96FF0CE
:10AD4000010070BD538802F1080000EB031091E888
:10AD5000780078C05088401C052390FBF3F403FB77
:10AD6000140050809088052803DA9088401C908059
:10AD700007E01088401C052390FBF3F403FB14004C
:10AD800010800120DDE700007FB506460D46144621
:10AD9000082C03DD6FF0010004B070BD00200190AD
:10ADA0000096019820F040000190019820F080006A
:10ADB00080300190019864F303000190002005E0C9
:10ADC0002A7802A90A546D1C411CC8B2A042F7DBC4
:10ADD0006A4600210448F6F7FDF910210248F6F70B
:10ADE000C5FD0120D8E700000004074070B50268E7
:10ADF000516813685D7A35B1D1ED020AF5EEC00AEB
:10AE0000F1EE10FA04D10026C6740025057670BD57
:10AE1000058A00EE905AB8EE600A0D7D002D01DD26
:10AE20000D7D00E003252C46D1ED020AF4EEC00AA8
:10AE3000F1EE10FA08D2057E6D1C0576057EA5425E
:10AE400006DB0326C67403E0002505760026C674DB
:10AE500000BFDCE72DE9F05F2DED028B05462E6883
:10AE60007468D6F80080FBF771FF074698F8080071
:10AE700050B90021A97400204A4908704A49087055
:10AE8000BDEC028BBDE8F09F95ED038A94ED000ABE
:10AE9000B4EEC80AF1EE10FA01D2012000E0002061
:10AEA000814694ED010AB4EEC80AF1EE10FA01DD14
:10AEB000012000E00020824694ED030AB5EEC00AAE
:10AEC000F1EE10FA02DD94ED030A01E0B0EE000AA3
:10AED000F0EE408A206908B1206901E040F6B83000
:10AEE00083463048007890B32E49097802290CD166
:10AEF00094ED000A30EE680AB4EEC80AF1EE10FADA
:10AF000001DD01210DE000210BE094ED010A30EE9E
:10AF1000280AB4EEC80AF1EE10FA01D2012100E0CD
:10AF200000210846A0B12049097829B901211E4A0B
:10AF300011701E490F600EE01C490968791A5945C5
:10AF400009D30021174A1170174A117003E003E07A
:10AF50000021154A117012E0B9F1000F06D002204D
:10AF60001049087000201049087008E0BAF1000F7D
:10AF700005D001200B49087000200B4908700948D2
:10AF80000078022802D10121A97408E00548007860
:10AF9000012802D10221A97401E00021A97400BF97
:10AFA0006EE70000C180FF1FC080FF1FBC80FF1F35
:10AFB000082900DA7047827802F00702014B9A7282
:10AFC00000BFF7E708A0002010B5082900DA10BD7F
:10AFD0000378447843EA0422014B1A8100BFF6E764
:10AFE00008A00020082900DA70478278C2F38102A5
:10AFF000014B1A7100BFF7E708A00020082900DA0A
:10B0000070478278034BDA72027902F001021A73F8
:10B0100000BFF5E708A00020082900DA7047027891
:10B0200002F00F02094B1A70027812095A70427826
:10B0300002F001029A70827802F00302DA708278DC
:10B04000C2F381021A7100BFE8E7000008A00020E7
:10B05000082900DA7047427802F00102014B5A7168
:10B0600000BFF7E708A0002010B5082900DA10BDDE
:10B070000379447943EA0422014BDA8000BFF6E702
:10B0800008A0002070B505462E460024FE488642E2
:10B0900000D105E0FD48864201D1012400E070BDE9
:10B0A000287D01287ED1687D297D88422ED001210E
:10B0B00004EB840000EBC412F3484C3800EB820030
:10B0C00080F8981104EB840000EBC412EE484C3871
:10B0D00000EB820080F89911E0B201F0AFFE002190
:10B0E00004EB840000EBC412E7484C3800EB82000C
:10B0F000C17004EB840101EBC412E3494C3901EB4C
:10B10000820101F5AA70FAF7A7FCFFE1002101EB2B
:10B110004401C8B2002101F0FBFE012104EB8400D0
:10B1200000EBC412D8484C3800EB820080F899112B
:10B13000052101EB4401C8B200F088FB04EB840058
:10B1400000EBC411D0484C3800EB8100807848B93E
:10B15000012104EB840000EBC412CB484C3800EB17
:10B160008200817004EB840000EBC411C6484C38A7
:10B1700000EB81008078F8B104EB840000EBC4118F
:10B18000C1484C3800EB8100C078B0B9012104EB14
:10B19000840000EBC412BC484C3800EB8200C17044
:10B1A000002100E08BE004EB840000EBC412B64801
:10B1B0004C3800EB8200416012E004EB840000EBAD
:10B1C000C411B1484C3800EB81004068401C04EBCE
:10B1D000840101EBC412AC494C3901EB8201486097
:10B1E00004EB840000EBC411A7484C3800EB81004D
:10B1F0004068032889D9032104EB840000EBC412C2
:10B20000A1484C3800EB82004160042101EB44016D
:10B21000C8B200F035FB04EB840000EBC4119A487F
:10B220004C3800EB810090ED5B0ADFED990AB4EE3B
:10B23000E00AF1EE10FA11DD012104EB840000EBCD
:10B24000C41291484C3800EB820080F8981101EB51
:10B250004401C8B2012101F05BFE57E104EB840018
:10B2600000EBC41188484C3800EB810090F898013D
:10B2700080B1012101EB4401C8B201F0BDFE002103
:10B2800004EB840000EBC4127F484C3800EB8200D2
:10B2900080F8981104EB840202EBC4137A4A4C3A0A
:10B2A00002EB830292ED5B0ABCEEC00A10EE101AAC
:10B2B000012202EB4402D0B201F064FE26E1287DB7
:10B2C00002287BD1687D297D884222D0012104EBB0
:10B2D000840000EBC4126C484C3800EB820080F80C
:10B2E000981104EB840000EBC41267484C3800EB63
:10B2F000820080F89911E0B201F0A0FD002104EB7A
:10B30000840000EBC41260484C3800EB8200C1702E
:10B31000FCE0012101EB4401C8B2002101F0F8FD7D
:10B32000012104EB840000EBC41257484C3800EBB9
:10B33000820080F89911042101EB4401C8B200F0A9
:10B3400085FA04EB840000EBC4114F484C3800EB45
:10B350008100807848B9012104EB840000EBC4121D
:10B3600049484C3800EB8200817004EB840000EB0C
:10B37000C41145484C3800EB8100807890B304EB51
:10B38000840000EBC41140484C3800EB8100C078C9
:10B39000A8B9012104EB840000EBC4123A484C38F0
:10B3A00000EB8200C170002104EB840000EBC412AA
:10B3B00035484C3800EB8200416013E087E004EB35
:10B3C000840000EBC41130484C3800EB8100406829
:10B3D000401C04EB840101EBC4122B494C3901EBF6
:10B3E0008201486004EB840000EBC41126484C380D
:10B3F00000EB81004068032832D9032104EB84006C
:10B4000000EBC41220484C3800EB8200416005215B
:10B4100001EB4401C8B200F033FA04EB840000EB06
:10B42000C41119484C3800EB810090ED5B0ADFED48
:10B43000180AB4EEE00AF1EE10FA12DD012104EB75
:10B44000840000EBC41210484C3800EB820080F8F6
:10B450009811002101EB4401C8B2012101F058FD0F
:10B4600054E004EB840000EBC41107484C3800EBB7
:10B47000810090F89801B0B1002101EB4401C8B2FD
:10B4800001F0BAFD002105E07083FF1F8485FF1FD6
:10B4900000301C4504EB840000EBC4121D4800EB97
:10B4A000820080F8981104EB840202EBC413194A5D
:10B4B00002EB830292ED5B0ABCEEC00A10EE101A9A
:10B4C000002202EB4402D0B201F05CFD1EE001213B
:10B4D00004EB840000EBC4120E4800EB820080F8FD
:10B4E000981104EB840000EBC4120A4800EB8200C0
:10B4F00080F89911E0B201F0A1FC002104EB840076
:10B5000000EBC412034800EB8200C170287D68750F
:10B5100000BFC4E52483FF1F30B502460B4600215F
:10B52000032502F0080010B101210A2510E002F005
:10B53000100010B102210B250AE002F0200010B12A
:10B5400003210C2504E002F4007008B103210C254E
:10B5500021B902F4806008B101210A2521B902F461
:10B56000806008B9002030BD2C4602F480200028FD
:10B570003DD102F4002058B1012901D1072436E061
:10B58000022901D1082432E0032930D109242EE018
:10B5900002F4801018BB02F4001058B1012901D147
:10B5A0000A2424E0022901D10B2420E003291ED122
:10B5B0000C241CE002F4800058B1012901D10D24B3
:10B5C00015E0022901D10E2411E003290FD10F2427
:10B5D0000DE002F4000010B1012901D1102406E0B1
:10B5E000022901D1112402E0032900D112241C7088
:10B5F0000020587058600120187200BFB3E710B5E2
:10B600000446E06901682046884740F23F10F7F79A
:10B6100053FC2068F7F700FEE06941682046884740
:10B62000002010BDF8B504460E46256800270FE03F
:10B63000A06904236A462946D0F808C02046E0479E
:10B64000A0680099884200D007E02F46354400BF2B
:10B65000D4E900010844A842EAD800BF3846F8BD42
:10B660000146C86870470146086970472DE9F843EC
:10B6700004460D46E0692946C26820469047E060CE
:10B68000E068A8B9E069816820468847A068009012
:10B690002168A06904236A46D0F804C02046E04728
:10B6A0002068E0602068284420610020BDE8F8831D
:10B6B0006068B0FBF5F62168E068401AB0FBF5F071
:10B6C000471CB74221D3A846404600F0C5FB81463F
:10B6D000E168A0692B464A46D0F808C02046E047FA
:10B6E000E0698168204688472168A0692B464A4660
:10B6F000D0F804C02046E0472068E0602068284475
:10B700002061484600F060F802E0E06828442061CB
:10B710000020CBE710B504460020F7F707FC012016
:10B72000F9F75EFE00BF606980F3108800BF00BFBC
:10B7300010BD2DE9F04107460C4615461E4632461F
:10B7400029462046F7F7E2FCBDE8F08110B5044633
:10B7500000BF00BFEFF31080606172B600BF012030
:10B76000F9F7F6FD00BF4FF48070F7F707FC0128EA
:10B77000F9D1F7F7DBFB10BD2DE9F04705460E4682
:10B7800017469846E869016828468847002406E07D
:10B7900057F8049030194946F7F722FC241D444518
:10B7A000F6D3E869416828468847BDE8F08770B558
:10B7B00004460D46E0B2F7F73DFA08B9204670BDE1
:10B7C0004FF0FF30FBE7000010B5002821D0114BEF
:10B7D0000022001F196803E0814203D80A46496825
:10B7E0000029F9D152B11368841A9C4204D100682F
:10B7F00018441060104602E0506000E0186039B153
:10B8000002680B1A934203D10B681A44026049681C
:10B81000416010BDD882FF1F10B504460A4890F859
:10B82000350018B9084890F8360030B14FF40011CF
:10B83000D4F8B801F8F708F805E04FF40001D4F89F
:10B84000B801F8F701F810BDE082FF1F70B505469A
:10B85000082D00DB70BD094800EB45142078012855
:10B860000AD1A07A20B921892079F8F7F9FB03E001
:10B8700021892079F8F7E0FA00BFEBE75C81FF1F30
:10B8800070B50546082D00DB70BD094800EB451476
:10B89000207801280AD1A07A20B921892079F8F7E7
:10B8A000CBFA03E021892079F8F7DAFB00BFEBE758
:10B8B0005C81FF1F7047000010B55448047CA01E37
:10B8C0000C2879D2DFE800F0060D143C434A5259A7
:10B8D000608990974E49D1F83C020821F7F7B4FFF0
:10B8E00092E04B49D1F83C022021F7F7ADFF8BE005
:10B8F00046484069032807D14549D1F83C024FF436
:10B900008021F7F7A1FF1AE040484069072807D1D6
:10B910003F49D1F83C024FF48061F7F795FF0EE004
:10B920003A484069052803D038484069062806D1BE
:10B930003749D1F83C024FF48071F7F785FF63E097
:10B940003349D1F83C024021F7F77EFF5CE03049F3
:10B95000D1F83C028021F7F777FF55E02C49D1F868
:10B960003C024FF40071F7F76FFF4DE02849D1F822
:10B9700050040821F7F768FF46E02549D1F8500444
:10B980002021F7F761FF3FE020484069092807D1EF
:10B990001F49D1F850044FF48021F7F755FF1BE001
:10B9A0001A4840690D2808D11949D1F850044FF4BC
:10B9B0008061F7F749FF0FE025E0144840690B2844
:10B9C00003D0124840690C2806D11149D1F850041F
:10B9D0004FF48071F7F738FF16E00D49D1F85004A5
:10B9E0004021F7F731FF0FE00949D1F850048021D9
:10B9F000F7F72AFF08E00649D1F850044FF4007128
:10BA0000F7F722FF00E000BF00BF10BD708AFF1FE4
:10BA1000E082FF1F10B524480068FAF787FE23482C
:10BA20000068FAF783FE22480068FAF77FFE214893
:10BA30000068FAF77BFE20480021018081701F48D2
:10BA4000047C012C2CD14069022806D11C49D1F874
:10BA50003C021021F7F7F8FE21E018484069082859
:10BA600006D11749D1F850041021F7F7EDFE16E082
:10BA700012484069072807D11149D1F83C024FF418
:10BA80000061F7F7E1FE0AE00C4840690D2806D195
:10BA90000B49D1F850044FF40061F7F7D5FE00E0F0
:10BAA00000BF00BF10BD00005080FF1F5480FF1F6B
:10BAB0005880FF1F5C80FF1F4C80FF1F708AFF1F94
:10BAC000E082FF1F704770477047000010B54FF4C9
:10BAD00000310248FAF760FE10BD0000708AFF1FB7
:10BAE00070B504460CB1E06800B970BDE06800684C
:10BAF00094F8251000EB8105A978204600F0D6F8CF
:10BB0000FBF724F9A06200BFEFE770B504460CB163
:10BB1000E06808B9002070BDE06A401CE062E1689E
:10BB2000C988206B0844206304F11005287820B1EF
:10BB300001280AD002282AD118E0002084F8250024
:10BB40002046FFF7CDFF0120E5E7E06A69688842FB
:10BB500004D3204600F09AF80020DCE7002084F8A7
:10BB600025002046FFF7BCFF0120D4E7206B696861
:10BB7000884204D3204600F089F80020CBE700205B
:10BB800084F825002046FFF7ABFF0120C3E72046DD
:10BB900000F07CF80020BEE710B586B0044601A88E
:10BBA000F8F7EAFA0220ADF80600607A08B9012039
:10BBB00000E00020ADF80E002188A07901AAF7F777
:10BBC000F3FF6188E07901AAF7F7EEFFA188207AF8
:10BBD00001AAF7F7E9FF06B010BD10B504461CB185
:10BBE00094F82400012801D0002010BDD4E90712E8
:10BBF000A069C4E90412E0600020A061E061206255
:10BC0000022084F82400204600F01CF80120ECE714
:10BC100010B504460CB1E06808B9002010BD0C3422
:10BC2000607E401C6076607E54F80C190979884269
:10BC300003DB2046FFF769FFF0E72046FFF750FFE0
:10BC40000120EBE710B5044604B910BD01201834FB
:10BC500060772077002060736061A061A077032087
:10BC6000207354F80C0C183C38B1E06800790028B7
:10BC700003DD2046FFF734FF06E00021204600F0F8
:10BC800015F8002084F8350000BFDEE710B5044643
:10BC900004B910BD002024346074207404F8240911
:10BCA0000021204600F002F800BFF2E72DE9F04144
:10BCB00004460D460CB1072D01DBBDE8F0811A48A2
:10BCC0004619677A337803F001030BB13B4603E072
:10BCD0000FB9012300E000231A462188A07900F063
:10BCE00075F83378C3F340030BB13B4603E00FB95B
:10BCF000012300E000231A466188E07900F066F82D
:10BD00003378C3F380030BB13B4603E00FB9012343
:10BD100000E000231A46A188207A00F057F884F842
:10BD2000375000BFC9E70000C8E0000070B586B01A
:10BD300005460C4623480078854200DA0CB906B067
:10BD400070BD04F0020030B12846F9F7A5FAFF20D3
:10BD50001D494855F3E704F0040030B12846F9F7CF
:10BD60009BFAFF2018494855E9E704F0010018B193
:10BD70002846F9F773FAE2E71348405DB0EB147F09
:10BD80001DD3200F1049485524F0704403A92046C4
:10BD9000F9F7DAF990B19DF80C00F9F711FA0646B7
:10BDA0005EB100969DF80D008DF804000499029193
:10BDB00069462846F9F790F900BF00BF00BF00BFF1
:10BDC000BDE70000CFE000007480FF1F70B505469E
:10BDD0000E46144624B131462846F8F741F903E0EF
:10BDE00031462846F8F728F870BD0000F9F73CFB0B
:10BDF00000BF0EA20FA10020FAF79CF800BFC720D9
:10BE0000F9F7A6FAF5F700F94FF47A70FAF7B4FFEC
:10BE100062B6FBF701FCC720F9F7E2FA05E0FAF792
:10BE200095FF0446FAF7F0FF00BFF8E74D41494E91
:10BE3000000000001B5B33366D5B25735D204D41B8
:10BE4000494E2829207374617274696E672E2E2EF4
:10BE50001B5B306D0D0A0000F0B50B30154D20F066
:10BE600007010024144A0FE003688B420BD38B4276
:10BE700005D95E1A43184768C3E9006700E04368C4
:10BE8000136002C004E0021D10680028ECD12046B7
:10BE9000002802D1286808B10020F0BD064A0748F2
:10BEA0001060074A121A22F00702C0E9002401209C
:10BEB0002860D7E7DC82FF1FD882FF1F64BD002007
:10BEC00060DD002070470000194890F840100229FA
:10BED0002DDA01EB810202EBC11300F1440202EB07
:10BEE000830202F14C00C26A062A1DD2DFE802F08A
:10BEF00003070B10141800220275427015E001228E
:10BF00000275427011E002220275012242700CE0BB
:10BF100000220275427008E000220275427004E0BF
:10BF200000220275427000E000BF00BF00BF7047F2
:10BF3000E082FF1F10B5FAF709FF10BDF0B5044607
:10BF40000D461746002614B1606900B115B94FF0CF
:10BF5000FF30F0BD6169B1F80404B84201DD384634
:10BF600001E0B1F804040646002219E0B1F8020429
:10BF700001EB800090ED000A05EB820080ED000AE5
:10BF8000B1F802C40CF101004FEAE07C00EB1C6C3C
:10BF90004FEA2C2CA0EB0C2CA1F802C4501C82B24E
:10BFA000B242E3DBB1F80404801BA1F8040403B13E
:10BFB0001E800020CDE702460AB1506910B94FF04B
:10BFC000FF3070475169B1F8000401EB800080ED4B
:10BFD000000AB1F80034581CC31700EB13631B129E
:10BFE000A0EB0323A1F80034B1F80404FF2804DC1B
:10BFF000B1F80404401CA1F804040020E1E70000AB
:10C0000070B586B004460E4604B11EB94FF0FF303D
:10C0100006B070BD2660356800206060A060E060FA
:10C0200020611A48844207D11948606119A000684C
:10C030006060002121720CE01848844207D1184842
:10C04000606118A0006860600121217201E017485A
:10C050006061606920B14FF481616069F4F765F94E
:10C0600001A8F8F789F84FF40040ADF81400E9880A
:10C07000287901AAF7F798FD2A7A697A01232868B6
:10C08000F4F766FA012020760020C1E718A000200E
:10C0900050A00020504F53310000000034A0002079
:10C0A00058A40020504F53320000000060A8002028
:10C0B00070B52DED028B05469FED180AB0EE408A53
:10C0C00015B9BDEC028B70BD28680468217A206820
:10C0D000F4F7DCFA0646D4ED060A00EE106AB8EE74
:10C0E000400A60EE800A217F0120884000EE100A9D
:10C0F000B8EEC00A80EE801AD4ED040A94ED050A69
:10C1000001EE200AB0EE408A85ED038AB0EE480ABF
:10C110002846FFF750FF00BFD3E7000000000000F3
:10C120007CB505460C461248854204D101210846DB
:10C13000F7F78CFC06E00F48854203D1012102206D
:10C14000F7F784FC6846F4F7BFFB208EADF80000DB
:10C15000608EADF80200A08EADF804006946284656
:10C16000F4F7C8FA10B14FF0FF307CBD0020FCE7B7
:10C17000000004400004044070B505460E46144615
:10C1800004B970BD01214804F7F78EFB218960686E
:10C19000F4F74EFC228831462846F4F7F3FB00BF43
:10C1A000EFE7F0B504460D461646002714B1606966
:10C1B00000B115B94FF0FF30F0BD6169B1F8080862
:10C1C000B04201DD304601E0B1F808080746002220
:10C1D0001EE0B1F8040801EB800090ED000A05EBC9
:10C1E000820080ED000AB1F804C80CF101004FEAAA
:10C1F000E07C00EB1C6C4FEA2C2CA0EB0C2CA1F883
:10C2000004C8B1F80808401EA1F80808501C82B202
:10C21000BA42DEDB03B11F800020CDE702460AB13F
:10C22000506910B94FF0FF3070475169B1F80008FC
:10C2300001EB800080ED000AB1F80038581CC317EC
:10C2400000EB13631B12A0EB0323A1F80038B1F835
:10C250000808FF2804DCB1F80808401CA1F8080809
:10C26000B1F8023801F5806000EB8300C0ED000AF0
:10C27000B1F80238581CC31700EB13631B12A0EB74
:10C280000323A1F80238B1F80A08FF2804DCB1F84A
:10C290000A08401CA1F80A080020C5E770B5054649
:10C2A0000C4604B970BD607A30B9227A01230021AE
:10C2B0002846F4F74DF905E0227A0123194628466D
:10C2C000F4F746F900BFEDE710B586B004460CB9A7
:10C2D00006B010BD01A8F7F74FFF4FF40040ADF8CE
:10C2E0001400E188207901AAF7F75EFC00BFEFE7B0
:10C2F00070B505460E4615B10EB1306810B94FF055
:10C30000FF3070BD2E60002068766860A860E8602D
:10C3100028614748854209D14648686146A001889E
:10C32000A9808078A871002129721BE043488542CA
:10C3300009D14348686143A00188A9808078A87129
:10C34000012129720EE04048854209D13F486861C9
:10C350003FA00188A9808078A8710221297201E09C
:10C360003C486861686920B140F60C016869F3F7E0
:10C37000DCFF3468207A18B104F10C00FFF7A4FF49
:10C38000607A18B104F11800FFF79EFFA07A18B187
:10C3900004F12400FFF798FF21466068FFF7C0FE14
:10C3A00010B16FF00100ACE7207A20B104F10C016C
:10C3B0006068FFF773FF607A20B104F118016068CC
:10C3C000FFF76CFFA07A20B104F124016068FFF749
:10C3D00065FF94F8360028B104F138020021606846
:10C3E000FFF7CAFE94F8370028B104F14402012196
:10C3F0006068FFF7C1FE94F8500030B104F15402B8
:10C400004FF4E0716068FDF73DFC94F8510030B1E5
:10C4100004F15C0240F2C1116068FDF733FC4E206C
:10C42000005D08B100F0A4FE01206876002068E7F6
:10C430007CE2FF1FD0E2FF1F564D000098E2FF1F75
:10C44000DCEAFF1F4D310000B4E2FF1FE8F2FF1FDE
:10C450004D3200006497002010B52DED048B04468A
:10C4600004EB840000EBC411434800EB810090ED25
:10C470005B0ADFED420AB4EEE00AF1EE10FA78DD75
:10C480003F480088B0F5FA7F6EDD3E4800EB84003F
:10C4900090ED000A04EB840000EBC412364800EB78
:10C4A0008200D0ED290A30EE600A10EE101A08461C
:10C4B000F3F783FF41EC190BB0EE490AF0EE690A7D
:10C4C000FCF714FCB0EE408AF0EE608A9FED2E0B74
:10C4D00053EC102B51EC180BF3F7A2FF2ED22C4883
:10C4E0000088401C2A4908800846008805282ADD63
:10C4F0000020088004EB840000EBC4111E4800EB10
:10C50000810090F82C0002280DD104EB840101EB8E
:10C51000C412194901EB8201D1F8F8014FF400511E
:10C52000F7F792F90FE0012104EB840000EBC4124D
:10C53000114800EB820080F8101204E014480088D3
:10C54000401E1349088000200D49088004EB840038
:10C5500000EBC411084800EB810090ED290A09485E
:10C5600000EB840080ED000A05480088401C044967
:10C570000880BDEC048B10BD2483FF1F008009459B
:10C58000D080FF1FD480FF1F9A9999999999B93F3C
:10C59000D280FF1F2DE9F0412DED068B04469FED63
:10C5A000FE0AB0EE409A9FEDFC0AB0EE408A0CB154
:10C5B000607E18B9BDEC068BBDE8F0812068056887
:10C5C000287A00B3297D6868F4F760F808EE900ACD
:10C5D00095ED1D0AF8EE680A20EE201A95F87810FD
:10C5E0000120884000EE100AB8EEC00AC1EE000A31
:10C5F00095ED191A95ED1A0A00EE810AB0EE409AEF
:10C6000084ED039A00BF687A00287CD02022515D17
:10C610006868F4F73BF809EE900A95ED1D0AF8EE0C
:10C62000690A20EE201A95F878100120884000EE63
:10C63000100AB8EEC00AC1EE000A95ED1B1A95ED7E
:10C640001C0A00EE810AB0EE408ABCEEC80A10EE69
:10C65000100A2082207A012802D0207A02287DD177
:10C66000207A401E00EB800101EBC011CB4800EBAB
:10C67000810090F84D00002871D0207A401E00EB18
:10C68000800101EBC011C54800EB810090F8540116
:10C6900000287DD0207A401EC7B20FB9C04800E004
:10C6A000C0480646307D06EB800080ED008A307D74
:10C6B000401C052190FBF1F201FB12003075707DEA
:10C6C000052802DA707D401C7075DFEDB38A00200A
:10C6D00009E006EB800191ED000A30EE280AF0EE49
:10C6E000408A411CC8B2717D8142F2DC707D00EE4F
:10C6F000100AB8EE400A88EE80AA07EB870000EB2C
:10C70000C711A64800E00AE300EB810080ED57AABC
:10C71000227A521E02EB820303EBC2139F4A02EB02
:10C72000830292ED571AF0EE410A227A521E02EB72
:10C73000820303EBC213994A02EB830292ED561A6D
:10C74000B0EE410A227A521E02EB820303EBC213BF
:10C75000924A02EB830202F5AA7101E0BAE2BAE260
:10C76000227A521E02EB820303EBC2138B4A02EBC6
:10C77000830202F5A070F9F787F8207A401E00EBDB
:10C78000800101EBC011854800EB8100816900E068
:10C7900087E2207A401E00EB800202EBC0127F4845
:10C7A00000EB8200C06981422AD2207A401E00EB51
:10C7B000800101EBC011794800EB81008069401CC9
:10C7C000217A491E01EB810202EBC112734901EB90
:10C7D000820188610021207A401E00EB800202EB7A
:10C7E000C0126E4800EB82008160207A401E00EB90
:10C7F000800202EBC012694800EB820001614FE247
:10C80000207A401E00EB800101EBC011634800EB71
:10C81000810090ED310A207A401E00EB800101EB8F
:10C82000C0115E4800EB8100D0ED350AB4EEE00A9D
:10C83000F1EE10FA1CDC207A401E00EB800101EBC7
:10C84000C011564800EB810090ED310A207A401E5D
:10C8500000EB800101EBC011504800EB8100D0EDEE
:10C86000350AF1EE600AB4EEE00AF1EE10FA7DD27C
:10C87000207A401E00EB800101EBC011474800EB1D
:10C88000810090ED570A207A401E00EB800101EBF9
:10C89000C011424800EB8100D0ED640AB4EEE00A1A
:10C8A000F1EE10FA62DD207A401E00EB800101EB10
:10C8B000C0113A4800EB81008168207A401E00EBED
:10C8C000800202EBC012354800EB8200C068814252
:10C8D0004AD30021207A401E00EB800202EBC012F6
:10C8E0002E4800EB820080F86010207A401E00EB9A
:10C8F000800202EBC012294800EB820080F84D1044
:10C90000207A401E00EB800101EBC011234800EBB0
:10C91000810090F82C0002280FD1217A491E01EBEA
:10C92000810202EBC1121D4901EB8201D1F8F8012D
:10C930004FF40051F6F788FF0BE00121207A401EEA
:10C9400000EB800202EBC012144800EB820080F87A
:10C9500010120021207A401E00EB800202EBC01270
:10C960000E4800EB82008160207A00E01CE0401E4F
:10C9700000EB800101EBC011084800EB81008068EA
:10C98000401C217A491E01EB810202EBC1120349CE
:10C9900001EB8201886027E0000000002483FF1F74
:10C9A000F4FAFF1F0CFBFF1F207A401E00EB8001F2
:10C9B00001EBC011DE4800EB81008068A0B1207A55
:10C9C000401E00EB800101EBC011D94800EB810053
:10C9D0008068401E217A491E01EB810202EBC112E0
:10C9E000D34901EB82018860217A491EC8B2FFF762
:10C9F00033FDFCF771FA207A401E00EB800101EB59
:10CA0000C011CB4800EB810090ED280A207A401E2F
:10CA100000EB800101EBC011C54800EB8100D0EDB7
:10CA2000290A30EE600AB0EEC00A207A401E00EB00
:10CA3000800101EBC011BE4800EB8100D0ED350A4A
:10CA4000B4EEE00AF1EE10FA7ED2207A401E00EB3E
:10CA5000800101EBC011B64800EB81000169207A2A
:10CA6000401E00EB800202EBC012B14800EB8200D6
:10CA7000406981421BD3207A401E00EB800101EB0C
:10CA8000C011AB4800EB810090F82C0002280FD1B8
:10CA9000217A491E01EB810202EBC112A44901EB8C
:10CAA0008201D1F8F8014FF48041F6F7CDFEC1E0E4
:10CAB0000021207A401E00EB800202EBC0129C484D
:10CAC00000EB820080F86010207A401E00EB8002AC
:10CAD00002EBC012964800EB820080F84D10217ADC
:10CAE000491E01EB810202EBC112914901EB820167
:10CAF000D1F884001021F6F7A7FE0021207A401E0D
:10CB000000EB800202EBC012894800EB820080F843
:10CB10005411207A401E00EB800202EBC0128448C0
:10CB200000EB820080F8F810207A401E00EB8002B3
:10CB300002EBC0127E4800EB820080F89C10217A44
:10CB4000491E01EB810200E08AE002EBC112784944
:10CB500001EB820101F5AA70F8F77EFF207A401EF2
:10CB600000EB800101EBC011714800EB8100D0F8AF
:10CB7000AC010A2819D0207A401E00EB800101EB9D
:10CB8000C0116B4800EB8100D0F8AC010B280CD031
:10CB9000207A401E00EB800101EBC011644800EBDD
:10CBA0008100D0F8AC010C280FD1217A491E01EB8D
:10CBB000810202EBC1125E4901EB8201D1F8B8019A
:10CBC0004FF48051F6F740FE34E0207A401E00EB2F
:10CBD000800101EBC011564800EB8100D0F8AC0198
:10CBE000022819D0207A401E00EB800101EBC01111
:10CBF0004F4800EB8100D0F8AC0103280CD0207A1C
:10CC0000401E00EB800101EBC011494800EB8100A0
:10CC1000D0F8AC0104280DD1217A491E01EB810224
:10CC200002EBC112424901EB8201D1F8B801402167
:10CC3000F6F70AFE207A401E00EB800101EBC011DE
:10CC40003B4800EB81000069401C217A491E01EB42
:10CC5000810202EBC112364901EB820108611FE03B
:10CC6000207A401E00EB800101EBC011304800EB40
:10CC700081000069A0B1207A401E00EB800101EB29
:10CC8000C0112B4800EB81000069401E217A491E2B
:10CC900001EB810202EBC112254901EB820108611F
:10CCA0000BE00021207A401E00EB800202EBC01254
:10CCB0001F4800EB820080F86010217A491E01EBCA
:10CCC000810202EBC1121A4901EB820101F14C0011
:10CCD000FEF7D8F922E00021207A401E00EB800206
:10CCE00002EBC012124800EB820080F86010207A3C
:10CCF000401E00EB800202EBC0120D4800EB8200E8
:10CD00008161217A491E01EB810202EBC1120849BF
:10CD100001EB820101F14C00FEF7B4F900BFF0EE27
:10CD2000480AB0EE490A2046FFF778FA00BF41E40E
:10CD30002483FF1F10B50023102208492020F8F794
:10CD400061FC0023102206492020F8F75BFC002339
:10CD5000102204492020F8F755FC10BD8C80FF1FDD
:10CD60009C80FF1FAC80FF1F10B52DED028BAAB079
:10CD7000044601ABA02202A92046FFF7DFF810B954
:10CD8000BDF8040018B92AB0BDEC028B10BD9FEDB0
:10CD90000F8A00200AE002A901EB800191ED000A50
:10CDA00030EE080AB0EE408A411CC8B2BDF804104B
:10CDB0008842F0DBBDF8040000EE100AB8EE400A2D
:10CDC000C8EE000AC4ED030A00BFDCE70000000063
:10CDD00010B52DED028B8CB09FED160AB0EE408A97
:10CDE00001AB142202A91448FFF7DBF9BDF80400D7
:10CDF00000281BDD00240AE002A800EB840090ED6F
:10CE0000000A30EE080AB0EE408A601CC4B2BDF8D9
:10CE100004008442F0DBBDF8040000EE100AB8EE16
:10CE2000400AC8EE000A0448C0ED030A0CB0BDEC8D
:10CE3000028B10BD000000007CE2FF1F70B50646AB
:10CE4000002E2FD1314C04F12005A07E18B901200D
:10CE5000A0760020E061E069401CE061A07A20B982
:10CE600021892079F7F7FCF803E021892079F6F78A
:10CE7000E3FFA87A20B929892879F7F7F1F803E0C8
:10CE800029892879F6F7D8FFE069022809D9032013
:10CE9000E0610121084600F03BF80121002000F08C
:10CEA00037F832E0012E30D1184C403404F120051F
:10CEB000A07E18B90120A0760020E061E069401C46
:10CEC000E061A07A20B921892079F7F7C9F803E059
:10CED00021892079F6F7B0FFA87A20B92989287925
:10CEE000F7F7BEF803E029892879F6F7A5FFE0698E
:10CEF000022809D90320E0610121022000F008F88E
:10CF00000121032000F004F800BF70BDDC81FF1F89
:10CF100070B505460E46082D00DB70BD0A4800EBD3
:10CF20004514207868B936B94FF44072D4E9040149
:10CF3000FBF734FB05E04FF40072D4E90401FBF782
:10CF40002DFB00BFE9E700005C81FF1F70B50021E9
:10CF50000C20F6F7B5FF0220F5F792FE0021102015
:10CF6000F6F7AEFF002407E0054800EB441528461D
:10CF700000F064F8601CC4B2082CF5DB70BD000042
:10CF80005C81FF1F70B506460D46082E00DB70BDA4
:10CF9000174800EB46142078012818D15DB9A07A13
:10CFA00020B921892079F7F75BF80FE021892079F2
:10CFB000F6F742FF0AE0A07A20B921892079F6F736
:10CFC0003BFF03E021892079F7F74AF8DFE740F6D5
:10CFD000C310854200D905462A46D4E90401FBF76F
:10CFE0003FFB6A0800210348FBF73AFB00BFCEE78E
:10CFF0005C81FF1F0050014070B50546082D00DB25
:10D0000070BD0D4800EB45140020A076207828B9AB
:10D010000022D4E90401FBF7C1FA0AE0A07A20B9A2
:10D0200021892079F6F708FF03E021892079F7F7B5
:10D0300017F800BFE4E700005C81FF1F10B504464D
:10D0400004B910BD201D00F012F8207818B9204650
:10D0500000F050F809E02078012806D1208B20B19B
:10D06000228B21892079F6F783FF00BFE9E710B50D
:10D0700086B004460CB906B010BD01A8F7F77CF8DD
:10D080000220ADF806002020ADF80A000020ADF81F
:10D090001400A07918B10020ADF8040002E00120CE
:10D0A000ADF80400A188207801AAF6F77DFD00BF45
:10D0B000E1E7000070B50546064800EB451414B9D9
:10D0C0004FF0FF3070BD0122D4E90401FBF70AFAEA
:10D0D0000020F7E75C81FF1F10B501210348FBF733
:10D0E00097FB0348FBF74CFB002010BD0064014098
:10D0F0000050014010B586B004460CB906B010BD12
:10D100000121E068F6F760FC228B21892079F6F78F
:10D110002FFF00208DF80C0030208DF80D0000212D
:10D120008DF80E1002218DF80F1040F6C3100590F7
:10D1300003A92069FBF754F80120ADF80400ADF80D
:10D140000600ADF808000020ADF80A006A46D4E9F0
:10D150000401FBF717F94FF44072D4E90401FBF71F
:10D160001DFA00BFCAE710B5F8F77EF910BD000040
:10D170000EB501210420F6F727FC00208DF80000F1
:10D1800030208DF8010000218DF8021002218DF869
:10D19000031040F6C310029069460748FBF720F8D9
:10D1A0004FF4967200210448FBF75AFA0122114607
:10D1B0000148FAF7B3FF0EBD0050014010B5044618
:10D1C000084890F8380030B14FF40031D4F8B80175
:10D1D000F6F73AFB05E04FF48021D4F8B801F6F7F2
:10D1E00033FB10BDE082FF1F10B50446054880697F
:10D1F0002421026803489047A06A016820468847B6
:10D2000010BD0000B482FF1F70B504460F4880694E
:10D21000C1680E48884706460C4880692423224688
:10D22000314685680948A8470949206888420BD0DB
:10D2300024212046F3F779F8054820604FF47A70EE
:10D240002081204600F044F8002070BDB482FF1F0A
:10D25000A55AA55A70B504460D46242229462046F3
:10D26000F3F74AF870BD0246022901DB002070473F
:10D2700001EB410302F10C0050F82300F7E708B579
:10D2800001464868009008BD022902DB9FED050AAF
:10D29000704701EB410300F10C0202EB830292EDB7
:10D2A000010AF5E700000000022902DB9FED050AF4
:10D2B000704701EB410300F10C0202EB830292ED97
:10D2C000020AF5E7000000000146088970470000E7
:10D2D000F0B589B0054617488069C1681548884788
:10D2E00007461448806924236A46394686681148EF
:10D2F000B047242269462846F3F743F810B90020C6
:10D3000009B0F0BD0C4828600A48806901690948E5
:10D31000884704460748806924232A4621464668F0
:10D320000448B0470348C46004F12400014908617F
:10D330000020E5E7B482FF1FA55AA55A70B5044640
:10D340000D461646022D02DB4FF0FF3070BD05EB97
:10D35000450104F10C0040F82160A06A41682046B4
:10D360008847F3E713B5044601986060A06A4168F6
:10D37000204688471CBD000070B52DED048B82B09F
:10D3800004460D46B0EE409A022D05DB4FF0FF300B
:10D3900002B0BDEC048B70BDB5EEC09AF1EE10FA90
:10D3A00006D39FED2C0AB4EEC09AF1EE10FA02DD1E
:10D3B0006FF00100ECE705EB450104F10C0000EB18
:10D3C000810080ED029A606801900DF10600405DD9
:10D3D00000F0030605EB450104F10C0000EB8100B1
:10D3E00090ED028AF0EE488A9EB1022E02D0032E02
:10D3F0000ED106E0B3EE060A38EE000AF0EE408ADF
:10D400000AE0B3EE060A38EE400AF0EE408A03E086
:10D4100000BFF0EE488A00BF00BFF5EEC08AF1EE13
:10D4200010FA06D39FED0B0AF4EEC08AF1EE10FA63
:10D4300002DD6FF00100ABE705EB450104F10C00E4
:10D4400000EB8100C0ED018AA06A41682046884750
:10D450009EE7000000401C4670B504460D4625813D
:10D46000A06A41682046884770BD70477047000039
:10D4700010B50E49D1F8FC010121F6F7E5F90B4989
:10D48000D1F810040121F6F7DFF901210020FEF7A1
:10D490004DFC01210846FEF749FC01210020FCF764
:10D4A00065FD01210846FCF761FD10BDE082FF1F0C
:10D4B00010B50E49D1F8FC010221F6F7C5F90B4968
:10D4C000D1F810040221F6F7BFF902210020FEF77F
:10D4D0002DFC02210120FEF729FC00210846FCF763
:10D4E00045FD00210120FCF741FD10BDE082FF1F3A
:10D4F00010B5254890F83C00312829D008DC1028C8
:10D500000DD011280CD023280BD0242833D109E0CA
:10D51000A12808D0A22807D0A7282CD105E000BF59
:10D5200000BF00BF00BF00BF00BF174890F83D001C
:10D53000012806D1144991F83C00012100F07AFB42
:10D5400005E0114991F83C00002100F073FB19E05F
:10D550000D4890F83E00012806D10B4991F83C0097
:10D56000012100F067FB05E0074991F83C0000212C
:10D5700000F060FB06E0044991F83C00002100F057
:10D5800059FB00BF00BF10BDE082FF1F10B504466D
:10D5900004EB840000EBC411FE4800EB810090F81E
:10D5A000FC01012803D1FC4901F8340003E000200C
:10D5B000F94901F8340004EB840000EBC411F5488C
:10D5C00000EB810090F82C0002286DD104EB840060
:10D5D00000EBC411EF4800EB8100D0F8EC01052806
:10D5E0002BD104EB840000EBC411EA4800EB81006E
:10D5F00090F82D0001280AD10320E74901EBC4016E
:10D6000048700020E44901EBC401887159E204EB41
:10D61000840000EBC411DF4800EB810090F82D007E
:10D620000228F3D10420DC4901EBC401487000203A
:10D63000D94901EBC401887143E204EB840000EB9B
:10D64000C411D44800EB8100D0F8EC010628DDD1EC
:10D6500004EB840000EBC411CE4800EB810090F88D
:10D660002D0001280AD10420CB4901EBC4014870E8
:10D670000020C94901EBC401887122E204EB840057
:10D6800000EBC411C34800EB810090F82D00022884
:10D69000BCD10320C04901EBC40148700020BE4941
:10D6A00001EBC40188710CE204EB840000EBC411AF
:10D6B000B84800EB810090F82C000128A6D104EBBB
:10D6C000840000EBC411B34800EB810090F8FE0128
:10D6D000012809D10020B04901EBC4014870AE49CE
:10D6E00001EBC4018871ECE104EB840000EBC41190
:10D6F000A84800EB810090F8FC0148B90020A64939
:10D7000001EBC4014870A44901EBC4018871D8E160
:10D7100004EB840000EBC4119E4800EB8100D0F8BC
:10D72000AC01092817D104EB840101EBC41299491B
:10D7300001EB8201D1F8B8014FF48031F6F784F89B
:10D740000720954901EBC40148700120924901EB83
:10D75000C4018871B5E104EB840000EBC4118D486D
:10D7600000EB8100D0F8AC01112817D104EB840143
:10D7700001EBC412874901EB8201D1F8B8014FF4E3
:10D780008031F6F761F80820834901EBC401487045
:10D790000220814901EBC401887192E104EB84000D
:10D7A00000EBC4117B4800EB8100D0F8AC011628D7
:10D7B0000AD10920784901EBC40148700320764959
:10D7C00001EBC40188717CE104EB840000EBC4111F
:10D7D000704800EB8100D0F8AC0118280AD10A206B
:10D7E0006D4901EBC401487004206B4901EBC40191
:10D7F000887166E104EB840000EBC411654800EB1E
:10D800008100D0F8AC0119280AD10B20624901EB44
:10D81000C40148700520604901EBC401887150E1E2
:10D8200004EB840000EBC4115A4800EB8100D0F8EF
:10D83000AC01082817D104EB840101EBC41255494F
:10D8400001EB8201D1F8B8014FF48031F5F7FCFF0C
:10D850000520514901EBC401487000204E4901EBFD
:10D86000C40188712DE104EB840000EBC411494828
:10D8700000EB8100D0F8AC01102817D104EB840133
:10D8800001EBC412434901EB8201D1F8B8014FF416
:10D890008031F5F7D9FF06203F4901EBC4014870FC
:10D8A00000203D4901EBC40188710AE104EB8400CA
:10D8B00000EBC411374800EB8100D0F8AC0102281E
:10D8C00036D004EB840000EBC411324800EB810039
:10D8D000D0F8AC0103282BD004EB840000EBC4117A
:10D8E0002C4800EB8100D0F8AC01042820D004EBD8
:10D8F000840000EBC411274800EB8100D0F8AC0194
:10D90000052815D004EB840000EBC411214800EB7E
:10D910008100D0F8AC0106280AD004EB840000EBAB
:10D92000C4111C4800EB8100D0F8AC0107280AD1D3
:10D930000120194901EBC40148700020164901EB90
:10D94000C4018871BDE004EB840000EBC4111148F0
:10D9500000EB8100D0F8AC010A283BD004EB840036
:10D9600000EBC4110B4800EB8100D0F8AC010B2890
:10D9700030D004EB840000EBC411064800EB8100BA
:10D98000D0F8AC010C2825D004EB840000EBC411C6
:10D99000004803E02483FF1FF89F002000EB810074
:10D9A000D0F8AC010D2815D004EB840000EBC411B5
:10D9B000514800EB8100D0F8AC010E280AD004EBEE
:10D9C000840000EBC4114C4800EB8100D0F8AC019E
:10D9D0000F280AD10220494901EBC40148700020F8
:10D9E000464901EBC40188716BE004EB840000EB55
:10D9F000C411414800EB8100D0F8AC01012815D0DA
:10DA000004EB840000EBC4113B4800EB8100D0F82C
:10DA1000AC0115280AD004EB840000EBC411364891
:10DA200000EB8100D0F8AC0117284AD104EB840048
:10DA300000EBC411304800EB8100D0F8B001092898
:10DA40003FD004EB840000EBC4112B4800EB8100B5
:10DA5000D0F8B001112834D004EB840000EBC411DD
:10DA6000254800EB810090F82E0001280AD10520FE
:10DA7000224901EBC40148700020204901EBC40198
:10DA800088711EE004EB840000EBC4111A4800EB1F
:10DA9000810090F82E0002280AD10620174901EBD8
:10DAA000C40148700020154901EBC401887108E0E9
:10DAB0000020124901EBC4014870104901EBC40178
:10DAC000887104EB840000EBC4110B4800EB81006B
:10DAD000B0F81202094901EBC401488004EB84004C
:10DAE00000EBC411044800EB8100B0F802020349C6
:10DAF00001EBC401888010BD2483FF1FF89F002024
:10DB0000FEB5FCF713FC02909DF808609DF8090033
:10DB100000F00F0700200190FF2E00DD002601AA73
:10DB200039463046FAF7EEFE0546002D42D13F4811
:10DB3000BDF8041000EB8102002038E0931C1B5C50
:10DB400003F0030121B102290DD0032921D115E0F1
:10DB5000002400EB800303EBC01C354B03EB8C036C
:10DB600083F82D4020E0012400EB800303EBC01C70
:10DB70002F4B03EB8C0383F82D4015E0022400EBC0
:10DB8000800303EBC01C2A4B03EB8C0383F82D406E
:10DB90000AE0002400EB800303EBC01C244B03EBE2
:10DBA0008C0383F82D4000BF00BF411CC8B202287F
:10DBB000C4DB0CE001211E48443880F871100221BA
:10DBC00080F885121948806C0090FCF7E9FB00246E
:10DBD00028E02046FCF79EFB012821D1012104EB1F
:10DBE000840000EBC412124800EB820080F8FC11A4
:10DBF0002046FCF7B1FB04EB840000EBC4110C4899
:10DC000000EB810080ED090A2046FCF799FB04EB4C
:10DC1000840000EBC411064800EB810080ED080A87
:10DC2000601CC4B2022CD4DBFEBD000058F0000022
:10DC30002483FF1F38B505460C4600200090E8B24B
:10DC40008DF80000E0B28DF801000098FCF7A8FB09
:10DC5000FFF756FF38BD0000000100000000000083
:10DC600002000000C80000002000000048F300008F
:10DC700000000000000000000200000002000000A0
:10DC8000010000000000000002000000020000008F
:10DC9000030000000300000001000000000000007D
:10DCA00000000000C5BA00000000000001000000F4
:10DCB000B5B800000000000002000000C9BA000072
:10DCC0000000000003000000C7BA000000000000D0
:10DCD00001000000000200000000C8000100000078
:10DCE000000100000000C800010000000004000066
:10DCF0000000C80001000000040000000000C8008F
:10DD000001000000020000000000C8000100000047
:10DD1000010000000000C800000000000100000039
:10DD200001000000010000000200000002000000ED
:10DD300002000000040000000300000002000000D8
:10DD400008000000010000000200000000000200C6
:10DD500001000000030000000800000004000000B3
:10DD600003000000000002000100000004000000A9
:10DD70004000000007000000040000001000000048
:10DD80000500000004000000200000000600000064
:10DD90000400000000000200010000000700000075
:10DDA00080000000010000000700000000010000EA
:10DDB0000400000007000000000002000100000055
:10DDC0000500000040000000070000000500000002
:10DDD0000001000004000000050000000000020037
:10DDE00001000000060000004000000007000000E5
:10DDF0000600000000010000040000000600000012
:10DE0000000002000100000001000000000200000C
:10DE100008000000080000000004000009000000E5
:10DE200008000000000800000100000008000000D9
:10DE300000000200010000000900000000080000CE
:10DE40000A000000090000000000020001000000BC
:10DE50000A000000004000000D0000000A00000061
:10DE6000001000000B0000000A000000002000006D
:10DE70000C0000000A000000000002000100000089
:10DE80000D00000000800000010000000D000000F7
:10DE9000000001000A0000000D0000000000020068
:10DEA000010000000B000000004000000D00000019
:10DEB0000B000000000001000A0000000B00000041
:10DEC00000000200010000000C0000000040000003
:10DED0000D0000000C000000000001000A0000001E
:10DEE0000C00000000000200010000000000000023
:10DEF00015BA0000000000000100000015BA000083
:10DF00000000000002000000B9B80000000000009E
:10DF100003000000B9B80000000000000400000089
:10DF2000B9B800000000000005000000B9B800000A
:10DF30000000000006000000B9B80000000000006A
:10DF400007000000B9B80000000000000800000051
:10DF5000B9B800000000000009000000B9B80000D6
:10DF6000000000000A000000B9B800000000000036
:10DF70000B000000B9B80000000000000C00000019
:10DF8000B9B80000000000000D000000B9B80000A2
:10DF9000000000000200000003000000000000007C
:10DFA0000400000003000000000000000800000062
:10DFB0000000000000000000100000000100000050
:10DFC000000000002000000002000000000000002F
:10DFD00000020000020000000000000040000000FD
:10DFE00004000000000000008000000005000000A8
:10DFF000000000000001000006000000000000001A
:10E0000008040800070000000000000010040800D9
:10E0100008000000000000002004080009000000C3
:10E0200000000000080420000A00000000000000BA
:10E03000100420000B00000000000000200420005D
:10E040000C00000000000000080440000D0000006B
:10E0500000000000100440000E000000000000005E
:10E06000200440000F0000000000000008048000B1
:10E0700010000000000000001004800011000000EB
:10E0800000000000200480001200000000000000DA
:10E0900080800000130000000000000040800000AD
:10E0A00014000000000000000081000015000000C6
:10E0B0000000000000400080002002020201000475
:10E0C000000204000000050100010204050306022D
:10E0D000000001000000020000000300000000003A
:10E0E000000004000000050000000600FA00010026
:10E0F000FA000000FA000200FA000000FA00030033
:10E10000FA0000003200010032000000320002007C
:10E11000320000003200030032000000C80001009D
:10E12000C8000000C800010084030000C80002000D
:10E13000C8000000C800020084030000C8000300FB
:10E14000C8000000C800030084030000C8000100EC
:10E15000C8000000C8000100C8000000C80001009D
:10E16000F4010000C8000200C8000000C80002005E
:10E17000C8000000C8000200F4010000C80003004D
:10E18000C8000000C8000300C8000000C800030069
:10E19000F4010000FA000100FA000200FA00010098
:10E1A000FA000300FA000200FA000300D0E00000C9
:10E1B0000100000074F30000D4E000000100000042
:10E1C000ACF30000D8E0000001000000DCF3000028
:10E1D000DCE000000100000080F30000E0E000004F
:10E1E0000100F401B8F30000E4E000000100F401D4
:10E1F0008CF30000E8E000000100F401ECF3000003
:10E20000ECE000000200F40114F40000F4E000006F
:10E210000200F40124F40000FCE000000200F4011C
:10E2200034F4000004E100000200C80048F40000DB
:10E230000CE100000200C80058F4000014E10000E6
:10E240000200C80068F400001CE100000400C800DF
:10E2500048F400002CE100000400C80058F400005D
:10E260003CE100000400C80068F400004CE100003C
:10E270000600C80048F4000064E100000600C80081
:10E2800058F400007CE100000600C80068F40000BB
:10E2900094E100000200F4019CF300009CE1000006
:10E2A0000200F401CCF30000A4E100000200F4013C
:10E2B00000F40000000000420000004100000000E7
:10E2C00000000040B80B000000000000000000004B
:10E2D000000000000000000000000000000000003E
:10E2E00000002041000000000000000000000000CD
:10E2F000000000000000000000000000000000001E
:10E3000000000000000020410000000000000000AC
:10E3100000000000000000000000000000000000FD
:10E3200038E30000B4E20000B4E30000D8E20000EB
:10E3300030E40000FCE200000000000000000440A7
:10E340000100000000000440000020000500000063
:10E3500000000000000000000000000000000000BD
:10E3600000000000000000000200000000000000AB
:10E37000000000000000000000000000000000009D
:10E3800000000000000000000100000000000F007D
:10E39000E1030000000000000000000000008041D8
:10E3A0000000000000000000000000003333534074
:10E3B0000C0000000000000000000440000100000C
:10E3C0000000000000000000000000000000044009
:10E3D000000001000001000000000000000000003B
:10E3E000000000000200000000000001000000002A
:10E3F000000000000000000001000000580801407B
:10E400000201010000010000000000000000000007
:10E4100001000100290500000000000000000000CC
:10E4200000409C4500000000333353400C000000C6
:10E430000000000000000440000100000000000097
:10E440000000000000000000000004400000020086
:10E4500001010000000000000000000000000000BA
:10E4600002000000000000000000000000000000AA
:10E47000000000000000000000000000000000009C
:10E48000000000000000000000000000000000008C
:10E4900000000000000000000000000000409C455B
:10E4A00000000000333353400C0000000000000067
:10E4B0000100000001000000010000000200000057
:10E4C0001200000001000000040000000200000033
:10E4D00001000000000100000A000000010000002F
:10E4E0000040000013000000010000000080000058
:10E4F0001400000002000000000100000A000000FB
:10E5000002000000400000000800000002000000BF
:10E510002000000005000000020000000040000094
:10E520001300000002000000008000001400000042
:10E5300002000000020000001200000005000000C0
:10E54000000100000A0000000500000004000000B7
:10E550000300000005000000004000001300000060
:10E56000050000000080000014000000050000000D
:10E570000200000012000000030000000001000083
:10E580000A00000003000000200000000600000058
:10E590000300000000400000130000000300000022
:10E5A00000800000140000000300000002000000D2
:10E5B00012000000030000004000000008000000FE
:10E5C00006000000000100000A0000000600000034
:10E5D00004000000040000000600000000400000ED
:10E5E000130000000600000000800000140000007E
:10E5F00006000000020000001200000004000000FD
:10E60000000100000A0000000400000020000000DB
:10E61000070000000400000000400000130000009C
:10E62000040000000080000014000000040000004E
:10E630000200000012000000040000004000000082
:10E640000800000007000000000100000A000000B0
:10E65000070000000400000009000000070000009F
:10E6600000400000130000000700000000800000D0
:10E67000140000000700000002000000120000006B
:10E680000A00000004000000020000000A00000070
:10E6900000100000100000000A0000000008000048
:10E6A0000D0000000A000000004000001300000000
:10E6B0000A00000000800000140000000A000000B2
:10E6C00002000000120000000D0000000400000025
:10E6D000020000000D000000000100000B0000001F
:10E6E0000D00000000400000130000000D000000BD
:10E6F00000800000140000000D0000000200000077
:10E70000120000000B0000000400000002000000E6
:10E710000B000000000800000E0000000B000000CD
:10E7200000400000130000000B000000008000000B
:10E73000140000000B0000000200000012000000A6
:10E740000B00000000100000100000000E00000090
:10E7500004000000020000000E00000000010000A4
:10E760000C0000000E00000000400000130000003C
:10E770000E00000000800000140000000E000000E9
:10E7800002000000120000000C0000000400000065
:10E79000020000000C000000000800000F00000054
:10E7A0000C00000000400000130000000C000000FE
:10E7B00000800000140000000C00000002000000B7
:10E7C000120000000C00000000100000100000000B
:10E7D0000F00000004000000020000000F00000015
:10E7E00000010000110000000F00000000400000C8
:10E7F000130000000F000000008000001400000063
:10E800000F000000020000001200000013000000D2
:10E8100001000000010000001400000000000100E1
:10E8200000000000120000000100000001000000D4
:10E8300010000000000001000100000008000000BE
:10E8400000000100010000000900000000000100BC
:10E8500001000000110000000000010001000000A4
:10E86000010000000000020015000000020000008E
:10E870000000020016000000050000000000020079
:10E880001600000003000000000002001600000057
:10E890000600000000000200160000000400000056
:10E8A0000000020016000000070000000000020047
:10E8B000160000000A000000000002001600000020
:10E8C0000D00000000000200160000000B00000018
:10E8D00000000200160000000E0000000000020010
:10E8E000160000000C0000000000020016000000EE
:10E8F0000F000000000002001600000015000000DC
:10E9000004000000160000001500000000010000D7
:10E9100016000000150000000000040001000000C7
:10E9200016000000000008001500000001000000B3
:10E93000000020001700000001000000000010008F
:10E940001900000019000000000080000100000014
:10E9500019000000000100000A000000170000007C
:10E96000000080000100000017000000040000000B
:10E970001800000017000000000100000A0000005D
:10E98000020000000000200018000000030000004A
:10E99000000020001800000004000000000020001B
:10E9A0001800000005000000000020001800000012
:10E9B0000600000000002000180000000700000012
:10E9C00000002000180000001800000000000001F6
:10E9D0001700000000000000BD93000000000000D0
:10E9E00001000000BD9300000000000002000000D4
:10E9F000FD9400000000000003000000FD940000F2
:10EA00000000000004000000FD9400000000000071
:10EA100005000000FD94000000000000060000005A
:10EA2000FD9400000000000007000000FD940000BD
:10EA30000000000008000000BD930000000000007E
:10EA400009000000BD930000000000000A00000063
:10EA5000FD940000000000000B000000FD94000089
:10EA6000000000000C000000FD9400000000000009
:10EA70000D000000FD940000000000000E000000EA
:10EA8000FD940000000000000F000000FD94000055
:10EA90000000000010000000BD9300000000000016
:10EAA00011000000BD9300000000000012000000F3
:10EAB000E59200000000000013000000E592000055
:10EAC0000000000014000000E592000000000000BB
:10EAD00017000000E59200002D9B000018000000C8
:10EAE000E59200002D9B000019000000E592000057
:10EAF0002D9B000015000000E59200002D9B0000FA
:10EB000016000000E59200002D9B000000000000B0
:10EB100001000000010000000100000008000000EA
:10EB200002000000010000000010000008000000CA
:10EB300002000000200000000300000002000000AE
:10EB400010000000010000000300000000000400AD
:10EB50000400000004000000400000000500000068
:10EB60000400000080000000060000000400000017
:10EB70000002000007000000040000000008000080
:10EB800001000000040000000080000001000000FF
:10EB9000040000000000010001000000040000006B
:10EBA0000010000008000000050000000001000047
:10EBB00004000000050000000080000001000000CB
:10EBC0000500000000000100010000000500000039
:10EBD0000010000008000000050000000008000010
:10EBE0000100000005000000000200000700000016
:10EBF0000600000000010000040000000600000004
:10EC0000008000000100000006000000000001007C
:10EC100001000000060000000010000008000000D5
:10EC200006000000000800000100000006000000CF
:10EC300000020000070000000700000000040000C0
:10EC400004000000070000000008000001000000B0
:10EC5000080000000020000009000000090000007A
:10EC60000040000001000000000000009DA6000020
:10EC700000000000010000006DA400000000000082
:10EC8000020000006DA4000000000000030000006E
:10EC9000BDA600000000000004000000BDA60000AA
:10ECA0000000000005000000BDA6000000000000FC
:10ECB00006000000BDA600000000000007000000E4
:10ECC000BDA600000000000008000000BDA6000076
:10ECD0000000000009000000BDA6000000000000C8
:10ECE000000000000400000001000000000000001F
:10ECF00008000000020000000000000040000000CA
:10ED000005000000010000000800000002000000F3
:10ED100001000000100000000300000001000000DE
:10ED2000200000000400000001000000400000007E
:10ED300005000000020000000400000001000000C7
:10ED400002000000100000000300000002000000AC
:10ED5000200000000400000002000000400000004D
:10ED60000500000003000000040000000100000096
:10ED70000300000008000000020000000300000083
:10ED8000200000000400000003000000400000001C
:10ED90000500000004000000040000000100000065
:10EDA0000400000008000000020000000400000051
:10EDB00010000000030000000400000040000000FC
:10EDC00005000000050000008000000000000000B9
:10EDD00000000000C5BE00000000000001000000AF
:10EDE000C9BE00000000000002000000C9BE000013
:10EDF0000000000004000000C9BE00000000000088
:10EE000003000000C9BE0000000000000500000073
:10EE1000C9BE00000000000000000000010000006A
:10EE2000010000000100000080000000020000005E
:10EE300001000000020000000300000001000000CB
:10EE40000400000004000000010000000020000099
:10EE50000500000001000000200000000300000089
:10EE6000010000004000000003000000020000005C
:10EE70000200000003000000020000000400000087
:10EE80000400000002000000002000000500000057
:10EE9000020000002000000003000000020000004B
:10EEA000400000000300000005000000800000009A
:10EEB0000200000005000000080000000100000042
:10EEC0000300000008000000010000000300000033
:10EED000080000000100000004000000080000001D
:10EEE00001000000000000006DD4000000000000E0
:10EEF000010000006BD400000000000002000000D0
:10EF000071D400000000000005000000B1D4000032
:10EF10000000000003000000B1D400000000000069
:10EF200004000000B1D400000000000001008000D7
:10EF3000010000000080010000004000010000000E
:10EF4000800001002CEF000032EF000038EF0000DD
:10EF50003EEF000000000000000407400101010036
:10EF6000004033000100008032000100000000007A
:10EF70000000000000000000000000000010000081
:10EF8000080A000080000000F200000002000700F4
:10EF9000719D000000000000000000000000000063
:10EFA00000000000F09DFF180000000000000000BD
:10EFB00060C0FF1800000000000000001880FF186B
:10EFC000000000000000000018ECFF180000000026
:10EFD00000000000F017FF18000000000000000013
:10EFE000F931FF1800000000000000001888FF1829
:10EFF0000000000000000000F0FDFF18000200000B
:10F00000000000002100210018F0000004F00000C2
:10F0100038F0000006F00000000004400000080086
:10F0200003010000000000000000803F000000001D
:10F03000333353400C000000000004400000100077
:10F0400004010000000000000000803F00000000FC
:10F05000333353400C000000100003021100030280
:10F060002300030224000302A1000302A200030202
:10F07000A700030210010300110103002301030094
:10F0800024010300A1010300A2010300A701030062
:10F090008E0002023400020335000203B5000203B1
:10F0A000B60002032D0002032E0002032F0002030C
:10F0B0003C000203290003023A0003022A00020373
:10F0C000BE000203BB000202310002033200020351
:10F0D00033000203B7000203B80002033101020249
:10F0E000300002023B00020224000000A0F60000F3
:10F0F0007D6600000000000000000100000000002C
:10F1000001000000B0F60000F9A10000A9A2000073
:10F1100001000A0000000000010000003CF60000B1
:10F1200071A300000000000001000A0000000000C0
:10F13000010000001CF600005D9D0000859F00009E
:10F1400001000A00000000000100000014F60000A9
:10F15000F1A200000000000001000A000000000011
:10F160000100000050F6000039A100006DA1000070
:10F17000010001000000000001000000B8F60000DE
:10F18000592600004927000001000500000000008A
:10F190000100000024F6000091290000892A0000E7
:10F1A00001000100000000000100000094F60000D2
:10F1B00029250000000000000100010000000000FF
:10F1C00001000000C4F600005555000000000000DA
:10F1D00002000000000000000100000088F60000AE
:10F1E00001DB0000000000000200640000000000DD
:10F1F00001000000D0F600003D4D0000214F00004E
:10F2000002000100000000000100000070F6000094
:10F210000D4E0000C54E000002000100000000007D
:10F220000100000034F60000DD510000C152000072
:10F2300002000100000000000100000060F6000074
:10F2400041680000F56C00000200010000000000B1
:10F25000010000007CF6000001DB0000000000005F
:10F260000400000000000000010000000001010196
:10F270000102020202303132333435363738394137
:10F2800042434445460000000000005454522052BE
:10F2900045474745530030313233343536373839F6
:10F2A00041424344454600006576656E745F636184
:10F2B0006C69625F310000006576656E745F636142
:10F2C0006E5F31006576656E745F6163745F3100F7
:10F2D0006576656E745F6D6F745F31006576656E1F
:10F2E000745F63616C69625F320000006576656E11
:10F2F000745F63616E5F32006576656E745F616333
:10F30000745F32006576656E745F6D6F745F320096
:10F3100073797374656D5F6576656E745F00000068
:10F320006576656E745F6B65795F000073797374E1
:10F33000656D5F6576656E74000000006576656ECC
:10F34000745F6B65790000004B4559302B4B455974
:10F35000315F4C4F4E47000052656400426C616360
:10F360006B000000477265656E00000059656C6CAB
:10F370006F770000536F6C69645F52656400000032
:10F38000536F6C69645F426C61636B00536F6C69AF
:10F39000645F5265645F477265656E00416C745FBF
:10F3A0005265645F477265656E000000536F6C695B
:10F3B000645F477265656E00536F6C69645F526588
:10F3C000645F59656C6C6F7700000000416C745F7E
:10F3D0005265645F59656C6C6F770000536F6C69A0
:10F3E000645F59656C6C6F7700000000536F6C6947
:10F3F000645F477265656E5F59656C6C6F7700007E
:10F40000416C745F477265656E5F59656C6C6F77B0
:10F4100000000000426C696E6B5F5265645F3248A9
:10F420007A000000426C696E6B5F477265656E5FC3
:10F4300032487A00426C696E6B5F59656C6C6F770D
:10F440005F32487A00000000426C696E6B5F526563
:10F45000645F35487A000000426C696E6B5F4772EA
:10F4600065656E5F35487A00426C696E6B5F596501
:10F470006C6C6F775F35487A000000001B5B33339C
:10F480006D5B25735D206D7953797374656D2E61A5
:10F490007869735B25645D2E6D6F746F722E65766F
:10F4A000745F6D6F742C204556545F4D4F545F460A
:10F4B0004F52574152441B5B306D0D0A0000000053
:10F4C0001B5B33336D5B25735D206D7953797374EA
:10F4D000656D2E617869735B25645D2E6D6F746F49
:10F4E000722E6576745F6D6F742C204556545F4D97
:10F4F0004F545F524556455253451B5B306D0D0AC4
:10F50000000000001B5B33336D5B25735D204D7382
:10F5100067205375627363726962653A206475701F
:10F520006C69636174652073756273637269626587
:10F530002028746F7069633A307825303458291B5D
:10F540005B306D0D0A0000001B5B33316D5B257372
:10F550005D204D7367205375627363726962653A0B
:10F5600020737562736372696265206C69737420BD
:10F5700066756C6C2028746F7069633A307825303A
:10F580003458291B5B306D0D0A0000001B5B3333C0
:10F590006D5B25735D204D7367205075626C6973D8
:10F5A000683A20696E76616C6964207072696F20B8
:10F5B00028746F7069633A3078253034582C207085
:10F5C00072696F3A2564291B5B306D0D0A000000DB
:10F5D0001B5B33316D5B25735D204D736720507568
:10F5E000626C6973683A2063616C6C6261636B2062
:10F5F0004E554C4C2028746F7069633A3078253032
:10F6000034582C206964783A2564291B5B306D0DD1
:10F610000A0000002250574D220000002243414EB4
:10F6200022000000224374726C5F5370656564228F
:10F6300000000000226C6564220000002273746FD9
:10F64000726167655F6D6F64756C65220000000014
:10F6500022706F735F6D6F64756C6522000000002F
:10F660002273746174655F6D616368696E65220001
:10F67000226B65795F7374617465220022776F7203
:10F680006B5F63666722000022636F6E66696722A4
:10F6900000000000226375725F6C6F6F70220000C3
:10F6A00022736F66745F74696D65722200000000DA
:10F6B00022706F7765722200224374726C5F506F04
:10F6C00073220000226D73675F6275732200000071
:10F6D000226B657922000000F8F600000880FF1F09
:10F6E000D8020000D0040000F8F70000E082FF1FFD
:10F6F000807A0100108D0000232CF31A100423C41B
:10F70000F21AF8041AD0041A04101AB8081AEC04F1
:10F710001AA8041ADC041A3C141A200401281A5CE2
:10F720002C1A58041A64045A6C3843FFFF534040A3
:10F730002480BB44438C43E3564D234D31AA011032
:10F74000223202170200092CCDCC4C3DD007E80331
:10F7500023E9D12365D3237FD22359D41AC9081AA8
:10F760003D101A67081A79081AA9081A89041A5547
:10F77000041A09041AD10401244009FC80FF1F283F
:10F7800081FF1F29C02A08E7413564014004B20502
:10F7900029209A1020291CE9209A20200A110620ED
:10F7A0009A40209A0720291C29043A8006011279E0
:10F7B000160A1C80200A1D4040091660DD504F5378
:10F7C00031100A14322AA1236DB62379B71A3304F3
:10F7D0001A610C1A67041A4D0C1A150423FFB51A86
:10F7E0002510111AC0E62220C5A55AA55A1E9082DE
:08F7F000FF1FA404C10000008A
:040000050000028174
:00000001FF
