:020000040000FA
:1000000058FD002095020000CD020000CF02000044
:10001000D1020000D3020000D50200000000000061
:10002000000000000000000000000000D7020000F7
:10003000D902000000000000DB0200004D6D00004E
:10004000A9420000BD420000D1420000E54200008C
:10005000F94200000D430000214300003543000039
:10006000494300005D4300007143000085430000E8
:1000700099430000AD430000C1430000D543000098
:10008000E9430000FD430000114400002544000046
:10009000394400004D4400006144000075440000F4
:1000A000894400009D440000B1440000C5440000A4
:1000B000D9440000ED440000014500001545000052
:1000C000294500003D450000514500006545000000
:1000D000794500008D450000A1450000B5450000B0
:1000E000C9450000DD450000F1450000054600005F
:1000F000194600002D46000041460000554600000C
:10010000694600007D46000091460000A5460000BB
:10011000B9460000CD460000E1460000F54600006B
:10012000094700001D470000314700004547000017
:10013000594700006D4700008147000095470000C7
:10014000A9470000BD470000D1470000E547000077
:10015000F94700000D480000214800003548000024
:10016000494800005D4800007148000085480000D3
:1001700099480000AD480000C1480000D548000083
:10018000E9480000FD480000114900002549000031
:10019000394900004D4900006149000075490000DF
:1001A000894900009D490000B1490000C54900008F
:1001B000D9490000ED490000014A0000154A00003D
:1001C000294A00003D4A0000514A0000654A0000EB
:1001D000794A00008D4A0000A14A0000B54A00009B
:1001E000C94A0000DD4A0000F14A0000054B00004A
:1001F000194B00002D4B0000414B0000554B0000F7
:10020000694B00007D4B0000914B0000A54B0000A6
:10021000B94B0000CD4B0000E14B0000F54B000056
:10022000094C00001D4C0000314C0000454C000002
:10023000594C00006D4C0000814C0000954C0000B2
:10024000DF020000DF020000DF020000DF0200002A
:10025000DF020000DF020000DF020000DF0200001A
:10026000DF020000DF020000DF020000DF0200000A
:10027000DF020000DF020000DF020000DF020000FA
:10028000DFF80CD000F012F900480047A9BC0000CC
:1002900058FD002012484FF01F01016011484FF037
:1002A0007701016010484FF0770101600F484FF46B
:1002B000885101600B484FF0760101600A484FF009
:1002C000760101600A4880470A480047FEE7FEE7DA
:1002D000FEE7FEE7FEE7FEE7FEE7FEE7FEE7FEE7F6
:1002E00010080540040805400C08054000080540BA
:1002F000657300008102000040EA01039B0703D000
:1003000009E008C9121F08C0042AFAD203E011F854
:10031000013B00F8013B521EF9D27047D2B201E016
:1003200000F8012B491EFBD270470022F6E710B5FA
:1003300013460A4604461946FFF7F0FF204610BD53
:1003400010B5044604E00B7800F8013B03B1491CEA
:10035000521EF8D2204610BD421C10F8011B002985
:10036000FBD1801A704710B5002200E0521C835C5C
:100370008C5CA34201D1002BF8D1D8B2E1B2401A73
:1003800010BD30B504460020034600E05B1C9342DC
:1003900003D2E05CCD5C401BF8D030BD30B50546E3
:1003A0000020034600E05B1C934205D2EC5CC85C75
:1003B000201A01D1002CF6D130BD00F0004230F0FF
:1003C00000400AD0C10D01F56071C0F3160042EA89
:1003D0000151C20840071143704700200146704791
:1003E00010B50121034800F013F903480CF032F86E
:1003F00010BD00000000044078E2FF1F7047704706
:10040000BFFFDFFFFFFEFFFFFFFFFFFFFFFFFFFF5D
:10041000FFFFFFFFFFFFFFFFFFFFFFFFFFFFFFFFEC
:1004200030B5041E71F1000404DB4FF0004440427B
:1004300064EB0101141E73F1000405DB1C464FF050
:100440000043524263EB04038B4208BF824230BD3B
:1004500030B5041E71F1000404DB4FF0004440424B
:1004600064EB0101141E73F1000405DB1C464FF020
:100470000043524263EB0403994208BF904230BDEF
:1004800030B50B46014600202022012409E021FA64
:1004900002F59D4205D303FA02F5491B04FA02F561
:1004A0002844151EA2F10102F1DC30BD064C074DB7
:1004B00006E0E06840F0010394E807009847103434
:1004C000AC42F6D3FFF7E0FE08F2000028F200008D
:1004D00070B58C1810F8015B15F0070301D110F806
:1004E000013B2A1106D110F8012B03E010F8016B33
:1004F00001F8016B5B1EF9D12B0705D40023521EB6
:100500000DD401F8013BFAE710F8013BCB1A921C1D
:1005100003E013F8015B01F8015B521EF9D5A1421B
:10052000D8D3002070BD000010B50221054800F0AE
:100530006FF805480BF08EFF04480BF08BFF09F0B5
:100540007DFD10BD0000044094E2FF1FB0E2FF1FDC
:100550002DE9F04107460C461546984600BF1F4856
:10056000874201D1102D04D91D48874202D1082DA0
:1005700000D804E040F265111AA002F041FB00BF70
:1005800000BF0CB1012C00D104E04FF4B37115A0F1
:1005900002F036FB00BF00BFB8F1000F02D0B8F187
:1005A000010F00D104E040F267110EA002F028FB19
:1005B00000BF07F10C0000EB8406B8F1010F05D174
:1005C00030680121A9400843306004E0306801210F
:1005D000A94088433060BDE8F0810000000004407D
:1005E000000404402E2E5C647269766572735C6848
:1005F0006333325F6C6C5F6472697665725C7372D0
:10060000635C686333325F6C6C5F6164632E6300AC
:1006100070B505460C4600BF0F48854202D00F4812
:10062000854200D104E040F2AB210DA002F0E8FACF
:1006300000BF00BF24B144F00300032800D104E050
:100640004FF42B7106A002F0DBFA00BF84F0030028
:1006500085F8460070BD000000000440000404401E
:100660002E2E5C647269766572735C686333325FE8
:100670006C6C5F6472697665725C7372635C6863EC
:1006800033325F6C6C5F6164632E630070B5054646
:100690000C4600BF0A48854201D1102C04D90948F4
:1006A000854202D1082C00D804E040F2762106A051
:1006B00002F0A6FA00BF05F1500030F8140070BD3A
:1006C00000000440000404402E2E5C6472697665CC
:1006D00072735C686333325F6C6C5F6472697665F9
:1006E000725C7372635C686333325F6C6C5F61640D
:1006F000632E630070B505460C466FF0020600BF1E
:100700002148854202D02148854200D103E0E521FD
:100710001FA002F075FA00BF002C33D000BF208864
:1007200040B12088012805D02088022802D02088E6
:10073000032800D103E0E82115A002F061FA00BF10
:1007400000BF6088202804D06088102801D060880D
:1007500000B903E0E9210EA002F052FA00BF00BF89
:10076000A08810B1A088802800D103E0EA2108A069
:1007700002F046FA00BF208861880843A188084338
:1007800068800026304670BD00000440000404402C
:100790002E2E5C647269766572735C686333325FB7
:1007A0006C6C5F6472697665725C7372635C6863BB
:1007B00033325F6C6C5F6164632E630070B5044616
:1007C0000D46164600BF1948844202D0184884429C
:1007D00000D104E040F23B2116A002F011FA00BF64
:1007E00000BF25B145F00300032800D104E04FF419
:1007F0000F7110A002F004FA00BF00BF0EB1012E6D
:1008000000D104E040F23D210AA002F0F9F900BF56
:10081000012E05D194F84700284384F8470004E0EE
:1008200094F84700A84384F8470070BD00000440D6
:10083000000404402E2E5C647269766572735C68F5
:100840006333325F6C6C5F6472697665725C73727D
:10085000635C686333325F6C6C5F6164632E63005A
:1008600070B50446002500BF0A48844202D00A48F9
:10087000844200D104E040F2532108A002F0C0F904
:1008800000BF2078012801D1C51F01E001202070A0
:10089000284670BD00000440000404402E2E5C6415
:1008A0007269766572735C686333325F6C6C5F6427
:1008B00072697665725C7372635C686333325F6C15
:1008C0006C5F6164632E630001466FF0020021B12A
:1008D00000220A804A808A800020704770B5044652
:1008E0000D46164600BF1A48844202D01948844279
:1008F00000D104E040F2222117A002F081F900BFEC
:1009000000BF0DB1012D00D104E040F2232112A05F
:1009100002F076F900BF00BF0EB1012E00D104E055
:100920004FF409710CA002F06BF900BF012E07D142
:100930006089EA008021914089B20843608105E026
:100940006089EA00802191408843608170BD000089
:1009500000000440000404402E2E5C647269766539
:1009600072735C686333325F6C6C5F647269766566
:10097000725C7372635C686333325F6C6C5F61647A
:10098000632E630070B506460C46154600BF1B4833
:10099000864202D01A48864200D104E040F20B2180
:1009A00018A002F02DF900BF00BF0CB1012C00D13E
:1009B00004E04FF4037113A002F022F900BF00BF5E
:1009C0002DB1012D03D0022D01D0032D00D104E063
:1009D00040F20D210BA002F013F900BFE006040E57
:1009E00070890321A140884305FA04F10322A24043
:1009F00092B211400843708170BD000000000440B5
:100A0000000404402E2E5C647269766572735C6823
:100A10006333325F6C6C5F6472697665725C7372AB
:100A2000635C686333325F6C6C5F6164632E630088
:100A300070B504460D4600BF0A48844207D30948F2
:100A40006830844203D804F0030000B903E08F212A
:100A500005A002F0D5F800BF206865F3080020600B
:100A600070BD0000040801402E2E5C64726976653A
:100A700072735C686333325F6C6C5F647269766555
:100A8000725C7372635C686333325F6C6C5F616F5E
:100A9000732E630070B5044625462B4828606E20EF
:100AA000A8802A48A8601820A8810120A8612846AB
:100AB00005F074FE05F0FCFD2549086005F0F8FD21
:100AC0002449086005F0F4FD2349086005F0F0FDB5
:100AD0002249086005F0ECFD2149086005F0E8FDB9
:100AE000204908601A48006820B11F49184800686A
:100AF00005F012FE1748006820B11C49154800682F
:100B000005F00AFE1448006820B11949124800682F
:100B100005F002FE1148006820B116490F48006830
:100B200005F0FAFD0E48006820B113490C48006832
:100B300005F0F2FD0B48006820B110490948006833
:100B400005F0EAFD70BD0000E8E0000010E60000DE
:100B5000D880FF1FE080FF1FDC80FF1FE480FF1FA5
:100B6000E880FF1FEC80FF1FFD030000FF03000073
:100B7000C10F0000C30F0000C50F000001100000EE
:100B800070B50446204608F0B9FF94F82C000228FE
:100B900004D04FF4F6700059022800D170BD94F8CB
:100BA000FE01012808D12078F9490BF01DF894F8CE
:100BB000FE0184F8FF01F1E794F8FE0194F8FF11BB
:100BC000884207D0207804210BF00EF894F8FE013B
:100BD00084F8FF0194F8FC0140B92078ED490BF04E
:100BE00003F894F8FC0184F8FD01D7E7012120788F
:100BF00000EB800202EBC012E74800EB820080F8B5
:100C00002C1094F8FC0194F8FD11884207D020784C
:100C100004210AF0E9FF94F8FC0184F8FD01D4F8FE
:100C2000B80102F08FFD05462846B5F5004F6FD09C
:100C300026DC80286DD00EDC08287AD006DC01285E
:100C40004CD0022857D0042870D164E010287ED000
:100C50004028F9D186E0B0F5006F69D009DCB0F525
:100C6000807F71D0B0F5007F6FD0B0F5806FEBD191
:100C7000B1E0B0F5005F69D0B0F5804FE4D1D1E0CC
:100C8000B0F5800F79D014DCB0F5002F76D009DCF8
:100C9000B0F5803F73D0B0F5003F71D0B0F5802F34
:100CA000D2D1F3E0B0F5801F6BD0B0F5001FCBD1EF
:100CB00013E1B0F1806F70D009DCB0F5000F6DD09A
:100CC000B0F1807F6BD0B0F1007FBDD139E1B0F1E0
:100CD000006F72D0B0F1805FB6D15FE1012104F501
:100CE000CE7005F061FD0121D4F8B80102F004FCDA
:100CF0000120607060E1022104F5CE7005F054FD22
:100D00000221D4F8B80102F0F7FB0020607053E133
:100D100095E037E00DE0042104F5CE7005F044FDC8
:100D20000421D4F8B80102F0E7FB45E143E10EE00D
:100D30005EE0082104F5CE7005F036FD0821D4F8F8
:100D4000B80102F0D9FB37E12AE037E05DE010217D
:100D500004F5CE7005F028FD1021D4F8B80102F09A
:100D6000CBFB29E1402104F5CE7005F01DFD4021AB
:100D7000D4F8B80102F0C0FB1EE1BBE093E06BE0E9
:100D800077E09DE0802104F5CE7005F00DFD802117
:100D9000D4F8B80102F0B0FB0EE1DFE0B7E0C3E049
:100DA0004FF4807104F5CE7005F0FEFC4FF48071B5
:100DB000D4F8B80102F0A0FBFEE0DCE04FF40071D3
:100DC00004F5CE7005F0F0FC4FF40071D4F8B801D2
:100DD00002F092FBF0E04FF4806104F5CE7005F074
:100DE000E3FC4FF48061D4F8B80102F085FBE3E046
:100DF0004FF4006104F5CE7005F0D6FC4FF40061AD
:100E0000D4F8B80102F078FBD6E04FF4005104F5B5
:100E1000CE7005F0C9FC4FF40051D4F8B80102F0CF
:100E20006BFBC9E04FF4804104F5CE7005F0BCFCCB
:100E30004FF48041D4F8B80102F05EFBBCE04FF4FF
:100E4000004104F5CE7005F0AFFC4FF40041D4F83A
:100E5000B80102F051FBAFE04FF4803104F5CE70E1
:100E600005F0A2FC4FF48031D4F8B80102F044FB45
:100E7000A2E04FF4003104F5CE7005F095FC4FF47C
:100E80000031D4F8B80102F037FB95E04FF480212F
:100E900004F5CE7005F088FC4FF48021D4F8B80139
:100EA00002F02AFB88E04FF4002104F5CE7005F033
:100EB0007BFC4FF40021D4F8B80102F01DFB7BE06D
:100EC0004FF4801104F5CE7005F06EFC4FF48011E4
:100ED000D4F8B80102F010FB6EE04FF4001104F5F5
:100EE000CE7005F061FC4FF40011D4F8B80102F0A7
:100EF00003FB61E04FF4800104F5CE7005F054FC73
:100F00004FF48001D4F8B80102F0F6FA54E04FF43F
:100F1000000104F5CE7005F047FC4FF40001D4F851
:100F2000B80102F0E9FA47E04FF0807104F5CE70A5
:100F300005F03AFC4FF08071D4F8B80102F0DCFA09
:100F40003AE04FF0007104F5CE7005F02DFC4FF043
:100F50000071D4F8B80102F0CFFA2DE04FF08061B3
:100F600004F5CE7005F020FC4FF08061D4F8B80194
:100F700002F0C2FA20E04FF0006104F5CE7005F0F7
:100F800013FC4FF00061D4F8B80102F0B5FA13E099
:100F900040000020808000302083FF1F4FF08051F0
:100FA00004F5CE7005F000FC4FF08051D4F8B80184
:100FB00002F0A2FA00E000BF00BF00BF00BFEDE5F5
:100FC0007047704710B504460C48D0F8F001162859
:100FD00006D10A49D1F8FC014FF4800102F03CFC33
:100FE0000648D0F8F001182806D10449D1F8FC01D0
:100FF0004FF0806102F030FC10BD0000DC82FF1F6A
:1010000010B504460C48D0F80404162806D10A4945
:10101000D1F810044FF4800102F01EFC0648D0F80D
:101020000404182806D10449D1F810044FF0806157
:1010300002F012FC10BD0000DC82FF1F1FB5012270
:101040000321052002F04CFD02A801F01FF96846BB
:1010500000F0C4FF2F49304800F0E9FF00208DF870
:101060000A0030208DF8090000208DF808000520C6
:101070008DF80C0002A801F067F80020019001989B
:1010800020F01F0001903121019861F310200190A0
:10109000019820F0704000F180500190019820F0FC
:1010A000706000F180700190019820F4700000F5EC
:1010B0008010019000208DF80000019820F0800041
:1010C0000190684600F038FE00BF202000F0A0FD2F
:1010D0000128FAD100221146042005F049F8012226
:1010E00011460B2005F044F8502002F031F94FF47E
:1010F000404003F001F804F0DBFC052000F0A1FF04
:10110000012001F0ABFE002001F0A8FE012001F05B
:101110006FFE1FBD10221100777777072DE9F04190
:1011200005460C4600BF1448854200D104E040F259
:10113000723112A001F064FD00BF00BF2CB11A484B
:1011400020431949884200D104E040F273310BA0DA
:1011500001F056FD00BF15480440C4F307474FEAAD
:10116000146805F8A57F6E7806F0EA0646EA0806D8
:101170006E70A53DBDE8F081000407402E2E5C6432
:101180007269766572735C686333325F6C6C5F643E
:1011900072697665725C7372635C686333325F6C2C
:1011A0006C5F63616E2E63002701FFD50000FF15A1
:1011B00010B5044600BF0848844200D104E040F264
:1011C000FA2106A001F01CFD00BF94F8A00000F079
:1011D0007F0084F8A00010BD000407402E2E5C6440
:1011E0007269766572735C686333325F6C6C5F64DE
:1011F00072697665725C7372635C686333325F6CCC
:101200006C5F63616E2E63002DE9F04704460E4665
:1012100015464FF0000900BF3D48844200D104E06C
:1012200040F26A213BA001F0EBFC00BF00BF0EB111
:10123000012E00D104E040F26B2136A001F0E0FC69
:1012400000BF002D5ED000BF2879C0F3401000B968
:1012500004E040F26E212FA001F0D2FC00BF3EB9A5
:1012600094F8A10000F01000B8B16FF0050914E087
:1012700094F8A10000F0060010B16FF005090CE031
:1012800094F8A47094F8A28007F0010018B908F04F
:101290000300032801D16FF00909B9F1000F33D120
:1012A00000BF2879C0F3C01030B1286860F06040FA
:1012B0006FF06041884209D02879C0F3C01030B97E
:1012C00040F2FF7128680843884200D104E040F2F0
:1012D000852110A001F094FC00BF04F1A10A1C219B
:1012E00001EB4A1000F1844006602946204600F0D8
:1012F00067FC012E08D194F8A20040F0400084F869
:10130000A20001E06FF002094846BDE8F087000046
:10131000000407402E2E5C647269766572735C6807
:101320006333325F6C6C5F6472697665725C737292
:10133000635C686333325F6C6C5F63616E2E630065
:101340002DE9F04706460F4614464FF000080025E9
:101350006FF0020900BF3448864200D104E04FF428
:10136000967132A001F04CFC00BF002F59D0002C28
:1013700057D053E007F0010000284AD000BF05EB2A
:10138000450004EB8000806878B105EB450004EB74
:1013900080008068B0F1804F07D005EB450004EB7A
:1013A00080008068B0F1C04F00D104E040F23111FC
:1013B0001EA001F025FC00BF00BF05EB450004EBBB
:1013C0008000406860F060406FF06041884200D16A
:1013D00004E04FF4997115A001F012FC00BF06F86B
:1013E000B48F05EB450054F820007060307840F071
:1013F0002000307005EB450004EB8000406805EBF1
:10140000450104EB8101896808437060B43E681CA3
:10141000C5B27F1008F1010000F0FF08002FA9D12C
:10142000B9464846BDE8F087000407402E2E5C64AC
:101430007269766572735C686333325F6C6C5F648B
:1014400072697665725C7372635C686333325F6C79
:101450006C5F63616E2E630010B5044600BF0748E1
:10146000844200D104E040F2F53105A001F0C8FB50
:1014700000BF94F8A30000F0030010BD0004074073
:101480002E2E5C647269766572735C686333325FBA
:101490006C6C5F6472697665725C7372635C6863BE
:1014A00033325F6C6C5F63616E2E630070B504460F
:1014B0000D466FF0080600BF0F48844200D104E0DB
:1014C00040F2D2210DA001F09BFB00BF15B96FF0D7
:1014D00002060FE094F8A30000F0030050B1294683
:1014E000204600F005FA94F8A30040F0100084F8BC
:1014F000A3000026304670BD000407402E2E5C6419
:101500007269766572735C686333325F6C6C5F64BA
:1015100072697665725C7372635C686333325F6CA8
:101520006C5F63616E2E63002DE9F05F05460C462B
:101530004FF0000B00BF2048854200D104E04FF47B
:101540004F711EA001F05CFB00BF00BF2CB126480C
:1015500020432549884200D104E040F23D3117A0E4
:1015600001F04EFB00BF04F0070604F02007C4F3AF
:101570000728C4F307494FEA146A15F8A00F06407C
:10158000E8780740287900EA0808687900EA09093C
:10159000A879A03D00EA0A0A4EB947B9B8F1000F90
:1015A00005D1B9F1000F02D1BAF1000F01D04FF00F
:1015B000010B5846BDE8F09F000407402E2E5C64E6
:1015C0007269766572735C686333325F6C6C5F64FA
:1015D00072697665725C7372635C686333325F6CE8
:1015E0006C5F63616E2E63002701FFD570B5054601
:1015F0000C466FF00206002C4FD02146284600F022
:101600004FF815F8A00F40F0800028706068801E29
:10161000A168491E40EA0121A089401E41EA00411B
:101620002078401E41EA0060A860A87800F0DF0042
:10163000617E01F020010843A870A03DA18A2846E0
:101640002269FFF77DFE95F8A00000F07F0085F885
:10165000A000A17D284600F07BF9E07D217E0843B3
:1016600000F0180015F8A01F01F0E70108432870EA
:10167000E07EA17E40EA0110E871207F617F08438F
:10168000A17F0843E870207DA875A03D206A18B1AD
:101690002846216A00F0DEF90026304670BD0000C1
:1016A00070B505460C4600BF5648854200D103E0A0
:1016B000D52155A001F0A4FA00BF00BFA07D0428E9
:1016C00000D803E0D62150A001F09AFA00BF00BF75
:1016D000E07D10B1E07D102800D103E0D7214AA0C1
:1016E00001F08EFA00BF00BF207E10B1207E0828D6
:1016F00000D103E0D82144A001F082FA00BF00BF6E
:10170000607E10B1607E202800D103E0D9213EA088
:1017100001F076FA00BF00BFA07E18B1A07E0A28B3
:1017200000D803E0DA2138A001F06AFA00BF00BF58
:10173000E07E102800D203E0DB2133A001F060FA44
:1017400000BF00BFA08A28B1A08A40F0FF00FF2898
:1017500000D103E0DC212CA001F052FA00BF00BF51
:10176000207F10B1207F082800D103E0DD2126A0D2
:1017700001F046FA00BF00BF607F10B1607F4028D3
:1017800000D103E0DE2120A001F03AFA00BF00BF43
:10179000A07F10B1A07F802800D103E0DF211AA034
:1017A00001F02EFA00BF00BF206820B12068B0F51C
:1017B000807F00D803E0E12113A001F021FA00BFEF
:1017C00000BF6068022816D36068412813D8A0685B
:1017D00088B1A06808280ED8E06860B1E0680828E1
:1017E00009D8D4E90110401C814204D3D4E9020194
:1017F000884200D303E0E22103A001F001FA00BF18
:1018000070BD0000000407402E2E5C64726976658E
:1018100072735C686333325F6C6C5F6472697665A7
:10182000725C7372635C686333325F6C6C5F6361BC
:101830006E2E63002DE9F04104460D46164600BFAA
:101840001F48844200D104E040F243211DA001F072
:10185000D7F900BF00BF3DB142F6FE20284342F653
:10186000FE21884200D104E04FF4117115A001F06F
:10187000C7F900BF00BF0EB1012E00D104E040F255
:10188000452110A001F0BCF900BFEFB2C5F3072855
:10189000012E09D114F8A40F38432070A07840EA33
:1018A0000800A070A43C08E014F8A40FB84320700E
:1018B000A07820EA0800A070A43CBDE8F0810000F8
:1018C000000407402E2E5C647269766572735C6852
:1018D0006333325F6C6C5F6472697665725C7372DD
:1018E000635C686333325F6C6C5F63616E2E6300B0
:1018F000F0B5024601F10805144626680E606668D8
:101900004E600E79C6F3C01626B90E88C6F30A06D5
:101910000E6003E00E6826F060460E600E7906F059
:101920000F060A4FBB5D0E79C6F3401616B9022B9F
:1019300000D90223002006E0861C54F8266045F8F2
:101940002060461CF0B29842F6DBF0BD24EE0000A9
:1019500030B50022002305290DD2DFE801F00D0388
:1019600005070900402308E0202206E0402204E0A9
:101970004023402201E000BF00BF00BF10F8A04F8D
:1019800004F09F0402F060052C430470447804F0D6
:10199000BF0403F040052C434470A03830BD000064
:1019A00070B504460D4600BF0E48844200D104E0E5
:1019B00040F2A9210CA001F023F900BF00BF25B11E
:1019C00045F01600162800D104E040F2AA2106A036
:1019D00001F016F900BF94F8A100284384F8A10093
:1019E00070BD0000000407402E2E5C6472697665AD
:1019F00072735C686333325F6C6C5F6472697665C6
:101A0000725C7372635C686333325F6C6C5F6361DA
:101A10006E2E630001466FF00200D1B104220A600D
:101A200010224A6004228A600222CA6000220A61EF
:101A30008A828A75CA750A764A760A228A760722C7
:101A4000CA7600220A7740224A7700228A770A6201
:101A5000002070472DE9F04105460C466FF0020763
:101A600000BF4B48854200D104E040F25F4149A0ED
:101A700001F0C6F800BF002C7DD000BF607A10B125
:101A8000607A102800D104E040F2624141A001F0E8
:101A9000B7F800BF00BF207A40B1207A022805D0F5
:101AA000207A042802D0207A062800D104E040F2EF
:101AB000634138A001F0A4F800BF00BF60680128AE
:101AC00006D1206860F060406FF06041884207D026
:101AD000606830B940F2FF7120680843884200D145
:101AE00004E040F264412BA001F08AF800BF00BF7F
:101AF000608978B16089B0F5807F0BD06089B0F5DE
:101B0000007F07D06089B0F5407F03D06089B0F5D1
:101B1000806F00D104E040F265411EA001F070F832
:101B200000BF00BFA08918B1A089102800D804E028
:101B300040F2664117A001F063F800BF206820F072
:101B4000004615F8A20F00F0EF00617A01F01001D5
:101B5000084328706189207B401E41EA0030688478
:101B6000207946EAC070C5F81E00E089A884208A62
:101B7000E884687F00E008E000F0F900217A01F0D5
:101B8000060108436877A23D00273846BDE8F0818A
:101B9000000407402E2E5C647269766572735C687F
:101BA0006333325F6C6C5F6472697665725C73720A
:101BB000635C686333325F6C6C5F63616E2E6300DD
:101BC000F0B5034601F1080503F150020E681660F6
:101BD0004E6856600E7906F00F060C4FBC5D0E790C
:101BE000C6F3401616B9022C00D902240E79C6F3AA
:101BF000801656B9002006E055F82070861C42F881
:101C00002670461CF0B2A042F6DBF0BD24EE0000C8
:101C100010B5044600BF24B144F06900692800D122
:101C200004E040F28B5106A000F0EAFF00BF0F482D
:101C30000078204008B1012010BD0020FCE7000022
:101C40002E2E5C647269766572735C686333325FF2
:101C50006C6C5F6472697665725C7372635C6863F6
:101C600033325F6C6C5F636C6B2E63003C400540ED
:101C700070B50446002500BF0CB1012C00D104E072
:101C800040F2E5411FA000F0BBFF00BF00BF2848A5
:101C9000008800F0010000B104E040F2E64119A024
:101CA00000F0AEFF00BF64B92248007800F00700E2
:101CB000052801D1C54322E001201E49091D0870F5
:101CC0001DE01C48DA300068C0F3C01030B94FF492
:101CD0008051082000F0BDF9054605E04FF4805121
:101CE000012000F0B6F905464DB900201149091D43
:101CF00008704FF48051202000F0ABF905462846CB
:101D000070BD00002E2E5C647269766572735C682B
:101D10006333325F6C6C5F6472697665725C737298
:101D2000635C686333325F6C6C5F636C6B2E630063
:101D3000FE430540264005402DE9F041044614B914
:101D40006FF002061FE100BF2079C0F3C01018B188
:101D50002079C0F3C01000B104E04FF497618BA06C
:101D600000F04EFF00BF00BF207900F01F00401CB4
:101D7000182805D8207900F01F00401C00B104E0AD
:101D800040F2B94181A000F03BFF00BF00BF606896
:101D9000C0F30820401CB0F5F07F06D86068C0F39F
:101DA0000820401C142800D304E040F2BA4177A078
:101DB00000F026FF00BF00BF0121606801EB10703A
:101DC000102805D8606801EB1070022800D304E0E9
:101DD00040F2BB416DA000F013FF00BF2079C0F3BB
:101DE000C01008B9744901E074480168207900F016
:101DF0001F00401CB1FBF0F76068C0F30820401CD6
:101E000000FB07F500BF6E48874203D86D48874244
:101E100000D304E04FF498615CA000F0F1FE00BF35
:101E200000BF6948854203D84010854200D304E0D2
:101E300040F2C14155A000F0E3FE00BF00BF012108
:101E4000606801EB1070B5FBF0F06049884209D87A
:101E50000121606801EB1070B5FBF0F05C4988422D
:101E600000D304E040F2C24148A000F0C9FE00BF28
:101E700000BF6068C0F30360401C102806D860688B
:101E8000C0F30360401C022800D304E040F2C341C9
:101E90003EA000F0B5FE00BF00BF6068C0F3035075
:101EA000401C102806D86068C0F30350401C02286C
:101EB00000D304E040F2C44134A000F0A1FE00BF12
:101EC00000BF6068C0F30350401CB5FBF0F03F4911
:101ED000884209D86068C0F30350401CB5FBF0F09D
:101EE0003B49884200D304E040F2C54127A000F0FE
:101EF00087FE00BF00BF6068C0F30360401CB5FBF5
:101F0000F0F03249884209D86068C0F30360401C91
:101F1000B5FBF0F02E49884200D304E040F2C64100
:101F20001AA000F06DFE00BF00BF2078012801D08C
:101F3000207800B904E04FF4996114A000F060FE2D
:101F400000BF00BF2348008800F0010000B104E09A
:101F500040F2C9410DA000F053FE00BF2079C10935
:101F60001D48006861F3C7101B490860606808607D
:101F7000207820B90120FFF77BFE064603E0002011
:101F8000FFF776FE06463046BDE8F0812E2E5C64F3
:101F90007269766572735C686333325F6C6C5F6420
:101FA00072697665725C7372635C686333325F6C0E
:101FB0006C5F636C6B2E630000127A000480FF1F5D
:101FC00040787D0140420F0000389C1C00C2EB0BA2
:101FD000C0E1E400FE430540004105400146002009
:101FE00009B9C01E22E000224A604A6822F080023D
:101FF0004A604A6822F01F024A6013234A6863F36A
:1020000010224A604A6822F0704202F180524A600F
:102010004A6822F0706202F180724A604A6822F4D3
:10202000700202F580124A6001220A70704770B592
:1020300004460D462946204604F010F905F02CF917
:1020400070BD10B50446204604F09EFA05F024F950
:1020500010BDF8B505460C46002000906FF007064D
:1020600009E02846FFF7D4FD012801D1002605E04C
:102070000098401C00900098A042F2D900BF304662
:10208000F8BD000070B50446002500BF0CB1012C5E
:1020900000D104E04FF467711EA000F0B1FD00BF55
:1020A00000BF2748008800F0010000B104E040F2C2
:1020B0009D3118A000F0A4FD00BFFCB921480078B4
:1020C00000F00700032802D16FF0050520E01D484D
:1020D000DA300068C0F3C01058B91A48001D007803
:1020E00010B96FF0050513E0012016490C31087096
:1020F0000EE0012013490C31087009E0002011495D
:102100000C3108704FF480510820FFF7A2FF0546FC
:10211000284670BD2E2E5C647269766572735C68A9
:102120006333325F6C6C5F6472697665725C737284
:10213000635C686333325F6C6C5F636C6B2E63004F
:10214000FE4305402640054070B5044614B96FF0C3
:1021500002057FE000BF2078012801D0207800B977
:1021600004E04FF45F713CA000F04AFD00BF00BFE7
:10217000607840B16078102805D06078202802D0BF
:102180006078302800D104E040F27D3132A000F0C8
:1021900037FD00BF00BFA07810B1A078402800D163
:1021A00004E040F27E312CA000F02AFD00BF00BF09
:1021B000E078802801D0E07800B904E040F27F3177
:1021C00025A000F01DFD00BF00BF2079012817D019
:1021D0002079022814D02079032811D020790428EE
:1021E0000ED0207905280BD02079062808D0207938
:1021F000072805D02079082802D02079092800D1A5
:1022000004E04FF4607114A000F0FAFC00BF00BFBE
:102210001C48008800F0010000B104E040F2813168
:102220000DA000F0EDFC00BF207917490870E078A0
:1022300061780843A1780843124912310870207868
:1022400020B90120FFF71EFF054603E00020FFF73D
:1022500019FF0546284670BD2E2E5C6472697665AE
:1022600072735C686333325F6C6C5F64726976654D
:10227000725C7372635C686333325F6C6C5F636C57
:102280006B2E6300FE430540A2400540014600203E
:1022900009B9C01E08E001220A7000228A704A7043
:1022A0008022CA7005220A717047000070B504468A
:1022B0002546074828601C20A8800648A8600920F9
:1022C000A8810120A861284604F068FA70BD0000CA
:1022D00030E7000080E8000070B50446D4F8F8014B
:1022E00001F030FA054605F4807050B125F480768F
:1022F00026B13146D4F8F80101F0FEF84FF48075AC
:1023000000BFB5F5007F73D015DC102D5AD008DC66
:10231000012D2BD0022D34D0042D3DD0082D68D1B5
:1023200045E0202D59D0402D64D0802D6DD0B5F5DD
:10233000807FF4D178E0B5F5804F71D00CDCB5F535
:10234000806F6ED0B5F5006F6CD0B5F5805F6AD048
:10235000B5F5005FE3D1AAE0B5F5004F71D0B5F552
:10236000803F6FD0B5F5003FD9D1D4E0012104F50D
:10237000EE7004F019FA0121D4F8F80101F0BCF86C
:10238000D7E0022104F5EE7004F00EFA0221D4F831
:10239000F80101F0B1F8CCE0042104F5EE7004F08E
:1023A00003FA0421D4F8F80101F0A6F8C1E00821ED
:1023B00004F5EE7004F0F8F90821D4F8F80101F002
:1023C0009BF8B6E0102104F5EE7004F0EDF9102151
:1023D000D4F8F80101F090F8ABE0202104F5EE709C
:1023E00004F0E2F92021D4F8F80101F085F8A0E02A
:1023F00029E09DE0402104F5EE7004F0D5F940217C
:10240000D4F8F80101F078F893E0802104F5EE703B
:1024100004F0CAF98021D4F8F80101F06DF888E0E1
:1024200052E01DE029E035E04FF4807104F5EE70D4
:1024300004F0BAF94FF48071D4F8F80101F05CF8B7
:1024400077E04EE05AE04FF4007104F5EE7004F0CE
:10245000ABF94FF40071D4F8F80101F04DF868E0E1
:102460004FF4806104F5EE7004F09EF94FF4806142
:10247000D4F8F80101F040F85BE04FF4006104F596
:10248000EE7004F091F94FF40061D4F8F80101F016
:1024900033F84EE04FF4805104F5EE7004F084F907
:1024A0004FF48051D4F8F80101F026F841E04FF4E0
:1024B000005104F5EE7004F077F94FF40051D4F8B0
:1024C000F80101F019F834E04FF4804104F5EE70A2
:1024D00004F06AF94FF48041D4F8F80101F00CF8E7
:1024E00027E04FF4004104F5EE7004F05DF94FF47D
:1024F0000041D4F8F80100F0FFFF1AE04FF48031FA
:1025000004F5EE7004F050F94FF48031D4F8F8017E
:1025100000F0F2FF0DE04FF4003104F5EE7004F02E
:1025200043F94FF40031D4F8F80100F0E5FF00E082
:1025300000BF00BF70BD000010B5002481E004EBB7
:10254000840202EBC413414A02EB830202F5AA7132
:1025500004EB840202EBC4133C4A02EB830202F553
:10256000A07003F006FA012104EB840000EBC41212
:10257000364800EB820080F84011B6EE000A04EB0A
:10258000840000EBC411314800EB810080ED510A5A
:102590009FED2F0A04EB840000EBC4112B4800EBE5
:1025A000810080ED520A9FED2B0A04EB840000EBC2
:1025B000C411264800EB810080ED530A9FED250AE7
:1025C00004EB840000EBC411204800EB810080ED97
:1025D000540A9FED210A04EB840000EBC4111B4850
:1025E00000EB810080ED5D0A9FED1A0A04EB840088
:1025F00000EBC411154800EB810080ED5E0A9FEDF1
:10260000170A04EB840000EBC411104800EB8100B2
:1026100080ED630A9FED120A04EB840000EBC41105
:102620000A4800EB810080ED640A9FED0E0A04EB7E
:10263000840000EBC411054800EB810080ED650AC1
:10264000641C022CFFF67BAF10BD00002083FF1F2F
:10265000CDCC4C3D0000000000401C4500002F4444
:102660000080BB440000FA4410B500246BE004EB8A
:10267000840202EBC413354A02EB830202F19C018F
:1026800004EB840202EBC413304A02EB830202F132
:10269000880003F06EF9012104EB840000EBC41202
:1026A0002A4800EB820080F88810B7EE000A04EB9D
:1026B000840000EBC411254800EB810080ED230A63
:1026C0009FED230A04EB840000EBC4111F4800EBCC
:1026D000810080ED240A9FED1F0A04EB840000EBCB
:1026E000C4111A4800EB810080ED250A9FED190AFC
:1026F00004EB840000EBC411144800EB810080ED72
:10270000260AB2EE000A04EB840000EBC4110F4865
:1027100000EB810080ED2F0ABAEE000A04EB840082
:1027200000EBC411094800EB810080ED300AB6EEE1
:10273000000A04EB840000EBC411044800EB8100A4
:1027400080ED350A641C022C91DB10BD2083FF1F35
:102750000AD7233C0000000010B52DED048B0024A7
:1027600008E104EB840000EBC411854800EB810014
:1027700090F89C00002876D004EB840202EBC4138E
:102780007F4A02EB830292ED291AF0EE410A04EB34
:10279000840202EBC4137A4A02EB830292ED281AF8
:1027A000B0EE410A04EB840202EBC413744A02EB5C
:1027B000830202F19C0104EB840202EBC413704A11
:1027C00002EB830202F1880003F066F884BB6D48D7
:1027D000008802282DDB00206A4908806A480088AA
:1027E000B0F5C87F2ADA04EB840000EBC41164481A
:1027F00000EB810090ED2D0A64486349098800EBE5
:10280000810080ED000A04EB840000EBC4115C48F9
:1028100000EB810090ED310A5D485B49098800EBCF
:10282000810080ED000A58480088401C5649088005
:1028300004E054480088401C5249088004EB84009E
:1028400000EBC4114E4800EB810090ED310AF0EE30
:10285000C08AB2EE040AF4EEC08AF1EE10FA03DD8B
:10286000B1EE048A16E084E0B1EE040AF4EEC08A08
:10287000F1EE10FA02DDB0EE088A0BE0B0EE000ACD
:10288000F4EEC08AF1EE10FA02DDB7EE088A01E03C
:102890009FED408A04EB840000EBC411384800EB44
:1028A000810090ED2D0AB0EEC09A04EB840000EB9D
:1028B000C411334800EB810090F8600001281CD15E
:1028C00004EB840000EBC4112D4800EB810090ED77
:1028D0002D0AB5EEC00AF1EE10FA09DD04EB840012
:1028E00000EBC411264800EB810090ED2D9A2DE0FD
:1028F0009FED290AB0EE409A28E004EB840000EB3B
:10290000C4111F4800EB810090F8600002281DD11F
:1029100004EB840000EBC411194800EB810090ED3A
:102920002D0AB5EEC00AF1EE10FA0BD204EB8400CA
:1029300000EBC411124800EB810090ED2D0AB1EEBE
:10294000409A03E09FED140AB0EE409AB4EEC89AA4
:10295000F1EE10FA00DD00BF104890ED000A04EB24
:10296000840000EBC411064800EB810080ED3F0AB3
:1029700000BF641C022CFFF6F4AEBDEC048B10BD4E
:102980002083FF1F7E80FF1F7C80FF1FF88AFF1FB0
:102990007897FF1FCDCC4C3F000000007880FF1FD0
:1029A00010B500246BE004EB840202EBC413354A3B
:1029B00002EB830202F1F80104EB840202EBC41380
:1029C000304A02EB830202F1E40002F0D2FF01215F
:1029D00004EB840000EBC4122A4800EB820080F86C
:1029E000E410B3EE040A04EB840000EBC4112548A4
:1029F00000EB810080ED3A0A9FED230A04EB84008E
:102A000000EBC4111F4800EB810080ED3B0A9FEDF5
:102A10001F0A04EB840000EBC4111A4800EB81008C
:102A200080ED3C0A9FED1A0A04EB840000EBC41110
:102A3000144800EB810080ED3D0A9FED160A04EB7F
:102A4000840000EBC4110F4800EB810080ED460AC2
:102A50009FED0E0A04EB840000EBC411094800EB63
:102A6000810080ED470AB6EE000A04EB840000EB1B
:102A7000C411044800EB810080ED4C0A641C022C58
:102A800091DB10BD2083FF1F0AD7A33C000000008C
:102A90000000FA440080BB4410B500249BE004EB26
:102AA000840000EBC4114E4800EB810090F8F80060
:102AB00000287DD004EB840202EBC413484A02EBE9
:102AC000830292ED401AF0EE410A04EB840202EB1D
:102AD000C413434A02EB830292ED3F1AB0EE410A5F
:102AE00004EB840202EBC4133D4A02EB830202F1C1
:102AF000F80104EB840202EBC413394A02EB8302AF
:102B000002F1E40002F0C8FE002C57D135480088DD
:102B100005284EDB00203349088033480088B0F593
:102B20007A7F4BDA04EB840000EBC4112C4800EBF5
:102B3000810090ED3F0A2D482B49098800EB810068
:102B400080ED000A04EB840000EBC411244800EB84
:102B5000810090ED400A26482349098800EB810056
:102B600080ED000A04EB840000EBC4111C4800EB6C
:102B7000810090ED440A1F481B49098800EB810041
:102B800080ED000A04EB840000EBC411144800EB54
:102B9000810090ED480A18481349098800EB81002C
:102BA00080ED000A10480088401C0F49088005E0AD
:102BB00010E00C480088401C0A4908800F4890ED3E
:102BC000000A04EB840000EBC411054800EB81000F
:102BD00080ED560A641C022CFFF661AF10BD0000A8
:102BE0002083FF1F8A80FF1F8880FF1FF8A3FF1F1D
:102BF00098B3FF1F38C3FF1FD8D2FF1F8080FF1F6D
:102C000004460D462A46214602A006F0C5F800BF3C
:102C1000FEE7000057726F6E6720706172616D652C
:102C2000746572732076616C75653A2066696C65AF
:102C3000202573206F6E206C696E652025640D0A57
:102C40000000000038B50246002300250095D81E7C
:102C500000BF0D4D2D682C4600BF0C4D2D68294638
:102C600089B105E00D6805F08003009D6D1C00959D
:102C7000009DA54201D8002BF4D013B18A8000201A
:102C800001E06FF0070038BD8482FF1F8082FF1FC4
:102C900008B50D49096AC1F302630C490968D940B6
:102CA00041F270731944491EB1FBF3F206E0009241
:102CB00000BF00994B1E00930029FAD1011EA0F11C
:102CC0000100F4D108BD0000004005400080FF1F56
:102CD00008B50C49096AC1F302630B490968D94078
:102CE0000A4B1944491EB1FBF3F206E0009200BF03
:102CF00000994B1E00930029FAD1011EA0F101009A
:102D0000F4D108BD004005400080FF1F808D5B00AE
:102D100030B587B004460121084600F05DFE03A8E7
:102D200005F054FA00200390102004900020059034
:102D30004CF24F30ADF8180003AA0121274805F0E6
:102D40000BF901221146254805F0B0F80122910443
:102D5000224805F0ABF94120ADF804000620ADF89B
:102D600006001F48029001A801F02CFABDF90600E8
:102D7000002807DB00F01F0101228A40194943099E
:102D800041F8232000BFBDF906000F21002804DB15
:102D90000A07130E144A135406E00A07150E134AC5
:102DA00000F00F031B1FD55400BFBDF9060000281B
:102DB0000DDB00BF00BF00F01F020121914042095E
:102DC000920002F1E022C2F8001100BF00BF00BF74
:102DD0000121024805F0BCF907B030BD00400240B7
:102DE000957E000080E200E000E400E018ED00E0E5
:102DF00010B5044600BF0CB1012C00D104E040F234
:102E0000711109A0FFF7FCFE00BF00BF1148006868
:102E1000012800D104E04FF4B97103A0FFF7F0FEE0
:102E200000BF0D48046010BD2E2E5C64726976658B
:102E300072735C686333325F6C6C5F647269766571
:102E4000725C7372635C686333325F6C6C5F65667F
:102E50006D2E6300000401404081204210B50446FD
:102E600000BF0CB1012C00D104E040F2631109A0B5
:102E7000FFF7C6FE00BF00BF11480068012800D15F
:102E800004E04FF4B27103A0FFF7BAFE00BF0D4893
:102E9000046010BD2E2E5C647269766572735C6886
:102EA0006333325F6C6C5F6472697665725C7372F7
:102EB000635C686333325F6C6C5F65666D2E6300C4
:102EC000000401406081204210B5044600BF0F4855
:102ED0000068012800D104E040F21E210CA0FFF799
:102EE0008FFE00BF00BF40F23F10204340F23F1171
:102EF000884200D104E040F21F2105A0FFF780FEC8
:102F000000BF02481430046010BD000000040140FE
:102F10002E2E5C647269766572735C686333325F0F
:102F20006C6C5F6472697665725C7372635C686313
:102F300033325F6C6C5F65666D2E630010B50446BE
:102F400000BF0CB1012C00D104E04FF4747103A058
:102F5000FFF756FE00BF0C48046010BD2E2E5C64C7
:102F60007269766572735C686333325F6C6C5F6440
:102F700072697665725C7372635C686333325F6C2E
:102F80006C5F65666D2E63008081204210B504463B
:102F900000BF40F23F10204340F23F11884200D171
:102FA00004E04FF4047106A0FFF72AFE00BF0F48AB
:102FB00000682040A04201D1012010BD0020FCE7A4
:102FC0002E2E5C647269766572735C686333325F5F
:102FD0006C6C5F6472697665725C7372635C686363
:102FE00033325F6C6C5F65666D2E630010040140C8
:102FF0002DE9F04104460D4600BF3748006801281E
:1030000000D104E040F2D22134A0FFF7F9FD00BF67
:1030100000BF3D480068012800D104E040F2D32100
:103020002EA0FFF7EDFD00BF00BFB4F5002F0BD3BE
:103030003648844202D33648844205D93548844212
:1030400003D3B4F1467F00D204E04FF4357123A0DE
:10305000FFF7D6FD00BF00BF04F0030000B904E095
:1030600040F2D5211DA0FFF7CBFD00BF40F23F107D
:10307000FFF72AFF184808300068274900EA0106D0
:10308000154808300068C9430840134908310860F2
:103090000027081D006820F0700040F02000091D86
:1030A00008602560384600F0E9F980460A480C308F
:1030B000006820F0700008490C310860081F0068A3
:1030C0001549C9430840C943314008430249083102
:1030D00008604046BDE8F081000401402E2E5C648B
:1030E0007269766572735C686333325F6C6C5F64BF
:1030F00072697665725C7372635C686333325F6CAD
:103100006C5F65666D2E630080812042000C0003B9
:10311000FB0F0003E0FF1703000001012DE9F05F42
:1031200004460E4615466FF002092746A8464FF49E
:10313000807A00BFB4F5002F0BD32B48844202D312
:103140002A48844205D92A48844203D3B4F1467FF1
:1031500000D204E040F2462126A0FFF751FD00BF57
:1031600000BF6019401EB0F5002F13D36019401E38
:103170001D49884204D36019401E1C49884209D960
:103180006019401E1A49884205D36019401EB0F1EB
:10319000467F00D204E040F2472116A0FFF730FD41
:1031A00000BFF6B11E48006AC0F302611D48006806
:1031B000C84044F62061B0FBF1FB5946504600F090
:1031C00044F960B905E017F8010B06F8010BA8F106
:1031D0000108B8F1000FF6D14FF0000901E06FF0DF
:1031E00004094846BDE8F09F000C0003FB0F0003F4
:1031F000E0FF17032E2E5C647269766572735C685B
:103200006333325F6C6C5F6472697665725C737293
:10321000635C686333325F6C6C5F65666D2E630060
:10322000004005400080FF1F2DE9F041044600BF2B
:10323000B4F5002F00D204E040F2633134A0FFF770
:10324000DFFC00BF00BF04F0030000B904E04FF44E
:1032500059712FA0FFF7D4FC00BF00BF37480068AA
:10326000012800D104E040F2653129A0FFF7C8FC35
:1032700000BF00BF32480068012800D104E040F2DE
:10328000663123A0FFF7BCFC00BF40F23F10FFF700
:103290001BFE2A48083000682A4900EA0106274830
:1032A00008300068C94308402449083108600027F5
:1032B000081D006820F0700040F04000091D086003
:1032C000002020602048006AC0F302611F480068A7
:1032D000C8403221B0FBF1F84146384600F094F87E
:1032E000054616480C30006820F0700013490C3178
:1032F0000860081F00681349C9430840C9433140AA
:1033000008430E49083108602846BDE8F0810000F6
:103310002E2E5C647269766572735C686333325F0B
:103320006C6C5F6472697665725C7372635C68630F
:1033300033325F6C6C5F65666D2E63000004014084
:103340008081204200000101004005400080FF1FF5
:1033500070B50446002500BF1D480068012800D153
:1033600004E040F24F111BA0FFF74AFC00BF00BF72
:10337000F02C00D804E04FF4A87116A0FFF740FC31
:1033800000BF13480830006820F0F00004F0F0019E
:1033900008430F490831086010E06D1C1848006AA6
:1033A000C0F3026117480068C84044F62061B0FBD2
:1033B000F1F0A84202D26FF0070070BD0448083057
:1033C000006800F0F000A042E7D10020F5E700001F
:1033D000000401402E2E5C647269766572735C682D
:1033E0006333325F6C6C5F6472697665725C7372B2
:1033F000635C686333325F6C6C5F65666D2E63007F
:10340000004005400080FF1F70B504460E460025B1
:103410004FF4807101FA04F0314600F016F810F113
:10342000080F00D16D1F75B9102101FA04F0FFF7E4
:10343000ADFD012805D1102101FA04F0FFF744FD8C
:1034400001E04FF0FF35284670BDF8B505460C4643
:1034500000200090002608E00098401C0090009892
:10346000A04202D96FF0070604E02846FFF78EFD60
:103470000128F1D100BF3046F8BD000070B5044608
:1034800000251B48006AC0F302611A480068C84062
:1034900044F62061B0FBF1F64FF4807101FA04F0BC
:1034A0003146FFF7D2FF10F1080F00D16D1FEDB9C3
:1034B000082101FA04F0FFF769FD012806D108216F
:1034C00001FA04F0FFF700FD4FF0FF3575B9102148
:1034D00001FA04F0FFF75AFD012805D1102101FA85
:1034E00004F0FFF7F1FC01E04FF0FF35284670BD16
:1034F000004005400080FF1F70B504460D460CB12A
:10350000207B38B900BF06A207A1002002F01AFDF7
:1035100000BF70BD2068A843206000BFF9E700002D
:103520004552524F520000001B5B33316D5B2573D7
:103530005D204576656E7447726F757020636C65AB
:1035400061723A20696E76616C69642067726F758A
:10355000701B5B306D0D0A0038B505461DB128465D
:10356000FCF7FAFE40B900BF27A229A1002002F013
:10357000E9FC00BF002038BD284600F0BDF848B186
:1035800000BF2B4620A22EA1002002F0DBFC00BFD2
:103590000020F0E700242CE0384800EB4410007BCA
:1035A000002825D1354901EB44102021FCF7BDFE50
:1035B0000120324901EB44110873304901EB4411F9
:1035C00001F10D000F222946FCF7BAFE00212B481D
:1035D00000EB4410017700BF234629A22AA1002056
:1035E000009502F0AFFC00BF244800EB4410C2E796
:1035F000641C202CD0DB00BF03A231A1002002F00C
:10360000A1FC00BF0020B6E74552524F5200000017
:103610001B5B33316D5B25735D204576656E7447AA
:10362000726F7570206372656174653A206E616DAA
:1036300065206973204E554C4C1B5B306D0D0A00A4
:103640001B5B33316D5B25735D204576656E74477A
:10365000726F7570206372656174653A206E616D7A
:103660006520616C72656164792065786973747333
:1036700020282573291B5B306D0D0A0064AC0020E7
:10368000494E464F000000001B5B33326D5B2573D3
:103690005D204576656E7447726F75702063726544
:1036A000617465204F4B20286964783A25642C208A
:1036B0006E616D653A2573291B5B306D0D0A000044
:1036C0001B5B33316D5B25735D204576656E7447FA
:1036D000726F757020637265617465206661696CD4
:1036E00065643A206E6F20667265652067726F753B
:1036F000701B5B306D0D0A0070B505461DB1284684
:10370000FCF72AFE08B9002070BD002413E00C4825
:1037100000EB4410007B68B1094901EB441101F151
:103720000D0010222946FCF739FE18B9044800EBB9
:103730004410E9E7641C202CE9DB0020E4E70000EA
:1037400064AC002010B504460CB1207B40B900BF2A
:1037500004A206A1002002F0F5FB00BF002010BD6E
:103760002068FCE74552524F520000001B5B33318A
:103770006D5B25735D204576656E7447726F75705D
:10378000206765743A20696E76616C69642067729F
:103790006F75701B5B306D0D0A0000002DE9F0475E
:1037A00004460E461746984614B1207B00B14EB928
:1037B00000BF1BA21CA1002002F0C4FB00BF002020
:1037C000BDE8F087207A20B908F012FB6060012183
:1037D0002172D4F8009009EA0605012F06D17DB1C7
:1037E00029462046FFF788FE2846E9E7022F07D141
:1037F000B54205D131462046FFF77EFE2846DFE779
:1038000008F1010050B108F0F3FA82466068AAEBB3
:103810000000404501D30020D2E700BF0020CFE7E1
:103820004552524F520000001B5B33316D5B2573D4
:103830005D204576656E7447726F757020726563A2
:10384000763A20696E76616C696420706172616D90
:103850001B5B306D0D0A000070B504460D460CB1BF
:10386000207B38B900BF06A207A1002002F06AFB46
:1038700000BF70BD20682843206000BFF9E700004A
:103880004552524F520000001B5B33316D5B257374
:103890005D204576656E7447726F75702073656E36
:1038A000643A20696E76616C69642067726F757026
:1038B0001B5B306D0D0A000070B504460D4600BF5D
:1038C0002CB1174820431649884200D103E07121EA
:1038D00014A0FFF795F900BF00BF0DB1012D00D175
:1038E00003E072210FA0FFF78BF900BF00BF18485B
:1038F000006900F0010000B103E0732109A0FFF7A7
:103900007FF900BF012D05D111480068A04310497F
:10391000086004E00E48006820430D49086070BD4F
:1039200011C5F38F2E2E5C647269766572735C68C4
:103930006333325F6C6C5F6472697665725C73725C
:10394000635C686333325F6C6C5F6663672E630031
:103950000080044070B504460D4600BF2CB11148EC
:1039600020431049884200D103E084210EA0FFF7D4
:1039700047F900BF00BF0DB1012D00D103E0852143
:1039800009A0FFF73DF900BF012D05D1114840689E
:10399000A0431049486004E00E48406820430D49A8
:1039A000486070BD79FD0F0F2E2E5C6472697665DC
:1039B00072735C686333325F6C6C5F6472697665E6
:1039C000725C7372635C686333325F6C6C5F6663F6
:1039D000672E63000080044070B504460D4600BFAA
:1039E0002CB1114820431049884200D103E09621B0
:1039F0000EA0FFF705F900BF00BF0DB1012D00D1EA
:103A000003E0972109A0FFF7FBF800BF012D05D1C6
:103A100011488068A0431049886004E00E4880681F
:103A200020430D49886070BDFF8707002E2E5C641F
:103A30007269766572735C686333325F6C6C5F6465
:103A400072697665725C7372635C686333325F6C53
:103A50006C5F6663672E63000080044070B50446A7
:103A60000D4600BF3CB141F20310204341F2031167
:103A7000884200D103E0A8210DA0FFF7C1F800BFE4
:103A800000BF0DB1012D00D103E0A92108A0FFF76F
:103A9000B7F800BF012D05D11048C068A0430F49F9
:103AA000C86004E00D48C06820430C49C86070BD80
:103AB0002E2E5C647269766572735C686333325F64
:103AC0006C6C5F6472697665725C7372635C686368
:103AD00033325F6C6C5F6663672E63000080044066
:103AE0002DE9F04104460D46904600BF2548008868
:103AF00000F0010000B104E040F2812122A0FFF7B4
:103B00007FF800BF00BF4CB1012C07D0022C05D0BC
:103B1000032C03D0042C01D0052C00D104E040F28A
:103B2000822119A0FFF76CF800BF00BF15B1A8B241
:103B300000B104E040F2832113A0FFF761F800BF59
:103B4000002719E005F0010088B10E48001D00EBC8
:103B5000841000EB8706B8F1010F04D1308840F4DF
:103B60000040308003E03088C0F30E0030806D10DC
:103B700005B903E0781CC7B2102FE3D300BFBDE83E
:103B8000F0810000FC3B05402E2E5C647269766576
:103B900072735C686333325F6C6C5F647269766504
:103BA000725C7372635C686333325F6C6C5F677006
:103BB000696F2E63000000002DE9F05F05460E4698
:103BC00014464FF0000B14B96FF0020BD9E000BFA0
:103BD0006D48008800F0010000B104E04FF48071EE
:103BE0006AA0FFF70DF800BF00BF4DB1012D07D04F
:103BF000022D05D0032D03D0042D01D0052D00D1B9
:103C000004E040F2011161A0FEF7FAFF00BF00BF1F
:103C100016B1B0B200B104E04FF481715BA0FEF7C1
:103C2000EFFF00BF00BF208810B12088012800D11D
:103C300004E040F2031155A0FEF7E2FF00BF00BF11
:103C4000608810B16088022800D104E04FF48271CE
:103C50004EA0FEF7D5FF00BF00BFA08810B1A0881E
:103C6000042800D104E040F2051148A0FEF7C8FF87
:103C700000BF00BFE08828B1E088102802D0E088AB
:103C8000202800D104E04FF4837140A0FEF7B8FF74
:103C900000BF00BF208918B12089B0F5804F00D146
:103CA00004E040F2071139A0FEF7AAFF00BF00BFF1
:103CB000608910B16089402800D104E04FF484711C
:103CC00032A0FEF79DFF00BF00BFA08918B1A089F8
:103CD000B0F5007F00D104E040F209112BA0FEF7FF
:103CE0008FFF00BF00BFE08918B1E089B0F5805FA9
:103CF00000D104E04FF4857124A0FEF781FF00BFDE
:103D000000BF208A18B1208AB0F5004F00D104E02E
:103D100040F20B111DA0FEF773FF00BF00272DE03E
:103D200006F0010028B3208861880843A188084371
:103D3000E188084361890843A1890843E189084370
:103D4000218940EA010A45F27728208A40EA0A0AD6
:103D500048F400480C48001D00EB851000EB870973
:103D6000B9F8000020EA08000AEA08010843A9F8A7
:103D70000000761006B903E0781CC7B2102FCFD32D
:103D800000BF5846BDE8F09FFC3B05402E2E5C640A
:103D90007269766572735C686333325F6C6C5F6402
:103DA00072697665725C7372635C686333325F6CF0
:103DB0006C5F6770696F2E630000000070B5044689
:103DC0000D4600BF4CB1012C07D0022C05D0032CAE
:103DD00003D0042C01D0052C00D104E04FF4FF7176
:103DE0000CA0FEF70DFF00BF00BF15B1A8B200B1D7
:103DF00004E040F2FF1107A0FEF702FF00BF1149E7
:103E000001EB0410B0F80008284008B1012070BD93
:103E10000020FCE72E2E5C647269766572735C6824
:103E20006333325F6C6C5F6472697665725C737267
:103E3000635C686333325F6C6C5F6770696F2E63BD
:103E4000000000000030054070B504460D4600BF7C
:103E50004CB1012C07D0022C05D0032C03D0042C2C
:103E600001D0052C00D104E040F24A210BA0FEF75E
:103E7000C7FE00BF00BF15B1A8B200B104E040F218
:103E80004B2106A0FEF7BCFE00BF1048102101FB2D
:103E9000040630882843308070BD00002E2E5C64FC
:103EA0007269766572735C686333325F6C6C5F64F1
:103EB00072697665725C7372635C686333325F6CDF
:103EC0006C5F6770696F2E63000000000A38054060
:103ED00070B504460D4600BF24B144F01F001F28F2
:103EE00000D104E04FF4B27118A0FEF789FE00BFC4
:103EF00000BF0DB1012D00D104E040F2651113A007
:103F0000FEF77EFE00BF00BF1C48008800F00100E5
:103F100000B104E04FF4B3710CA0FEF771FE00BFD6
:103F2000012D09D115480838008804F01F01084305
:103F300012490839088008E010480838008804F061
:103F40001F0188430D490839088070BD2E2E5C641E
:103F50007269766572735C686333325F6C6C5F6440
:103F600072697665725C7372635C686333325F6C2E
:103F70006C5F6770696F2E6300000000FC3B0540BA
:103F80002DE9F04104460D46164600BF4CB1012C08
:103F900007D0022C05D0032C03D0042C01D0052C13
:103FA00000D104E04FF4BE7124A0FEF729FE00BF4B
:103FB00000BF15B1A8B200B104E040F27D111FA00E
:103FC000FEF71EFE00BF00BF0F2E03D9202E02D326
:103FD0003B2E00D804E04FF4BF7118A0FEF710FE8E
:103FE00000BF00BF2148008800F0010000B104E0DC
:103FF00040F27F1111A0FEF703FE00BF002717E07B
:1040000005F0010078B11948801D00EB841000EB29
:104010008708B8F800004FF6C071084006F03F016D
:104020000843A8F800006D1005B903E0781CC7B27A
:10403000102FE5D300BFBDE8F08100002E2E5C6498
:104040007269766572735C686333325F6C6C5F644F
:1040500072697665725C7372635C686333325F6C3D
:104060006C5F6770696F2E6300000000FC3B0540C9
:1040700070B504460D4600BF4CB1012C07D0022C90
:1040800005D0032C03D0042C01D0052C00D104E072
:104090004FF40E710BA0FEF7B3FD00BF00BF15B1CA
:1040A000A8B200B104E040F2392106A0FEF7A8FD55
:1040B00000BF1048102101FB0406308828433080DF
:1040C00070BD00002E2E5C647269766572735C6848
:1040D0006333325F6C6C5F6472697665725C7372B5
:1040E000635C686333325F6C6C5F6770696F2E630B
:1040F000000000000838054010B5044600BF44B178
:10410000B4F5804F05D0B4F5004F02D0B4F5404F60
:1041100000D104E04FF4ED710EA0FEF771FD00BF79
:1041200000BF1848008800F0010000B104E040F230
:10413000DB1108A0FEF764FD00BF1248001F0088D5
:10414000C0F30D0004F4404108430E49091F0880E4
:1041500010BD00002E2E5C647269766572735C6817
:104160006333325F6C6C5F6472697665725C737224
:10417000635C686333325F6C6C5F6770696F2E637A
:1041800000000000FC3B05400146002009B9C01EAC
:1041900009E000220A804A80CA800A820A814A8194
:1041A0008A81CA818A80704770B505460C461DB960
:1041B0002046FEF7ADFD01E0002070BD00BF0120EC
:1041C000FBE7000070B5044600260CB9F61E4BE074
:1041D00000BF2088B0F5007F00DA03E0CD2123A0E6
:1041E000FEF70EFD00BF2088400900EB40002021B3
:1041F00001EB4000B4F9021088420AD82088400937
:1042000000EB4000252101EB4000B4F90210884288
:1042100006D2B4F90200202802D36FF0020623E090
:1042200060881F49042212FB00152868C0F30800AB
:1042300040F2FF11884208D120882860B4F90210AA
:10424000184A606842F821000EE020882968C1F30E
:104250000801884206D1B4F90210124A606842F897
:10426000210001E06FF00106304670BD2E2E5C6427
:104270007269766572735C686333325F6C6C5F641D
:1042800072697665725C7372635C686333325F6C0B
:104290006C5F696E74657272757074732E63000062
:1042A0005C10054010B5002010B503490868804730
:1042B000BFF34F8F10BD000010B5002010B50349AB
:1042C00048688047BFF34F8F10BD000010B5002035
:1042D00010B5034988688047BFF34F8F10BD0000B9
:1042E00010B5002010B50349C8688047BFF34F8F51
:1042F00010BD000010B5002010B5034908698047C3
:10430000BFF34F8F10BD000010B5002010B503495A
:1043100048698047BFF34F8F10BD000010B50020E3
:1043200010B5034988698047BFF34F8F10BD000067
:1043300010B5002010B50349C8698047BFF34F8FFF
:1043400010BD000010B5002010B50349086A804771
:10435000BFF34F8F10BD000010B5002010B503490A
:10436000486A8047BFF34F8F10BD000010B5002092
:1043700010B50349886A8047BFF34F8F10BD000016
:1043800010B5002010B50349C86A8047BFF34F8FAE
:1043900010BD000010B5002010B50349086B804720
:1043A000BFF34F8F10BD000010B5002010B50349BA
:1043B000486B8047BFF34F8F10BD000010B5002041
:1043C00010B50349886B8047BFF34F8F10BD0000C5
:1043D00010B5002010B50349C86B8047BFF34F8F5D
:1043E00010BD000010B5002010B50349086C8047CF
:1043F000BFF34F8F10BD000010B5002010B503496A
:10440000486C8047BFF34F8F10BD000010B50020EF
:1044100010B50349886C8047BFF34F8F10BD000073
:1044200010B5002010B50349C86C8047BFF34F8F0B
:1044300010BD000010B5002010B50349086D80477D
:10444000BFF34F8F10BD000010B5002010B5034919
:10445000486D8047BFF34F8F10BD000010B500209E
:1044600010B50349886D8047BFF34F8F10BD000022
:1044700010B5002010B50349C86D8047BFF34F8FBA
:1044800010BD000010B5002010B50349086E80472C
:10449000BFF34F8F10BD000010B5002010B50349C9
:1044A000486E8047BFF34F8F10BD000010B500204D
:1044B00010B50349886E8047BFF34F8F10BD0000D1
:1044C00010B5002010B50349C86E8047BFF34F8F69
:1044D00010BD000010B5002010B50349086F8047DB
:1044E000BFF34F8F10BD000010B5002010B5034979
:1044F000486F8047BFF34F8F10BD000010B50020FC
:1045000010B50349886F8047BFF34F8F10BD00007F
:1045100010B5002010B50349C86F8047BFF34F8F17
:1045200010BD000010B5002010B50349D1F880007F
:104530008047BFF34F8F10BD10B5002010B5034961
:10454000D1F884008047BFF34F8F10BD10B5002015
:1045500010B50349D1F888008047BFF34F8F10BDD5
:1045600010B5002010B50349D1F88C008047BFF387
:104570004F8F10BD10B5002010B50349D1F8900041
:104580008047BFF34F8F10BD10B5002010B5034911
:10459000D1F894008047BFF34F8F10BD10B50020B5
:1045A00010B50349D1F898008047BFF34F8F10BD75
:1045B00010B5002010B50349D1F89C008047BFF327
:1045C0004F8F10BD10B5002010B50349D1F8A000E1
:1045D0008047BFF34F8F10BD10B5002010B50349C1
:1045E000D1F8A4008047BFF34F8F10BD10B5002055
:1045F00010B50349D1F8A8008047BFF34F8F10BD15
:1046000010B5002010B50349D1F8AC008047BFF3C6
:104610004F8F10BD10B5002010B50349D1F8B00080
:104620008047BFF34F8F10BD10B5002010B5034970
:10463000D1F8B4008047BFF34F8F10BD10B50020F4
:1046400010B50349D1F8B8008047BFF34F8F10BDB4
:1046500010B5002010B50349D1F8BC008047BFF366
:104660004F8F10BD10B5002010B50349D1F8C00020
:104670008047BFF34F8F10BD10B5002010B5034920
:10468000D1F8C4008047BFF34F8F10BD10B5002094
:1046900010B50349D1F8C8008047BFF34F8F10BD54
:1046A00010B5002010B50349D1F8CC008047BFF306
:1046B0004F8F10BD10B5002010B50349D1F8D000C0
:1046C0008047BFF34F8F10BD10B5002010B50349D0
:1046D000D1F8D4008047BFF34F8F10BD10B5002034
:1046E00010B50349D1F8D8008047BFF34F8F10BDF4
:1046F00010B5002010B50349D1F8DC008047BFF3A6
:104700004F8F10BD10B5002010B50349D1F8E0005F
:104710008047BFF34F8F10BD10B5002010B503497F
:10472000D1F8E4008047BFF34F8F10BD10B50020D3
:1047300010B50349D1F8E8008047BFF34F8F10BD93
:1047400010B5002010B50349D1F8EC008047BFF345
:104750004F8F10BD10B5002010B50349D1F8F000FF
:104760008047BFF34F8F10BD10B5002010B503492F
:10477000D1F8F4008047BFF34F8F10BD10B5002073
:1047800010B50349D1F8F8008047BFF34F8F10BD33
:1047900010B5002010B50349D1F8FC008047BFF3E5
:1047A0004F8F10BD10B5002010B50349D1F800019E
:1047B0008047BFF34F8F10BD10B5002010B50349DF
:1047C000D1F804018047BFF34F8F10BD10B5002012
:1047D00010B50349D1F808018047BFF34F8F10BDD2
:1047E00010B5002010B50349D1F80C018047BFF384
:1047F0004F8F10BD10B5002010B50349D1F810013E
:104800008047BFF34F8F10BD10B5002010B503498E
:10481000D1F814018047BFF34F8F10BD10B50020B1
:1048200010B50349D1F818018047BFF34F8F10BD71
:1048300010B5002010B50349D1F81C018047BFF323
:104840004F8F10BD10B5002010B50349D1F82001DD
:104850008047BFF34F8F10BD10B5002010B503493E
:10486000D1F824018047BFF34F8F10BD10B5002051
:1048700010B50349D1F828018047BFF34F8F10BD11
:1048800010B5002010B50349D1F82C018047BFF3C3
:104890004F8F10BD10B5002010B50349D1F830017D
:1048A0008047BFF34F8F10BD10B5002010B50349EE
:1048B000D1F834018047BFF34F8F10BD10B50020F1
:1048C00010B50349D1F838018047BFF34F8F10BDB1
:1048D00010B5002010B50349D1F83C018047BFF363
:1048E0004F8F10BD10B5002010B50349D1F840011D
:1048F0008047BFF34F8F10BD10B5002010B503499E
:10490000D1F844018047BFF34F8F10BD10B5002090
:1049100010B50349D1F848018047BFF34F8F10BD50
:1049200010B5002010B50349D1F84C018047BFF302
:104930004F8F10BD10B5002010B50349D1F85001BC
:104940008047BFF34F8F10BD10B5002010B503494D
:10495000D1F854018047BFF34F8F10BD10B5002030
:1049600010B50349D1F858018047BFF34F8F10BDF0
:1049700010B5002010B50349D1F85C018047BFF3A2
:104980004F8F10BD10B5002010B50349D1F860015C
:104990008047BFF34F8F10BD10B5002010B50349FD
:1049A000D1F864018047BFF34F8F10BD10B50020D0
:1049B00010B50349D1F868018047BFF34F8F10BD90
:1049C00010B5002010B50349D1F86C018047BFF342
:1049D0004F8F10BD10B5002010B50349D1F87001FC
:1049E0008047BFF34F8F10BD10B5002010B50349AD
:1049F000D1F874018047BFF34F8F10BD10B5002070
:104A000010B50349D1F878018047BFF34F8F10BD2F
:104A100010B5002010B50349D1F87C018047BFF3E1
:104A20004F8F10BD10B5002010B50349D1F880019B
:104A30008047BFF34F8F10BD10B5002010B503495C
:104A4000D1F884018047BFF34F8F10BD10B500200F
:104A500010B50349D1F888018047BFF34F8F10BDCF
:104A600010B5002010B50349D1F88C018047BFF381
:104A70004F8F10BD10B5002010B50349D1F890013B
:104A80008047BFF34F8F10BD10B5002010B503490C
:104A9000D1F894018047BFF34F8F10BD10B50020AF
:104AA00010B50349D1F898018047BFF34F8F10BD6F
:104AB00010B5002010B50349D1F89C018047BFF321
:104AC0004F8F10BD10B5002010B50349D1F8A001DB
:104AD0008047BFF34F8F10BD10B5002010B50349BC
:104AE000D1F8A4018047BFF34F8F10BD10B500204F
:104AF00010B50349D1F8A8018047BFF34F8F10BD0F
:104B000010B5002010B50349D1F8AC018047BFF3C0
:104B10004F8F10BD10B5002010B50349D1F8B0017A
:104B20008047BFF34F8F10BD10B5002010B503496B
:104B3000D1F8B4018047BFF34F8F10BD10B50020EE
:104B400010B50349D1F8B8018047BFF34F8F10BDAE
:104B500010B5002010B50349D1F8BC018047BFF360
:104B60004F8F10BD10B5002010B50349D1F8C0011A
:104B70008047BFF34F8F10BD10B5002010B503491B
:104B8000D1F8C4018047BFF34F8F10BD10B500208E
:104B900010B50349D1F8C8018047BFF34F8F10BD4E
:104BA00010B5002010B50349D1F8CC018047BFF300
:104BB0004F8F10BD10B5002010B50349D1F8D001BA
:104BC0008047BFF34F8F10BD10B5002010B50349CB
:104BD000D1F8D4018047BFF34F8F10BD10B500202E
:104BE00010B50349D1F8D8018047BFF34F8F10BDEE
:104BF00010B5002010B50349D1F8DC018047BFF3A0
:104C00004F8F10BD10B5002010B50349D1F8E00159
:104C10008047BFF34F8F10BD10B5002010B503497A
:104C2000D1F8E4018047BFF34F8F10BD10B50020CD
:104C300010B50349D1F8E8018047BFF34F8F10BD8D
:104C400010B5002010B50349D1F8EC018047BFF33F
:104C50004F8F10BD10B5002010B50349D1F8F001F9
:104C60008047BFF34F8F10BD10B5002010B503492A
:104C7000D1F8F4018047BFF34F8F10BD10B500206D
:104C800010B50349D1F8F8018047BFF34F8F10BD2D
:104C900010B5002010B50349D1F8FC018047BFF3DF
:104CA0004F8F10BD10B5002070B50446002512E0EE
:104CB000665D062E01DB002070BD06EB860101EB70
:104CC000C601074A02EB810000F022F808B9002073
:104CD000F2E7681CC5B2207AA842E9DC0120EBE7C4
:104CE0003489FF1F10B586B0044601A8FFF74CFABF
:104CF0000020ADF80600207A10B94020ADF80E0073
:104D0000A28891B2207801AAFEF756FF06B010BD26
:104D100030B501464868037A002200200CE00C7888
:104D200004EB8404084D05EB4404245C9C4201D14F
:104D3000541CE2B2441CE0B20A28F0DB0A2A01DB70
:104D4000012030BD0020FCE7F888FF1F70B500256A
:104D50003DE005EB850000EBC5001E4901EB80043A
:104D6000257005EB45001C4901EB800060600020C8
:104D700084F82600206384F8240084F82500606805
:104D8000FFF7B0FF1548A0600421A18114492161FB
:104D90000421A1820021216204F1080001F0FEFC3F
:104DA00000200DE06168097A09B9012100E00021C5
:104DB00005EB85020B4B03EB42021154411CC8B2B8
:104DC0000A28EFDB002008494855681CC5B2062DAB
:104DD000BFDB70BD3489FF1FCCD900006CD9000047
:104DE0009CD90000F888FF1F4080FF1F7FB5044654
:104DF0000D4616460020009001900290039000940A
:104E000001958DF8086001F09BFF039002231022AA
:104E100069463D2000F0FEFB7FBD000010B5214C2F
:104E2000214820601920A0802048A0600C20A0818B
:104E30000120A061204601F0B1FC01F039FC1C49C1
:104E4000086001F035FC1B49086001F031FC1A498B
:104E5000086001F02DFC194908601548006820B170
:104E600017491348006801F057FC1248006820B148
:104E700014491048006801F04FFC0F48006820B149
:104E800011490D48006801F047FC0C48006820B14A
:104E90000E490A48006801F03FFC0D493D2000F032
:104EA0004BFC10BD6C8AFF1F14DA000040DB0000D1
:104EB0005080FF1F5480FF1F5880FF1F5C80FF1F22
:104EC0008189000095890000A9890000BD89000042
:104ED000416A000010B51448047C042C06D0052C4F
:104EE00005D0092C0FD00A2C1AD10DE000BF0F48B5
:104EF000007838B90D48407820B94FF480710A48DD
:104F000001F052FC0DE000BF0848007838B90748AE
:104F1000407820B94FF48031034801F045FC00E0AF
:104F200000BF00BF10BD00006C8AFF1F4C80FF1F38
:104F3000F8B501F005FF06460027002428E004EB41
:104F4000840202EBC402634B03EB82025268928834
:104F500091B204EB840202EBC40203EB82025268BA
:104F60001078FEF72BFF054604EB84005A4901EB4D
:104F700040005A49095D45545848005D401C0A21CB
:104F8000B0FBF1F201FB120054490855601CC4B299
:104F9000062CD4DB002427E004EB4400504901EB4D
:104FA000C0052846FFF780FEC0B101274D4850F8E4
:104FB0002400E968884207D24A4850F82400401C7F
:104FC000484941F824000DE00222D5E90401FFF729
:104FD0000DFF0020434941F8240003E0002041492F
:104FE00041F82400601CC4B2002CD5D000200090F1
:104FF0006AE09DF8000000EB800101EBC00035493C
:1050000001EB80042046FFF783FE84F824001FB1E3
:10501000012084F8260002E0002084F8260094F89D
:10502000240094F8251088422BD014F8240F6070C7
:1050300014F8240940B1A66200202063002104F185
:10504000080001F0B1FB1CE0E662012104F1080058
:1050500001F0AAFB94F8260068B9D4E90A10451AB1
:1050600060684089A84205D9012269469DF8000080
:10507000FFF7BCFE00BF032269469DF80000FFF762
:10508000B5FEA06902281AD194F82400B8B194F8AA
:105090002600A0B9206B401C206361684989206B01
:1050A00088420CD3022104F1080001F07DFB0020AE
:1050B0002063022269469DF80000FFF797FE9DF8E5
:1050C0000000401CC0B200909DF80000062890DB54
:1050D000F8BD00003489FF1FF888FF1F4080FF1FC4
:1050E00054D900004880FF1F30B5034618480078A7
:1050F000834200DA09B9002030BD086810B10868A1
:10510000007908B90020F7E7C3EBC300114C04EBAA
:10511000C00292F8350088B192F8240003280DD11E
:10512000D0680C68A04209D1107C0C79A04205D14E
:1051300054698868844201D10120DDE791E831009B
:10514000C2E907459061012082F8240000BFD3E73F
:105150000BDD0000888AFF1F70B505460C460CB9B0
:10516000002070BD0DB90020FBE7002020606060CA
:10517000A06000211EE001EB4100144A52F820001B
:105180002840A84214D101EB410002EB80000079D5
:10519000207001EB410002EB80004079607001EB70
:1051A000410002EB80008068606001202072D8E737
:1051B000481CC1B21829DED32146284606F03EF924
:1051C00008B10120CDE70020CBE70000D0DB0000D4
:1051D0000146162901DB0020704701EB4100024A1D
:1051E00002EB8000F8E70000E8DD000070B500F099
:1051F00059F800252EE0C5EBC500194901EBC004A4
:1052000005EB8500174901EB40000168216041680A
:105210006160008920810020E06020616061A06100
:10522000E061206284F8240084F82500A062E06236
:10523000206384F8340084F8350084F8360084F85C
:105240003700204606F005FC0021204606F08CFCC5
:10525000681CC5B2044800788542CCDB70BD0000F4
:10526000888AFF1FF0DC00000BDD000070B50546EA
:105270000A480078854200DB70BDC5EBC5000849CF
:1052800001EBC004002084F83600012084F83400CB
:1052900001F056FDA06200BFEEE700000BDD00004C
:1052A000888AFF1F7047000010B504460648007842
:1052B000844200DB10BDC4EBC401044A02EBC10010
:1052C00006F041FC00BFF5E70BDD0000888AFF1FF8
:1052D0002DE9F04101F034FD05461E480068281A0A
:1052E0000A2801D2BDE8F0811A48056000262AE0AC
:1052F000C6EBC600184901EBC00494F8240001284D
:1053000002D1204606F0C6FB94F8350028B194F887
:10531000340010B194F8360000B112E0E06800B932
:105320000FE0E068006894F8251000EB8108A06A9F
:105330002F1AB8F80000B84202D8204606F0C5FB84
:1053400000BF701CC6B2054800788642D0DB00BFA3
:10535000C8E700007080FF1F888AFF1F0BDD000078
:1053600010B5044604F0010048B100BF40F223101C
:105370001A49086043F21020086000BF00BF04F023
:10538000020028B100BF16481649086100BF00BFDF
:1053900004F0040030B100BF4AF201501249088005
:1053A00000BF00BF04F0100018B14AF2085000F02E
:1053B000C7FB04F0400018B14AF2035000F0C0FBF4
:1053C00004F0800040B100BF772008490860074919
:1053D0000831086000BF00BF10BD0000000401409C
:1053E0000100A5A500800440FC3B054004080540E1
:1053F00010B5044604F0010028B100BF002019498F
:10540000086000BF00BF04F0020028B100BF1648CA
:105410001649086100BF00BF04F0040030B100BFAE
:105420004FF425401249088000BF00BF04F010006F
:1054300018B14AF2085000F075FB04F0400018B1B2
:105440004AF2035000F06EFB04F0800040B100BF50
:1054500076200849086007490831086000BF00BF8E
:1054600010BD0000000401400000A5A5008004401C
:10547000FC3B05400408054010B500F0F7FC10BDEA
:1054800070B504462546074828601420A8800648C1
:10549000A8600620A8810020A861284601F07EF9B6
:1054A00070BD0000ECE80000DCE9000070B50446C7
:1054B00084210859FEF746F90546202D22D006DC46
:1054C000042D09D0082D12D0102D47D125E0402DF4
:1054D0002ED0802D42D136E0042104F1680001F085
:1054E00063F9842108590421FEF706F837E0082102
:1054F00004F1680001F058F9842108590821FDF7EA
:10550000FBFF2CE0202104F1680001F04DF984211B
:1055100008592021FDF7F0FF21E0102104F1680077
:1055200001F042F9842108591021FDF7E5FF16E04A
:10553000402104F1680001F037F984210859402125
:10554000FDF7DAFF0BE0802104F1680001F02CF98F
:10555000842108598021FDF7CFFF00E000BF00BF84
:1055600070BD000010B500200749A1F8C000C4219B
:105570000548FAF7DAFE00BF102304A205A10020B7
:1055800000F0E0FC00BF10BD64B00020494E464F63
:10559000000000001B5B33326D5B25735D204D7393
:1055A000672050756253756220696E6974204F4B95
:1055B0002C206D6178207375627363726962653A3D
:1055C0002025641B5B306D0D0A00000010B50246FB
:1055D0000B46002117E001EB41000D4C04EB80006D
:1055E000007A70B101EB410054F82000904208D1DC
:1055F00001EB410004EB80004068984201D101209A
:1056000010BD481C81B21029E5DB0020F8E700003E
:1056100064B000202DE9F84305460F4690461E462B
:105620004FF00009022E09DD00BF2B462AA22C49AB
:105630000020009600F086FC00BF022600243BE01C
:1056400004EB4400274901EB8000007A88B304EBA7
:10565000440051F82000A8422BD14FF0010904EB7F
:10566000440001EB80004068B8B900BF2B461EA281
:105670001F490020009400F065FC00BF002004EBEF
:105680004401184A02EB810108721046B0F8C000CC
:10569000401E1146A1F8C0000CE004EB4400114983
:1056A00001EB8000334642463946D0F804C0284614
:1056B000E04700BF601C84B2102CC1DBB9F1000FC1
:1056C00007D100BF2B460BA20CA1002000F03AFC32
:1056D00000BFBDE8F88300005741524E00000000B3
:1056E000BCF0000064B000204552524F5200000050
:1056F00000F1000044454255470000001B5B333673
:105700006D5B25735D204D7367205075626C697306
:10571000683A206E6F207375627363726962657296
:105720002028746F7069633A307825303458291B0B
:105730005B306D0D0A000000F8B505460E464EB907
:1057400000BF2B462CA22EA1002000F0FBFB00BFC7
:105750000120F8BD31462846FFF738FF48B100BFA9
:105760002B4637A23849002000F0ECFB00BF012097
:10577000EFE73648B0F8C000102809DB00BF2B4621
:105780001DA23349002000F0DDFB00BF0120E0E74F
:1057900000242DE004EB44002C4901EB8000007A4A
:1057A00020BB04EB440041F8205004EB440001EB23
:1057B00080004660012004EB4401244A02EB810191
:1057C00008721046B0F8C000401C1146A1F8C00095
:1057D00000BF0846B0F8C0002B461EA21FA10090D3
:1057E000002000F0AFFB00BF0020B2E7601C84B2D5
:1057F000102CCFDB0120ACE74552524F5200000085
:105800001B5B33316D5B25735D204D7367205375D2
:10581000627363726962653A2063616C6C62616392
:105820006B206973204E554C4C2028746F7069634F
:105830003A307825303458291B5B306D0D0A000052
:105840005741524E0000000034F0000064B00020C8
:1058500078F00000494E464F000000001B5B3332D9
:105860006D5B25735D204D736720537562736372A2
:105870006962653A20746F7069632030782530342E
:1058800058204F4B2028746F74616C3A2564291B93
:105890005B306D0D0A00000070B52DED028B0546E2
:1058A0000C46B0EE408AF0EE608A84ED018AC4EDC9
:1058B000028A38EE680A84ED0A0A287810B10128B5
:1058C0000ED106E02146284600F059F884ED060A7C
:1058D0000BE02146284600F029F884ED060A04E092
:1058E0009FED110ABDEC028B70BD00BF94ED060A5E
:1058F000D4ED090AB4EEE00AF1EE10FA04D294ED08
:10590000090A84ED060A0CE094ED060AD4ED080AB3
:10591000B4EEE00AF1EE10FA03DD94ED080A84ED2E
:10592000060A94ED060ADDE70000000091ED0A0A80
:1059300091ED0B1A30EE410A90ED011A20EE010AAA
:1059400090ED021AD1ED0A1A01EE210AF0EE400A9A
:1059500091ED060A30EE200A81ED060A91ED0B0A60
:1059600081ED0C0A91ED0A0A81ED0B0A91ED060A10
:10597000704700B50246084600F05AF800BD70B501
:105980002DED068B05460C4694ED0D0AD4ED0A0A62
:1059900030EE200A84ED0D0A95ED040A10EE101A7F
:1059A0000846FAF70AFD41EC180B94ED0D0A10EECB
:1059B000101A0846FAF701FD41EC1A0BB0EE4A0A3C
:1059C000F0EE6A0A03F0F8F9B0EE409AF0EE609A51
:1059D00053EC182B51EC190BFAF73AFD14D2D5ED14
:1059E000040A94ED0D0AB5EEC00AF1EE10FA01DDDD
:1059F000012001E04FF0FF3000EE100AB8EEC00ABF
:105A000020EE800A84ED0D0A95ED010AD4ED0A0A14
:105A100020EE200AD5ED020A94ED0D1A00EE810A5F
:105A200084ED060A94ED060ABDEC068B70BD0000FD
:105A30009FED0C0A80ED010A9FED0A0A80ED020A33
:105A40009FED080A80ED0A0A9FED060A80ED0B0A19
:105A50009FED040A80ED0D0A9FED020A80ED060A13
:105A600070470000000000009FED0A0A80ED0A0A5E
:105A70009FED080A80ED0B0A9FED060A80ED0C0AE7
:105A80009FED040A80ED0D0A9FED020A80ED060AE3
:105A9000704700000000000000B9704780ED010A67
:105AA000D0ED020A70EE600AC0ED0A0A00BFF4E70A
:105AB00010B500BF0F48008800F00200022800D196
:105AC00004E040F2AD410CA0FDF79AF800BF094890
:105AD000001D007800F0C00040F00F000549091DCE
:105AE000087010200349113108701E20FDF7F0F8EE
:105AF000002010BDFE4305402E2E5C647269766561
:105B000072735C686333325F6C6C5F647269766574
:105B1000725C7372635C686333325F6C6C5F707766
:105B2000632E630004490988814341F42541034AF7
:105B3000A2F8FE1370470000FE43054000400540F8
:105B4000034909880143034AA2F8FE137047000085
:105B5000FE43054000400540014600224A810A817B
:105B6000704700002DE9F04706460F4690469946DB
:105B7000DDF820A02E4890F86002082802D3FF200C
:105B8000BDE8F08737B1B8F1020F03DBB9F1000FC0
:105B900000D00EB9FF20F3E700250BE005EB450030
:105BA00000EB0510224901EB8000007F00B903E003
:105BB000681CC5B2082DF1D300BF05EB450000EB12
:105BC00005101B4901EB80042760A4F8048084F8C9
:105BD000069000206081208184F81DA00F223146AC
:105BE00004F10C00FAF7ACFB0021E17601202077EC
:105BF000104860621048A0621048E06210482063BC
:105C0000104860631048E0631048A06310482064A7
:105C1000104860641048A0642046FFF79DFF0448C8
:105C200090F86002401C024981F860022846A7E70C
:105C3000ACB200200B5E0000C55D0000595B0000A7
:105C4000A35D00008F5D00006B5D0000B95C00008B
:105C50002D5D0000D15C0000055E000070B50546BA
:105C60000DB9002070BD00241FE004EB440000EBE0
:105C70000410104901EB8000007FA0B104EB440147
:105C800001EB04110B4A02EB810101F10C002946E2
:105C9000FAF769FB38B904EB440000EB041005493E
:105CA00001EB8000DEE7601CC4B2082CDDD30020CD
:105CB000D8E70000ACB2002070B50446254628465F
:105CC000E96B8847A988491E081A80B270BD000098
:105CD0002DE9F0412DED028B044625469FED120A79
:105CE000B0EE408A6E892846E96B88470746D5F8AA
:105CF0000080002010E008EB860191ED000A30EEF4
:105D0000080AB0EE408AAA88711C91FBF2F302FBEC
:105D100013118EB2411C88B2B842ECDBB0EE480AD7
:105D2000BDEC028BBDE8F081000000002DE9F047DA
:105D30000446254600266F892846E96B8847804639
:105D4000D5F8009000200BE019F807100E44AA883F
:105D5000791C91FBF2F302FB13118FB2411C88B244
:105D60004045F1DB3046BDE8F08702461146088920
:105D70004B89984204DB08894B89C01A80B270476E
:105D800088884B89C01A0B89184480B2F7E701460E
:105D90000A4610895389984201D10120704700209A
:105DA000FCE710B501460A461089401C938890FB19
:105DB000F3F403FB14005389984201D1012010BD74
:105DC0000020FCE72DE9F04105460E462C46204612
:105DD000616B884710B10220BDE8F0816189A2792A
:105DE000206801FB0207A27939463046FAF784FAA7
:105DF0006089401CA18890FBF1F201FB12006081D8
:105E00000020E9E70246517770472DE9F041054649
:105E10000E462C4616B90420BDE8F081607F28B9F3
:105E20002046216B884768B10120F5E72046216BA9
:105E3000884738B16089401CA18890FBF1F201FBD2
:105E4000120060812189A279206801FB0207A279F2
:105E500031463846FAF750FA2089401CA18890FB59
:105E6000F1F201FB120020810020D5E710B502F00D
:105E7000D1FD10BD2DE9F04104460D46164600BF88
:105E80000E4F3878532801D002F0C4FD00BFEFF365
:105E900011800746202080F3118800BF00BF3246E2
:105EA0002946204600F00CF88046F8B280F31188AD
:105EB00000BF00BF4046BDE8F081000010B80020E0
:105EC0002DE9F047074688461646C24607EB4701CC
:105ED0001B4800EBC109D9F8140020B1012811D0EA
:105EE000022826D11EE0484602F0D2FD0546B54202
:105EF00001D2002405E0344632465146484602F0BD
:105F00001EFF18E0484602F0C3FD0546B54201D227
:105F1000284600E03046044622465146484602F0F4
:105F20000EFF08E032465146484602F0CDFE0446D8
:105F300001E0002400BF00BF2046BDE8F08700005C
:105F400028B800200FB438B5044606A800906A4669
:105F50002046059900F007F80546002000902846E5
:105F600038BC5DF814FB2DE9F04F99B082460D4620
:105F7000144603A814904020159000201690CDF8E8
:105F800060A0179000BF2E786D1C06B9DDE0252EAD
:105F900079D100274FF0010900BF2E78232E12D0AF
:105FA0002B2E0CD02D2E02D0302E10D103E047F036
:105FB00001076D1C0EE047F002076D1C0AE047F078
:105FC00004076D1C06E047F008076D1C02E04FF067
:105FD000000900BF00BFB9F1000FDED14FF000088B
:105FE00000BF2E78302E01DB392E00DD07E06D1C5E
:105FF000A6F1300008EB880100EB4108F1E700BF93
:10600000002013902E782E2E12D16D1C00BF2E78FA
:10601000302E01DB392E00DD09E06D1CA6F13000C9
:10602000139901EB810100EB41001390EFE700BFF2
:106030002E7800BF6C2E01D0682E02D16D1C2E78F8
:1060400000E000E0F6E700BF702E5DD008DC252EF2
:106050006AD0582E35D0632E09D0642E69D113E052
:10606000732E3CD0752E1DD0782E62D128E0216889
:10607000081D2060D1F8009009F0FF0B594614A8C4
:1060800002F000FE56E058E02168081D2060D1F8BB
:106090000090CDE900870A22494614A8139B02F01C
:1060A00005FD47E02168081D2060D1F80090CDE98A
:1060B00000870A22494614A8139B02F06DFD39E0BF
:1060C00000BF2168081D2060D1F80090CDE900874D
:1060D0001022494614A8139B02F05EFD2AE02168B5
:1060E000081D2060D1F800B000BF9BF800600BF1E4
:1060F000010B06B906E0314614A802F0C3FD17985B
:106100000028F2DA00BF15E02168081D2060D1F8F0
:106110000090002008210B461022CDE900104946CE
:1061200014A802F039FD05E0252114A802F0AAFD0B
:1061300000E000BF00BF6D1C03E0314614A802F070
:10614000A1FD17980028BFF61EAF00BF17980028C2
:106150000ADD169820B103A95046169AFFF78AFE69
:10616000DDE9161008441790179819B0BDE8F08FB4
:106170002DE9F04704460F4690464FF0000900BF56
:1061800024B144F00F000F2800D103E0C72126A05E
:10619000FCF736FD00BF00BF072F00D803E0C82181
:1061A00021A0FCF72DFD00BF00BFB8F1070F00D8FC
:1061B00003E0C9211CA0FCF723FD00BF00BF264857
:1061C0000068772800D103E0CA2117A0FCF718FD6A
:1061D00000BF24E004F00100E0B14FEAC960050E01
:1061E000281DC6B207FA06F008FA05F10843072190
:1061F000B1400722AA40114308400721B1400722BD
:10620000AA401143144A121F12688A4310431249CC
:10621000091F0860640809F1010000F0FF09002C63
:10622000D8D1BDE8F08700002E2E5C6472697665D7
:1062300072735C686333325F6C6C5F64726976653D
:10624000725C7372635C686333325F6C6C5F737231
:10625000616D2E6300000000040805407FB505460F
:106260000C460026B84800680390B7484068029082
:10627000B54880680190B448C068009000BF04F041
:10628000E060E8B104F0E060B0F1807F18D004F085
:10629000E060B0F1007F13D004F0E060B0F1407F27
:1062A0000ED004F0E060B0F1806F09D004F0E0603F
:1062B000B0F1A06F04D004F0E060B0F1C06F00D185
:1062C00004E040F2A121A1A0FCF79AFC00BF00BFAE
:1062D00004F07000B8B104F07000102813D004F07E
:1062E000700020280FD004F0700030280BD004F08C
:1062F0007000402807D004F07000502803D004F04C
:106300007000602800D104E040F2A2218FA0FCF7C9
:1063100077FC00BF00BF04F4E020E8B104F4E02003
:10632000B0F5803F18D004F4E020B0F5003F13D062
:1063300004F4E020B0F5403F0ED004F4E020B0F5C6
:10634000802F09D004F4E020B0F5A02F04D004F48D
:10635000E020B0F5C02F00D104E040F2A3217BA0E3
:10636000FCF74EFC00BF00BF04F4E000E8B104F409
:10637000E000B0F5801F18D004F4E000B0F5001F75
:1063800013D004F4E000B0F5401F0ED004F4E00098
:10639000B0F5800F09D004F4E000B0F5A00F04D0F0
:1063A00004F4E000B0F5C00F00D104E04FF429710F
:1063B00066A0FCF725FC00BF00BF04F00700B8B1E1
:1063C00004F00700012813D004F0070002280FD0C2
:1063D00004F0070003280BD004F00700042807D0BE
:1063E00004F00700052803D004F00700062800D1B8
:1063F00004E040F2A52155A0FCF702FC00BF00BF5D
:1064000004F4E060E8B104F4E060B0F5807F18D0F7
:1064100004F4E060B0F5007F13D004F4E060B0F560
:10642000407F0ED004F4E060B0F5806F09D004F432
:10643000E060B0F5A06F04D004F4E060B0F5C06F88
:1064400000D104E040F2A62140A0FCF7D9FB00BF38
:1064500000BF04F4E040E8B104F4E040B0F5805F30
:1064600018D004F4E040B0F5005F13D004F4E0402D
:10647000B0F5405F0ED004F4E040B0F5804F09D095
:1064800004F4E040B0F5A04F04D004F4E040B0F5CF
:10649000C04F00D104E040F2A7212CA0FCF7B0FBD4
:1064A00000BF00BF3448284000B104E04FF42A7117
:1064B00026A0FCF7A5FB00BF00BF3048008800F015
:1064C000010000B104E040F2A92120A0FCF798FBF4
:1064D00000BF2B48007800F00700052817D10126DF
:1064E00000BF1948006900F0010000B104E04FF45A
:1064F0002C7116A0FCF784FB00BF224812490860EB
:10650000C01248608860C8601E20FCF7E1FB1C4890
:106510002638006AA84304EA0501084318492639C9
:1065200008621E20FCF7D4FB012E0BD1064903980C
:10653000086002984860019888600098C8601E2032
:10654000FCF7C6FB7FBD0000008004402E2E5C647B
:106550007269766572735C686333325F6C6C5F641A
:1065600072697665725C7372635C686333325F6C08
:106570006C5F636C6B2E630077777707FE43054093
:1065800026400540EEFAFFFF7FB50446002530485F
:10659000006803902E48406802902D488068019062
:1065A0002B48C068009000BF4CB1012C07D0022CD2
:1065B00005D0032C03D0042C01D0052C00D104E01D
:1065C00040F2372123A0FCF71BFB00BF00BF2C4883
:1065D000008800F0010000B104E04FF40E711DA02E
:1065E000FCF70EFB00BF2748007800F007000528E5
:1065F00001D0052C17D1012500BF1548006900F016
:10660000010000B104E04FF4107112A0FCF7F8FA99
:1066100000BF1D480E490860C01248608860C8600D
:106620001E20FCF755FB174804701E20FCF750FB9A
:10663000012D0BD106490398086002984860019823
:1066400088600098C8601E20FCF742FB7FBD0000F8
:10665000008004402E2E5C647269766572735C68FB
:106660006333325F6C6C5F6472697665725C7372FF
:10667000635C686333325F6C6C5F636C6B2E6300CA
:10668000FE43054026400540EEFAFFFF10B50748DF
:10669000007800B110BD01210020FDF785FD00B993
:1066A000F8E701200149087000BFF3E78882FF1F67
:1066B0001748007808B900207047002124E01548E9
:1066C00000EB01100078E8B90120124A02EB011238
:1066D000107000200F4A02EB011250700D4A02EBBD
:1066E000011290700B4A02EB01125060094A02EB52
:1066F00001129060074A02EB0112D060054800EBDE
:106700000110D9E7481CC1B21029D8D30020D3E723
:106710008882FF1F10B7002000B97047C16000BF1A
:10672000FBE710B1037803B102B970478170426092
:10673000002383600123437000BFF6E700B9704770
:1067400000214170816000BFF9E7000070B50126AB
:1067500000251EE0104800EB0514207808B1607891
:1067600000B914E0A0683044A060D4E90110884268
:106770000CD3E06810B12046E1688847A07818B9CA
:1067800000206070A06001E00020A06000BF681CD5
:10679000C5B2102DDED370BD10B7002000B9704710
:1067A0008169016100BFFAE72DE9F041044688469E
:1067B0000CB9BDE8F0812669002500BF0FE005EBAC
:1067C0004502216801EB820001682269914204D1EF
:1067D0004168414501D1866804E0681C85B2A08803
:1067E000A842ECDC00BF2069B04200D1E1E70025FF
:1067F0000FE005EB4501A06800EB810738682169CF
:10680000884204D1B86810B1B868804704E0681CB9
:1068100085B2A089A842ECDC00BF206960612661D6
:1068200000250FE005EB4501A06800EB8107386803
:106830002169884204D1786810B17868804704E003
:10684000681C85B2A089A842ECDC00BF00BFB0E79D
:1068500070B586B06A4800F05BFC6A490868FCF7CE
:106860007BFE6749C86101A8FDF78EFC0220ADF8E8
:1068700006000020042332226349009063A0FFF742
:1068800071F90020042332226249009062A0FFF7D0
:1068900069F900259AE005EB850000EBC511584821
:1068A000443000EB8104257000206070A0604FF43C
:1068B000FA60E060002020610A20606140F6C410A8
:1068C000E0619FED570A84ED810A9FED560A84ED41
:1068D000820A6420C4F80C0225B94CA0FFF7BEF967
:1068E000606405E0012D03D14BA0FFF7B7F96064A8
:1068F0009FED4D0A84ED0C0A9FED4B0A84ED0D0AC5
:10690000B2EE000A84ED0E0A142121643D490831DB
:1069100051F82500FCF720FEC4F8B80104F5CE704C
:10692000FAF7B8F884F84C5000214D20015535494C
:10693000103151F82500FCF70FFE8421085104F1B5
:106940006800FEF79DFD05EB850000EBC5112C48A6
:10695000443000EB810000F14C06344800EBC500E8
:10696000B061B0690068007918B10020ADF80E0080
:1069700002E00120ADF80E00B26912685188B269D8
:106980001268107801AAFDF717F9B069406800791C
:1069900018B10020ADF80E0002E00120ADF80E00A5
:1069A000B26952685188B2695268107801AAFDF73D
:1069B00003F91449203151F82500FCF7CDFDC4F846
:1069C000F80104F5EE70FBF771FC6D1C022DFFF66B
:1069D00062AF17493020FEF7AFFE16492020FEF7C0
:1069E000ABFE15493E20FEF7A7FE14493D20FEF7F9
:1069F000A3FE0349C8698121FCF72EFF06B070BDD4
:106A0000DC82FF1F0880FF1F4887FF1F56617869DF
:106A1000735F31001088FF1F56617869735F320021
:106A20000000AA4200000C420000000050EB0000F1
:106A3000DD780000497C0000857300006977000064
:106A40002DE9F04781460D4690469A46B8F1100F61
:106A500001D0BDE8F0872C462068002837D1207A85
:106A6000012802D0207A022803D101209B49087016
:106A700094E0207A0328FBD10020984908709848B8
:106A80000068FFF75BFE9748077C022F02D10821C0
:106A9000FFF78AFE062F0BD100209049887092489C
:106AA0000068FFF74BFE4FF480718E48FFF77CFEC5
:106AB0000B2F0BD10020894988708C480068FFF7A4
:106AC0003DFE4FF480318748FFF76EFE66E0206898
:106AD000012838D1207A012802D0207A022803D157
:106AE00001207E49487059E0207A032856D10020C1
:106AF0007A4948707E480068FFF720FE7948077C95
:106B0000072F03D14FF40061FFF74EFE062F0BD184
:106B100000207249887074480068FFF70FFE4FF438
:106B200080717048FFF740FE0B2F0BD100206B499E
:106B300088706E480068FFF701FE4FF480316948A5
:106B4000FFF732FE2AE02068202827D1207A01288A
:106B500002D0207A022803D10120604988701DE00C
:106B6000207A03281AD100205C4988705E480068AA
:106B7000FFF7E4FD5D480068FFF7E0FD5948077C3A
:106B8000062F03D14FF48071FFF70EFE0B2F04D1B7
:106B90004FF480315348FFF707FE00BF5148067C91
:106BA0000B2E74D2DFE806F09506952A747595953C
:106BB0004D8485004948007868B14848407850B90C
:106BC00002214848FFF7F0FD41F288320021444895
:106BD0000068FFF7A6FD4148407870B13F48007853
:106BE00058B94FF400713F48FFF7DEFD41F288329B
:106BF00000213F480068FFF794FD6BE037480078BC
:106C000030B13648407818B910213648FFF7CCFD2E
:106C10003248407830B13148007818B920213148E5
:106C2000FFF7C2FD2D48807850B140212D48FFF775
:106C3000BBFD41F2883200212B480068FFF771FD4F
:106C400048E02648407838B12448007820B94FF40D
:106C500080512448FFF7A8FD2048007838B11F482C
:106C6000407820B94FF400511E48FFF79DFD1B48A6
:106C7000807858B14FF480411A48FFF795FD41F2F2
:106C80008832002119480068FFF74BFD22E020E020
:106C900000BF1248807850B140211248FFF784FDB0
:106CA00041F28832002110480068FFF73AFD00BF2A
:106CB00000BF0A48807858B14FF480410948FFF777
:106CC00073FD41F28832002108480068FFF729FD72
:106CD00000BF00BF00BF00BFBBE600004C80FF1F2D
:106CE0005080FF1F6C8AFF1F5480FF1F5C80FF1FB6
:106CF0005880FF1F10B500F021FA00241BE004EBC0
:106D0000840101EBC4120D4901EB8200FBF7E4FAA8
:106D100004EB840101EBC412084901EB8200F9F78E
:106D20002FFF04EB840101EBC412044901EB820044
:106D3000FEF7BCFB641C022CE1DB10BD2083FF1FAF
:106D400001480068704700007C82FF1F10B500F00A
:106D500001F810BD03480068034909680844014967
:106D6000086070477C82FF1F7882FF1FF0B50146E4
:106D70004FF0FF34A9B3B1F57A7F32D84FF47A706F
:106D8000B0FBF1F0184A10601848006AC0F30263C3
:106D900017480068D840B0FBF1F2501EB0F1807F78
:106DA00001D301201BE0501E4FF0E023586158171B
:106DB0000F23002804DB1D072E0E0E4D2E5406E077
:106DC0001D072F0E0C4D00F00F06361FAF5500BFEC
:106DD00000204FF0E023986107201861002000B9DF
:106DE00000242046F0BD00007882FF1F00400540CF
:106DF0000080FF1F00E400E018ED00E070B5FFF731
:106E00009FFF064600251BE005EB45000F4901EBFF
:106E1000C004207D08B1A06800B90FE0E08920B16E
:106E20002069301AE189884207D3A0688047E08949
:106E300008B1266101E00020207500BF681C85B202
:106E40000248B0F88001A842DEDC70BD28B1002005
:106E500010B54FF4C2710A48F9F767FA00BF102362
:106E600008A20AA10020FFF76DF800BF00BF1023A1
:106E700014A216A10020FFF765F800BF10BD0000A6
:106E800028B10020494E464F000000001B5B333202
:106E90006D5B25735D20537973205363686564755A
:106EA0006C657220696E6974204F4B20286D617883
:106EB000206D6F64756C65733A2564291B5B306DBA
:106EC0000D0A00004D41494E000000001B5B3336A7
:106ED0006D5B25735D20537973205363686564751A
:106EE0006C657220696E6974204F4B20286D617843
:106EF000206D6F64756C65733A2564291B5B306D7A
:106F00000D0A00007CB5044624B13048B0F8800179
:106F1000102808DB00BF2EA22FA10020FFF712F8D7
:106F200000BF01207CBD002514E005EB4502274B86
:106F300053F832002168F9F716FA48B900BF34A2B5
:106F400035A100202368FEF7FDFF00BF0120E9E71F
:106F5000681C85B21D48B0F88001A842E5DC1B49D9
:106F6000B1F8801101EB4101184A02EBC10018226F
:106F70002146F9F7C1F91548B0F88001401C1349C2
:106F8000A1F880010846B0F88001401E00EB4000E7
:106F900001EBC000406848B1B1F88011491E01EB17
:106FA00041010A4A02EBC1014868804700F070F8CD
:106FB00000BFE089217BCDE9001024A225A100209B
:106FC0002368FEF7BFFF00BF0020ABE728B1002019
:106FD0004552524F520000001B5B33316D5B2573ED
:106FE0005D205363686564207265676973746572B8
:106FF0003A20696E76616C6964206D6F64756C65AA
:10700000206F722066756C6C1B5B306D0D0A000082
:107010005741524E000000001B5B33336D5B2573FC
:107020005D20536368656420726567697374657277
:107030003A206475706C6963617465206D6F647566
:107040006C652025731B5B306D0D0A00494E464F61
:10705000000000001B5B33326D5B25735D205363C2
:107060006865642072656769737465723A20257378
:1070700020287072696F3A25642C20706572696FE0
:10708000643A25646D73291B5B306D0D0A000000A6
:1070900030B587B0012532E005EB45001B4A02EB15
:1070A000C001182201A8F9F727F9681E04B20EE002
:1070B00004EB4402154B03EBC201621C02EB4202DB
:1070C00003EBC2001822F9F717F9601E04B2002C76
:1070D00009DB04EB44000D4901EBC000007B9DF887
:1070E00010108842E4DC611C01EB4101074A02EB0D
:1070F000C100182201A9F9F7FFF8681C85B20348FE
:10710000B0F88001A842C7DC07B030BD28B100202C
:1071100070B504462546074828601120A880064817
:10712000A8600620A8810020A8612846FFF736FB4A
:1071300070BD000024EA0000F0EA000010B55549D7
:10714000C869FCF7FFFA044652490A230222C869BB
:107150008121FCF723FB38B101214E48FFF724FBC6
:1071600080214C48FFF720FB4A490A230222C869C4
:107170000121FCF713FB38B101214648FFF714FB4E
:1071800001214448FFF710FB42490A230222C86943
:107190008821FCF703FB38B108213E48FFF704FBC8
:1071A00080213C48FFF700FB102C45D008DC012C67
:1071B00010D0022C22D0042C48D0082C66D15BE0E1
:1071C000202C25D0402C2DD0802C0DD0B4F5005F84
:1071D0005CD145E001212F48FFF7E6FA2D49C86947
:1071E0000121FCF789F952E080212A48FFF7DCFAF7
:1071F0002849C8698021FCF77FF948E00221254829
:10720000FFF7D2FA2349C8690221FCF775F93EE07D
:1072100020212048FFF7C8FA1E49C8692021FCF741
:107220006BF934E040211B48FFF7BEFA1949C869E1
:107230004021FCF761F92AE010211648FFF7B4FA63
:107240001449C8691021FCF757F920E004211148BE
:10725000FFF7AAFA0F49C8690421FCF74DF916E0B7
:107260004FF400510B48FFF79FFA0A49C8694FF4E1
:107270000051FCF741F90AE008210648FFF794FAAB
:107280000449C8690821FCF737F900E000BF00BFD6
:1072900010BD0000DC82FF1F70B52B4D2D6805F07E
:1072A00001051DB1294D2A4E356002E0294D284EB9
:1072B0003560294D2D7805F00700062840D2DFE81B
:1072C00000F003080C11151A214D2D68234E35606E
:1072D00037E0234D214E356033E04FF400451F4E1B
:1072E00035602EE01E4D1D4E35602AE04FF40045FE
:1072F0001A4E356025E0184DDA352D68C5F30822A1
:10730000154D263DD5F800512B0F134DDA352D685C
:1073100005F01F04104D263DD5F8005105F08005FD
:107320000DB90F4901E00A4D2968651CB1FBF5F55F
:10733000561C75435E1CB5FBF6F5084E356000E043
:1073400000BF00BF70BD0000840601400024F400AF
:107350000480FF1F002D3101264005400080FF1FE3
:1073600000127A0000B50648006840F47000044935
:107370000860FFF791FF002001498039086000BDD7
:1073800088ED00E02DE9F04780460E461746994605
:107390000EB10E2F01D0BDE8F087DC48006902284D
:1073A00000D0F8E734466079012870D103F088FBFB
:1073B000D64890F840000028F7D12079002867D1FE
:1073C00000257EE005EB850000EBC511CF48443079
:1073D00000EB810090F82C0001285FD1CB4981F8A7
:1073E000400005EB850000EBC511C848443000EBB8
:1073F000810090ED0A0AF3EE050AB4EEE00AF1EE20
:1074000010FA22DD05EB850000EBC511BF484430C2
:1074100000EB810090ED0A0ADFEDBD0AB4EEE00A50
:10742000F1EE10FA11D205EB850101EBC512B74957
:10743000443101EB8201D1F884001021FCF70CFAF1
:107440002021284604F0D0FB39E005EB850000EB55
:10745000C511AE48443000EB810090F82E000128A1
:1074600004D11021284604F0BFFB28E005EB85007D
:1074700000EBC511A548443000EB810090F82E00C8
:10748000022806D12021284604F0AEFB17E036E0A2
:107490001BE0A049284604F0A7FB10E001209B490F
:1074A00081F84000D1F83C024FF40061FCF7D4F9B8
:1074B0009649D1F850044FF40061FCF7CDF9681CEF
:1074C000C5B2022DFFF67EAF19E02079012816D152
:1074D0008E4981F8400001218C4880F8401280F8E4
:1074E00054140146D1F83C024FF48051FCF7B4F932
:1074F0008649D1F850044FF48051FCF7ADF9A078DB
:10750000012802D0A07A05284AD101207F4981F8BC
:107510003600084690F8370091F83610884265D05A
:107520007A4890F83600794991F83510084308B147
:10753000012000E00020754981F837000846D0F8A6
:10754000F00101280BD1084690F87200012806D1FD
:10755000D1F8FC014FF00061FCF77EF906E06B49C1
:10756000D1F8FC014FF40001FCF776F96748D0F838
:10757000040401280CD1654890F88602012807D13F
:107580006249D1F810044FF00061FCF765F92DE075
:107590005E49D1F810044FF40001FCF75DF925E0D5
:1075A00000205A4981F83600084690F8370091F8D3
:1075B000361088421AD0554890F83600534991F851
:1075C0003510084308B1012000E000204F4981F840
:1075D0003700D1F8FC014FF08071FCF73DF94B49C1
:1075E000D1F810044FF08071FCF736F9E0880F28CD
:1075F00002DC20890F281EDD0120444981F8380073
:10760000084690F8390091F83810884231D03F4848
:1076100090F838003D4981F83900D1F8FC014FF469
:107620000021FCF719F93949D1F810044FF4002171
:10763000FCF712F91DE00020344981F838000846B3
:1076400090F8390091F83810884212D02F4890F8FD
:1076500038002E4981F83900D1F8FC014FF480112F
:10766000FCF7FAF82949D1F810044FF48011FCF71F
:10767000F3F82078032809D1002003F027FA2349E2
:10768000D1F8FC010421FCF7E7F809E02078042890
:1076900006D11E49D1F8FC014FF40071FCF7DCF86B
:1076A0006078032809D1012003F010FA1749D1F8B6
:1076B00010040421FCF7D0F809E06078042806D112
:1076C0001249D1F810044FF40071FCF7C5F8E07AC4
:1076D00018B1E07A0D4981F83D00207B012803D1E3
:1076E0000A4981F83F0003E00020084981F83F0083
:1076F000E078012803D1054981F83E0003E000202D
:10770000024981F83E0000BF45E60000DC82FF1F11
:1077100000004C420804080010B505F084FCFFF797
:1077200097FB00F0E1FA00BF03A205A10020FEF7DD
:1077300009FC00BF10BD0000494E464F000000008C
:107740001B5B33326D5B25735D2053797374656DFC
:1077500020696E697420636F6D706C6574651B5B66
:10776000306D0D0A000000002DE9F04107460D467E
:10777000164698460DB1102E01D0BDE8F08156484E
:10778000006900B9F9E72C46206802280BD1207A5D
:10779000022804D10120504981F8340003E0002080
:1077A0004D4981F834002068052873D1207A0228D9
:1077B0004AD10120484981F83500084690F8370041
:1077C00091F83510884265D0434890F83600424918
:1077D00091F83510084308B1012000E000203E492F
:1077E00081F837000846D0F8F00101280BD108468F
:1077F00090F87200012806D1D1F8FC014FF0006129
:10780000FCF72AF806E03449D1F8FC014FF40001F6
:10781000FCF722F83048D0F8040401280CD12E4897
:1078200090F88602012807D12B49D1F810044FF0B7
:107830000061FCF711F82DE02749D1F810044FF44E
:107840000001FCF709F825E00020234981F8350004
:10785000084690F8370091F8351088421AD01E4833
:1078600090F836001C4991F83510084308B1012002
:1078700000E00020184981F83700D1F8FC014FF0F2
:107880008071FBF7E9FF1449D1F810044FF08071C3
:10789000FBF7E2FF206803280BD10F49D1F8FC0168
:1078A0000421FBF7D9FF0C49D1F810040421FBF7A0
:1078B000D3FF206804280DD10749D1F8FC014FF40B
:1078C0000071FBF7C9FF0449D1F810044FF40071AF
:1078D000FBF7C2FF00BF50E7DC82FF1F2DE9F04736
:1078E0002DED028B80460D46164699460DB1102EA1
:1078F00003D0BDEC028BBDE8F0872C46207B01282D
:107900000BD10121207900EB800202EBC012CB48A1
:1079100000EB820080F8FE110AE00021207900EBE4
:10792000800202EBC012C54800EB820080F8FE1115
:10793000207902287EDA207B00287BD1217901EB97
:10794000810303EBC113BD4901EB8301486C21792D
:1079500001EB810303EBC113B84901EB8301496CCF
:107960004A6A04F1080190470128E6D1FFF7E8F9D7
:107970000746227902EB820303EBC213AF4A02EB04
:107980008302506C227902EB820303EBC213AB4AF1
:1079900002EB8302526C516C8847B0EE408A9FED37
:1079A000A80AC8EE000A207900EB800101EBC011A3
:1079B000A24800EB8100C0ED0A0A207900EB8001AB
:1079C00001EBC0119D4800EB810090ED290A207960
:1079D00000EB800101EBC011984800EB810080EDC5
:1079E0002B0A207900EB800101EBC011934800EBDA
:1079F0008100D0F8A810207900EB800202EBC012C1
:107A00008E4800EB8200C0F8B010207900EB8001B6
:107A100001EBC011894800EB810090ED0A0ADFED0F
:107A2000890A20EE200AF2EE040A20EE200ABCEEBB
:107A3000C00A00E000E110EE100A80B208EE900AE1
:107A4000B0EE680AB8EE400AF2EE040A80EE201AA0
:107A5000207900EB800101EBC011784800EB810038
:107A600080ED0A1A207900EB800101EBC011734808
:107A700000EB810090ED0A0A207900EB800101EB18
:107A8000C0116E4800EB810080ED290A207900EBDF
:107A9000800101EBC011694800EB8100C0F8A870BB
:107AA000207900EB800101EBC011644800EB8100FC
:107AB00090ED080A207900EB800101EBC0115F48CE
:107AC00000EB8100D0ED350A30EE200A207900EB82
:107AD000800101EBC011594800EB8100D0ED290A6B
:107AE000B4EEE00AF1EE10FA30DD207900EB80010F
:107AF00001EBC011514800EB810090ED080A20799C
:107B000000EB800101EBC0114C4800EB8100D0ED8F
:107B1000350A30EE600A207900EB800101EBC011DC
:107B2000464800EB8100D0ED290AB4EEE00AF1EE00
:107B300010FA0BD20121207900EB800202EBC01277
:107B40003E4800EB820080F82E1060E0207900EBC8
:107B5000800101EBC011394800EB810090ED090A6A
:107B6000207900EB800101EBC011344800EB81006B
:107B7000D0ED350A30EE200A207900EB800101EBD0
:107B8000C0112E4800EB8100D0ED290AB4EEE00AC6
:107B9000F1EE10FA30DD207900EB800101EBC0112D
:107BA000264800EB810090ED090A207900EB800166
:107BB00001EBC011214800EB8100D0ED350A30EE19
:107BC000600A207900EB800101EBC0111B4800EB3B
:107BD0008100D0ED290AB4EEE00AF1EE10FA0BD2E2
:107BE0000221207900EB800202EBC012134800EB67
:107BF000820080F82E100AE00021207900EB80023C
:107C000002EBC0120D4800EB820080F82E102279A2
:107C100002EB820303EBC213084A02EB8302506CAF
:107C2000227902EB820303EBC213044A02EB8302C4
:107C3000526CD16A884700BF00BF5AE62083FF1FFD
:107C400000004442333305422DE9F04107460D461A
:107C5000164698460DB1102E01D0BDE8F08121489E
:107C6000006900B9F9E72C4694ED020A1D4880ED41
:107C7000090A207900BB1B4890F8340028B919493B
:107C8000C8690221FBF7E8FD16E0A07B012805D1B9
:107C90001449C8692021FBF7DFFD0DE0A07B022815
:107CA00005D11049C8694021FBF7D6FD04E00D4914
:107CB000C8698821FBF7D0FD2079012802D02079FE
:107CC00002280CD1A1892079401E00EB800202EB32
:107CD000C0120448443000EB8200A0F8001200BF3C
:107CE000BBE70000DC82FF1F00B5E1B01822474966
:107CF0005BA8F8F701FB5BA8FFF704F918224349DA
:107D0000183155A8F8F7F8FA55A8FFF7FBF818222C
:107D10003E4930314FA8F8F7EFFA4FA8FFF7F2F8D5
:107D200018223A49483149A8F8F7E6FA49A8FFF776
:107D3000E9F818223549603143A8F8F7DDFA43A87D
:107D4000FFF7E0F81822314978313DA8F8F7D4FA66
:107D50003DA8FFF7D7F818222C49903137A8F8F73B
:107D6000CBFA37A8FFF7CEF818222849A83131A856
:107D7000F8F7C2FA31A8FFF7C5F818222349C03135
:107D80002BA8F8F7B9FA2BA8FFF7BCF818221F495F
:107D9000D83125A8F8F7B0FA25A8FFF7B3F81822CC
:107DA0001A49F0311FA8F8F7A7FA1FA8FFF7AAF899
:107DB0001822174919A8F8F79FFA19A8FFF7A2F88F
:107DC00018221349183113A8F8F796FA13A8FFF7E9
:107DD00099F818220E4930310DA8F8F78DFA0DA840
:107DE000FFF790F818220A49483107A8F8F784FAF3
:107DF00007A8FFF787F818220549603101A8F8F7AE
:107E00007BFA01A8FFF77EF861B000BDA4EC00008A
:107E1000ACED000070B504460D4600BF0F4884422B
:107E200002D00F48844200D104E040F261210DA04D
:107E3000FAF7E6FE00BF00BF2DB145F00110B0F12A
:107E4000011F00D104E040F2622106A0FAF7D8FE3B
:107E500000BF4FF00110A843606170BD00400240B8
:107E6000004402402E2E5C647269766572735C6811
:107E70006333325F6C6C5F6472697665725C7372D7
:107E8000635C686333325F6C6C5F746D72302E6359
:107E90000000000010B5FEF759FC4FF48031024895
:107EA000FFF7B8FF10BD00000040024070B5044667
:107EB0000D46164600BF1A48844202D01948844233
:107EC00000D104E040F2FD1117A0FAF799FE00BFBF
:107ED00000BF0DB1012D00D104E04FF4FF7112A0DD
:107EE000FAF78EFE00BF00BF0EB1012E00D104E0F4
:107EF00040F2FF110CA0FAF783FE00BF012E06D15D
:107F000020692A01710391400843206106E020693D
:107F10002A014FF4005191408843206170BD000058
:107F200000400240004402402E2E5C647269766577
:107F300072735C686333325F6C6C5F647269766520
:107F4000725C7372635C686333325F6C6C5F746D18
:107F500072302E63000000002DE9F04706460D4602
:107F600014464FF0000914B96FF002097FE000BF1A
:107F70004048864202D04048864200D103E0C321F7
:107F80003EA0FAF73DFE00BF00BF0DB1012D00D1AC
:107F900003E0C42139A0FAF733FE00BF00BF206818
:107FA00058B12068B0F5007F07D02068B0F5807F19
:107FB00003D02068B0F5A06F00D103E0C5212FA049
:107FC000FAF71EFE00BF00BF6068E8B160681028C5
:107FD0001AD06068202817D06068302814D06068F4
:107FE000402811D0606850280ED0606860280BD0FF
:107FF0006068702808D06068802805D06068902884
:1080000002D06068A02800D103E0C6211BA0FAF7C7
:10801000F7FD00BF00BFA06820B148F20201A068D0
:10802000884200D103E0C72114A0FAF7E9FD00BFA0
:1080300006EB85070020386006F1080000EB850894
:10804000A089C8F8000030692A0148F2F271914015
:108050008843D4E900121143A26811432A019140D8
:108060002B0148F2F2729A401140084330614846B1
:10807000BDE8F08700400240004402402E2E5C64C0
:108080007269766572735C686333325F6C6C5F64CF
:1080900072697665725C7372635C686333325F6CBD
:1080A0006C5F746D72302E630000000070B5044682
:1080B0000D46164600BF1848844202D01748844235
:1080C00000D104E04FF40C7115A0FAF799FD00BF40
:1080D00000BF2DB145F00410B0F1041F00D104E041
:1080E00040F231210EA0FAF78BFD00BF00BF0EB1A8
:1080F000012E00D104E040F2322109A0FAF780FD00
:1081000000BF012E03D120692843206102E02069CD
:10811000A843206170BD00000040024000440240BE
:108120002E2E5C647269766572735C686333325FAD
:108130006C6C5F6472697665725C7372635C6863B1
:1081400033325F6C6C5F746D72302E630000000020
:1081500070B504460D4600BF0E48844202D00E485A
:10816000844200D103E0F8210CA0FAF749FD00BFDA
:1081700000BF0DB1012D00D103E0F92107A0FAF7EE
:108180003FFD00BF20692A01012191400843206181
:1081900070BD000000400240004402402E2E5C648E
:1081A0007269766572735C686333325F6C6C5F64AE
:1081B00072697665725C7372635C686333325F6C9C
:1081C0006C5F746D72302E63000000000146002069
:1081D00009B9C01E06E000220A604A608A604FF6B4
:1081E000FF728A817047000070B504460D4616463E
:1081F00000BF1C4884420ED01B4884420BD01B4851
:10820000844208D01A48844205D01A48844202D0D9
:108210001948844205D125B145F0FF00FF2800D15F
:1082200004E040F2434115A0FAF7EAFC00BF00BFAA
:108230000EB1012E00D104E040F244410FA0FAF744
:10824000DFFC00BF012E06D1B4F89400A9B20843A8
:10825000A4F8940004E0B4F89400A843A4F89400AF
:1082600070BD000000500140005401400058014022
:10827000005C014000600140006401402E2E5C64FF
:108280007269766572735C686333325F6C6C5F64CD
:1082900072697665725C7372635C686333325F6CBB
:1082A0006C5F746D72612E630000000070B505464E
:1082B0000C466FF0020600BF534885420ED053486B
:1082C00085420BD05248854208D05248854205D09D
:1082D0005148854202D05148854200D104E04FF414
:1082E0008B714FA0FAF78CFC00BF002C77D000BF39
:1082F000207810B12078012800D104E04FF48C716F
:1083000047A0FAF77DFC00BF2078002849D100BFC4
:10831000A07810B1A078042800D104E040F21B112D
:108320003FA0FAF76DFC00BF00BFE07810B1E07825
:10833000022800D104E04FF48E7139A0FAF760FCF6
:1083400000BF00BF6078E8B1607810281AD060786C
:10835000202817D06078302814D06078402811D0B9
:10836000607850280ED0607860280BD06078702834
:1083700008D06078802805D06078902802D0607896
:10838000A02800D104E040F21D1125A0FAF738FC26
:1083900000BFA078E17808436178084385F8800041
:1083A0002AE000BFA08828B1A08841F6FF710843E9
:1083B000884201D0A08800B904E040F2231118A03F
:1083C000FAF71EFC00BF00BFE08828B1E08841F644
:1083D000FF710843884201D0E08808B905E010E049
:1083E00040F225110EA0FAF70BFC00BFA088A5F8FB
:1083F0008800E088A5F88C002846A16800F0E2F922
:108400000026304670BD000000500140005401407D
:1084100000580140005C01400060014000640140E0
:108420002E2E5C647269766572735C686333325FAA
:108430006C6C5F6472697665725C7372635C6863AE
:1084400033325F6C6C5F746D72612E6300000000EC
:108450002DE9F04705460E4614466FF0020900BFAD
:10846000414885420ED0414885420BD04048854264
:1084700008D04048854205D03F48854202D03F4859
:10848000854202D1072E00D804E04FF4ED713CA0E4
:10849000FAF7B6FB00BF002C62D000BFA08828B15D
:1084A000A088012802D0A088022800D104E040F270
:1084B000DD1133A0FAF7A4FB00BF00BFE08828B1AC
:1084C000E088012802D0E088022800D104E04FF4BF
:1084D000EF712BA0FAF794FB00BF00BF208940B1D9
:1084E0002089012805D02089022802D0208903286C
:1084F00000D104E040F2DF1121A0FAF781FB00BFB8
:1085000000BF608940B16089012805D060890228D8
:1085100002D06089032800D104E04FF4F07118A064
:10852000FAF76EFB00BF05F1400000EB86082088DB
:10853000A8F8000005F5A07000EB86072079A17966
:1085400040EA8100217A40EA0110A17A40EA8110D4
:10855000C0B2398801F47F41084338804FF00009E8
:108560004846BDE8F087000000500140005401403B
:1085700000580140005C014000600140006401407F
:108580002E2E5C647269766572735C686333325F49
:108590006C6C5F6472697665725C7372635C68634D
:1085A00033325F6C6C5F746D72612E63000000008B
:1085B0002DE9F04104460D46164600BF1848844296
:1085C0000ED0184884420BD01748844208D0174870
:1085D000844205D01648844202D01648844202D113
:1085E000072D00D804E04FF4067113A0FAF708FB3A
:1085F00000BF00BF0EB1012E00D104E040F21921EE
:108600000DA0FAF7FDFA00BF04F5A07000EB850796
:10861000302101EB471000F184400660BDE8F08195
:10862000005001400054014000580140005C0140EE
:1086300000600140006401402E2E5C647269766522
:1086400072735C686333325F6C6C5F647269766509
:10865000725C7372635C686333325F6C6C5F746D01
:1086600072612E63000000002DE9F04104460E46C1
:10867000154600BF1B4884420ED01B4884420BD0D5
:108680001A48844208D01A48844205D019488442C6
:1086900002D01948844202D1072E00D804E04FF4DA
:1086A000127116A0FAF7ACFA00BF00BF2DB1B5F5F4
:1086B000007F02D0B5F5407F00D104E040F24921AF
:1086C0000EA0FAF79DFA00BF04F5A07000EB860734
:1086D00038884FF6FF41084005F440710843388060
:1086E000BDE8F081005001400054014000580140B5
:1086F000005C014000600140006401402E2E5C647B
:108700007269766572735C686333325F6C6C5F6448
:1087100072697665725C7372635C686333325F6C36
:108720006C5F746D72612E63000000002DE9F041F2
:1087300004460D46164600BF104884420ED010482D
:1087400084420BD00F48844208D00F48844205D0A1
:108750000E48844202D00E48844202D1072D00D830
:1087600004E04FF462710BA0FAF74AFA00BF04F17B
:10877000400000EB85073E80BDE8F08100500140DD
:108780000054014000580140005C0140006001407D
:10879000006401402E2E5C647269766572735C68B9
:1087A0006333325F6C6C5F6472697665725C73729E
:1087B000635C686333325F6C6C5F746D72612E63EF
:1087C0000000000070B504460D4600BF0D4884420D
:1087D0000ED00D4884420BD00C48844208D00C487F
:1087E000844205D00B48844202D00B48844200D119
:1087F00004E04FF4517109A0FAF702FA00BFA58016
:1088000070BD00000050014000540140005801407C
:10881000005C014000600140006401402E2E5C6459
:108820007269766572735C686333325F6C6C5F6427
:1088300072697665725C7372635C686333325F6C15
:108840006C5F746D72612E630000000010B5044609
:1088500000BF104884420ED00F4884420BD00F480E
:10886000844208D00E48844205D00E48844202D08B
:108870000D48844200D104E040F256410BA0FAF7C3
:10888000BFF900BF94F8800040F0010084F8800038
:1088900010BD00000050014000540140005801404C
:1088A000005C014000600140006401402E2E5C64C9
:1088B0007269766572735C686333325F6C6C5F6497
:1088C00072697665725C7372635C686333325F6C85
:1088D0006C5F746D72612E630000000070B5044619
:1088E0000D4600BF144884420BD01448844208D07F
:1088F0001348844205D01348844202D0124884426F
:1089000000D104E04FF46B7110A0FAF779F900BFC1
:1089100000BF0DB1012D00D104E040F2AD310BA03C
:10892000FAF76EF900BF04F180060C2101EB461046
:1089300000F18440056070BD0054014000580140C2
:10894000005C014000600140006401402E2E5C6428
:108950007269766572735C686333325F6C6C5F64F6
:1089600072697665725C7372635C686333325F6CE4
:108970006C5F746D72612E63000000007047000030
:1089800010B5044604210248FDF70EFF10BD00009B
:108990006C8AFF1F10B5044680210248FDF704FFD2
:1089A00010BD00006C8AFF1F10B504464FF48061B3
:1089B0000148FDF7F9FE10BD6C8AFF1F10B5044693
:1089C0004FF400410148FDF7EFFE10BD6C8AFF1F18
:1089D00030B503460C460AB9012030BD00210FE036
:1089E0000A4800EB81052878984207D1687800F0A2
:1089F0000F00A04202D111800020EEE7481C81B296
:108A0000034800888142EBDB0120E6E710EC000020
:108A1000A0EC000070B5174C4FF49C712046F7F79E
:108A200084FC06202061606113A0A0611549E1610A
:108A30004FF4806121620021A1626162E1620EA0B7
:108A4000C4F8A8001049AC2001511021B0200151F8
:108A50000021B8200151B4200151BC200151002552
:108A600005E0C5F10F000949085C60556D1C102D2B
:108A7000F7D370BD10B800205465726D696E616CDB
:108A80000000000048B9002048BD00203DEE000075
:108A900010B501460A69CB689A4204D88C68641EF6
:108AA000E41AA01801E0D41A601E10BD2DE9FC5F85
:108AB00006460F4692469846DDE90C45002F01DA3E
:108AC000784200E0384683464FF0010903E09BFB03
:108AD000FAFB09F10109D345F9DAC84500D9C146C5
:108AE00034B1002F03DB05F00400042800D1641E1C
:108AF00005F0020010B1B8F1000F11D005F001002F
:108B000070B96CB108E0641E2021304600F0BAF85C
:108B1000F068002800DA02E00CB1A145F3D300BFF1
:108B2000F068002836DB002F05DA7F422D21304621
:108B300000F0A8F807E005F00400042803D12B2179
:108B4000304600F09FF8F068002823DB05F00200B3
:108B5000022814D105F0010088B9B8F1000F0ED138
:108B60006CB108E0641E3021304600F08BF8F068EC
:108B7000002800DA02E00CB1A145F3D300BFF06891
:108B8000002807DB4346524639463046CDE90045CA
:108B900000F002F8BDE8FC9F2DE9FC5F80468946A5
:108BA00015461E460C9CCDF804900127BB4605E0F7
:108BB0000198B0FBF5F001900BF1010B0198A84270
:108BC000F6D25E4500D9B3460D9800F00100D0B949
:108BD000CCB10D9800F00200022803D116B9302064
:108BE000009001E02020009009E0641E40460099BA
:108BF00000F048F8D8F80C00002800DA02E00CB1C8
:108C0000A345F2D300BFD8F80C00002835DB09E0FB
:108C1000012E01D9761E04E0B9FBF7FAAA4500D26D
:108C200001E06F43F4E700BF00BFB9FBF7FA0AFBAE
:108C30001799134810F80A10404600F023F8D8F8A6
:108C40000C00002800DA03E0B7FBF5F7002FECD1A9
:108C500000BF0D9800F0010078B174B109E0641E06
:108C60002021404600F00EF8D8F80C00002800DA69
:108C700002E00CB1A345F2D300BFBDE8FC9F0000A9
:108C80004EEE000070B504460E46A568681C61688B
:108C9000814206D320684655681CA060E068401CED
:108CA000E060D4E9011088420DD1A26821682069F2
:108CB000FDF7E0F8A168884203D04FF0FF30E06094
:108CC00001E00020A06070BD2DE9F05F04468946F8
:108CD00017464FF0000AE56800BFD4F81080A84599
:108CE00003D9A8EB0500461E04E0A5EB0800401CD4
:108CF000A1680E1AA068401BB04201D9304601E0BD
:108D0000A068401B0646BE4201D2304600E038460D
:108D10000646606800EB050B324649465846F7F7B1
:108D2000EBFAB244B144BF1B3544A068A84200D15D
:108D30000025E560002FD0D15046BDE8F09F2DE919
:108D4000F047044689461546E668A068871BAF428F
:108D50000AD9606800EB060A2A4649465046F7F7EA
:108D6000CBFA7019E06014E0B846606800EB060AC0
:108D7000424649465046F7F7BFFAA5EB0708D4F834
:108D800004A009EB070142465046F7F7B5FAC4F8CC
:108D90000C80BDE8F08700000FB4054B10B503A9A7
:108DA000044A029800F022F810BC5DF814FB0000A1
:108DB000D3B60000D082FF1F2DED020B019820F0EA
:108DC000004001909DED000B02B0704702E008C822
:108DD000121F08C1002AFAD170477047002001E035
:108DE00001C1121F002AFBD1704700002DE9FF4F7F
:108DF0008BB09A460F460546002606E025280BD084
:108E000052460D9990476D1C761C28780028F5D1A4
:108E10000FB03046BDE8F08F0024A0460122604923
:108E200000E0044315F8013F203B02FA03F008423A
:108E3000F7D128782E2817D115F8010F44F0040433
:108E40002A280ED06FF02F022878A0F130010929CE
:108E50000AD808EB880102EB410100EB01086D1C08
:108E6000F2E757F8048B6D1C287869283ED006DCA1
:108E70000028CDD063280BD0642804D136E07328B5
:108E800010D075284BD052460D999047761C85E03E
:108E900017F8040B8DF8000000208DF80100E9465A
:108EA000012003E057F8049B4FF0FF3061074FF0BB
:108EB000000401D40AE0641C44450DDA8442FADB64
:108EC00019F804100029F6D106E0641C8442FCDB8A
:108ED00019F804100029F8D1264404E019F8010B10
:108EE00052460D999047641EF8D257E001CF4FF0DB
:108EF0000A0B002802DA40422D2102E0210504D5A8
:108F00002B218DF82410012103E0E10705D0202159
:108F1000F7E70DF1200908910CE00021F9E701CFF6
:108F20004FF00A0BF9E75946F7F7AAFA01F13002B8
:108F300009F8012D0028F6D1ADEB090000F1200B56
:108F4000600701D44FF00108D84502DDA8EB0B0003
:108F500000E000208046002406E009A85246005D9B
:108F60000D999047641C761C08988442F5DB04E058
:108F7000302052460D999047761CB8F10001A8F1B7
:108F80000108F5DC05E019F8010B52460D999047F0
:108F9000761CBBF10001ABF1010BF4DC6D1C34E776
:108FA0000928010070B50024F8E104EB840000EB0F
:108FB000C411FC4800EB810090F81002002842D058
:108FC00004EB840000EBC411F64800EB8100D0F8FC
:108FD000AC010A2815D004EB840000EBC411F14861
:108FE00000EB8100D0F8AC010B280AD004EB840020
:108FF00000EBC411EB4800EB8100D0F8AC010C2869
:1090000035D104EB840000EBC411E64800EB81008D
:10901000D0F8AC010C2817D104EB840101EBC41289
:10902000E04901EB8201D1F8B8014FF40051FAF7A1
:1090300013FC002104EB840000EBC412D94800EBC0
:10904000820080F810126DE004EB840101EBC41281
:10905000D44901EB8201D1F8B8014FF40051FAF77D
:10906000FBFBFDF76DFED04941F824005AE004EB0C
:10907000840000EBC411CB4800EB8100D0F8AC01B8
:10908000022815D004EB840000EBC411C54800EBA6
:109090008100D0F8AC0103280AD004EB840000EB77
:1090A000C411C04800EB8100D0F8AC01042839D1CC
:1090B00004EB840000EBC411BA4800EB8100D0F847
:1090C000AC01042816D104EB840101EBC412B549AC
:1090D00001EB8201D1F8B8014021FAF7BDFB002174
:1090E00004EB840000EBC412AE4800EB820080F871
:1090F000101217E004EB840101EBC412A94901EB43
:109100008201D1F8B8014021FAF7A6FBFDF718FE5D
:10911000A54941F824004FF496620021A348006855
:10912000FDF7FFFA04EB840000EBC4119D4800EB4F
:109130008100D0F8AC010D2815D004EB840000EBC1
:10914000C411984800EB8100D0F8AC010E280AD079
:1091500004EB840000EBC411924800EB8100D0F8CE
:10916000AC010F287CD1FDF7EBFD05468E4850F889
:109170002400281AB0F5966F59D804EB840000EB50
:10918000C411884800EB810090ED080A04EB8400CC
:1091900000EBC411834800EB8100D0ED350A30EEBE
:1091A000200A04EB840000EBC4117E4800EB810030
:1091B000D0ED290AB4EEE00AF1EE10FA0ADD04EB74
:1091C000840000EBC411774800EB810090F82D007B
:1091D00002282CD004EB840000EBC411714800EB92
:1091E000810090ED080A04EB840000EBC4116D4887
:1091F00000EB8100D0ED350A30EE600A04EB84000C
:1092000000EBC411674800EB8100D0ED290AB4EEF1
:10921000E00AF1EE10FA21D204EB840000EBC41155
:10922000604800EB810090F82D00012816D104EB76
:10923000840101EBC4125B4901EB8201D1F8B80152
:109240004FF40071FAF708FB002104EB840000EBF7
:10925000C412544800EB820080F810129CE0FFE733
:1092600004EB840000EBC4114E4800EB8100D0F801
:10927000AC01052815D004EB840000EBC41149486B
:1092800000EB8100D0F8AC0106280AD004EB840082
:1092900000EBC411434800EB8100D0F8AC01072873
:1092A0007AD1FDF74DFD05463F4850F82400281AB5
:1092B000B0F5966F59D804EB840000EBC41139481F
:1092C00000EB810090ED090A04EB840000EBC4116F
:1092D000344800EB8100D0ED350A30EE200A04EB73
:1092E000840000EBC4112F4800EB8100D0ED290A67
:1092F000B4EEE00AF1EE10FA0ADD04EB840000EBB4
:10930000C411284800EB810090F82D0001282CD0D2
:1093100004EB840000EBC411224800EB810090EDC7
:10932000090A04EB840000EBC4111E4800EB810025
:10933000D0ED350A30EE600A04EB840000EBC41176
:10934000184800EB8100D0ED290AB4EEE00AF1EEF6
:1093500010FA20D204EB840000EBC411114800EB9A
:10936000810090F82D00022815D104EB840101EB57
:10937000C4120C4901EB8201D1F8B8010421FAF7BB
:109380006BFA002104EB840000EBC412054800EBEB
:10939000820080F8101200BF601CC4B2022CFFF6DD
:1093A00004AE70BD2083FF1FF080FF1FD880FF1F19
:1093B00010B500246EE004EB840000EBC4113748C4
:1093C00000EB81004078002862D004EB840101EBBF
:1093D000C412324901EB8201D1F884002021FAF74E
:1093E0003BFA002104EB840000EBC4122B4800EB95
:1093F000820080F89C1004EB840000EBC412274824
:1094000000EB820080F8F81004EB840000EBC4123B
:10941000224800EB820080F8541104EB840000EB3A
:10942000C4111E4800EB8100D0F8AC01162804D00E
:10943000182803D0192829D11DE000BF04EB8401AE
:1094400001EBC412154911F82200154902F0CCFBBA
:109450003CB941F28832002112480068FDF761F9F9
:1094600008E0012C06D141F2883200210E48006844
:10947000FDF757F90BE004EB840101EBC412074937
:1094800011F82200064902F0AFFB00E000BF00BF68
:10949000601CC4B2022C8EDB10BD00002083FF1FB5
:1094A00008048040E880FF1FEC80FF1F10B50024F7
:1094B0008AE004EB840000EBC411454800EB810016
:1094C000407800287ED004EB840000EBC4114048B3
:1094D00000EB8100D0F8AC01102835D004EB8400FB
:1094E00000EBC4113A4800EB8100D0F8AC01112820
:1094F0002AD004EB840000EBC411354800EB810056
:10950000D0F8AC0108281FD004EB840000EBC41194
:109510002F4800EB8100D0F8AC01092814D004EBEF
:10952000840000EBC4112A4800EB8100D0F8AC01A4
:1095300050B104EB840000EBC411254800EB81001E
:10954000D0F8AC0101283DD104EB840101EBC41239
:109550001F4901EB8201D1F884001021FAF77CF950
:1095600004EB840000EBC411194800EB8100D0F833
:10957000AC0109280DD004DC012816D008281FD121
:1095800005E0102802D011281AD101E019E018E0F6
:1095900000BF04EB840101EBC4120D4911F8220055
:1095A0000C4902F021FB0CE00CE004EB840101EB20
:1095B000C412074911F82200042102F015FB00E053
:1095C00000BF00BF601CC4B2022CFFF672AF10BD1A
:1095D0002083FF1F0804804010B52DED048B00246C
:1095E00051E204EB840000EBC411FD4800EB810064
:1095F000407800287DD0012104EB840000EBC412E8
:10960000F74800EB820080F89C1004EB840000EB2C
:10961000C412F34800EB820080F8F81004EB8400D9
:1096200000EBC412EE4800EB820080F8541104EB0A
:10963000840101EBC412EA4901EB820101F5AA7031
:10964000FCF712FA04EB840101EBC412E44901EBCC
:10965000820101F5AA709FEDE30AFCF71DFA04EB05
:10966000840000EBC411DE4800EB8100D0F8AC01AF
:10967000022836D004EB840000EBC411D84800EB7C
:109680008100D0F8AC0103282BD004EB840000EB60
:10969000C411D34800EB8100D0F8AC01042820D0DD
:1096A00004EB840000EBC411CD4800EB8100D0F83E
:1096B000AC010D2815D004EB840000EBC411C848A0
:1096C00000EB8100D0F8AC010E280AD004EB840036
:1096D00000EBC411C24800EB8100D0F8AC010F28A8
:1096E0007ED104EB840000EBC412BD4800EB820085
:1096F00000E0C6E190ED0A0A04EB840000EBC4121E
:10970000B74800EB8200D0ED080A30EE600A10EE98
:10971000101A0846F6F751FE41EC190BB0EE490A53
:10972000F0EE690AFFF748FBB0EE408AF0EE608A7F
:109730009FEDAD0B53EC102B51EC180BF6F770FEB0
:1097400002D2BDEC048B10BD04EB840000EBC4110D
:10975000A34800EB810090ED0A0A04EB840000EBC3
:10976000C4119F4800EB8100D0ED080AB4EEE00A76
:10977000F1EE10FA0BDDBFEE000A04EB840000EB03
:10978000C411974800EB810080ED2E0A0AE0B7EE85
:10979000000A04EB840000EBC411914800EB810047
:1097A00080ED2E0A04EB840000EBC4118C4800EB22
:1097B000810090ED080A04EB840000EBC411884896
:1097C00000EB810080ED280A04EB840000EBC4115B
:1097D000834800EB810090ED2E0AF7EE000A00E0CE
:1097E0002EE0B4EE600AF1EE10FA0CD104EB840125
:1097F00001EBC4127A4901EB8201D1F88400042103
:10980000FAF72AF810E104EB840000EBC411744865
:1098100000EB810090ED2E0AFFEE000AB4EE600A24
:10982000F1EE10FAEED104EB840101EBC4126C49A5
:1098300001EB8201D1F884000821FAF70DF8F3E07A
:1098400004EB840000EBC411654800EB8100D0F804
:10985000AC010A2836D004EB840000EBC411604848
:1098600000EB8100D0F8AC010B282BD004EB840076
:1098700000EBC4115A4800EB8100D0F8AC010C2871
:1098800020D004EB840000EBC411554800EB8100AC
:10989000D0F8AC01052815D004EB840000EBC4110E
:1098A0004F4800EB8100D0F8AC0106280AD004EB49
:1098B000840000EBC4114A4800EB8100D0F8AC01F1
:1098C00007287CD104EB840000EBC412444800EB71
:1098D000820090ED0A0A04EB840000EBC4124048B9
:1098E00000EB8200D0ED090A30EE600A10EE101A8B
:1098F0000846F6F762FD41EC190BB0EE490AF0EEAE
:10990000690AFFF759FAB0EE408AF0EE608A9FEDDF
:10991000360B53EC102B51EC180BF6F781FD00D8E9
:109920000FE704EB840000EBC4112D4800EB81002D
:1099300090ED0A0A04EB840000EBC411284800EB08
:109940008100D0ED090AB4EEE00AF1EE10FA0BDD69
:10995000BFEE000A04EB840000EBC411204800EBCA
:10996000810080ED2E0A0AE0B7EE000A04EB8400C5
:1099700000EBC4111A4800EB810080ED2E0A04EBC5
:10998000840000EBC411164800EB810090ED090A39
:1099900004EB840000EBC411114800EB810080ED62
:1099A000280A04EB840000EBC4110D4800EB810091
:1099B00090ED2E0AF7EE000AB4EE600A00E033E004
:1099C000F1EE10FA14D104EB840101EBC412044946
:1099D00001EB8201D1F884000421F9F73DFF23E077
:1099E0002083FF1F0080BB44000000000000F03F08
:1099F00004EB840000EBC411254800EB810090EDDE
:109A00002E0AFFEE000AB4EE600AF1EE10FA0BD156
:109A100004EB840101EBC4121D4901EB8201D1F872
:109A200084000821F9F718FF04EB840000EBC4114F
:109A3000174800EB8100D0F8AC01801E0E281ED222
:109A4000DFE800F00708091011121D1D0D0E0F0AA6
:109A50000B0C00BF00BF00BF00BF00BF00BF00BFB6
:109A600000BF00BF00BF00BF04EB840101EBC412C4
:109A7000074911F82200074902F0B6F800E000BFDC
:109A800000BF601CC4B2022CFFF6ABAD00BF58E6AD
:109A90002083FF1F1004085010B5002429E004EBB8
:109AA000840000EBC411144800EB81004078F0B151
:109AB00004EB840000EBC4110F4800EB8100D0F8E8
:109AC000AC01162804D0182803D019280DD101E0C4
:109AD00000BF00BF04EB840101EBC412064911F87A
:109AE0002200042102F080F800E000BF00BF601CEB
:109AF000C4B2022CD3DB10BD2083FF1F10B5044677
:109B000094F82C00012803D094F82C0000283DD1B3
:109B10004FF4D6700059012809D04FF4D67000597F
:109B2000082804D04FF4D6700059102825D14FF4DE
:109B3000D8700059092804D04FF4D8700059112862
:109B400004D12078124902F04FF816E094F82E0064
:109B5000012804D120780F4902F046F80DE094F86E
:109B60002E00022805D120780A49103102F03CF875
:109B700003E02078084902F037F84FF4F6700059F6
:109B8000022803D12078054902F02EF810BD00000C
:109B90000804804010000050080480504004201049
:109BA0002DE9FC4106460D4614460CB9BDE8FC8182
:109BB000294886424DD1ADF800502088ADF802000A
:109BC000606801906846FAF7FDFAB4F900000028D1
:109BD00007DB00F01F0101228A402049430941F8B8
:109BE000232000BFB4F90000A178002804DB0A0795
:109BF000130E1B4A135406E00A07170E194A00F009
:109C00000F031B1FD75400BFB4F9000000280DDB61
:109C100000BF00BF00F01F020121914042099200E5
:109C200002F1E022C2F8001100BF00BF00BFB5F58D
:109C3000E07F05D1012211463046F6F7BFFD08E06E
:109C400040F2C110854204D1012202213046F6F7CC
:109C5000B5FD00BFAAE700000000044080E200E07C
:109C600000E400E018ED00E010B50248F6F7F8FD5A
:109C700010BD00000000044010B50249024800F089
:109C80009FFF10BD60EB0000789F00207FB53D4E28
:109C90003D4D00244FF400013046F7F745FC012804
:109CA00014D144F400040BE004E0694605F11C0003
:109CB00000F0D3FF69463348F7F7F8FB0028F4D0EB
:109CC0003046F7F7C9FB0028EED100BF4FF4800102
:109CD0003046F7F729FC012807D144F480047A20A4
:109CE000405B401C81B27A2041534FF40011304652
:109CF000F7F71AFC012801D144F400144FF4801145
:109D00003046F7F711FC012801D144F480144FF4D8
:109D100000213046F7F708FC012801D144F4002463
:109D20004FF480213046F7F7FFFB012801D144F4BE
:109D300080244FF400313046F7F7F6FB012812D1AA
:109D400001213046F7F7F0FB012804D13046F7F740
:109D50002FFA44F0010444F400347820405B401CA6
:109D600081B2782041534FF080713046F7F7DCFB29
:109D7000012801D144F080741CB121463046F7F728
:109D8000CDF97FBD00040740789F002000B589B061
:109D900005A93A4800F040FF01286CD1002001904D
:109DA00002900390049005980190069800F00F002F
:109DB0008DF811009DF8112007A902A8F6F79CFA6A
:109DC0002F4A0199881A914221D010DC2D4808446D
:109DD00080B3A0F5D050A0F1090060B3A0F59C407D
:109DE000A0F11F00D0B1B0F5006F3ED136E0A0F574
:109DF0000850703860B1A0F52C50B838A0B1A0F56B
:109E00008850D838F0B1B0F5007F2ED127E000BFE0
:109E10009DF8111002A801F091F828E09DF81110AA
:109E200002A801F071F822E09DF8111002A801F0DB
:109E3000A1F81CE000E00BE09DF8111002A801F071
:109E400049F814E09DF8111002A801F09FF80EE007
:109E50009DF8111002A801F049F808E000BF9DF834
:109E6000111002A801F05CF801E009B000BD00BFCC
:109E700000F0C8FE00BF00BFF7E70000949F00207D
:109E8000F09DFF1810E800E710B9044A517203E092
:109E9000012801D1014A9172704700006C9F002097
:109EA00010B5FFF773FF00F001F810BD1CB5FCF70B
:109EB00047FF0446002003F0B3FA012003F0B0FA94
:109EC0003D48007A70B93C480068201AB0F5FA7F26
:109ED00007D33948046001203749087208464460B6
:109EE00000E01CBD34484068A04200D9F9E7324880
:109EF000007A06284CD2DFE800F04B03101F2D3CFF
:109F00002D48407A40B12D49684600F014FA0822E5
:109F100069462B4800F0CAFE3BE02748807A50B1E2
:109F200026490831684600F006FA082269462448A6
:109F3000401C00F0BBFE2CE01F48407A48B11F498E
:109F4000684600F0D9F9082269461D48001F00F054
:109F5000ADFE1EE01848807A50B1184908316846B5
:109F600000F0CAF9082269461548C01E00F09EFE9E
:109F70000FE01148407A10B90F48807A10B1684656
:109F800000F0F8F9082269460E4800F08FFE00E064
:109F900000BF00BF0848007A401C07490872084605
:109FA000007A052803DD00200872486002E0601C8A
:109FB0000149486000BF94E76C9F0020F49F002097
:109FC0000801FF180811FF181A4890ED030AF0EE77
:109FD0000A0AB4EEE00AF1EE10FA08DC90ED030A8A
:109FE000F5EE000AB4EEE00AF1EE10FA03D2012118
:109FF0001048017402E000210E4801740E4890EDF3
:10A00000030AF0EE0A0AB4EEE00AF1EE10FA08DCF8
:10A0100090ED030AF5EE000AB4EEE00AF1EE10FA54
:10A0200003D201210448017402E0002102480174B6
:10A030007047000014A0002030A0002010B5034895
:10A0400001F094FF024801F091FF10BD14A0002020
:10A0500030A0002010B50749074801F02FFF07493D
:10A06000074801F02BFF012211460648F6F736FC9F
:10A0700010BD0000C0EB000014A00020C8EB0000E1
:10A0800030A000200000044010B500F0B3F8FFF746
:10A090009BFF00F011F80023102206493020FBF747
:10A0A000B9FA00231022034910313020FBF7B2FA2D
:10A0B00010BD00005882FF1F0A4890ED030A0A48AD
:10A0C00080ED020A0748007C07490873074890EDB5
:10A0D000030A084680ED060A0448017C024801771D
:10A0E0007047000014A000205882FF1F30A00020FD
:10A0F00010B5054800F040FE044800F009FE044891
:10A1000000F006FE10BD000078E2FF1F94E2FF1F82
:10A11000B0E2FF1F10B50649064802F047F80649AD
:10A12000064802F043F80649064802F03FF810BD21
:10A130005CDF000078E2FF1F64DF000094E2FF1F95
:10A140006CDF0000B0E2FF1F184890ED030A1848CA
:10A1500080ED020A1548008A154988811348807CE1
:10A1600088731248C07CC873124890ED030A1248E5
:10A1700080ED020A0F48008A0F4988810D48807CD3
:10A1800088730C48C07CC8730C4890ED030A0C48D7
:10A1900080ED020A0948008A094988810748807CC5
:10A1A00088730648C07CC8737047000078E2FF1FC0
:10A1B0008C80FF1F94E2FF1F9C80FF1FB0E2FF1FF7
:10A1C000AC80FF1F10B5FCF7BBFD0446FFF74CFD4C
:10A1D00007480068201A142803D30548046002F0D9
:10A1E00057FDFFF785FFFFF7AFFF02F003FD10BD3E
:10A1F000C480FF1F10B5034802F016FD024802F0AC
:10A2000013FD10BD14A0002030A0002010B502F0F6
:10A21000FDFD02F0C1FE002002F0ACFE012002F0C4
:10A22000A9FE022002F0A6FE032002F0A3FE10BD4C
:10A2300010B504460348406A2146826901489047A8
:10A2400010BD00002C81FF1F08B50348406A8168DB
:10A2500001488847009008BD2C81FF1F10B50446B7
:10A260000348406A2146426A0148904710BD0000F9
:10A270002C81FF1F10B504460348406A2146026A3C
:10A280000148904710BD00002C81FF1F10B5034806
:10A29000406A01680148884710BD00002C81FF1FFB
:10A2A00070B504460D460448406A2A462146436973
:10A2B0000148984770BD00002C81FF1F01B503487D
:10A2C000406A426801480099904708BD2C81FF1FF1
:10A2D00010B52DED028B0446B0EE408A0548406A69
:10A2E000B0EE480A2146C26902489047BDEC028B95
:10A2F00010BD00002C81FF1F0B78027863F3010270
:10A3000002704B78027863F385020270027822F0C3
:10A31000C002027000224270002383700A79C2706A
:10A320008A88121202718A7842714A8812128271E6
:10A330008A79C27170470B78027863F30102027068
:10A340004B78027863F385020270027822F0C00233
:10A3500002708A7842704A88121282700A79C2703A
:10A360008A881212027100224271002383718A7955
:10A37000C2717047002101604160017041708170BD
:10A380000221C1707047000070B501208D4981F82D
:10A390002000002411E104EB840000EBC411894883
:10A3A000443000EB810000F5EE75012104EB8400E0
:10A3B00000EBC4128348443000EB820080F82C107C
:10A3C0002869012802D002287ED1E7E00421204636
:10A3D00001F00AFC04EB840000EBC411794844301E
:10A3E00000EB8100D0F8F8010068B0F5006F75D17E
:10A3F00004EB840000EBC4117248443000EB810090
:10A4000090F82D00012824D104EB840101EBC41243
:10A410006C49443101EB8201D1F884001021F9F735
:10A420001BFA02F0AFFF01212046FFF739FF04EBD2
:10A43000840000EBC4116348443000EB8100D0ED90
:10A440000A0AB0EE600A2046FFF742FF03F0D6F991
:10A45000A3E004EB840000EBC4115A48443000EB45
:10A46000810090F82D00022837D104EB840000EB26
:10A47000C4115448443000EB810090ED0A0ADFED2E
:10A48000520AB4EEE00AF1EE10FA26DD04EB840184
:10A4900001EBC4124B49443101EB8201D1F8840035
:10A4A0001021F9F7D9F902F06DFF01212046FFF7DD
:10A4B000F7FE04EB840000EBC4114248443000EB8B
:10A4C0008100D0ED0A0A01E074E007E0B0EE600A16
:10A4D0002046FFF7FDFE03F091F95EE004EB8400F7
:10A4E00000EBC4113748443000EB8100D0F8F8018C
:10A4F0000068102851D004EB840000EBC4113148EF
:10A50000443000EB8100D0F8F8010068B0F5004F4E
:10A510001AD104EB840101EBC4122A49443101EB46
:10A520008201D1F884001021F9F796F904EB840137
:10A5300001EBC4122349443101EB8201D1F8B80187
:10A540000421F9F789F928E004EB840000EBC41139
:10A550001C48443000EB8100D0F8F8010068B0F5E9
:10A56000803F1AD104EB840101EBC4121549443138
:10A5700001EB8201D1F884001021F9F76DF904EBA9
:10A58000840101EBC4120F49443101EB8201D1F87F
:10A59000B8014FF40071F9F75FF90BE00B49204661
:10A5A00001F022FB0CB1012000E00020054981F8F8
:10A5B0003B0000BF00BF601CC4B2022CFFF6EBAE34
:10A5C00070BD0000DC82FF1F00001C424004200020
:10A5D00010B50649D1F83C020121F9F73DF90349CC
:10A5E000D1F850040121F9F737F910BDDC82FF1FC3
:10A5F00070B5F44890F83B0020B90220F14981F889
:10A60000200008E0EF4890F83B00012803D1032028
:10A61000EC4981F820000024CFE104EB840000EB3A
:10A62000C411E848443000EB810000F5EE750221CA
:10A6300004EB840000EBC412E248443000EB8200DB
:10A6400080F82C102869C01E062815D2DFE800F01B
:10A650000315599DAFFE04EB840101EBC412D949E7
:10A66000443101EB8201D1F884001021F9F7F4F8AC
:10A67000D549204601F0B8FA9CE1012104EB8400A1
:10A6800000EBC412CF48443000EB820080F8541134
:10A6900004EB840000EBC412CA48443000EB820093
:10A6A00080F89C1004EB840101EBC412C5494431CD
:10A6B00001EB820101F5AA709FEDC40AFBF7ECF9EA
:10A6C00004EB840101EBC412BE49443101EB820169
:10A6D00001F19C009FEDBE0AFBF7DEF904EB84015B
:10A6E00001EBC412B749443101EB8201D1F8840077
:10A6F0000421F9F7B1F8B4491039204601F074FA91
:10A7000058E1012104EB840000EBC412AD48443051
:10A7100000EB820080F8541104EB840000EBC412BB
:10A72000A848443000EB820080F89C1004EB8401C0
:10A7300001EBC412A349443101EB820101F5AA7077
:10A740009FEDA20AFBF7A8F904EB840101EBC41208
:10A750009C49443101EB820101F19C009FED9D0A6F
:10A76000FBF79AF904EB840101EBC41295494431DB
:10A7700001EB8201D1F884000821F9F76DF89249C4
:10A780001039204601F030FA14E104EB840101EBAA
:10A79000C4128C49443101EB8201D1F884001021AC
:10A7A000F9F75AF88849204601F01EFA02E1042020
:10A7B000844981F82000012104EB840000EBC412DD
:10A7C0008048443000EB820080F8541104EB840090
:10A7D00000EBC4127B48443000EB820080F89C10F0
:10A7E00004EB840101EBC4127649443101EB820190
:10A7F00001F5AA709FED750AFBF74EF904EB840191
:10A8000001EBC4126F49443101EB820101F19C005C
:10A810009FED6F0AFBF740F904EB840000EBC411D5
:10A820006848443000EB810090F82D0001280ED1DB
:10A8300004EB840101EBC4126249443101EB820153
:10A84000D1F884000821F9F707F819E01EE004EBBD
:10A85000840000EBC4115B48443000EB810090F8A9
:10A860002D0002280CD104EB840101EBC4125549E0
:10A87000443101EB8201D1F884000421F8F7ECFFA8
:10A8800051491039204601F0AFF993E0012104EB62
:10A89000840000EBC4124B48443000EB820080F887
:10A8A000541104EB840000EBC4124648443000EB22
:10A8B000820080F89C1004EB840101EBC412414932
:10A8C000443101EB820101F5AA709FED400AFBF7CC
:10A8D000E3F804EB840000EBC4113A48443000EB89
:10A8E000810090F82D00012829D104EB840101EBAF
:10A8F000C4123449443101EB8201D1ED0A0AB0EEB1
:10A90000001A70EE810AB0EE600A04EB840101EBDC
:10A91000C4122C49443101EB820101F19C00FBF788
:10A92000BBF804EB840101EBC4122649443101EB6E
:10A930008201D1F884000421F8F78EFF34E004EBA3
:10A94000840000EBC4111F48443000EB810090F8F4
:10A950002D00022828D104EB840101EBC41219490F
:10A96000443101EB8201D1ED0A0AB0EE001A70EE1B
:10A97000C10AB0EE600A04EB840101EBC412114974
:10A98000443101EB820101F19C00FBF785F804EBF7
:10A99000840101EBC4120B49443101EB8201D1F86F
:10A9A00084000821F8F758FF07491039204601F0C4
:10A9B0001BF900BF00BF601CC4B2022CFFF62DAE15
:10A9C00070BD0000DC82FF1F200408000080A2444C
:10A9D0000000C8420000000002B9704750B901B938
:10A9E000FBE70B6813604B6853608B689360CB6820
:10A9F000D3601CE0012807D10423136006235360B1
:10AA000002239360D36012E0022807D1022313606F
:10AA10000623536002239360D36008E0032806D125
:10AA2000012313600623536002239360D36000BFA9
:10AA3000D3E7000030B58DB005460C46012108462D
:10AA4000F8F788FF04A8F6F7E5FF1C4A07CA01AB30
:10AA500007C3A07D04AA04F11801FFF7BDFF94F815
:10AA600028008DF826000120ADF8240001A80890E8
:10AA700094F829008DF827002A20005D8DF8280021
:10AA80002B20005D8DF8290094F82C008DF82A0009
:10AA90002D20005D8DF82B002E20005D8DF82C0000
:10AAA0002F20005D8DF82D003020005D8DF82E00E8
:10AAB00004A92846F6F79AFD0DB030BDB0EB0000B2
:10AAC000002001494871704704A0002018B90021F6
:10AAD000044A117004E0012802D10021014A51709A
:10AAE0007047000004A0002010B5044604B910BD52
:10AAF000A28861882078F9F743FA00BFF7E70000E1
:10AB00002DE9FC4105460E4614460CB9BDE8FC8112
:10AB100006B9FBE72648854248D14FF4F370ADF8FB
:10AB200000002088ADF80200606801906846F9F7DF
:10AB300049FBB4F90000002807DB00F01F010122E7
:10AB40008A401C49430941F8232000BFB4F90000A2
:10AB5000A178002804DB0A07130E174A135406E0F5
:10AB60000A07170E154A00F00F031B1FD75400BF2A
:10AB7000B4F9000000280DDB00BF00BF00F01F0289
:10AB8000012191404209920002F1E022C2F8001135
:10AB900000BF00BF00BF002242F6FE212846F6F7A4
:10ABA00049FE012231462846F6F744FE00BFADE7D4
:10ABB0000004074080E200E000E400E018ED00E05F
:10ABC00070B504460D4604B115B94FF0FF3070BDA5
:10ABD00025600020207105F11000FFF785FF05F1C9
:10ABE0000A00FFF781FF21684868FFF723FF236809
:10ABF00003F13802596B5868FFF782FF012020717A
:10AC000000BFE4E710B500230E2202493E20FAF708
:10AC100001FD10BD04A0002030B5024602B111B9FB
:10AC20006FF0010030BD908810B96FF00200F9E7B5
:10AC3000138802F1080000EB031539CD81E83900D3
:10AC40001088401C052390FBF3F403FB14001080D4
:10AC50009088401E90800120E4E770B5024602B162
:10AC600011B96FF0010070BD538802F1080000EBCC
:10AC7000031091E8780078C05088401C052390FBB1
:10AC8000F3F403FB140050809088052803DA9088C1
:10AC9000401C908007E01088401C052390FBF3F4D3
:10ACA00003FB140010800120DDE700007FB506469D
:10ACB0000D461446082C03DD6FF0010004B070BD92
:10ACC000002001900096019820F04000019001982A
:10ACD00020F0800080300190019864F3030001901F
:10ACE000002005E02A7802A90A546D1C411CC8B254
:10ACF000A042F7DB6A4600210448F6F785FA1021E6
:10AD00000248F6F74DFE0120D8E700000004074096
:10AD100070B50268516813685D7A35B1D1ED020AE9
:10AD2000F5EEC00AF1EE10FA04D10026C674002533
:10AD3000057670BD058A00EE905AB8EE600A0D7D6A
:10AD4000002D01DD0D7D00E003252C46D1ED020A2A
:10AD5000F4EEC00AF1EE10FA08D2057E6D1C0576FD
:10AD6000057EA54206DB0326C67403E000250576B2
:10AD70000026C67400BFDCE72DE9F05F2DED028BE5
:10AD800005462E687468D6F80080FBF7D9FF0746A1
:10AD900098F8080050B90021A97400204A490870A9
:10ADA0004A490870BDEC028BBDE8F09F95ED038A1F
:10ADB00094ED000AB4EEC80AF1EE10FA01D20120B7
:10ADC00000E00020814694ED010AB4EEC80AF1EEDD
:10ADD00010FA01DD012000E00020824694ED030A14
:10ADE000B5EEC00AF1EE10FA02DD94ED030A01E0BF
:10ADF000B0EE000AF0EE408A206908B1206901E057
:10AE000040F6B83083463048007890B32E49097830
:10AE100002290CD194ED000A30EE680AB4EEC80A9B
:10AE2000F1EE10FA01DD01210DE000210BE094EDBF
:10AE3000010A30EE280AB4EEC80AF1EE10FA01D287
:10AE4000012100E000210846A0B12049097829B974
:10AE500001211E4A11701E490F600EE01C4909684D
:10AE6000791A594509D30021174A1170174A1170F0
:10AE700003E003E00021154A117012E0B9F1000F60
:10AE800006D002201049087000201049087008E020
:10AE9000BAF1000F05D001200B49087000200B49C2
:10AEA000087009480078022802D10121A97408E03D
:10AEB00005480078012802D10221A97401E000218F
:10AEC000A97400BF6EE70000C180FF1FC080FF1F94
:10AED000BC80FF1F082900DA7047827802F0070261
:10AEE000014B9A7200BFF7E704A0002010B50829B3
:10AEF00000DA10BD0378447843EA0422014B1A813A
:10AF000000BFF6E704A00020082900DA7047827825
:10AF1000C2F38102014B1A7100BFF7E704A00020C1
:10AF2000082900DA70478278034BDA72027902F05E
:10AF300001021A7300BFF5E704A00020082900DA17
:10AF40007047027802F00F02094B1A70027812095A
:10AF50005A70427802F001029A70827802F003027D
:10AF6000DA708278C2F381021A7100BFE8E700004C
:10AF700004A00020082900DA7047427802F001029C
:10AF8000014B5A7100BFF7E704A0002010B5082953
:10AF900000DA10BD0379447943EA0422014BDA80D8
:10AFA00000BFF6E704A0002070B505462E46002439
:10AFB000FE48864200D105E0FD48864201D10124C9
:10AFC00000E070BD287D01287ED1687D297D884202
:10AFD0002ED0012104EB840000EBC412F3484C385E
:10AFE00000EB820080F8981104EB840000EBC4129F
:10AFF000EE484C3800EB820080F89911E0B201F085
:10B000007DFE002104EB840000EBC412E7484C38BD
:10B0100000EB8200C17004EB840101EBC412E34930
:10B020004C3901EB820101F5AA70FAF71DFDFFE131
:10B03000002101EB4401C8B2002101F0C9FE012149
:10B0400004EB840000EBC412D8484C3800EB8200BB
:10B0500080F89911052101EB4401C8B200F06EFBA4
:10B0600004EB840000EBC411D0484C3800EB8100A5
:10B07000807848B9012104EB840000EBC412CB486E
:10B080004C3800EB8200817004EB840000EBC411AB
:10B09000C6484C3800EB81008078F8B104EB84009E
:10B0A00000EBC411C1484C3800EB8100C078B0B946
:10B0B000012104EB840000EBC412BC484C3800EBC7
:10B0C0008200C170002100E08BE004EB840000EB03
:10B0D000C412B6484C3800EB8200416012E004EB29
:10B0E000840000EBC411B1484C3800EB810040688B
:10B0F000401C04EB840101EBC412AC494C3901EB58
:10B100008201486004EB840000EBC411A7484C386E
:10B1100000EB81004068032889D9032104EB8400F7
:10B1200000EBC412A1484C3800EB820041600421BE
:10B1300001EB4401C8B200F01BFB04EB840000EB00
:10B14000C4119A484C3800EB810090ED5B0ADFEDAA
:10B15000990AB4EEE00AF1EE10FA11DD012104EBD8
:10B16000840000EBC41291484C3800EB820080F858
:10B17000981101EB4401C8B2012101F029FE57E109
:10B1800004EB840000EBC41188484C3800EB8100CC
:10B1900090F8980180B1012101EB4401C8B201F09F
:10B1A0008BFE002104EB840000EBC4127F484C3876
:10B1B00000EB820080F8981104EB840202EBC413C8
:10B1C0007A4A4C3A02EB830292ED5B0ABCEEC00A6B
:10B1D00010EE101A012202EB4402D0B201F032FE4E
:10B1E00026E1287D02287BD1687D297D884222D0F6
:10B1F000012104EB840000EBC4126C484C3800EBD6
:10B20000820080F8981104EB840000EBC4126748B8
:10B210004C3800EB820080F89911E0B201F06EFD2D
:10B22000002104EB840000EBC41260484C3800EBB2
:10B230008200C170FCE0012101EB4401C8B2002191
:10B2400001F0C6FD012104EB840000EBC412574855
:10B250004C3800EB820080F89911042101EB440185
:10B26000C8B200F06BFA04EB840000EBC4114F4845
:10B270004C3800EB8100807848B9012104EB840050
:10B2800000EBC41249484C3800EB8200817004EB9B
:10B29000840000EBC41145484C3800EB81008078F5
:10B2A00090B304EB840000EBC41140484C3800EB31
:10B2B0008100C078A8B9012104EB840000EBC4121E
:10B2C0003A484C3800EB8200C170002104EB840046
:10B2D00000EBC41235484C3800EB8200416013E0AB
:10B2E00087E004EB840000EBC41130484C3800EBDD
:10B2F00081004068401C04EB840101EBC4122B491F
:10B300004C3901EB8201486004EB840000EBC4116E
:10B3100026484C3800EB81004068032832D90321CD
:10B3200004EB840000EBC41220484C3800EB820090
:10B330004160052101EB4401C8B200F019FA04EBA9
:10B34000840000EBC41119484C3800EB810090EDEB
:10B350005B0ADFED180AB4EEE00AF1EE10FA12DD36
:10B36000012104EB840000EBC41210484C3800EBC0
:10B37000820080F89811002101EB4401C8B201213C
:10B3800001F026FD54E004EB840000EBC4110748F3
:10B390004C3800EB810090F89801B0B1002101EB2E
:10B3A0004401C8B201F088FD002105E06C83FF1F55
:10B3B0008085FF1F00301C4504EB840000EBC412A5
:10B3C0001D4800EB820080F8981104EB840202EB28
:10B3D000C413194A02EB830292ED5B0ABCEEC00A69
:10B3E00010EE101A002202EB4402D0B201F02AFD46
:10B3F0001EE0012104EB840000EBC4120E4800EBB8
:10B40000820080F8981104EB840000EBC4120A4813
:10B4100000EB820080F89911E0B201F06FFC00218E
:10B4200004EB840000EBC412034800EB8200C170FF
:10B43000287D687500BFC4E52083FF1F30B5024634
:10B440000B460021032502F0080010B101210A2556
:10B4500010E002F0100010B102210B250AE002F00A
:10B46000200010B103210C2504E002F4007008B1A3
:10B4700003210C2521B902F4806008B101210A25BD
:10B4800021B902F4806008B9002030BD2C4602F4D6
:10B49000802000283DD102F4002058B1012901D1BB
:10B4A000072436E0022901D1082432E0032930D1F3
:10B4B00009242EE002F4801018BB02F4001058B1E9
:10B4C000012901D10A2424E0022901D10B2420E022
:10B4D00003291ED10C241CE002F4800058B101297C
:10B4E00001D10D2415E0022901D10E2411E0032918
:10B4F0000FD10F240DE002F4000010B1012901D199
:10B50000102406E0022901D1112402E0032900D110
:10B5100012241C700020587058600120187200BF5F
:10B52000B3E710B50446E06901682046884740F259
:10B530003F10F7F7C9FC2068F7F776FEE06941682D
:10B5400020468847002010BDF8B504460E46256801
:10B5500000270FE0A06904236A462946D0F808C0F6
:10B560002046E047A0680099884200D007E02F46B7
:10B57000354400BFD4E900010844A842EAD800BF1E
:10B580003846F8BD0146C8687047014608697047EB
:10B590002DE9F84304460D46E0692946C268204675
:10B5A0009047E060E068A8B9E06981682046884774
:10B5B000A06800902168A06904236A46D0F804C0FE
:10B5C0002046E0472068E060206828442061002091
:10B5D000BDE8F8836068B0FBF5F62168E068401AC2
:10B5E000B0FBF5F0471CB74221D3A846404600F017
:10B5F00091FB8146E168A0692B464A46D0F808C015
:10B600002046E047E0698168204688472168A069B4
:10B610002B464A46D0F804C02046E0472068E06048
:10B62000206828442061484600F060F802E0E068A5
:10B63000284420610020CBE710B504460020F7F72E
:10B640007DFC0120F9F7D4FE00BF606980F310880B
:10B6500000BF00BF10BD2DE9F04107460C4615465E
:10B660001E46324629462046F7F758FDBDE8F081D0
:10B6700010B5044600BF00BFEFF31080606172B6E2
:10B6800000BF0120F9F76CFE00BF4FF48070F7F7A0
:10B690007DFC0128F9D1F7F751FC10BD2DE9F047E9
:10B6A00005460E4617469846E869016828468847C9
:10B6B000002406E057F8049030194946F7F798FC43
:10B6C000241D4445F6D3E869416828468847BDE80B
:10B6D000F08770B504460D46E0B2F7F7B3FA08B943
:10B6E000204670BD4FF0FF30FBE7000010B500288A
:10B6F00021D0114B0022001F196803E0814203D8BA
:10B700000A4649680029F9D152B11368841A9C424B
:10B7100004D1006818441060104602E0506000E058
:10B72000186039B102680B1A934203D10B681A44AE
:10B7300002604968416010BDD482FF1F70B50546A4
:10B74000082D00DB70BD094800EB45142078012866
:10B750000AD1A07A20B921892079F8F789FC03E081
:10B7600021892079F8F770FB00BFEBE75881FF1FB4
:10B7700070B50546082D00DB70BD094800EB451487
:10B78000207801280AD1A07A20B921892079F8F7F8
:10B790005BFB03E021892079F8F76AFC00BFEBE747
:10B7A0005881FF1F7047000010B54C48047CA01E54
:10B7B0000A2878D2DFE800F0050C333A4149507886
:10B7C0007F864749D1F83C020821F8F745F882E026
:10B7D00042484069022806D14149D1F83C02202163
:10B7E000F8F73AF81AE03D484069062807D13C4985
:10B7F000D1F83C024FF48061F8F72EF80EE037489C
:10B800004069042803D035484069052806D13449E9
:10B81000D1F83C024FF48071F8F71EF85BE0304934
:10B82000D1F83C024021F8F717F854E02C49D1F840
:10B830003C028021F8F710F84DE02949D1F83C028C
:10B840004FF40071F8F708F845E02549D1F85004A5
:10B850000821F8F701F83EE020484069072806D1A2
:10B860001F49D1F850042021F7F7F6FF1AE01B48D2
:10B8700040690B2807D11A49D1F850044FF4806170
:10B88000F7F7EAFF0EE015484069092803D013488E
:10B8900040690A2806D11249D1F850044FF480714A
:10B8A000F7F7DAFF17E015E00D49D1F85004402111
:10B8B000F7F7D2FF0FE00A49D1F850048021F7F7DB
:10B8C000CBFF08E00649D1F850044FF40071F7F7B8
:10B8D000C3FF00E000BF00BF10BD00006C8AFF1F67
:10B8E000DC82FF1F10B524480068FAF727FF2348C1
:10B8F0000068FAF723FF22480068FAF71FFF214883
:10B900000068FAF71BFF20480021018081701F4862
:10B91000047C012C2CD14069022806D11C49D1F8A5
:10B920003C021021F7F798FF21E0184840690728EA
:10B9300006D11749D1F850041021F7F78DFF16E012
:10B9400012484069062807D11149D1F83C024FF44A
:10B950000061F7F781FF0AE00C4840690B2806D127
:10B960000B49D1F850044FF40061F7F775FF00E080
:10B9700000BF00BF10BD00005080FF1F5480FF1F9C
:10B980005880FF1F5C80FF1F4C80FF1F6C8AFF1FC9
:10B99000DC82FF1F70477047704770B504460CB1DA
:10B9A000E06800B970BDE068006894F8251000EB0D
:10B9B0008105A978204600F0D7F8FBF7C1F9A0620D
:10B9C00000BFEFE770B504460CB1E06808B900208D
:10B9D00070BDE06A401CE062E168C988206B0844E1
:10B9E000206304F11005287820B101280AD002282C
:10B9F0002AD118E0002084F825002046FFF7CDFF6B
:10BA00000120E5E7E06A6968884204D3204600F037
:10BA10009AF80020DCE7002084F825002046FFF794
:10BA2000BCFF0120D4E7206B6968884204D320461C
:10BA300000F089F80020CBE7002084F8250020469C
:10BA4000FFF7ABFF0120C3E7204600F07CF80020A1
:10BA5000BEE710B586B0044601A8F8F795FB0220B2
:10BA6000ADF80600607A08B9012000E00020ADF8CA
:10BA70000E002188A07901AAF8F79EF86188E07984
:10BA800001AAF8F799F8A188207A01AAF8F794F8A2
:10BA900006B010BD10B504461CB194F8240001286E
:10BAA00001D0002010BDD4E90712A069C4E9041236
:10BAB000E0600020A061E0612062022084F82400A0
:10BAC000204600F01CF80120ECE710B504460CB14C
:10BAD000E06808B9002010BD0C34607E401C607620
:10BAE000607E54F80C190979884203DB2046FFF781
:10BAF00069FFF0E72046FFF750FF0120EBE710B5A4
:10BB0000044604B910BD0120183460772077002066
:10BB100060736061A061A0770320207354F80C0C5F
:10BB2000183C38B1E0680079002803DD2046FFF7B3
:10BB300034FF06E00021204600F016F8002084F8CB
:10BB4000350000BFDEE710B5044604B910BD002083
:10BB500024346074207404F824090021204600F085
:10BB600003F800BFF2E700002DE9F04104460D465E
:10BB70000CB1072D01DBBDE8F0811A484619677A40
:10BB8000337803F001030BB13B4603E00FB9012307
:10BB900000E000231A462188A07900F075F8337878
:10BBA000C3F340030BB13B4603E00FB9012300E0B0
:10BBB00000231A466188E07900F066F83378C3F311
:10BBC00080030BB13B4603E00FB9012300E00023E3
:10BBD0001A46A188207A00F057F884F8375000BF41
:10BBE000C9E7000004DD000070B586B005460C46CC
:10BBF00023480078854200DA0CB906B070BD04F025
:10BC0000020030B12846F9F74FFBFF201D49485587
:10BC1000F3E704F0040030B12846F9F745FBFF20B4
:10BC200018494855E9E704F0010018B12846F9F72A
:10BC30001DFBE2E71348405DB0EB147F1DD3200FDE
:10BC40001049485524F0704403A92046F9F784FAB6
:10BC500090B19DF80C00F9F7BBFA06465EB100966C
:10BC60009DF80D008DF8040004990291694628465C
:10BC7000F9F73AFA00BF00BF00BF00BFBDE7000000
:10BC80000BDD00007480FF1F70B505460E4614469C
:10BC900024B131462846F8F7EBF903E0314628464F
:10BCA000F8F7D2F870BD0000F9F7E6FB00BF0EA26E
:10BCB0000FA10020FAF746F900BFC720F9F750FBA3
:10BCC000F5F7BCF94FF47A70FBF750F862B6FBF762
:10BCD00023FDC720F9F78CFB05E0FBF731F804469C
:10BCE000FBF78CF800BFF8E74D41494E000000001B
:10BCF0001B5B33366D5B25735D204D41494E282912
:10BD0000207374617274696E672E2E2E1B5B306D0A
:10BD10000D0A0000F0B50B30154D20F0070100248E
:10BD2000144A0FE003688B420BD38B4205D95E1A8D
:10BD300043184768C3E9006700E04368136002C026
:10BD400004E0021D10680028ECD12046002802D132
:10BD5000286808B10020F0BD064A07481060074A6D
:10BD6000121A22F00702C0E9002401202860D7E758
:10BD7000D882FF1FD482FF1F5CBD002058DD002049
:10BD80007047000000212DE001EB810202EBC1139E
:10BD9000164A02EB830202F14C00C26A062A1DD247
:10BDA000DFE802F003070B1014180022027542703E
:10BDB00015E001220275427011E002220275012293
:10BDC00042700CE000220275427008E00022027509
:10BDD000427004E000220275427000E000BF00BF24
:10BDE000481CC1B20229CFDB704700002083FF1F2F
:10BDF00010B5FAF7A5FF10BDF0B504460D4617467D
:10BE0000002614B1606900B115B94FF0FF30F0BDE4
:10BE10006169B1F80404B84201DD384601E0B1F8C7
:10BE200004040646002219E0B1F8020401EB800088
:10BE300090ED000A05EB820080ED000AB1F802C423
:10BE40000CF101004FEAE07C00EB1C6C4FEA2C2C5B
:10BE5000A0EB0C2CA1F802C4501C82B2B242E3DB6E
:10BE6000B1F80404801BA1F8040403B11E80002073
:10BE7000CDE702460AB1506910B94FF0FF30704764
:10BE80005169B1F8000401EB800080ED000AB1F8BF
:10BE90000034581CC31700EB13631B12A0EB0323E1
:10BEA000A1F80034B1F80404FF2804DCB1F804045C
:10BEB000401CA1F804040020E1E7000070B586B042
:10BEC00004460E4604B11EB94FF0FF3006B070BDF7
:10BED0002660356800206060A060E06020611A483C
:10BEE000844207D11948606119A000686060002190
:10BEF00021720CE01848844207D11848606118A0EC
:10BF0000006860600121217201E01748606160698A
:10BF100020B14FF481616069F4F707FA01A8F8F7DE
:10BF200033F94FF40040ADF81400E988287901AAEC
:10BF3000F7F742FE2A7A697A01232868F4F708FBAA
:10BF4000012020760020C1E714A000204CA0002092
:10BF5000504F53310000000030A0002054A40020B6
:10BF6000504F5332000000005CA8002070B52DED4A
:10BF7000028B05469FED180AB0EE408A15B9BDEC5C
:10BF8000028B70BD28680468217A2068F4F77EFB74
:10BF90000646D4ED060A00EE106AB8EE400A60EEDE
:10BFA000800A217F0120884000EE100AB8EEC00A06
:10BFB00080EE801AD4ED040A94ED050A01EE200A01
:10BFC000B0EE408A85ED038AB0EE480A2846FFF7B6
:10BFD00050FF00BFD3E70000000000007CB505461D
:10BFE0000C461248854204D101210846F7F736FD78
:10BFF00006E00F48854203D101210220F7F72EFD0C
:10C000006846F4F761FC208EADF80000608EADF854
:10C010000200A08EADF8040069462846F4F76AFBDA
:10C0200010B14FF0FF307CBD0020FCE70000044061
:10C030000004044070B505460E46144604B970BDB0
:10C0400001214804F7F738FC21896068F4F7F0FC17
:10C05000228831462846F4F795FC00BFEFE7F0B59B
:10C0600004460D461646002714B1606900B115B9A3
:10C070004FF0FF30F0BD6169B1F80808B04201DD52
:10C08000304601E0B1F80808074600221EE0B1F88A
:10C09000040801EB800090ED000A05EB820080EDC2
:10C0A000000AB1F804C80CF101004FEAE07C00EB93
:10C0B0001C6C4FEA2C2CA0EB0C2CA1F804C8B1F896
:10C0C0000808401EA1F80808501C82B2BA42DEDB04
:10C0D00003B11F800020CDE702460AB1506910B9B4
:10C0E0004FF0FF3070475169B1F8000801EB800054
:10C0F00080ED000AB1F80038581CC31700EB136339
:10C100001B12A0EB0323A1F80038B1F80808FF28A0
:10C1100004DCB1F80808401CA1F80808B1F802389E
:10C1200001F5806000EB8300C0ED000AB1F8023831
:10C13000581CC31700EB13631B12A0EB0323A1F8D9
:10C140000238B1F80A08FF2804DCB1F80A08401CDC
:10C15000A1F80A080020C5E770B505460C4604B9E9
:10C1600070BD607A30B9227A012300212846F4F7A5
:10C17000EFF905E0227A012319462846F4F7E8F999
:10C1800000BFEDE710B586B004460CB906B010BD8F
:10C1900001A8F7F7F9FF4FF40040ADF81400E1886B
:10C1A000207901AAF7F708FD00BFEFE770B5054653
:10C1B0000E4615B10EB1306810B94FF0FF3070BDAA
:10C1C0002E60002068766860A860E86028614748B3
:10C1D000854209D14648686146A00188A9808078D7
:10C1E000A871002129721BE04348854209D14348C8
:10C1F000686143A00188A9808078A8710121297213
:10C200000EE04048854209D13F4868613FA001885F
:10C21000A9808078A8710221297201E03C486861F8
:10C22000686920B140F60C016869F4F77EF834685B
:10C23000207A18B104F10C00FFF7A4FF607A18B15E
:10C2400004F11800FFF79EFFA07A18B104F1240052
:10C25000FFF798FF21466068FFF7C0FE10B16FF04E
:10C260000100ACE7207A20B104F10C016068FFF70F
:10C2700073FF607A20B104F118016068FFF76CFF6A
:10C28000A07A20B104F124016068FFF765FF94F8FB
:10C29000360028B104F1380200216068FFF7CAFEB9
:10C2A00094F8370028B104F1440201216068FFF7D7
:10C2B000C1FE94F8500030B104F154024FF4E07123
:10C2C0006068FDF76DFC94F8510030B104F15C0238
:10C2D00040F2C1116068FDF763FC4E20005D08B1BB
:10C2E00000F0A6FE01206876002068E778E2FF1FD4
:10C2F000CCE2FF1F564D000094E2FF1FD8EAFF1F5B
:10C300004D310000B0E2FF1FE4F2FF1F4D3200008C
:10C310006097002010B52DED048B044604EB8400DB
:10C3200000EBC411454800EB810090ED5B0A04EB83
:10C33000840000EBC411414800EB8100D0ED650A98
:10C34000B4EEE00AF1EE10FA74DD3D480088B0F575
:10C35000FA7F6ADD04EB840000EBC412374800EB7F
:10C36000820090ED290A3748D0ED000A30EEC00A6D
:10C3700010EE101A0846F4F720F841EC190BB0EE55
:10C38000490AF0EE690AFCF717FDB0EE408AF0EEBC
:10C39000608A9FED2D0B53EC102B51EC180BF4F72A
:10C3A0003FF82ED22A480088401C294908800846B8
:10C3B000008803282ADD0020088004EB840000EBBD
:10C3C000C4111E4800EB810090F82C0002280DD10A
:10C3D00004EB840101EBC412184901EB8201D1F88E
:10C3E000F8014FF40051F7F737FA0FE0012104EBA1
:10C3F000840000EBC412114800EB820080F8101298
:10C4000004E013480088401E1149088000200C49B0
:10C41000088004EB840000EBC411084800EB8100A5
:10C4200090ED290A074880ED000A05480088401C65
:10C4300003490880BDEC048B10BD00002083FF1F62
:10C44000D080FF1FD480FF1F333333333333D33FC8
:10C45000D280FF1F2DE9F0412DED068B04469FEDA4
:10C46000FE0AB0EE409A9FEDFC0AB0EE408A0CB195
:10C47000607E18B9BDEC068BBDE8F08120680568C8
:10C48000287A00B3297D6868F4F700F908EE900A6D
:10C4900095ED1D0AF8EE680A20EE201A95F878103E
:10C4A0000120884000EE100AB8EEC00AC1EE000A72
:10C4B00095ED191A95ED1A0A00EE810AB0EE409A30
:10C4C00084ED039A00BF687A00287CD02022515D59
:10C4D0006868F4F7DBF809EE900A95ED1D0AF8EEAE
:10C4E000690A20EE201A95F878100120884000EEA5
:10C4F000100AB8EEC00AC1EE000A95ED1B1A95EDC0
:10C500001C0A00EE810AB0EE408ABCEEC80A10EEAA
:10C51000100A2082207A012802D0207A02287DD1B8
:10C52000207A401E00EB800101EBC011CB4800EBEC
:10C53000810090F84D00002871D0207A401E00EB59
:10C54000800101EBC011C54800EB810090F8540157
:10C5500000287DD0207A401EC7B20FB9C04800E045
:10C56000C0480646307D06EB800080ED008A307DB5
:10C57000401C052190FBF1F201FB12003075707D2B
:10C58000052802DA707D401C7075DFEDB38A00204B
:10C5900009E006EB800191ED000A30EE280AF0EE8A
:10C5A000408A411CC8B2717D8142F2DC707D00EE90
:10C5B000100AB8EE400A88EE80AA07EB870000EB6D
:10C5C000C711A64800E00AE300EB810080ED57AAFE
:10C5D000227A521E02EB820303EBC2139F4A02EB44
:10C5E000830292ED571AF0EE410A227A521E02EBB4
:10C5F000820303EBC213994A02EB830292ED561AAF
:10C60000B0EE410A227A521E02EB820303EBC21300
:10C61000924A02EB830202F5AA7101E0BAE2BAE2A1
:10C62000227A521E02EB820303EBC2138B4A02EB07
:10C63000830202F5A070F9F72FF9207A401E00EB73
:10C64000800101EBC011854800EB8100816900E0A9
:10C6500087E2207A401E00EB800202EBC0127F4886
:10C6600000EB8200C06981422AD2207A401E00EB92
:10C67000800101EBC011794800EB81008069401C0A
:10C68000217A491E01EB810202EBC112734901EBD1
:10C69000820188610021207A401E00EB800202EBBB
:10C6A000C0126E4800EB82008160207A401E00EBD1
:10C6B000800202EBC012694800EB820001614FE288
:10C6C000207A401E00EB800101EBC011634800EBB3
:10C6D000810090ED310A207A401E00EB800101EBD1
:10C6E000C0115E4800EB8100D0ED350AB4EEE00ADF
:10C6F000F1EE10FA1CDC207A401E00EB800101EB09
:10C70000C011564800EB810090ED310A207A401E9E
:10C7100000EB800101EBC011504800EB8100D0ED2F
:10C72000350AF1EE600AB4EEE00AF1EE10FA7DD2BD
:10C73000207A401E00EB800101EBC011474800EB5E
:10C74000810090ED570A207A401E00EB800101EB3A
:10C75000C011424800EB8100D0ED640AB4EEE00A5B
:10C76000F1EE10FA62DD207A401E00EB800101EB51
:10C77000C0113A4800EB81008168207A401E00EB2E
:10C78000800202EBC012354800EB8200C068814293
:10C790004AD30021207A401E00EB800202EBC01237
:10C7A0002E4800EB820080F86010207A401E00EBDB
:10C7B000800202EBC012294800EB820080F84D1085
:10C7C000207A401E00EB800101EBC011234800EBF2
:10C7D000810090F82C0002280FD1217A491E01EB2C
:10C7E000810202EBC1121D4901EB8201D1F8F8016F
:10C7F0004FF40051F7F730F80BE00121207A401E8A
:10C8000000EB800202EBC012144800EB820080F8BB
:10C8100010120021207A401E00EB800202EBC012B1
:10C820000E4800EB82008160207A00E01CE0401E90
:10C8300000EB800101EBC011084800EB810080682B
:10C84000401C217A491E01EB810202EBC11203490F
:10C8500001EB8201886027E0000000002083FF1FB9
:10C86000F0FAFF1F08FBFF1F207A401E00EB80013B
:10C8700001EBC011DE4800EB81008068A0B1207A96
:10C88000401E00EB800101EBC011D94800EB810094
:10C890008068401E217A491E01EB810202EBC11221
:10C8A000D34901EB82018860217A491EC8B2FFF7A3
:10C8B00031FDFCF777FB207A401E00EB800101EB95
:10C8C000C011CB4800EB810090ED280A207A401E71
:10C8D00000EB800101EBC011C54800EB8100D0EDF9
:10C8E000290A30EE600AB0EEC00A207A401E00EB42
:10C8F000800101EBC011BE4800EB8100D0ED350A8C
:10C90000B4EEE00AF1EE10FA7ED2207A401E00EB7F
:10C91000800101EBC011B64800EB81000169207A6B
:10C92000401E00EB800202EBC012B14800EB820017
:10C93000406981421BD3207A401E00EB800101EB4D
:10C94000C011AB4800EB810090F82C0002280FD1F9
:10C95000217A491E01EB810202EBC112A44901EBCD
:10C960008201D1F8F8014FF48041F6F775FFC1E07C
:10C970000021207A401E00EB800202EBC0129C488E
:10C9800000EB820080F86010207A401E00EB8002ED
:10C9900002EBC012964800EB820080F84D10217A1D
:10C9A000491E01EB810202EBC112914901EB8201A8
:10C9B000D1F884001021F6F74FFF0021207A401EA5
:10C9C00000EB800202EBC012894800EB820080F885
:10C9D0005411207A401E00EB800202EBC012844802
:10C9E00000EB820080F8F810207A401E00EB8002F5
:10C9F00002EBC0127E4800EB820080F89C10217A86
:10CA0000491E01EB810200E08AE002EBC112784985
:10CA100001EB820101F5AA70F9F726F8207A401E91
:10CA200000EB800101EBC011714800EB8100D0F8F0
:10CA3000AC010A2819D0207A401E00EB800101EBDE
:10CA4000C0116B4800EB8100D0F8AC010B280CD072
:10CA5000207A401E00EB800101EBC011644800EB1E
:10CA60008100D0F8AC010C280FD1217A491E01EBCE
:10CA7000810202EBC1125E4901EB8201D1F8B801DB
:10CA80004FF48041F6F7E8FE34E0207A401E00EBD8
:10CA9000800101EBC011564800EB8100D0F8AC01D9
:10CAA000022819D0207A401E00EB800101EBC01152
:10CAB0004F4800EB8100D0F8AC0103280CD0207A5D
:10CAC000401E00EB800101EBC011494800EB8100E2
:10CAD000D0F8AC0104280DD1217A491E01EB810266
:10CAE00002EBC112424901EB8201D1F8B801802169
:10CAF000F6F7B2FE207A401E00EB800101EBC01178
:10CB00003B4800EB81000069401C217A491E01EB83
:10CB1000810202EBC112364901EB820108611FE07C
:10CB2000207A401E00EB800101EBC011304800EB81
:10CB300081000069A0B1207A401E00EB800101EB6A
:10CB4000C0112B4800EB81000069401E217A491E6C
:10CB500001EB810202EBC112254901EB8201086160
:10CB60000BE00021207A401E00EB800202EBC01295
:10CB70001F4800EB820080F86010217A491E01EB0B
:10CB8000810202EBC1121A4901EB820101F14C0052
:10CB9000FEF70AFA22E00021207A401E00EB800214
:10CBA00002EBC012124800EB820080F86010207A7D
:10CBB000401E00EB800202EBC0120D4800EB820029
:10CBC0008161217A491E01EB810202EBC112084901
:10CBD00001EB820101F14C00FEF7E6F900BFF0EE37
:10CBE000480AB0EE490A2046FFF776FA00BF41E452
:10CBF0002083FF1F10B50023102208492020F8F7DA
:10CC000009FD0023102206492020F8F703FD002328
:10CC1000102204492020F8F7FDFC10BD8C80FF1F76
:10CC20009C80FF1FAC80FF1F10B52DED028BAAB0BA
:10CC3000044601ABA02202A92046FFF7DDF810B997
:10CC4000BDF8040018B92AB0BDEC028B10BD9FEDF1
:10CC50000F8A00200AE002A901EB800191ED000A91
:10CC600030EE080AB0EE408A411CC8B2BDF804108C
:10CC70008842F0DBBDF8040000EE100AB8EE400A6E
:10CC8000C8EE000AC4ED030A00BFDCE700000000A4
:10CC900010B52DED028B8CB09FED160AB0EE408AD8
:10CCA00001AB142202A91448FFF7D9F9BDF804001A
:10CCB00000281BDD00240AE002A800EB840090EDB0
:10CCC000000A30EE080AB0EE408A601CC4B2BDF81B
:10CCD00004008442F0DBBDF8040000EE100AB8EE58
:10CCE000400AC8EE000A0448C0ED030A0CB0BDECCF
:10CCF000028B10BD0000000078E2FF1F70B50646F1
:10CD0000002E2FD1314C04F12005A07E18B901204E
:10CD1000A0760020E061E069401CE061A07A20B9C3
:10CD200021892079F7F7A4F903E021892079F7F721
:10CD30008BF8A87A20B929892879F7F799F903E0BF
:10CD400029892879F7F780F8E069022809D90320B2
:10CD5000E0610121084600F03BF80121002000F0CD
:10CD600037F832E0012E30D1184C403404F1200560
:10CD7000A07E18B90120A0760020E061E069401C87
:10CD8000E061A07A20B921892079F7F771F903E0F1
:10CD900021892079F7F758F8A87A20B929892879C4
:10CDA000F7F766F903E029892879F7F74DF8E06984
:10CDB000022809D90320E0610121022000F008F8CF
:10CDC0000121032000F004F800BF70BDD881FF1FCF
:10CDD00070B505460E46082D00DB70BD0A4800EB15
:10CDE0004514207868B936B94FF44072D4E904018B
:10CDF000FBF73AFC05E04FF40072D4E90401FBF7BD
:10CE000033FC00BFE9E700005881FF1F70B5002127
:10CE10000C20F7F75DF80220F5F73AFF002110200B
:10CE2000F7F756F8002407E0054800EB44152846BC
:10CE300000F064F8601CC4B2082CF5DB70BD000083
:10CE40005881FF1F70B506460D46082E00DB70BDE9
:10CE5000174800EB46142078012818D15DB9A07A54
:10CE600020B921892079F7F703F90FE0218920798A
:10CE7000F6F7EAFF0AE0A07A20B921892079F6F7CF
:10CE8000E3FF03E021892079F7F7F2F8DFE740F6C6
:10CE9000C310854200D905462A46D4E90401FBF7B0
:10CEA00045FC6A0800210348FBF740FC00BFCEE7C1
:10CEB0005881FF1F0050014070B50546082D00DB6A
:10CEC00070BD0D4800EB45140020A076207828B9ED
:10CED0000022D4E90401FBF7C7FB0AE0A07A20B9DD
:10CEE00021892079F6F7B0FF03E021892079F7F74F
:10CEF000BFF800BFE4E700005881FF1F10B50446EB
:10CF000004B910BD201D00F012F8207818B9204691
:10CF100000F050F809E02078012806D1208B20B1DC
:10CF2000228B21892079F7F72BF800BFE9E710B5AC
:10CF300086B004460CB906B010BD01A8F7F724F975
:10CF40000220ADF806002020ADF80A000020ADF860
:10CF50001400A07918B10020ADF8040002E001200F
:10CF6000ADF80400A188207801AAF6F725FE00BFDD
:10CF7000E1E7000070B50546064800EB451414B91A
:10CF80004FF0FF3070BD0122D4E90401FBF710FB24
:10CF90000020F7E75881FF1F10B501210348FBF778
:10CFA0009DFC0348FBF752FC002010BD00640140CB
:10CFB0000050014010B586B004460CB906B010BD53
:10CFC0000121E068F6F708FD228B21892079F6F728
:10CFD000D7FF00208DF80C0030208DF80D000021C7
:10CFE0008DF80E1002218DF80F1040F6C310059039
:10CFF00003A92069FBF75AF90120ADF80400ADF848
:10D000000600ADF808000020ADF80A006A46D4E931
:10D010000401FBF71DFA4FF44072D4E90401FBF759
:10D0200023FB00BFCAE710B5F8F726FA10BD0000D1
:10D030000EB501210420F6F7CFFC00208DF800008A
:10D0400030208DF8010000218DF8021002218DF8AA
:10D05000031040F6C310029069460748FBF726F913
:10D060004FF4967200210448FBF760FB0122114641
:10D070000148FBF7B9F80EBD0050014010B5044659
:10D08000054880692421026803489047A06A016826
:10D090002046884710BD0000B082FF1F70B50446CF
:10D0A0000F488069C1680E48884706460C48806969
:10D0B00024232246314685680948A8470949206843
:10D0C00088420BD024212046F3F72FF90548206031
:10D0D0004FF47A702081204600F044F8002070BDA3
:10D0E000B082FF1FA55AA55A70B504460D462422EA
:10D0F00029462046F3F700F970BD0246022901DBFC
:10D100000020704701EB410302F10C0050F82300AE
:10D11000F7E708B501464868009008BD022902DB20
:10D120009FED050A704701EB410300F10C0202EB91
:10D13000830292ED010AF5E700000000022902DBFC
:10D140009FED050A704701EB410300F10C0202EB71
:10D15000830292ED020AF5E700000000014608890B
:10D1600070470000F0B589B0054617488069C1686E
:10D170001548884707461448806924236A4639467B
:10D1800086681148B047242269462846F3F7F9F823
:10D1900010B9002009B0F0BD0C4828600A48806929
:10D1A00001690948884704460748806924232A46BC
:10D1B000214646680448B0470348C46004F124008F
:10D1C000014908610020E5E7B082FF1FA55AA55A72
:10D1D00070B504460D461646022D02DB4FF0FF30B7
:10D1E00070BD05EB450104F10C0040F82160A06A18
:10D1F000416820468847F3E713B50446019860600C
:10D20000A06A4168204688471CBD000070B52DED1E
:10D21000048B82B004460D46B0EE409A022D05DB29
:10D220004FF0FF3002B0BDEC048B70BDB5EEC09A7C
:10D23000F1EE10FA06D39FED2C0AB4EEC09AF1EE8F
:10D2400010FA02DD6FF00100ECE705EB450104F197
:10D250000C0000EB810080ED029A606801900DF1F6
:10D260000600405D00F0030605EB450104F10C00EB
:10D2700000EB810090ED028AF0EE488A9EB1022E0A
:10D2800002D0032E0ED106E0B3EE060A38EE000AF5
:10D29000F0EE408A0AE0B3EE060A38EE400AF0EEFD
:10D2A000408A03E000BFF0EE488A00BF00BFF5EE01
:10D2B000C08AF1EE10FA06D39FED0B0AF4EEC08A95
:10D2C000F1EE10FA02DD6FF00100ABE705EB45016E
:10D2D00004F10C0000EB8100C0ED018AA06A4168F6
:10D2E000204688479EE7000000401C4670B5044673
:10D2F0000D462581A06A41682046884770BD704769
:10D300007047000010B50E49D1F8FC010121F6F775
:10D31000A3FA0B49D1F810040121F6F79DFA012177
:10D320000020FEF761FC01210846FEF75DFC0121AB
:10D330000020FCF7A9FD01210846FCF7A5FD10BD62
:10D34000DC82FF1F10B50E49D1F8FC010221F6F76F
:10D3500083FA0B49D1F810040221F6F77DFA022175
:10D360000020FEF741FC02210120FEF73DFC0021D8
:10D370000846FCF789FD00210120FCF785FD10BD62
:10D38000DC82FF1F10B5254890F83D00312829D0D8
:10D3900008DC10280DD011280CD023280BD024280D
:10D3A00033D109E0A12808D0A22807D0A7282CD182
:10D3B00005E000BF00BF00BF00BF00BF00BF1748AF
:10D3C00090F83E00012806D1144991F83D00012152
:10D3D00000F0AEFA05E0114991F83D00002100F09F
:10D3E000A7FA19E00D4890F83F00012806D10B4933
:10D3F00091F83D00012100F09BFA05E0074991F802
:10D400003D00002100F094FA06E0044991F83D0047
:10D41000002100F08DFA00BF00BF10BDDC82FF1FAD
:10D4200010B5044604EB840000EBC411F14800EB96
:10D43000810090F8FC01012803D1EF4901F8340084
:10D4400003E00020EC4901F8340004EB840000EB19
:10D45000C411E84800EB810090F82C0002286DD13F
:10D4600004EB840000EBC411E24800EB8100D0F82B
:10D47000EC0104282BD104EB840000EBC411DD483F
:10D4800000EB810090F82D0001280AD10320DA4931
:10D4900001EBC40148700020D74901EBC401887139
:10D4A00099E104EB840000EBC411D24800EB810049
:10D4B00090F82D000228F3D10420CF4901EBC401DC
:10D4C00048700020CC4901EBC401887183E104EB72
:10D4D000840000EBC411C74800EB8100D0F8EC01D8
:10D4E0000528DDD104EB840000EBC411C14800EB3A
:10D4F000810090F82D0001280AD10420BE4901EBDB
:10D50000C40148700020BC4901EBC401887162E18C
:10D5100004EB840000EBC411B64800EB810090F8E6
:10D520002D000228BCD10320B34901EBC40148708F
:10D530000020B14901EBC40188714CE104EB840087
:10D5400000EBC411AB4800EB810090F82C000128DF
:10D55000A6D104EB840000EBC411A64800EB8100C7
:10D5600090F8FE01012809D10020A34901EBC40174
:10D570004870A14901EBC40188712CE104EB8400DF
:10D5800000EBC4119B4800EB810090F8FC0148B906
:10D590000020994901EBC4014870974901EBC4018F
:10D5A000887118E104EB840000EBC411914800EB92
:10D5B0008100D0F8AC01092817D104EB840101EBFC
:10D5C000C4128C4901EB8201D1F8B8014FF48021DB
:10D5D000F6F742F90720884901EBC40148700120A1
:10D5E000854901EBC4018871F5E004EB840000EB90
:10D5F000C411804800EB8100D0F8AC01112817D18C
:10D6000004EB840101EBC4127A4901EB8201D1F8E9
:10D61000B8014FF48021F6F71FF90820764901EB95
:10D62000C40148700220744901EBC4018871D2E042
:10D6300004EB840000EBC4116E4800EB8100D0F8CD
:10D64000AC0116280AD109206B4901EBC4014870CE
:10D650000320694901EBC4018871BCE004EB84003C
:10D6600000EBC411634800EB8100D0F8AC0118282E
:10D670000AD10A20604901EBC401487004205E49C8
:10D6800001EBC4018871A6E004EB840000EBC41137
:10D69000584800EB8100D0F8AC0119280AD10B20C2
:10D6A000554901EBC40148700520534901EBC40101
:10D6B000887190E004EB840000EBC4114D4800EB4E
:10D6C0008100D0F8AC01082817D104EB840101EBEC
:10D6D000C412484901EB8201D1F8B8014FF480210E
:10D6E000F6F7BAF80520444901EBC4014870002060
:10D6F000414901EBC40188716DE004EB840000EB4B
:10D70000C4113C4800EB8100D0F8AC01102817D1BF
:10D7100004EB840101EBC412364901EB8201D1F81C
:10D72000B8014FF48021F6F797F80620324901EB53
:10D73000C40148700020304901EBC40188714AE0FF
:10D7400004EB840000EBC4112A4800EB8100D0F800
:10D75000AC0101283FD104EB840000EBC411254843
:10D7600000EB8100D0F8B001092834D004EB84002C
:10D7700000EBC4111F4800EB8100D0F8B001112864
:10D7800029D004EB840000EBC4111A4800EB81009F
:10D7900090F82E00012809D10520174901EBC4019A
:10D7A00048700020144901EBC401887104EB840027
:10D7B00000EBC4110F4800EB810090F82E00012807
:10D7C00009D106200C4901EBC401487000200A4928
:10D7D00001EBC4018871FF20074901EBC4014880B7
:10D7E00004484438B0F84402034901EBC40188807E
:10D7F00010BD00002083FF1FF49F0020FEB5FCF742
:10D8000023FD02909DF808609DF8090000F00F07C5
:10D8100000200190FF2E00DD002601AA3946304687
:10D82000FBF7D6F80546002D42D13F48BDF804105D
:10D8300000EB8102002038E0931C1B5C03F0030125
:10D8400021B102290DD0032921D115E0002400EBDC
:10D85000800303EBC01C354B03EB8C0383F82D4096
:10D8600020E0012400EB800303EBC01C2F4B03EBF3
:10D870008C0383F82D4015E0022400EB800303EBBA
:10D88000C01C2A4B03EB8C0383F82D400AE00024D4
:10D8900000EB800303EBC01C244B03EB8C0383F8E9
:10D8A0002D4000BF00BF411CC8B20228C4DB0CE001
:10D8B00001211E48443880F87110022180F8851239
:10D8C0001948806C0090FCF7F9FC002428E0204601
:10D8D000FCF7AEFC012821D1012104EB840000EB10
:10D8E000C412124800EB820080F8FC112046FCF7BD
:10D8F000C1FC04EB840000EBC4110C4800EB810078
:10D9000080ED090A2046FCF7A9FC04EB840000EB3B
:10D91000C411064800EB810080ED080A601CC4B207
:10D92000022CD4DBFEBD000010EC00002083FF1FA2
:10D9300038B505460C4600200090E8B28DF800008E
:10D94000E0B28DF801000098FCF7B8FCFFF756FF35
:10D9500038BD0000000100000000000002000000CF
:10D96000C80000002000000000EF000000000000E0
:10D9700000000000020000000200000001000000A2
:10D980000000000002000000020000000300000090
:10D990000300000001000000000000000000000083
:10D9A00095B900000000000001000000A5B70000CC
:10D9B000000000000200000099B900000000000013
:10D9C0000300000097B90000000000000100000003
:10D9D000000200000000C80001000000000100007B
:10D9E0000000C80001000000000400000000C800A2
:10D9F00001000000040000000000C8000100000059
:10DA0000020000000000C80001000000010000004A
:10DA10000000C8000000000001000000010000003C
:10DA200001000000020000000200000002000000EF
:10DA300004000000030000000200000008000000D5
:10DA4000010000000300000040000000060000008C
:10DA500003000000100000000400000003000000AC
:10DA6000200000000500000006000000800000000B
:10DA7000010000000600000000010000030000009B
:10DA80000400000040000000060000000400000048
:10DA9000000100000300000005000000400000003D
:10DAA0000600000005000000000100000300000067
:10DAB0000100000000020000070000000700000055
:10DAC000000400000800000007000000000800003B
:10DAD0000100000008000000004000000B000000F2
:10DAE000080000000010000009000000080000000D
:10DAF000002000000A0000000B0000000080000071
:10DB0000010000000B000000000001000800000000
:10DB100009000000004000000B00000009000000A8
:10DB200000000100080000000A00000000400000A2
:10DB30000B0000000A0000000000010008000000C7
:10DB400000000000E5B80000000000000100000037
:10DB5000E5B800000000000002000000A9B70000C6
:10DB60000000000003000000A9B700000000000052
:10DB700004000000A9B7000000000000050000003C
:10DB8000A9B700000000000006000000A9B70000CF
:10DB90000000000007000000A9B70000000000001E
:10DBA00008000000A9B70000000000000900000004
:10DBB000A9B70000000000000A000000A9B700009B
:10DBC000000000000B000000A9B7000000000000EA
:10DBD000020000000300000000000000040000003C
:10DBE000030000000000000008000000000000002A
:10DBF0000000000010000000010000000000000014
:10DC000020000000020000000000000000020000F0
:10DC100002000000000000004000000004000000BE
:10DC2000000000008000000005000000000000006F
:10DC300000010000060000000000000008040800C9
:10DC400007000000000000001004080008000000A9
:10DC5000000000002004080009000000000000008F
:10DC6000080420000A00000000000000100420004A
:10DC70000B00000000000000200420000C00000049
:10DC800000000000080440000D000000000000003B
:10DC9000100440000E0000000000000020044000BE
:10DCA0000F000000000000000804800010000000C9
:10DCB00000000000100480001100000000000000BF
:10DCC000200480001200000000000000808000009E
:10DCD000130000000000000040800000140000005D
:10DCE000000000000081000015000000000000009E
:10DCF0000040008000200202020100040002040033
:10DD000000000501000102040503060200000100F5
:10DD100000000200000003000000000000000400FA
:10DD20000000050000000600FA000100FA000000F3
:10DD3000FA000200FA000000FA000300FA000000F6
:10DD40003200010032000000320002003200000008
:10DD50003200030032000000C8000100C8000000CB
:10DD6000C800010084030000C8000200C8000000D1
:10DD7000C800020084030000C8000300C8000000BF
:10DD8000C800030084030000C8000100C8000000B0
:10DD9000C8000100C8000000C8000100F401000034
:10DDA000C8000200C8000000C8000200C80000004F
:10DDB000C8000200F4010000C8000300C800000011
:10DDC000C8000300C8000000C8000300F401000000
:10DDD000FA000100FA000200FA000100FA00030054
:10DDE000FA000200FA0003000CDD00000100000050
:10DDF0002CEF000010DD00000100000064EF0000C7
:10DE000014DD00000100000094EF000018DD0000A8
:10DE10000100000038EF00001CDD00000100F401EB
:10DE200070EF000020DD00000100F40144EF00006D
:10DE300024DD00000100F401A4EF000028DD000053
:10DE40000200F401CCEF000030DD00000200F4011C
:10DE5000DCEF000038DD00000200F401ECEF000010
:10DE600040DD00000200C80000F0000048DD0000B6
:10DE70000200C80010F0000050DD00000200C800E1
:10DE800020F0000058DD00000400C80000F0000091
:10DE900068DD00000400C80010F0000078DD00001C
:10DEA0000400C80020F0000088DD00000600C80063
:10DEB00000F00000A0DD00000600C80010F0000027
:10DEC000B8DD00000600C80020F00000D0DD000032
:10DED0000200F40154EF0000D8DD00000200F4015C
:10DEE00084EF0000E0DD00000200F401B8EF000064
:10DEF000000000420000004100000000000000405F
:10DF0000B80B00000000000000000000000000004E
:10DF100000000000000000000000000000002041A0
:10DF200000000000000000000000000000000000F1
:10DF300000000000000000000000000000000000E1
:10DF40000000204100000000000000000000000070
:10DF500000000000000000000000000074DF00006E
:10DF6000F0DE0000F0DF000014DF00006CE00000D5
:10DF700038DF000000000000000004400100000045
:10DF80000000044000002000050000000000000028
:10DF90000000000000000000000000000000000081
:10DFA000000000000200000000000000000000006F
:10DFB0000000000000000000000000000000000061
:10DFC000000000000100000000000F00E10300005D
:10DFD0000000000000000000000080410000000080
:10DFE0000000000000000000333353400C0000002C
:10DFF00000000000000004400001000000000000DC
:10E0000000000000000000000000044000000100CB
:10E0100000010000000000000000000000000000FF
:10E0200002000000000000010000000000000000ED
:10E03000000000000100000058080140020101003A
:10E0400000010000000000000000000001000100CD
:10E0500029050000000000000000000000409C4571
:10E0600000000000333353400C00000000000000AB
:10E07000000004400001000000000000000000005B
:10E080000000000000000440000002000101000048
:10E09000000000000000000000000000020000007E
:10E0A0000000000000000000000000000000000070
:10E0B0000000000000000000000000000000000060
:10E0C0000000000000000000000000000000000050
:10E0D000000000000000000000409C45000000001F
:10E0E000333353400C00000000000000010000002A
:10E0F000010000000100000002000000120000000A
:10E100000100000004000000020000000100000007
:10E11000000200000A0000000100000000000100F1
:10E1200013000000010000000000020014000000C5
:10E1300002000000000200000A00000002000000CF
:10E140008000000008000000020000004000000005
:10E1500005000000020000000000010013000000A4
:10E160000200000000000200140000000200000095
:10E170000200000012000000050000000002000084
:10E180000A00000005000000040000000300000079
:10E190000500000000000100130000000500000061
:10E1A0000000020014000000050000000200000052
:10E1B0001200000003000000000200000A0000003E
:10E1C0000300000040000000060000000300000003
:10E1D0000000010013000000030000000000020026
:10E1E0001400000003000000020000001200000004
:10E1F000030000008000000008000000060000008E
:10E20000000200000A0000000600000004000000F8
:10E2100004000000060000000000010013000000E0
:10E2200006000000000002001400000006000000CC
:10E2300002000000120000000400000000020000C4
:10E240000A00000004000000400000000700000079
:10E2500004000000000001001300000004000000A2
:10E260000000020014000000040000000200000092
:10E270001200000004000000800000000800000000
:10E2800007000000000200000A0000000700000074
:10E290000400000009000000070000000000010069
:10E2A000130000000700000000000200140000003E
:10E2B0000700000002000000120000000A00000039
:10E2C00004000000020000000A00000000400000FE
:10E2D000100000000A000000002000000D000000F7
:10E2E0000A00000000000100130000000A00000006
:10E2F00000000200140000000A00000002000000FC
:10E30000120000000D0000000400000002000000E8
:10E310000D000000000200000B0000000D000000D6
:10E3200000000100130000000D00000000000200CA
:10E33000140000000D0000000200000012000000A8
:10E340000B00000004000000020000000B000000B1
:10E35000002000000E0000000B0000000000010083
:10E36000130000000B000000000002001400000079
:10E370000B00000002000000120000000B00000073
:10E3800000400000100000000E000000040000002B
:10E39000020000000E000000000200000C0000005F
:10E3A0000E00000000000100130000000E0000003D
:10E3B00000000200140000000E0000000200000037
:10E3C000120000000C000000040000000200000029
:10E3D0000C000000002000000F0000000C000000F6
:10E3E00000000100130000000C000000000002000B
:10E3F000140000000C0000000200000012000000E9
:10E400000C00000000400000100000000F000000A1
:10E4100004000000020000000F00000000020000E5
:10E42000110000000F0000000000010013000000B8
:10E430000F00000000000200140000000F000000A8
:10E4400002000000120000001300000001000000A4
:10E4500001000000140000000000040000000000A3
:10E460001200000001000000010000001000000088
:10E47000000004000100000008000000000004008B
:10E48000010000000900000000000400010000007D
:10E490001100000000000400010000000100000065
:10E4A0000000080015000000150000000400000036
:10E4B0001600000015000000000200001600000019
:10E4C0001500000000001000010000000200000024
:10E4D0000000080016000000030000000000080013
:10E4E00016000000040000000000080016000000F4
:10E4F00005000000000008001600000006000000F3
:10E5000000000800160000000700000000000800DE
:10E51000160000000A0000000000080016000000BD
:10E520000B00000000000800160000000C000000B6
:10E5300000000800160000000D00000000000800A8
:10E54000160000000E000000000008001600000089
:10E550000F00000000000800160000001600000078
:10E5600000004000010000000100000000008000E9
:10E570001700000017000000040000001800000051
:10E5800017000000000200000A0000001700000051
:10E5900000000001010000000200000000008000F7
:10E5A00018000000030000000000800018000000B8
:10E5B00004000000000080001800000005000000BA
:10E5C000000080001800000006000000000080002D
:10E5D0001800000007000000000080001800000084
:10E5E000180000000000000401000000010000000D
:10E5F00000000008190000001900000000020000DF
:10E600000A000000190000000000000101000000E5
:10E6100000000000AD9400000000000001000000B8
:10E62000AD9400000000000002000000D995000039
:10E630000000000003000000D99500000000000069
:10E6400004000000D9950000000000000500000053
:10E65000D99500000000000006000000D9950000D8
:10E660000000000007000000D99500000000000035
:10E6700008000000AD940000000000000900000048
:10E68000AD940000000000000A000000D9950000D1
:10E69000000000000B000000D99500000000000001
:10E6A0000C000000D9950000000000000D000000E3
:10E6B000D9950000000000000E000000D995000070
:10E6C000000000000F000000D995000000000000CD
:10E6D00010000000AD9400000000000011000000D8
:10E6E000AD9400000000000012000000B193000093
:10E6F0000000000013000000B193000000000000C3
:10E7000014000000B193000000000000160000009B
:10E71000B1930000999A000018000000B193000026
:10E72000999A000019000000B1930000999A000026
:10E7300000000000010000000100000001000000D6
:10E7400008000000020000000100000000100000AE
:10E75000070000000200000020000000030000008D
:10E760000200000010000000010000000300000093
:10E7700040000000040000000300000080000000D2
:10E780000500000003000000000200000600000079
:10E79000030000000008000001000000030000006A
:10E7A00000800000010000000300000000000100E4
:10E7B000010000000300000000100000070000003E
:10E7C000040000000001000003000000040000003D
:10E7D00000800000010000000400000000000100B3
:10E7E000010000000400000000100000070000000D
:10E7F0000400000000080000010000000400000008
:10E8000000020000060000000500000000010000FA
:10E81000030000000500000000800000010000006F
:10E8200005000000000001000100000005000000DC
:10E8300000100000070000000500000000080000B4
:10E8400001000000050000000002000006000000BA
:10E8500006000000000400000300000006000000A5
:10E860000008000001000000070000000020000078
:10E870000800000008000000004000000100000047
:10E8800000000000D1A50000000000000100000011
:10E8900089A30000000000000200000089A300001E
:10E8A0000000000003000000F1A5000000000000CF
:10E8B00004000000F1A500000000000005000000B9
:10E8C000F1A500000000000006000000F1A5000016
:10E8D0000000000007000000F1A50000000000009B
:10E8E00008000000F1A5000000000000000000008A
:10E8F000040000000100000000000000080000000B
:10E9000002000000000000004000000005000000C0
:10E9100001000000080000000200000001000000EB
:10E9200010000000030000000100000020000000B3
:10E93000040000000100000040000000050000008D
:10E9400002000000040000000100000002000000BE
:10E950001000000003000000020000002000000082
:10E96000040000000200000040000000050000005C
:10E97000030000000400000001000000030000008C
:10E98000080000000200000003000000200000005A
:10E99000040000000300000040000000050000002B
:10E9A000040000000400000001000000040000005A
:10E9B0000800000002000000040000001000000039
:10E9C00003000000040000004000000005000000FB
:10E9D00005000000800000000000000000000000B2
:10E9E00081BD0000000000000100000085BD0000A6
:10E9F000000000000200000085BD000000000000D3
:10EA00000400000085BD00000000000003000000BD
:10EA100085BD0000000000000500000085BD00006D
:10EA200000000000000000000100000001000000E4
:10EA30000100000080000000020000000100000052
:10EA400002000000030000000100000004000000BC
:10EA5000040000000100000000200000050000008C
:10EA60000100000020000000030000000100000081
:10EA7000400000000300000002000000020000004F
:10EA80000300000002000000040000000400000079
:10EA9000020000000020000005000000020000004D
:10EAA0002000000003000000020000004000000001
:10EAB00003000000050000008000000002000000CC
:10EAC0000500000008000000010000000300000035
:10EAD0000800000001000000030000000800000022
:10EAE0000100000004000000080000000100000018
:10EAF0000000000001D30000000000000100000041
:10EB0000FFD20000000000000200000005D300005A
:10EB1000000000000500000045D3000000000000D8
:10EB20000300000045D300000000000004000000C6
:10EB300045D300000000000001008000010000003B
:10EB40000080010000004000010000008000010082
:10EB500038EB00003EEB000044EB00004AEB000005
:10EB600000000000000407400101010000403300E4
:10EB700001000080320001000000000000000000E1
:10EB8000000000000000000000100000080A000063
:10EB900080000000F2000000020007008D9C0000D1
:10EBA0000000000000000000000000000000000065
:10EBB00000000000FFFFFF180000000021002100FE
:10EBC000D0EB0000BCEB0000F0EB0000BEEB00005F
:10EBD00000000440000008000301000000000000E5
:10EBE0000000803F00000000333353400C00000061
:10EBF00000000440000010000401000000000000BC
:10EC00000000803F00000000333353400C00000040
:10EC10001000030211000302230003022400030278
:10EC2000A1000302A2000302A700030210010300D7
:10EC3000110103002301030024010300A1010300CB
:10EC4000A2010300A70103008E00020234000203A8
:10EC500035000203B5000203B60002032D000203D3
:10EC60002E0002032F0002033C00020329000302CE
:10EC70003A0003022A000203BE000203BB000202A4
:10EC8000310002033200020333000203B700020323
:10EC9000B800020331010202300002023B0002020E
:10ECA00024000000D0F100008D660000000000008C
:10ECB000000001000000000001000000E0F1000081
:10ECC00015A10000C5A1000001000A00000000001D
:10ECD000010000006CF100008DA2000000000000A7
:10ECE00001000A0000000000010000004CF10000DB
:10ECF000799C0000A19E000001000A0000000000B5
:10ED00000100000044F100000DA20000000000001E
:10ED100001000A00000000000100000080F1000076
:10ED200055A0000089A000000100010000000000C3
:10ED300001000000E8F100006926000059270000EA
:10ED400001000500000000000100000054F1000077
:10ED5000A1290000992A0000010001000000000024
:10ED600001000000C4F1000039250000000000008F
:10ED7000010001000000000001000000F4F10000AB
:10ED800065550000000000000200000000000000C7
:10ED900001000000B8F10000FDD7000000000000F5
:10EDA00002006400000000000100000000F200000A
:10EDB0004D4D0000314F0000020001000000000036
:10EDC00001000000A0F100001D4E0000D54E000023
:10EDD00002000100000000000100000064F10000DA
:10EDE000ED510000D15200000200010000000000BF
:10EDF0000100000090F1000051680000F56C000077
:10EE0000020001000000000001000000ACF1000061
:10EE1000FDD700000000000004000000000000001A
:10EE20000100000000010101010202020230313242
:10EE300033343536373839414243444546000000C3
:10EE4000000000545452205245474745530030318A
:10EE50003233343536373839414243444546000071
:10EE60006576656E745F63616C69625F3100000096
:10EE70006576656E745F63616E5F31006576656EA1
:10EE8000745F6163745F31006576656E745F6D6F8A
:10EE9000745F31006576656E745F63616C69625F93
:10EEA000320000006576656E745F63616E5F3200EC
:10EEB0006576656E745F6163745F32006576656E5A
:10EEC000745F6D6F745F320073797374656D5F6525
:10EED00076656E745F0000006576656E745F6B65C5
:10EEE000795F000073797374656D5F6576656E7424
:10EEF000000000006576656E745F6B657900000048
:10EF00004B4559302B4B4559315F4C4F4E47000014
:10EF100052656400426C61636B0000004772656576
:10EF20006E00000059656C6C6F770000536F6C6960
:10EF3000645F526564000000536F6C69645F426CEB
:10EF400061636B00536F6C69645F5265645F477205
:10EF500065656E00416C745F5265645F47726565FC
:10EF60006E000000536F6C69645F477265656E00E8
:10EF7000536F6C69645F5265645F59656C6C6F7741
:10EF800000000000416C745F5265645F59656C6CF1
:10EF90006F770000536F6C69645F59656C6C6F77B5
:10EFA00000000000536F6C69645F477265656E5FB7
:10EFB00059656C6C6F770000416C745F47726565D2
:10EFC0006E5F59656C6C6F7700000000426C696E73
:10EFD0006B5F5265645F32487A000000426C696E74
:10EFE0006B5F477265656E5F32487A00426C696E8E
:10EFF0006B5F59656C6C6F775F32487A0000000078
:10F00000426C696E6B5F5265645F35487A00000040
:10F01000426C696E6B5F477265656E5F35487A005A
:10F02000426C696E6B5F59656C6C6F775F35487ABF
:10F03000000000001B5B33336D5B25735D204D7357
:10F0400067205375627363726962653A20647570F4
:10F050006C6963617465207375627363726962655C
:10F060002028746F7069633A307825303458291B32
:10F070005B306D0D0A0000001B5B33316D5B257347
:10F080005D204D7367205375627363726962653AE0
:10F0900020737562736372696265206C6973742092
:10F0A00066756C6C2028746F7069633A307825300F
:10F0B0003458291B5B306D0D0A0000001B5B333395
:10F0C0006D5B25735D204D7367205075626C6973AD
:10F0D000683A20696E76616C6964207072696F208D
:10F0E00028746F7069633A3078253034582C20705A
:10F0F00072696F3A2564291B5B306D0D0A000000B0
:10F100001B5B33316D5B25735D204D73672050753C
:10F11000626C6973683A2063616C6C6261636B2036
:10F120004E554C4C2028746F7069633A3078253006
:10F1300034582C206964783A2564291B5B306D0DA6
:10F140000A0000002250574D220000002243414E89
:10F1500022000000224374726C5F53706565642264
:10F1600000000000226C6564220000002273746FAE
:10F17000726167655F6D6F64756C652200000000E9
:10F1800022706F735F6D6F64756C65220000000004
:10F190002273746174655F6D616368696E652200D6
:10F1A000226B65795F7374617465220022776F72D8
:10F1B0006B5F63666722000022636F6E6669672279
:10F1C00000000000226375725F6C6F6F7022000098
:10F1D00022736F66745F74696D65722200000000AF
:10F1E00022706F7765722200224374726C5F506FD9
:10F1F00073220000226D73675F6275732200000046
:10F20000226B65792200000028F200000880FF1FB1
:10F21000D4020000D004000028F30000DC82FF1FAD
:10F220007C7A0100DC8D000023E4EE1AC8041A7C0D
:10F23000041AB0041A88041ABC041A70041AA4042C
:10F240001A60041A94041AF4041AD8040128231426
:10F25000EF1A10041A1C041A24044143FFFF534000
:10F26000402480BB44438C43E3564D234D31AA01D7
:10F27000102232021702000928CDCC4C3DD007E8FD
:10F2800003237DD023F9D11A130423EDD21A5D088C
:10F290001AD1041AFB181A0D101A3D0C1A1D041A63
:10F2A000E9101A9D041A650C01244009F880FF1F1B
:10F2B0002481FF1F29BC2A08E3413564014004B2C0
:10F2C0000529209A1020291CE9209A20200A1106DD
:10F2D000209A40209A0720291C29043A800601120E
:10F2E00079160A1C80200A1D4040091660DD504F27
:10F2F0005331100A14322AA12391B5239DB61A570F
:10F30000041A850C1A8B041A710C1A39041A230C6E
:10F310001A4904111AC0E62220C5A55AA55A1E8C06
:08F3200082FF1FA004C10000E0
:040000050000028174
:00000001FF
