:020000040000FA
:1000000060FD002095020000CD020000CF0200003C
:10001000D1020000D3020000D50200000000000061
:10002000000000000000000000000000D7020000F7
:10003000D902000000000000DB0200007D6D00001E
:10004000BD420000D1420000E5420000F94200003C
:100050000D430000214300003543000049430000E8
:100060005D43000071430000854300009943000098
:10007000AD430000C1430000D5430000E943000048
:10008000FD430000114400002544000039440000F5
:100090004D440000614400007544000089440000A4
:1000A0009D440000B1440000C5440000D944000054
:1000B000ED44000001450000154500002945000001
:1000C0003D450000514500006545000079450000B0
:1000D0008D450000A1450000B5450000C945000060
:1000E000DD450000F145000005460000194600000E
:1000F0002D460000414600005546000069460000BC
:100100007D46000091460000A5460000B94600006B
:10011000CD460000E1460000F5460000094700001A
:100120001D470000314700004547000059470000C7
:100130006D4700008147000095470000A947000077
:10014000BD470000D1470000E5470000F947000027
:100150000D480000214800003548000049480000D3
:100160005D48000071480000854800009948000083
:10017000AD480000C1480000D5480000E948000033
:10018000FD480000114900002549000039490000E0
:100190004D4900006149000075490000894900008F
:1001A0009D490000B1490000C5490000D94900003F
:1001B000ED490000014A0000154A0000294A0000EC
:1001C0003D4A0000514A0000654A0000794A00009B
:1001D0008D4A0000A14A0000B54A0000C94A00004B
:1001E000DD4A0000F14A0000054B0000194B0000F9
:1001F0002D4B0000414B0000554B0000694B0000A7
:100200007D4B0000914B0000A54B0000B94B000056
:10021000CD4B0000E14B0000F54B0000094C000005
:100220001D4C0000314C0000454C0000594C0000B2
:100230006D4C0000814C0000954C0000A94C000062
:10024000DF020000DF020000DF020000DF0200002A
:10025000DF020000DF020000DF020000DF0200001A
:10026000DF020000DF020000DF020000DF0200000A
:10027000DF020000DF020000DF020000DF020000FA
:10028000DFF80CD000F012F90048004759BD00001B
:1002900060FD002012484FF01F01016011484FF02F
:1002A0007701016010484FF0770101600F484FF46B
:1002B000885101600B484FF0760101600A484FF009
:1002C000760101600A4880470A480047FEE7FEE7DA
:1002D000FEE7FEE7FEE7FEE7FEE7FEE7FEE7FEE7F6
:1002E00010080540040805400C08054000080540BA
:1002F000957300008102000040EA01039B0703D0D0
:1003000009E008C9121F08C0042AFAD203E011F854
:10031000013B00F8013B521EF9D27047D2B201E016
:1003200000F8012B491EFBD270470022F6E710B5FA
:1003300013460A4604461946FFF7F0FF204610BD53
:1003400010B5044604E00B7800F8013B03B1491CEA
:10035000521EF8D2204610BD421C10F8011B002985
:10036000FBD1801A704710B5002200E0521C835C5C
:100370008C5CA34201D1002BF8D1D8B2E1B2401A73
:1003800010BD30B504460020034600E05B1C9342DC
:1003900003D2E05CCD5C401BF8D030BD30B50546E3
:1003A0000020034600E05B1C934205D2EC5CC85C75
:1003B000201A01D1002CF6D130BD00F0004230F0FF
:1003C00000400AD0C10D01F56071C0F3160042EA89
:1003D0000151C20840071143704700200146704791
:1003E00010B50121034800F013F903480CF022FA7C
:1003F00010BD0000000004407CE2FF1F7047704702
:10040000BFFFDFFFFFFEFFFFFFFFFFFFFFFFFFFF5D
:10041000FFFFFFFFFFFFFFFFFFFFFFFFFFFFFFFFEC
:1004200030B5041E71F1000404DB4FF0004440427B
:1004300064EB0101141E73F1000405DB1C464FF050
:100440000043524263EB04038B4208BF824230BD3B
:1004500030B5041E71F1000404DB4FF0004440424B
:1004600064EB0101141E73F1000405DB1C464FF020
:100470000043524263EB0403994208BF904230BDEF
:1004800030B50B46014600202022012409E021FA64
:1004900002F59D4205D303FA02F5491B04FA02F561
:1004A0002844151EA2F10102F1DC30BD064C074DB7
:1004B00006E0E06840F0010394E807009847103434
:1004C000AC42F6D3FFF7E0FE38FA000058FA00001D
:1004D00070B58C1810F8015B15F0070301D110F806
:1004E000013B2A1106D110F8012B03E010F8016B33
:1004F00001F8016B5B1EF9D12B0705D40023521EB6
:100500000DD401F8013BFAE710F8013BCB1A921C1D
:1005100003E013F8015B01F8015B521EF9D5A1421B
:10052000D8D3002070BD000010B50221054800F0AE
:100530006FF805480CF07EF904480CF07BF909F0DF
:100540000DFE10BD0000044098E2FF1FB4E2FF1F43
:100550002DE9F04107460C461546984600BF1F4856
:10056000874201D1102D04D91D48874202D1082DA0
:1005700000D804E040F265111AA002F04BFB00BF66
:1005800000BF0CB1012C00D104E04FF4B37115A0F1
:1005900002F040FB00BF00BFB8F1000F02D0B8F17D
:1005A000010F00D104E040F267110EA002F032FB0F
:1005B00000BF07F10C0000EB8406B8F1010F05D174
:1005C00030680121A9400843306004E0306801210F
:1005D000A94088433060BDE8F0810000000004407D
:1005E000000404402E2E5C647269766572735C6848
:1005F0006333325F6C6C5F6472697665725C7372D0
:10060000635C686333325F6C6C5F6164632E6300AC
:1006100070B505460C4600BF0F48854202D00F4812
:10062000854200D104E040F2AB210DA002F0F2FAC5
:1006300000BF00BF24B144F00300032800D104E050
:100640004FF42B7106A002F0E5FA00BF84F003001E
:1006500085F8460070BD000000000440000404401E
:100660002E2E5C647269766572735C686333325FE8
:100670006C6C5F6472697665725C7372635C6863EC
:1006800033325F6C6C5F6164632E630070B5054646
:100690000C4600BF0A48854201D1102C04D90948F4
:1006A000854202D1082C00D804E040F2762106A051
:1006B00002F0B0FA00BF05F1500030F8140070BD30
:1006C00000000440000404402E2E5C6472697665CC
:1006D00072735C686333325F6C6C5F6472697665F9
:1006E000725C7372635C686333325F6C6C5F61640D
:1006F000632E630070B505460C466FF0020600BF1E
:100700002148854202D02148854200D103E0E521FD
:100710001FA002F07FFA00BF002C33D000BF20885A
:1007200040B12088012805D02088022802D02088E6
:10073000032800D103E0E82115A002F06BFA00BF06
:1007400000BF6088202804D06088102801D060880D
:1007500000B903E0E9210EA002F05CFA00BF00BF7F
:10076000A08810B1A088802800D103E0EA2108A069
:1007700002F050FA00BF208861880843A18808432E
:1007800068800026304670BD00000440000404402C
:100790002E2E5C647269766572735C686333325FB7
:1007A0006C6C5F6472697665725C7372635C6863BB
:1007B00033325F6C6C5F6164632E630070B5044616
:1007C0000D46164600BF1948844202D0184884429C
:1007D00000D104E040F23B2116A002F01BFA00BF5A
:1007E00000BF25B145F00300032800D104E04FF419
:1007F0000F7110A002F00EFA00BF00BF0EB1012E63
:1008000000D104E040F23D210AA002F003FA00BF4B
:10081000012E05D194F84700284384F8470004E0EE
:1008200094F84700A84384F8470070BD00000440D6
:10083000000404402E2E5C647269766572735C68F5
:100840006333325F6C6C5F6472697665725C73727D
:10085000635C686333325F6C6C5F6164632E63005A
:1008600070B50446002500BF0A48844202D00A48F9
:10087000844200D104E040F2532108A002F0CAF9FA
:1008800000BF2078012801D1C51F01E001202070A0
:10089000284670BD00000440000404402E2E5C6415
:1008A0007269766572735C686333325F6C6C5F6427
:1008B00072697665725C7372635C686333325F6C15
:1008C0006C5F6164632E630001466FF0020021B12A
:1008D00000220A804A808A800020704770B5044652
:1008E0000D46164600BF1A48844202D01948844279
:1008F00000D104E040F2222117A002F08BF900BFE2
:1009000000BF0DB1012D00D104E040F2232112A05F
:1009100002F080F900BF00BF0EB1012E00D104E04B
:100920004FF409710CA002F075F900BF012E07D138
:100930006089EA008021914089B20843608105E026
:100940006089EA00802191408843608170BD000089
:1009500000000440000404402E2E5C647269766539
:1009600072735C686333325F6C6C5F647269766566
:10097000725C7372635C686333325F6C6C5F61647A
:10098000632E630070B506460C46154600BF1B4833
:10099000864202D01A48864200D104E040F20B2180
:1009A00018A002F037F900BF00BF0CB1012C00D134
:1009B00004E04FF4037113A002F02CF900BF00BF54
:1009C0002DB1012D03D0022D01D0032D00D104E063
:1009D00040F20D210BA002F01DF900BFE006040E4D
:1009E00070890321A140884305FA04F10322A24043
:1009F00092B211400843708170BD000000000440B5
:100A0000000404402E2E5C647269766572735C6823
:100A10006333325F6C6C5F6472697665725C7372AB
:100A2000635C686333325F6C6C5F6164632E630088
:100A300070B504460D4600BF0A48844207D30948F2
:100A40006830844203D804F0030000B903E08F212A
:100A500005A002F0DFF800BF206865F30800206001
:100A600070BD0000040801402E2E5C64726976653A
:100A700072735C686333325F6C6C5F647269766555
:100A8000725C7372635C686333325F6C6C5F616F5E
:100A9000732E630070B5044625462B4828606E20EF
:100AA000A8802A48A8601A20A8810120A8612846A9
:100AB00005F07EFE05F006FE2549086005F002FE01
:100AC0002449086005F0FEFD2349086005F0FAFDA1
:100AD0002249086005F0F6FD2149086005F0F2FDA5
:100AE000204908601A48006820B11F49184800686A
:100AF00005F01CFE1748006820B11C491548006825
:100B000005F014FE1448006820B119491248006825
:100B100005F00CFE1148006820B116490F48006826
:100B200005F004FE0E48006820B113490C48006827
:100B300005F0FCFD0B48006820B110490948006829
:100B400005F0F4FD70BD00000CE8000034ED00007D
:100B5000DC80FF1FE480FF1FE080FF1FE880FF1F95
:100B6000EC80FF1FF080FF1FFD030000FF0300006B
:100B7000AF0F0000B10F0000B50F0000F10F000033
:100B800070B50446207800EB800101EBC011FE48EF
:100B900000EB810090F82D0020B9207804210BF0A3
:100BA0007BF870BD204609F011F894F82C0002285B
:100BB00004D04FF4F6700059022800D1F1E794F800
:100BC000FE01012808D12078F0490BF065F894F86F
:100BD000FE0184F8FF01E4E794F8FE0194F8FF11A8
:100BE000884207D0207804210BF056F894F8FE01D3
:100BF00084F8FF0194F8FC0140B92078E4490BF037
:100C00004BF894F8FC0184F8FD01CAE70121207833
:100C100000EB800202EBC012DB4800EB820080F8A0
:100C20002C1020460AF0AEFD20460CF049FC94F84A
:100C3000FC0194F8FD11884207D0207804210BF0C4
:100C40002BF894F8FC0184F8FD01D4F8B80102F007
:100C500083FD00F4001018B3207800EB800101EB55
:100C6000C011C94800EB8100D0F8AC01012817D1B0
:100C7000207800EB800101EBC011C34800EB81003C
:100C800090F82E0001280BD14FF40011D4F8B801D0
:100C900002F03CFC4FF48011D4F8B80102F0E6FDFC
:100CA000D4F8B80102F058FD054605F0020058B12D
:100CB000022104F5CE7005F081FD0221D4F8B801BF
:100CC00002F024FC0020607005F0010058B1012101
:100CD00004F5CE7005F072FD0121D4F8B80102F0E0
:100CE00015FC0120607005F4004058B14FF400413C
:100CF00004F5CE7005F062FD4FF40041D4F8B80160
:100D000002F004FC05F4804058B14FF4804104F532
:100D1000CE7005F053FD4FF48041D4F8B80102F0D5
:100D2000F5FB05F4803058B14FF4803104F5CE70F6
:100D300005F044FD4FF48031D4F8B80102F0E6FB31
:100D400005F4003058B14FF4003104F5CE7005F0D1
:100D500035FD4FF40031D4F8B80102F0D7FB05F4AB
:100D6000802058B14FF4802104F5CE7005F026FDA7
:100D70004FF48021D4F8B80102F0C8FB05F400203C
:100D800058B14FF4002104F5CE7005F017FD4FF473
:100D90000021D4F8B80102F0B9FB05F4801058B175
:100DA0004FF4801104F5CE7005F008FD4FF480116A
:100DB000D4F8B80102F0AAFB05F4001058B14FF4C2
:100DC000001104F5CE7005F0F9FC4FF40011D4F8D1
:100DD000B80102F09BFB05F4800058B14FF480018C
:100DE00004F5CE7005F0EAFC4FF48001D4F8B801A8
:100DF00002F08CFB05F4000058B14FF4000104F53B
:100E0000CE7005F0DBFC4FF40001D4F8B80102F01D
:100E10007DFB05F0807058B14FF0807104F5CE7005
:100E200005F0CCFC4FF08071D4F8B80102F06EFBF5
:100E300005F0800048B1802104F5CE7005F0BEFCBD
:100E40008021D4F8B80102F061FB05F4005058B1DC
:100E50004FF4005104F5CE7005F0B0FC4FF4005192
:100E6000D4F8B80102F052FB05F4807058B14FF489
:100E7000807104F5CE7005F0A1FC4FF48071D4F8B8
:100E8000B80102F043FB05F0040048B1042104F569
:100E9000CE7005F093FC0421D4F8B80102F036FBC3
:100EA00005F0080048B1082104F5CE7005F086FC75
:100EB0000821D4F8B80102F029FB05F0100048B170
:100EC000102104F5CE7005F079FC1021D4F8B8019A
:100ED00002F01CFB05F0200048B1202104F5CE7083
:100EE00005F06CFC2021D4F8B80102F00FFB05F0EE
:100EF000400048B1402104F5CE7005F05FFC402170
:100F0000D4F8B80102F002FB05F0800048B180215E
:100F100004F5CE7005F052FC8021D4F8B80102F03F
:100F2000F5FA05F4007058B14FF4007104F5CE7075
:100F300005F044FC4FF40071D4F8B80102F0E6FA71
:100F400005F4806058B14FF4806104F5CE7005F06F
:100F500035FC4FF48061D4F8B80102F0D7FA05F4FB
:100F6000006058B14FF4006104F5CE7005F026FC26
:100F70004FF40061D4F8B80102F0C8FA05F48050CB
:100F800090B14FF4805105E02483FF1F4000002002
:100F90008080003004F5CE7005F010FC4FF48051D5
:100FA000D4F8B80102F0B2FA00BF00BFF9E570470B
:100FB0007047000010B504460C48D0F8F001162820
:100FC00006D10A49D1F8FC014FF4002102F04EFC91
:100FD0000648D0F8F001182806D10449D1F8FC01E0
:100FE0004FF0807102F042FC10BD0000E082FF1F54
:100FF00010B504460C48D0F80404162806D10A4956
:10100000D1F810044FF4002102F030FC0648D0F86B
:101010000404182806D10449D1F810044FF0807157
:1010200002F024FC10BD0000E082FF1F1FB501226A
:101030000321052002F05EFD02A801F01FF96846B9
:1010400000F0C4FF2F49304800F0E9FF00208DF880
:101050000A0030208DF8090000208DF808000520D6
:101060008DF80C0002A801F067F8002001900198AB
:1010700020F01F0001903121019861F310200190B0
:10108000019820F0704000F180500190019820F00C
:10109000706000F180700190019820F4700000F5FC
:1010A0008010019000208DF80000019820F0800051
:1010B0000190684600F038FE00BF202000F0A0FD3F
:1010C0000128FAD100221146042005F05BF8012224
:1010D00011460B2005F056F8502002F043F94FF46A
:1010E000404003F013F804F0EDFC052000F0A1FFF0
:1010F000012001F0BDFE002001F0BAFE012001F048
:1011000081FE1FBD10221100777777072DE9F0418E
:1011100005460C4600BF1448854200D104E040F269
:10112000723112A001F076FD00BF00BF2CB11A4849
:1011300020431949884200D104E040F273310BA0EA
:1011400001F068FD00BF15480440C4F307474FEAAB
:10115000146805F8A57F6E7806F0EA0646EA0806E8
:101160006E70A53DBDE8F081000407402E2E5C6442
:101170007269766572735C686333325F6C6C5F644E
:1011800072697665725C7372635C686333325F6C3C
:101190006C5F63616E2E63002701FFD50000FF15B1
:1011A00010B5044600BF0848844200D104E040F274
:1011B000FA2106A001F02EFD00BF94F8A00000F077
:1011C0007F0084F8A00010BD000407402E2E5C6450
:1011D0007269766572735C686333325F6C6C5F64EE
:1011E00072697665725C7372635C686333325F6CDC
:1011F0006C5F63616E2E63002DE9F04704460E4676
:1012000015464FF0000900BF3D48844200D104E07C
:1012100040F26A213BA001F0FDFC00BF00BF0EB10F
:10122000012E00D104E040F26B2136A001F0F2FC67
:1012300000BF002D5ED000BF2879C0F3401000B978
:1012400004E040F26E212FA001F0E4FC00BF3EB9A3
:1012500094F8A10000F01000B8B16FF0050914E097
:1012600094F8A10000F0060010B16FF005090CE041
:1012700094F8A47094F8A28007F0010018B908F05F
:101280000300032801D16FF00909B9F1000F33D130
:1012900000BF2879C0F3C01030B1286860F060400A
:1012A0006FF06041884209D02879C0F3C01030B98E
:1012B00040F2FF7128680843884200D104E040F200
:1012C000852110A001F0A6FC00BF04F1A10A1C2199
:1012D00001EB4A1000F1844006602946204600F0E8
:1012E00067FC012E08D194F8A20040F0400084F879
:1012F000A20001E06FF002094846BDE8F087000057
:10130000000407402E2E5C647269766572735C6817
:101310006333325F6C6C5F6472697665725C7372A2
:10132000635C686333325F6C6C5F63616E2E630075
:101330002DE9F04706460F4614464FF000080025F9
:101340006FF0020900BF3448864200D104E04FF438
:10135000967132A001F05EFC00BF002F59D0002C26
:1013600057D053E007F0010000284AD000BF05EB3A
:10137000450004EB8000806878B105EB450004EB84
:1013800080008068B0F1804F07D005EB450004EB8A
:1013900080008068B0F1C04F00D104E040F231110C
:1013A0001EA001F037FC00BF00BF05EB450004EBB9
:1013B0008000406860F060406FF06041884200D17A
:1013C00004E04FF4997115A001F024FC00BF06F869
:1013D000B48F05EB450054F820007060307840F081
:1013E0002000307005EB450004EB8000406805EB01
:1013F000450104EB8101896808437060B43E681CB4
:10140000C5B27F1008F1010000F0FF08002FA9D13C
:10141000B9464846BDE8F087000407402E2E5C64BC
:101420007269766572735C686333325F6C6C5F649B
:1014300072697665725C7372635C686333325F6C89
:101440006C5F63616E2E630010B5044600BF0748F1
:10145000844200D104E040F2F53105A001F0DAFB4E
:1014600000BF94F8A30000F0030010BD0004074083
:101470002E2E5C647269766572735C686333325FCA
:101480006C6C5F6472697665725C7372635C6863CE
:1014900033325F6C6C5F63616E2E630070B504461F
:1014A0000D466FF0080600BF0F48844200D104E0EB
:1014B00040F2D2210DA001F0ADFB00BF15B96FF0D5
:1014C00002060FE094F8A30000F0030050B1294693
:1014D000204600F005FA94F8A30040F0100084F8CC
:1014E000A3000026304670BD000407402E2E5C6429
:1014F0007269766572735C686333325F6C6C5F64CB
:1015000072697665725C7372635C686333325F6CB8
:101510006C5F63616E2E63002DE9F05F05460C463B
:101520004FF0000B00BF2048854200D104E04FF48B
:101530004F711EA001F06EFB00BF00BF2CB126480A
:1015400020432549884200D104E040F23D3117A0F4
:1015500001F060FB00BF04F0070604F02007C4F3AD
:101560000728C4F307494FEA146A15F8A00F06408C
:10157000E8780740287900EA0808687900EA09094C
:10158000A879A03D00EA0A0A4EB947B9B8F1000FA0
:1015900005D1B9F1000F02D1BAF1000F01D04FF01F
:1015A000010B5846BDE8F09F000407402E2E5C64F6
:1015B0007269766572735C686333325F6C6C5F640A
:1015C00072697665725C7372635C686333325F6CF8
:1015D0006C5F63616E2E63002701FFD570B5054611
:1015E0000C466FF00206002C4FD02146284600F032
:1015F0004FF815F8A00F40F0800028706068801E3A
:10160000A168491E40EA0121A089401E41EA00412B
:101610002078401E41EA0060A860A87800F0DF0052
:10162000617E01F020010843A870A03DA18A2846F0
:101630002269FFF77DFE95F8A00000F07F0085F895
:10164000A000A17D284600F07BF9E07D217E0843C3
:1016500000F0180015F8A01F01F0E70108432870FA
:10166000E07EA17E40EA0110E871207F617F08439F
:10167000A17F0843E870207DA875A03D206A18B1BD
:101680002846216A00F0DEF90026304670BD0000D1
:1016900070B505460C4600BF5648854200D103E0B0
:1016A000D52155A001F0B6FA00BF00BFA07D0428E7
:1016B00000D803E0D62150A001F0ACFA00BF00BF73
:1016C000E07D10B1E07D102800D103E0D7214AA0D1
:1016D00001F0A0FA00BF00BF207E10B1207E0828D4
:1016E00000D103E0D82144A001F094FA00BF00BF6C
:1016F000607E10B1607E202800D103E0D9213EA099
:1017000001F088FA00BF00BFA07E18B1A07E0A28B1
:1017100000D803E0DA2138A001F07CFA00BF00BF56
:10172000E07E102800D203E0DB2133A001F072FA42
:1017300000BF00BFA08A28B1A08A40F0FF00FF28A8
:1017400000D103E0DC212CA001F064FA00BF00BF4F
:10175000207F10B1207F082800D103E0DD2126A0E2
:1017600001F058FA00BF00BF607F10B1607F4028D1
:1017700000D103E0DE2120A001F04CFA00BF00BF41
:10178000A07F10B1A07F802800D103E0DF211AA044
:1017900001F040FA00BF00BF206820B12068B0F51A
:1017A000807F00D803E0E12113A001F033FA00BFED
:1017B00000BF6068022816D36068412813D8A0686B
:1017C00088B1A06808280ED8E06860B1E0680828F1
:1017D00009D8D4E90110401C814204D3D4E90201A4
:1017E000884200D303E0E22103A001F013FA00BF16
:1017F00070BD0000000407402E2E5C64726976659F
:1018000072735C686333325F6C6C5F6472697665B7
:10181000725C7372635C686333325F6C6C5F6361CC
:101820006E2E63002DE9F04104460D46164600BFBA
:101830001F48844200D104E040F243211DA001F082
:10184000E9F900BF00BF3DB142F6FE20284342F651
:10185000FE21884200D104E04FF4117115A001F07F
:10186000D9F900BF00BF0EB1012E00D104E040F253
:10187000452110A001F0CEF900BFEFB2C5F3072853
:10188000012E09D114F8A40F38432070A07840EA43
:101890000800A070A43C08E014F8A40FB84320701E
:1018A000A07820EA0800A070A43CBDE8F081000008
:1018B000000407402E2E5C647269766572735C6862
:1018C0006333325F6C6C5F6472697665725C7372ED
:1018D000635C686333325F6C6C5F63616E2E6300C0
:1018E000F0B5024601F10805144626680E606668E8
:1018F0004E600E79C6F3C01626B90E88C6F30A06E6
:101900000E6003E00E6826F060460E600E7906F069
:101910000F060A4FBB5D0E79C6F3401616B9022BAF
:1019200000D90223002006E0861C54F8266045F802
:101930002060461CF0B29842F6DBF0BDCCF500000A
:1019400030B50022002305290DD2DFE801F00D0398
:1019500005070900402308E0202206E0402204E0B9
:101960004023402201E000BF00BF00BF10F8A04F9D
:1019700004F09F0402F060052C430470447804F0E6
:10198000BF0403F040052C434470A03830BD000074
:1019900070B504460D4600BF0E48844200D104E0F5
:1019A00040F2A9210CA001F035F900BF00BF25B11C
:1019B00045F01600162800D104E040F2AA2106A046
:1019C00001F028F900BF94F8A100284384F8A10091
:1019D00070BD0000000407402E2E5C6472697665BD
:1019E00072735C686333325F6C6C5F6472697665D6
:1019F000725C7372635C686333325F6C6C5F6361EB
:101A00006E2E630001466FF00200D1B104220A601D
:101A100010224A6004228A600222CA6000220A61FF
:101A20008A828A75CA750A764A760A228A760722D7
:101A3000CA7600220A7740224A7700228A770A6211
:101A4000002070472DE9F04105460C466FF0020773
:101A500000BF4B48854200D104E040F25F4149A0FD
:101A600001F0D8F800BF002C7DD000BF607A10B123
:101A7000607A102800D104E040F2624141A001F0F8
:101A8000C9F800BF00BF207A40B1207A022805D0F3
:101A9000207A042802D0207A062800D104E040F2FF
:101AA000634138A001F0B6F800BF00BF60680128AC
:101AB00006D1206860F060406FF06041884207D036
:101AC000606830B940F2FF7120680843884200D155
:101AD00004E040F264412BA001F09CF800BF00BF7D
:101AE000608978B16089B0F5807F0BD06089B0F5EE
:101AF000007F07D06089B0F5407F03D06089B0F5E2
:101B0000806F00D104E040F265411EA001F082F830
:101B100000BF00BFA08918B1A089102800D804E038
:101B200040F2664117A001F075F800BF206820F070
:101B3000004615F8A20F00F0EF00617A01F01001E5
:101B4000084328706189207B401E41EA0030688488
:101B5000207946EAC070C5F81E00E089A884208A72
:101B6000E884687F00E008E000F0F900217A01F0E5
:101B7000060108436877A23D00273846BDE8F0819A
:101B8000000407402E2E5C647269766572735C688F
:101B90006333325F6C6C5F6472697665725C73721A
:101BA000635C686333325F6C6C5F63616E2E6300ED
:101BB000F0B5034601F1080503F150020E68166006
:101BC0004E6856600E7906F00F060C4FBC5D0E791C
:101BD000C6F3401616B9022C00D902240E79C6F3BA
:101BE000801656B9002006E055F82070861C42F891
:101BF0002670461CF0B2A042F6DBF0BDCCF500002A
:101C000010B5044600BF24B144F06900692800D132
:101C100004E040F28B5106A000F0FCFF00BF0F482B
:101C20000078204008B1012010BD0020FCE7000032
:101C30002E2E5C647269766572735C686333325F02
:101C40006C6C5F6472697665725C7372635C686306
:101C500033325F6C6C5F636C6B2E63003C400540FD
:101C600070B50446002500BF0CB1012C00D104E082
:101C700040F2E5411FA000F0CDFF00BF00BF2848A3
:101C8000008800F0010000B104E040F2E64119A034
:101C900000F0C0FF00BF64B92248007800F00700E0
:101CA000052801D1C54322E001201E49091D087005
:101CB0001DE01C48DA300068C0F3C01030B94FF4A2
:101CC0008051082000F0BDF9054605E04FF4805131
:101CD000012000F0B6F905464DB900201149091D53
:101CE00008704FF48051202000F0ABF905462846DB
:101CF00070BD00002E2E5C647269766572735C683C
:101D00006333325F6C6C5F6472697665725C7372A8
:101D1000635C686333325F6C6C5F636C6B2E630073
:101D2000FE430540264005402DE9F041044614B924
:101D30006FF002061FE100BF2079C0F3C01018B198
:101D40002079C0F3C01000B104E04FF497618BA07C
:101D500000F060FF00BF00BF207900F01F00401CB2
:101D6000182805D8207900F01F00401C00B104E0BD
:101D700040F2B94181A000F04DFF00BF00BF606894
:101D8000C0F30820401CB0F5F07F06D86068C0F3AF
:101D90000820401C142800D304E040F2BA4177A088
:101DA00000F038FF00BF00BF0121606801EB107038
:101DB000102805D8606801EB1070022800D304E0F9
:101DC00040F2BB416DA000F025FF00BF2079C0F3B9
:101DD000C01008B9744901E074480168207900F026
:101DE0001F00401CB1FBF0F76068C0F30820401CE6
:101DF00000FB07F500BF6E48874203D86D48874255
:101E000000D304E04FF498615CA000F003FF00BF32
:101E100000BF6948854203D84010854200D304E0E2
:101E200040F2C14155A000F0F5FE00BF00BF012106
:101E3000606801EB1070B5FBF0F06049884209D88A
:101E40000121606801EB1070B5FBF0F05C4988423D
:101E500000D304E040F2C24148A000F0DBFE00BF26
:101E600000BF6068C0F30360401C102806D860689B
:101E7000C0F30360401C022800D304E040F2C341D9
:101E80003EA000F0C7FE00BF00BF6068C0F3035073
:101E9000401C102806D86068C0F30350401C02287C
:101EA00000D304E040F2C44134A000F0B3FE00BF10
:101EB00000BF6068C0F30350401CB5FBF0F03F4921
:101EC000884209D86068C0F30350401CB5FBF0F0AD
:101ED0003B49884200D304E040F2C54127A000F00E
:101EE00099FE00BF00BF6068C0F30360401CB5FBF3
:101EF000F0F03249884209D86068C0F30360401CA2
:101F0000B5FBF0F02E49884200D304E040F2C64110
:101F10001AA000F07FFE00BF00BF2078012801D08A
:101F2000207800B904E04FF4996114A000F072FE2B
:101F300000BF00BF2348008800F0010000B104E0AA
:101F400040F2C9410DA000F065FE00BF2079C10933
:101F50001D48006861F3C7101B490860606808608D
:101F6000207820B90120FFF77BFE064603E0002021
:101F7000FFF776FE06463046BDE8F0812E2E5C6403
:101F80007269766572735C686333325F6C6C5F6430
:101F900072697665725C7372635C686333325F6C1E
:101FA0006C5F636C6B2E630000127A000480FF1F6D
:101FB00040787D0140420F0000389C1C00C2EB0BB2
:101FC000C0E1E400FE430540004105400146002019
:101FD00009B9C01E22E000224A604A6822F080024D
:101FE0004A604A6822F01F024A6013234A6863F37A
:101FF00010224A604A6822F0704202F180524A6020
:102000004A6822F0706202F180724A604A6822F4E3
:10201000700202F580124A6001220A70704770B5A2
:1020200004460D462946204604F022F905F04CF9F5
:1020300070BD10B50446204604F0B0FA05F044F92E
:1020400010BDF8B505460C46002000906FF007065D
:1020500009E02846FFF7D4FD012801D1002605E05C
:102060000098401C00900098A042F2D900BF304672
:10207000F8BD000070B50446002500BF0CB1012C6E
:1020800000D104E04FF467711EA000F0C3FD00BF53
:1020900000BF2748008800F0010000B104E040F2D2
:1020A0009D3118A000F0B6FD00BFFCB921480078B2
:1020B00000F00700032802D16FF0050520E01D485D
:1020C000DA300068C0F3C01058B91A48001D007813
:1020D00010B96FF0050513E0012016490C310870A6
:1020E0000EE0012013490C31087009E0002011496D
:1020F0000C3108704FF480510820FFF7A2FF05460D
:10210000284670BD2E2E5C647269766572735C68B9
:102110006333325F6C6C5F6472697665725C737294
:10212000635C686333325F6C6C5F636C6B2E63005F
:10213000FE4305402640054070B5044614B96FF0D3
:1021400002057FE000BF2078012801D0207800B987
:1021500004E04FF45F713CA000F05CFD00BF00BFE5
:10216000607840B16078102805D06078202802D0CF
:102170006078302800D104E040F27D3132A000F0D8
:1021800049FD00BF00BFA07810B1A078402800D161
:1021900004E040F27E312CA000F03CFD00BF00BF07
:1021A000E078802801D0E07800B904E040F27F3187
:1021B00025A000F02FFD00BF00BF2079012817D017
:1021C0002079022814D02079032811D020790428FE
:1021D0000ED0207905280BD02079062808D0207948
:1021E000072805D02079082802D02079092800D1B5
:1021F00004E04FF4607114A000F00CFD00BF00BFBC
:102200001C48008800F0010000B104E040F2813178
:102210000DA000F0FFFC00BF207917490870E0789E
:1022200061780843A1780843124912310870207878
:1022300020B90120FFF71EFF054603E00020FFF74D
:1022400019FF0546284670BD2E2E5C6472697665BE
:1022500072735C686333325F6C6C5F64726976655D
:10226000725C7372635C686333325F6C6C5F636C67
:102270006B2E6300FE430540A2400540014600204E
:1022800009B9C01E08E001220A7000228A704A7053
:102290008022CA7005220A717047000070B504469A
:1022A0002546074828601D20A8800648A8600A2007
:1022B000A8810120A861284604F07AFA70BD0000C8
:1022C0006CEE0000C8EF000070B50446D4F8F801C9
:1022D00001F042FA054605F4807050B125F480768D
:1022E00026B13146D4F8F80101F010F94FF48075A9
:1022F00000BFB5F5007F76D015DC102D5DD008DC71
:10230000012D2ED0022D37D0042D40D0082D6BD1B9
:1023100048E0202D5CD0402D68D0802D74D0B5F5DC
:10232000807FF4D17FE0B5F5804F6BD00CDCB5F544
:10233000806F68D0B5F5006F71D0B5F5805F6FD054
:10234000B5F5005FE3D1B0E0B5F5004F69D0B5F564
:10235000803F67D0B5F5003F72D0B5F5802FD6D15C
:10236000E4E0012104F5EE7004F028FA0121D4F82C
:10237000F80101F0CBF8E7E0022104F5EE7004F07B
:102380001DFA0221D4F8F80101F0C0F8DCE00421C4
:1023900004F5EE7004F012FA0421D4F8F80101F00B
:1023A000B5F8D1E0082104F5EE7004F007FA082131
:1023B000D4F8F80101F0AAF8C6E0102104F5EE7097
:1023C00004F0FCF91021D4F8F80101F09FF8BBE00B
:1023D000202104F5EE7004F0F1F92021D4F8F80181
:1023E00001F094F8B0E02CE0ADE0FFE7402104F507
:1023F000EE7004F0E3F94021D4F8F80101F086F81A
:10240000A2E001E05EE029E0802104F5EE7004F036
:10241000D5F98021D4F8F80101F078F894E02AE0A9
:1024200036E05CE068E04FF4807104F5EE7004F093
:10243000C5F94FF48071D4F8F80101F067F883E032
:1024400067E04FF4007104F5EE7004F0B7F94FF453
:102450000071D4F8F80101F059F875E04FF480618B
:1024600004F5EE7004F0AAF94FF48061D4F8F80195
:1024700001F04CF868E04FF4006104F5EE7004F0F0
:102480009DF94FF40061D4F8F80101F03FF85BE0EA
:102490004FF4805104F5EE7004F090F94FF4805140
:1024A000D4F8F80101F032F84EE04FF4005104F591
:1024B000EE7004F083F94FF40051D4F8F80101F004
:1024C00025F841E04FF4804104F5EE7004F076F910
:1024D0004FF48041D4F8F80101F018F834E04FF4DB
:1024E000004104F5EE7004F069F94FF40041D4F8AE
:1024F000F80101F00BF827E04FF4803104F5EE709D
:1025000004F05CF94FF48031D4F8F80100F0FEFFDC
:102510001AE04FF4003104F5EE7004F04FF94FF477
:102520000031D4F8F80100F0F1FF0DE04FF4802104
:1025300004F5EE7004F042F94FF48021D4F8F8016C
:1025400000F0E4FF00E000BF00BF70BD10B5002444
:1025500081E004EB840202EBC413414A02EB8302E4
:1025600002F5AA7104EB840202EBC4133C4A02EBAD
:10257000830202F5A07003F006FA012104EB840047
:1025800000EBC412364800EB820080F84011B6EE32
:10259000000A04EB840000EBC411314800EB810019
:1025A00080ED510A9FED2F0A04EB840000EBC4116B
:1025B0002B4800EB810080ED520A9FED2B0A04EBC3
:1025C000840000EBC411264800EB810080ED530A23
:1025D0009FED250A04EB840000EBC411204800EBBA
:1025E000810080ED540A9FED210A04EB840000EB8A
:1025F000C4111B4800EB810080ED5D0A9FED1A0AB3
:1026000004EB840000EBC411154800EB810080ED61
:102610005E0A9FED170A04EB840000EBC41110481A
:1026200000EB810080ED630A9FED120A04EB840049
:1026300000EBC4110A4800EB810080ED640A9FEDB5
:102640000E0A04EB840000EBC411054800EB810086
:1026500080ED650A641C022CFFF67BAF10BD000004
:102660002483FF1FCDCC4C3D0000000000401C45E2
:1026700000002F440080BB440000FA4410B5002441
:102680006BE004EB840202EBC413354A02EB8302D5
:1026900002F19C0104EB840202EBC413304A02EB0A
:1026A000830202F1880003F06EF9012104EB84003B
:1026B00000EBC4122A4800EB820080F88810B7EEC5
:1026C000000A04EB840000EBC411254800EB8100F4
:1026D00080ED230A9FED230A04EB840000EBC41174
:1026E0001F4800EB810080ED240A9FED1F0A04EBD8
:1026F000840000EBC4111A4800EB810080ED250A2C
:102700009FED190A04EB840000EBC411144800EBA0
:10271000810080ED260AB2EE000A04EB840000EB93
:10272000C4110F4800EB810080ED2F0ABAEE000AB9
:1027300004EB840000EBC411094800EB810080ED3C
:10274000300AB6EE000A04EB840000EBC411044822
:1027500000EB810080ED350A641C022C91DB10BD7A
:102760002483FF1F0AD7233C0000000010B52DED85
:10277000048B002408E104EB840000EBC4118548BD
:1027800000EB810090F89C00002876D004EB8402D6
:1027900002EBC4137F4A02EB830292ED291AF0EE9A
:1027A000410A04EB840202EBC4137A4A02EB83026F
:1027B00092ED281AB0EE410A04EB840202EBC41336
:1027C000744A02EB830202F19C0104EB840202EBE7
:1027D000C413704A02EB830202F1880003F066F82A
:1027E00084BB6D48008802282DDB00206A490880E0
:1027F0006A480088B0F5C87F2ADA04EB840000EB51
:10280000C411644800EB810090ED2D0A64486349CF
:10281000098800EB810080ED000A04EB840000EBE6
:10282000C4115C4800EB810090ED310A5D485B49C2
:10283000098800EB810080ED000A58480088401CA0
:102840005649088004E054480088401C52490880DA
:1028500004EB840000EBC4114E4800EB810090EDC6
:10286000310AF0EEC08AB2EE040AF4EEC08AF1EE4C
:1028700010FA03DDB1EE048A16E084E0B1EE040A3A
:10288000F4EEC08AF1EE10FA02DDB0EE088A0BE039
:10289000B0EE000AF4EEC08AF1EE10FA02DDB7EEF7
:1028A000088A01E09FED408A04EB840000EBC4112C
:1028B000384800EB810090ED2D0AB0EEC09A04EB91
:1028C000840000EBC411334800EB810090F86000F5
:1028D00001281CD104EB840000EBC4112D4800EB4F
:1028E000810090ED2D0AB5EEC00AF1EE10FA09DD77
:1028F00004EB840000EBC411264800EB810090ED4E
:102900002D9A2DE09FED290AB0EE409A28E004EBC5
:10291000840000EBC4111F4800EB810090F86000B8
:1029200002281DD104EB840000EBC411194800EB10
:10293000810090ED2D0AB5EEC00AF1EE10FA0BD22F
:1029400004EB840000EBC411124800EB810090ED11
:102950002D0AB1EE409A03E09FED140AB0EE409AC2
:10296000B4EEC89AF1EE10FA00DD00BF104890ED09
:10297000000A04EB840000EBC411064800EB810060
:1029800080ED3F0A00BF641C022CFFF6F4AEBDECE4
:10299000048B10BD2483FF1F7E80FF1F7C80FF1FE0
:1029A000FC8AFF1F7C97FF1FCDCC4C3F000000002E
:1029B0007880FF1F10B500246BE004EB840202EB6B
:1029C000C413354A02EB830202F1F80104EB8402DE
:1029D00002EBC413304A02EB830202F1E40002F07E
:1029E000D2FF012104EB840000EBC4122A4800EB63
:1029F000820080F8E410B3EE040A04EB840000EBDC
:102A0000C411254800EB810080ED3A0A9FED230AAE
:102A100004EB840000EBC4111F4800EB810080ED43
:102A20003B0A9FED1F0A04EB840000EBC4111A4817
:102A300000EB810080ED3C0A9FED1A0A04EB840054
:102A400000EBC411144800EB810080ED3D0A9FEDBE
:102A5000160A04EB840000EBC4110F4800EB810060
:102A600080ED460A9FED0E0A04EB840000EBC411D2
:102A7000094800EB810080ED470AB6EE000A04EB3E
:102A8000840000EBC411044800EB810080ED4C0A87
:102A9000641C022C91DB10BD2483FF1F0AD7A33CCA
:102AA000000000000000FA440080BB4410B5002480
:102AB0009BE004EB840000EBC4114E4800EB810066
:102AC00090F8F80000287DD004EB840202EBC413D8
:102AD000484A02EB830292ED401AF0EE410A04EB01
:102AE000840202EBC413434A02EB830292ED3F1AC5
:102AF000B0EE410A04EB840202EBC4133D4A02EB40
:102B0000830202F1F80104EB840202EBC413394A98
:102B100002EB830202F1E40002F0C8FE002C57D160
:102B20003548008805284EDB0020334908803348AB
:102B30000088B0F57A7F4BDA04EB840000EBC41117
:102B40002C4800EB810090ED3F0A2D482B49098865
:102B500000EB810080ED000A04EB840000EBC4115F
:102B6000244800EB810090ED400A2648234909885B
:102B700000EB810080ED000A04EB840000EBC4113F
:102B80001C4800EB810090ED440A1F481B4909884E
:102B900000EB810080ED000A04EB840000EBC4111F
:102BA000144800EB810090ED480A18481349098841
:102BB00000EB810080ED000A10480088401C0F499E
:102BC000088005E010E00C480088401C0A49088095
:102BD0000F4890ED000A04EB840000EBC411054897
:102BE00000EB810080ED560A641C022CFFF661AFF9
:102BF00010BD00002483FF1F8A80FF1F8880FF1FF5
:102C0000FCA3FF1F9CB3FF1F3CC3FF1FDCD2FF1FB1
:102C10008080FF1F04460D462A46214602A006F08A
:102C200073F800BFFEE7000057726F6E6720706197
:102C300072616D65746572732076616C75653A209A
:102C400066696C65202573206F6E206C696E652047
:102C500025640D0A0000000038B502460023002557
:102C60000095D81E00BF0D4D2D682C4600BF0C4DA1
:102C70002D68294689B105E00D6805F08003009DA7
:102C80006D1C0095009DA54201D8002BF4D013B116
:102C90008A80002001E06FF0070038BD8882FF1FA6
:102CA0008482FF1F08B50D49096AC1F302630C490C
:102CB0000968D94041F270731944491EB1FBF3F21F
:102CC00006E0009200BF00994B1E00930029FAD144
:102CD000011EA0F10100F4D108BD00000040054034
:102CE0000080FF1F08B50C49096AC1F302630B4954
:102CF0000968D9400A4B1944491EB1FBF3F206E0BA
:102D0000009200BF00994B1E00930029FAD1011ECA
:102D1000A0F10100F4D108BD004005400080FF1F74
:102D2000808D5B0030B587B004460121084600F075
:102D30005DFE03A805F002FA002003901020049025
:102D4000002005904CF24F30ADF8180003AA012185
:102D5000274805F0B9F801221146254805F05EF82C
:102D600001229104224805F059F94120ADF80400F0
:102D70000620ADF806001F48029001A801F02CFAC9
:102D8000BDF90600002807DB00F01F0101228A4080
:102D90001949430941F8232000BFBDF906000F215E
:102DA000002804DB0A07130E144A135406E00A072E
:102DB000150E134A00F00F031B1FD55400BFBDF9B9
:102DC000060000280DDB00BF00BF00F01F0201213C
:102DD00091404209920002F1E022C2F8001100BFC6
:102DE00000BF00BF0121024805F06AF907B030BDFD
:102DF00000400240057E000080E200E000E400E0C8
:102E000018ED00E010B5044600BF0CB1012C00D154
:102E100004E040F2711109A0FFF7FCFE00BF00BF03
:102E200011480068012800D104E04FF4B97103A0F3
:102E3000FFF7F0FE00BF0D48046010BD2E2E5C644D
:102E40007269766572735C686333325F6C6C5F6461
:102E500072697665725C7372635C686333325F6C4F
:102E60006C5F65666D2E6300000401404081204266
:102E700010B5044600BF0CB1012C00D104E040F2B3
:102E8000631109A0FFF7C6FE00BF00BF114800682C
:102E9000012800D104E04FF4B27103A0FFF7BAFE9D
:102EA00000BF0D48046010BD2E2E5C64726976650B
:102EB00072735C686333325F6C6C5F6472697665F1
:102EC000725C7372635C686333325F6C6C5F6566FF
:102ED0006D2E6300000401406081204210B504465D
:102EE00000BF0F480068012800D104E040F21E2115
:102EF0000CA0FFF78FFE00BF00BF40F23F10204341
:102F000040F23F11884200D104E040F21F2105A0A9
:102F1000FFF780FE00BF02481430046010BD0000BF
:102F2000000401402E2E5C647269766572735C68E1
:102F30006333325F6C6C5F6472697665725C737266
:102F4000635C686333325F6C6C5F65666D2E630033
:102F500010B5044600BF0CB1012C00D104E04FF4C1
:102F6000747103A0FFF756FE00BF0C48046010BD4B
:102F70002E2E5C647269766572735C686333325FAF
:102F80006C6C5F6472697665725C7372635C6863B3
:102F900033325F6C6C5F65666D2E6300808120420A
:102FA00010B5044600BF40F23F10204340F23F11ED
:102FB000884200D104E04FF4047106A0FFF72AFE16
:102FC00000BF0F4800682040A04201D1012010BD81
:102FD0000020FCE72E2E5C647269766572735C6873
:102FE0006333325F6C6C5F6472697665725C7372B6
:102FF000635C686333325F6C6C5F65666D2E630083
:10300000100401402DE9F04104460D4600BF374849
:103010000068012800D104E040F2D22134A0FFF77B
:10302000F9FD00BF00BF3D480068012800D104E061
:1030300040F2D3212EA0FFF7EDFD00BF00BFB4F595
:10304000002F0BD33648844202D33648844205D938
:103050003548844203D3B4F1467F00D204E04FF4F4
:10306000357123A0FFF7D6FD00BF00BF04F00300B9
:1030700000B904E040F2D5211DA0FFF7CBFD00BF51
:1030800040F23F10FFF72AFF184808300068274930
:1030900000EA0106154808300068C9430840134992
:1030A000083108600027081D006820F0700040F01B
:1030B0002000091D08602560384600F0E9F98046C7
:1030C0000A480C30006820F0700008490C31086094
:1030D000081F00681549C9430840C94331400843E7
:1030E0000249083108604046BDE8F0810004014013
:1030F0002E2E5C647269766572735C686333325F2E
:103100006C6C5F6472697665725C7372635C686331
:1031100033325F6C6C5F65666D2E63008081204288
:10312000000C0003FB0F0003E0FF17030000010188
:103130002DE9F05F04460E4615466FF0020927465A
:10314000A8464FF4807A00BFB4F5002F0BD32B486C
:10315000844202D32A48844205D92A48844203D3B0
:10316000B4F1467F00D204E040F2462126A0FFF7EA
:1031700051FD00BF00BF6019401EB0F5002F13D3F2
:103180006019401E1D49884204D36019401E1C4925
:10319000884209D96019401E1A49884205D360192E
:1031A000401EB0F1467F00D204E040F2472116A055
:1031B000FFF730FD00BFF6B11E48006AC0F30261A0
:1031C0001D480068C84044F62061B0FBF1FB594639
:1031D000504600F044F960B905E017F8010B06F815
:1031E000010BA8F10108B8F1000FF6D14FF000096A
:1031F00001E06FF004094846BDE8F09F000C0003B1
:10320000FB0F0003E0FF17032E2E5C6472697665E6
:1032100072735C686333325F6C6C5F64726976658D
:10322000725C7372635C686333325F6C6C5F65669B
:103230006D2E6300004005400080FF1F2DE9F04126
:10324000044600BFB4F5002F00D204E040F2633121
:1032500034A0FFF7DFFC00BF00BF04F0030000B99B
:1032600004E04FF459712FA0FFF7D4FC00BF00BF5A
:1032700037480068012800D104E040F2653129A0F8
:10328000FFF7C8FC00BF00BF32480068012800D12A
:1032900004E040F2663123A0FFF7BCFC00BF40F21F
:1032A0003F10FFF71BFE2A48083000682A4900EA51
:1032B0000106274808300068C943084024490831FE
:1032C00008600027081D006820F0700040F04000F2
:1032D000091D0860002020602048006AC0F30261D8
:1032E0001F480068C8403221B0FBF1F8414638461B
:1032F00000F094F8054616480C30006820F0700085
:1033000013490C310860081F00681349C94308407D
:10331000C943314008430E49083108602846BDE8DA
:10332000F08100002E2E5C647269766572735C68B1
:103330006333325F6C6C5F6472697665725C737262
:10334000635C686333325F6C6C5F65666D2E63002F
:10335000000401408081204200000101004005403E
:103360000080FF1F70B50446002500BF1D4800689F
:10337000012800D104E040F24F111BA0FFF74AFCE6
:1033800000BF00BFF02C00D804E04FF4A87116A0D5
:10339000FFF740FC00BF13480830006820F0F00041
:1033A00004F0F00108430F490831086010E06D1C7B
:1033B0001848006AC0F3026117480068C84044F624
:1033C0002061B0FBF1F0A84202D26FF0070070BD9F
:1033D00004480830006800F0F000A042E7D1002067
:1033E000F5E70000000401402E2E5C6472697665EA
:1033F00072735C686333325F6C6C5F6472697665AC
:10340000725C7372635C686333325F6C6C5F6566B9
:103410006D2E6300004005400080FF1F70B504461C
:103420000E4600254FF4807101FA04F0314600F099
:1034300016F810F1080F00D16D1F75B9102101FAAF
:1034400004F0FFF7ADFD012805D1102101FA04F0C9
:10345000FFF744FD01E04FF0FF35284670BDF8B599
:1034600005460C4600200090002608E00098401C0D
:1034700000900098A04202D96FF0070604E02846A9
:10348000FFF78EFD0128F1D100BF3046F8BD0000E6
:1034900070B5044600251B48006AC0F302611A4853
:1034A0000068C84044F62061B0FBF1F64FF480712B
:1034B00001FA04F03146FFF7D2FF10F1080F00D1F6
:1034C0006D1FEDB9082101FA04F0FFF769FD01282D
:1034D00006D1082101FA04F0FFF700FD4FF0FF3597
:1034E00075B9102101FA04F0FFF75AFD012805D142
:1034F000102101FA04F0FFF7F1FC01E04FF0FF3575
:10350000284670BD004005400080FF1F70B504468E
:103510000D460CB1207B38B900BF06A207A10020E0
:1035200002F01AFD00BF70BD2068A843206000BFF4
:10353000F9E700004552524F520000001B5B333147
:103540006D5B25735D204576656E7447726F75708F
:1035500020636C6561723A20696E76616C696420E3
:1035600067726F75701B5B306D0D0A0038B50546CC
:103570001DB12846FCF7F0FE40B900BF27A229A1E3
:10358000002002F0E9FC00BF002038BD284600F012
:10359000BDF848B100BF2B4620A22EA1002002F0AA
:1035A000DBFC00BF0020F0E700242CE0384800EBF3
:1035B0004410007B002825D1354901EB441020211F
:1035C000FCF7B3FE0120324901EB44110873304986
:1035D00001EB441101F10D000F222946FCF7B0FE6A
:1035E00000212B4800EB4410017700BF234629A29D
:1035F0002AA10020009502F0AFFC00BF244800EB98
:103600004410C2E7641C202CD0DB00BF03A231A110
:10361000002002F0A1FC00BF0020B6E74552524F47
:10362000520000001B5B33316D5B25735D204576D6
:10363000656E7447726F7570206372656174653A68
:10364000206E616D65206973204E554C4C1B5B30BC
:103650006D0D0A001B5B33316D5B25735D20457674
:10366000656E7447726F7570206372656174653A38
:10367000206E616D6520616C72656164792065788A
:103680006973747320282573291B5B306D0D0A0044
:1036900068AC0020494E464F000000001B5B3332EF
:1036A0006D5B25735D204576656E7447726F75702E
:1036B00020637265617465204F4B20286964783AF5
:1036C00025642C206E616D653A2573291B5B306D76
:1036D0000D0A00001B5B33316D5B25735D20457661
:1036E000656E7447726F75702063726561746520D2
:1036F0006661696C65643A206E6F2066726565204C
:1037000067726F75701B5B306D0D0A0070B50546F2
:103710001DB12846FCF720FE08B9002070BD00242A
:1037200013E00C4800EB4410007B68B1094901EB41
:10373000441101F10D0010222946FCF72FFE18B9A3
:10374000044800EB4410E9E7641C202CE9DB00206E
:10375000E4E7000068AC002010B504460CB1207B03
:1037600040B900BF04A206A1002002F0F5FB00BF93
:10377000002010BD2068FCE74552524F5200000067
:103780001B5B33316D5B25735D204576656E744739
:10379000726F7570206765743A20696E76616C6926
:1037A000642067726F75701B5B306D0D0A0000003E
:1037B0002DE9F04704460E461746984614B1207B83
:1037C00000B14EB900BF1BA21CA1002002F0C4FB37
:1037D00000BF0020BDE8F087207A20B908F0FAFC8D
:1037E000606001212172D4F8009009EA0605012FDA
:1037F00006D17DB129462046FFF788FE2846E9E735
:10380000022F07D1B54205D131462046FFF77EFE93
:103810002846DFE708F1010050B108F0DBFC8246E2
:103820006068AAEB0000404501D30020D2E700BF4A
:103830000020CFE74552524F520000001B5B33314E
:103840006D5B25735D204576656E7447726F75708C
:1038500020726563763A20696E76616C69642070C7
:103860006172616D1B5B306D0D0A000070B504461E
:103870000D460CB1207B38B900BF06A207A100207D
:1038800002F06AFB00BF70BD20682843206000BFC3
:10389000F9E700004552524F520000001B5B3331E4
:1038A0006D5B25735D204576656E7447726F75702C
:1038B0002073656E643A20696E76616C6964206776
:1038C000726F75701B5B306D0D0A000070B5044699
:1038D0000D4600BF2CB1174820431649884200D13D
:1038E00003E0712114A0FFF795F900BF00BF0DB1EF
:1038F000012D00D103E072210FA0FFF78BF900BF6B
:1039000000BF1848006900F0010000B103E0732116
:1039100009A0FFF77FF900BF012D05D1114800680C
:10392000A0431049086004E00E48006820430D4998
:10393000086070BD11C5F38F2E2E5C6472697665C8
:1039400072735C686333325F6C6C5F647269766556
:10395000725C7372635C686333325F6C6C5F666366
:10396000672E63000080044070B504460D4600BF1A
:103970002CB1114820431049884200D103E0842132
:103980000EA0FFF747F900BF00BF0DB1012D00D118
:1039900003E0852109A0FFF73DF900BF012D05D106
:1039A00011484068A0431049486004E00E48406850
:1039B00020430D49486070BD79FD0F0F2E2E5C64C9
:1039C0007269766572735C686333325F6C6C5F64D6
:1039D00072697665725C7372635C686333325F6CC4
:1039E0006C5F6663672E63000080044070B5044618
:1039F0000D4600BF2CB1114820431049884200D128
:103A000003E096210EA0FFF705F900BF00BF0DB13E
:103A1000012D00D103E0972109A0FFF7FBF800BFBB
:103A2000012D05D111488068A0431049886004E049
:103A30000E48806820430D49886070BDFF870700ED
:103A40002E2E5C647269766572735C686333325FD4
:103A50006C6C5F6472697665725C7372635C6863D8
:103A600033325F6C6C5F6663672E630000800440D6
:103A700070B504460D4600BF3CB141F2031020432F
:103A800041F20311884200D103E0A8210DA0FFF705
:103A9000C1F800BF00BF0DB1012D00D103E0A92185
:103AA00008A0FFF7B7F800BF012D05D11048C06886
:103AB000A0430F49C86004E00D48C06820430C498A
:103AC000C86070BD2E2E5C647269766572735C6826
:103AD0006333325F6C6C5F6472697665725C7372BB
:103AE000635C686333325F6C6C5F6663672E630090
:103AF000008004402DE9F04104460D46904600BF89
:103B00002548008800F0010000B104E040F2812166
:103B100022A0FFF77FF800BF00BF4CB1012C07D0F7
:103B2000022C05D0032C03D0042C01D0052C00D18D
:103B300004E040F2822119A0FFF76CF800BF00BF3B
:103B400015B1A8B200B104E040F2832113A0FFF741
:103B500061F800BF002719E005F0010088B10E48A8
:103B6000001D00EB841000EB8706B8F1010F04D1B3
:103B7000308840F40040308003E03088C0F30E000D
:103B800030806D1005B903E0781CC7B2102FE3D365
:103B900000BFBDE8F0810000FC3B05402E2E5C64B8
:103BA0007269766572735C686333325F6C6C5F64F4
:103BB00072697665725C7372635C686333325F6CE2
:103BC0006C5F6770696F2E63000000002DE9F05F85
:103BD00005460E4614464FF0000B14B96FF0020B69
:103BE000D9E000BF6D48008800F0010000B104E09A
:103BF0004FF480716AA0FFF70DF800BF00BF4DB110
:103C0000012D07D0022D05D0032D03D0042D01D0A6
:103C1000052D00D104E040F2011161A0FEF7FAFF8A
:103C200000BF00BF16B1B0B200B104E04FF4817123
:103C30005BA0FEF7EFFF00BF00BF208810B1208817
:103C4000012800D104E040F2031155A0FEF7E2FF85
:103C500000BF00BF608810B16088022800D104E076
:103C60004FF482714EA0FEF7D5FF00BF00BFA088C1
:103C700010B1A088042800D104E040F2051148A04A
:103C8000FEF7C8FF00BF00BFE08828B1E088102819
:103C900002D0E088202800D104E04FF4837140A0D6
:103CA000FEF7B8FF00BF00BF208918B12089B0F52A
:103CB000804F00D104E040F2071139A0FEF7AAFFBF
:103CC00000BF00BF608910B16089402800D104E0C6
:103CD0004FF4847132A0FEF79DFF00BF00BFA089A2
:103CE00018B1A089B0F5007F00D104E040F20911BD
:103CF0002BA0FEF78FFF00BF00BFE08918B1E0895D
:103D0000B0F5805F00D104E04FF4857124A0FEF788
:103D100081FF00BF00BF208A18B1208AB0F5004F94
:103D200000D104E040F20B111DA0FEF773FF00BFAD
:103D300000272DE006F0010028B3208861880843A1
:103D4000A1880843E188084361890843A1890843A1
:103D5000E1890843218940EA010A45F27728208A4F
:103D600040EA0A0A48F400480C48001D00EB8510A0
:103D700000EB8709B9F8000020EA08000AEA080108
:103D80000843A9F80000761006B903E0781CC7B212
:103D9000102FCFD300BF5846BDE8F09FFC3B054035
:103DA0002E2E5C647269766572735C686333325F71
:103DB0006C6C5F6472697665725C7372635C686375
:103DC00033325F6C6C5F6770696F2E6300000000B8
:103DD00070B504460D4600BF4CB1012C07D0022C33
:103DE00005D0032C03D0042C01D0052C00D104E015
:103DF0004FF4FF710CA0FEF70DFF00BF00BF15B11F
:103E0000A8B200B104E040F2FF1107A0FEF702FFE4
:103E100000BF114901EB0410B0F80008284008B1B8
:103E2000012070BD0020FCE72E2E5C64726976656F
:103E300072735C686333325F6C6C5F647269766561
:103E4000725C7372635C686333325F6C6C5F677063
:103E5000696F2E63000000000030054070B5044615
:103E60000D4600BF4CB1012C07D0022C05D0032C0D
:103E700003D0042C01D0052C00D104E040F24A21EB
:103E80000BA0FEF7C7FE00BF00BF15B1A8B200B17E
:103E900004E040F24B2106A0FEF7BCFE00BF104834
:103EA000102101FB040630882843308070BD0000DB
:103EB0002E2E5C647269766572735C686333325F60
:103EC0006C6C5F6472697665725C7372635C686364
:103ED00033325F6C6C5F6770696F2E6300000000A7
:103EE0000A38054070B504460D4600BF24B144F0C1
:103EF0001F001F2800D104E04FF4B27118A0FEF794
:103F000089FE00BF00BF0DB1012D00D104E040F2D9
:103F1000651113A0FEF77EFE00BF00BF1C4800889D
:103F200000F0010000B104E04FF4B3710CA0FEF703
:103F300071FE00BF012D09D115480838008804F032
:103F40001F01084312490839088008E01048083862
:103F5000008804F01F0188430D490839088070BDAE
:103F60002E2E5C647269766572735C686333325FAF
:103F70006C6C5F6472697665725C7372635C6863B3
:103F800033325F6C6C5F6770696F2E6300000000F6
:103F9000FC3B05402DE9F04104460D46164600BFA6
:103FA0004CB1012C07D0022C05D0032C03D0042CDB
:103FB00001D0052C00D104E04FF4BE7124A0FEF71F
:103FC00029FE00BF00BF15B1A8B200B104E040F265
:103FD0007D111FA0FEF71EFE00BF00BF0F2E03D9EC
:103FE000202E02D33B2E00D804E04FF4BF7118A05E
:103FF000FEF710FE00BF00BF2148008800F001005E
:1040000000B104E040F27F1111A0FEF703FE00BFF3
:10401000002717E005F0010078B11948801D00EB7A
:10402000841000EB8708B8F800004FF6C071084014
:1040300006F03F010843A8F800006D1005B903E041
:10404000781CC7B2102FE5D300BFBDE8F081000097
:104050002E2E5C647269766572735C686333325FBE
:104060006C6C5F6472697665725C7372635C6863C2
:1040700033325F6C6C5F6770696F2E630000000005
:10408000FC3B054070B504460D4600BF4CB1012C09
:1040900007D0022C05D0032C03D0042C01D0052C12
:1040A00000D104E04FF40E710BA0FEF7B3FD00BF8A
:1040B00000BF15B1A8B200B104E040F2392106A05A
:1040C000FEF7A8FD00BF1048102101FB0406308850
:1040D0002843308070BD00002E2E5C6472697665C6
:1040E00072735C686333325F6C6C5F6472697665AF
:1040F000725C7372635C686333325F6C6C5F6770B1
:10410000696F2E63000000000838054010B50446B2
:1041100000BF44B1B4F5804F05D0B4F5004F02D0D4
:10412000B4F5404F00D104E04FF4ED710EA0FEF75E
:1041300071FD00BF00BF1848008800F0010000B109
:1041400004E040F2DB1108A0FEF764FD00BF124856
:10415000001F0088C0F30D0004F4404108430E49DD
:10416000091F088010BD00002E2E5C647269766500
:1041700072735C686333325F6C6C5F64726976651E
:10418000725C7372635C686333325F6C6C5F677020
:10419000696F2E6300000000FC3B054001460020D3
:1041A00009B9C01E09E000220A804A80CA800A823A
:1041B0000A814A818A81CA818A80704770B5054622
:1041C0000C461DB92046FEF7ADFD01E0002070BD94
:1041D00000BF0120FBE7000070B5044600260CB9C3
:1041E000F61E4BE000BF2088B0F5007F00DA03E048
:1041F000CD2123A0FEF70EFD00BF2088400900EB73
:104200004000202101EB4000B4F9021088420AD896
:104210002088400900EB4000252101EB4000B4F963
:104220000210884206D2B4F90200202802D36FF0AF
:10423000020623E060881F49042212FB001528684B
:10424000C0F3080040F2FF11884208D1208828609E
:10425000B4F90210184A606842F821000EE0208884
:104260002968C1F30801884206D1B4F90210124A44
:10427000606842F8210001E06FF00106304670BD31
:104280002E2E5C647269766572735C686333325F8C
:104290006C6C5F6472697665725C7372635C686390
:1042A00033325F6C6C5F696E7465727275707473B3
:1042B0002E6300005C10054014B5002010B50349C2
:1042C00008688047BFF34F8F10BD000014B5002071
:1042D00010B5034948688047BFF34F8F10BD0000F9
:1042E00014B5002010B5034988688047BFF34F8F8D
:1042F00010BD000014B5002010B50349C868804700
:10430000BFF34F8F10BD000014B5002010B5034956
:1043100008698047BFF34F8F10BD000014B500201F
:1043200010B5034948698047BFF34F8F10BD0000A7
:1043300014B5002010B5034988698047BFF34F8F3B
:1043400010BD000014B5002010B50349C8698047AE
:10435000BFF34F8F10BD000014B5002010B5034906
:10436000086A8047BFF34F8F10BD000014B50020CE
:1043700010B50349486A8047BFF34F8F10BD000056
:1043800014B5002010B50349886A8047BFF34F8FEA
:1043900010BD000014B5002010B50349C86A80475D
:1043A000BFF34F8F10BD000014B5002010B50349B6
:1043B000086B8047BFF34F8F10BD000014B500207D
:1043C00010B50349486B8047BFF34F8F10BD000005
:1043D00014B5002010B50349886B8047BFF34F8F99
:1043E00010BD000014B5002010B50349C86B80470C
:1043F000BFF34F8F10BD000014B5002010B5034966
:10440000086C8047BFF34F8F10BD000014B500202B
:1044100010B50349486C8047BFF34F8F10BD0000B3
:1044200014B5002010B50349886C8047BFF34F8F47
:1044300010BD000014B5002010B50349C86C8047BA
:10444000BFF34F8F10BD000014B5002010B5034915
:10445000086D8047BFF34F8F10BD000014B50020DA
:1044600010B50349486D8047BFF34F8F10BD000062
:1044700014B5002010B50349886D8047BFF34F8FF6
:1044800010BD000014B5002010B50349C86D804769
:10449000BFF34F8F10BD000014B5002010B50349C5
:1044A000086E8047BFF34F8F10BD000014B5002089
:1044B00010B50349486E8047BFF34F8F10BD000011
:1044C00014B5002010B50349886E8047BFF34F8FA5
:1044D00010BD000014B5002010B50349C86E804718
:1044E000BFF34F8F10BD000014B5002010B5034975
:1044F000086F8047BFF34F8F10BD000014B5002038
:1045000010B50349486F8047BFF34F8F10BD0000BF
:1045100014B5002010B50349886F8047BFF34F8F53
:1045200010BD000014B5002010B50349C86F8047C6
:10453000BFF34F8F10BD000014B5002010B5034924
:10454000D1F880008047BFF34F8F10BD14B5002015
:1045500010B50349D1F884008047BFF34F8F10BDD9
:1045600014B5002010B50349D1F888008047BFF387
:104570004F8F10BD14B5002010B50349D1F88C0041
:104580008047BFF34F8F10BD14B5002010B503490D
:10459000D1F890008047BFF34F8F10BD14B50020B5
:1045A00010B50349D1F894008047BFF34F8F10BD79
:1045B00014B5002010B50349D1F898008047BFF327
:1045C0004F8F10BD14B5002010B50349D1F89C00E1
:1045D0008047BFF34F8F10BD14B5002010B50349BD
:1045E000D1F8A0008047BFF34F8F10BD14B5002055
:1045F00010B50349D1F8A4008047BFF34F8F10BD19
:1046000014B5002010B50349D1F8A8008047BFF3C6
:104610004F8F10BD14B5002010B50349D1F8AC0080
:104620008047BFF34F8F10BD14B5002010B503496C
:10463000D1F8B0008047BFF34F8F10BD14B50020F4
:1046400010B50349D1F8B4008047BFF34F8F10BDB8
:1046500014B5002010B50349D1F8B8008047BFF366
:104660004F8F10BD14B5002010B50349D1F8BC0020
:104670008047BFF34F8F10BD14B5002010B503491C
:10468000D1F8C0008047BFF34F8F10BD14B5002094
:1046900010B50349D1F8C4008047BFF34F8F10BD58
:1046A00014B5002010B50349D1F8C8008047BFF306
:1046B0004F8F10BD14B5002010B50349D1F8CC00C0
:1046C0008047BFF34F8F10BD14B5002010B50349CC
:1046D000D1F8D0008047BFF34F8F10BD14B5002034
:1046E00010B50349D1F8D4008047BFF34F8F10BDF8
:1046F00014B5002010B50349D1F8D8008047BFF3A6
:104700004F8F10BD14B5002010B50349D1F8DC005F
:104710008047BFF34F8F10BD14B5002010B503497B
:10472000D1F8E0008047BFF34F8F10BD14B50020D3
:1047300010B50349D1F8E4008047BFF34F8F10BD97
:1047400014B5002010B50349D1F8E8008047BFF345
:104750004F8F10BD14B5002010B50349D1F8EC00FF
:104760008047BFF34F8F10BD14B5002010B503492B
:10477000D1F8F0008047BFF34F8F10BD14B5002073
:1047800010B50349D1F8F4008047BFF34F8F10BD37
:1047900014B5002010B50349D1F8F8008047BFF3E5
:1047A0004F8F10BD14B5002010B50349D1F8FC009F
:1047B0008047BFF34F8F10BD14B5002010B50349DB
:1047C000D1F800018047BFF34F8F10BD14B5002012
:1047D00010B50349D1F804018047BFF34F8F10BDD6
:1047E00014B5002010B50349D1F808018047BFF384
:1047F0004F8F10BD14B5002010B50349D1F80C013E
:104800008047BFF34F8F10BD14B5002010B503498A
:10481000D1F810018047BFF34F8F10BD14B50020B1
:1048200010B50349D1F814018047BFF34F8F10BD75
:1048300014B5002010B50349D1F818018047BFF323
:104840004F8F10BD14B5002010B50349D1F81C01DD
:104850008047BFF34F8F10BD14B5002010B503493A
:10486000D1F820018047BFF34F8F10BD14B5002051
:1048700010B50349D1F824018047BFF34F8F10BD15
:1048800014B5002010B50349D1F828018047BFF3C3
:104890004F8F10BD14B5002010B50349D1F82C017D
:1048A0008047BFF34F8F10BD14B5002010B50349EA
:1048B000D1F830018047BFF34F8F10BD14B50020F1
:1048C00010B50349D1F834018047BFF34F8F10BDB5
:1048D00014B5002010B50349D1F838018047BFF363
:1048E0004F8F10BD14B5002010B50349D1F83C011D
:1048F0008047BFF34F8F10BD14B5002010B503499A
:10490000D1F840018047BFF34F8F10BD14B5002090
:1049100010B50349D1F844018047BFF34F8F10BD54
:1049200014B5002010B50349D1F848018047BFF302
:104930004F8F10BD14B5002010B50349D1F84C01BC
:104940008047BFF34F8F10BD14B5002010B5034949
:10495000D1F850018047BFF34F8F10BD14B5002030
:1049600010B50349D1F854018047BFF34F8F10BDF4
:1049700014B5002010B50349D1F858018047BFF3A2
:104980004F8F10BD14B5002010B50349D1F85C015C
:104990008047BFF34F8F10BD14B5002010B50349F9
:1049A000D1F860018047BFF34F8F10BD14B50020D0
:1049B00010B50349D1F864018047BFF34F8F10BD94
:1049C00014B5002010B50349D1F868018047BFF342
:1049D0004F8F10BD14B5002010B50349D1F86C01FC
:1049E0008047BFF34F8F10BD14B5002010B50349A9
:1049F000D1F870018047BFF34F8F10BD14B5002070
:104A000010B50349D1F874018047BFF34F8F10BD33
:104A100014B5002010B50349D1F878018047BFF3E1
:104A20004F8F10BD14B5002010B50349D1F87C019B
:104A30008047BFF34F8F10BD14B5002010B5034958
:104A4000D1F880018047BFF34F8F10BD14B500200F
:104A500010B50349D1F884018047BFF34F8F10BDD3
:104A600014B5002010B50349D1F888018047BFF381
:104A70004F8F10BD14B5002010B50349D1F88C013B
:104A80008047BFF34F8F10BD14B5002010B5034908
:104A9000D1F890018047BFF34F8F10BD14B50020AF
:104AA00010B50349D1F894018047BFF34F8F10BD73
:104AB00014B5002010B50349D1F898018047BFF321
:104AC0004F8F10BD14B5002010B50349D1F89C01DB
:104AD0008047BFF34F8F10BD14B5002010B50349B8
:104AE000D1F8A0018047BFF34F8F10BD14B500204F
:104AF00010B50349D1F8A4018047BFF34F8F10BD13
:104B000014B5002010B50349D1F8A8018047BFF3C0
:104B10004F8F10BD14B5002010B50349D1F8AC017A
:104B20008047BFF34F8F10BD14B5002010B5034967
:104B3000D1F8B0018047BFF34F8F10BD14B50020EE
:104B400010B50349D1F8B4018047BFF34F8F10BDB2
:104B500014B5002010B50349D1F8B8018047BFF360
:104B60004F8F10BD14B5002010B50349D1F8BC011A
:104B70008047BFF34F8F10BD14B5002010B5034917
:104B8000D1F8C0018047BFF34F8F10BD14B500208E
:104B900010B50349D1F8C4018047BFF34F8F10BD52
:104BA00014B5002010B50349D1F8C8018047BFF300
:104BB0004F8F10BD14B5002010B50349D1F8CC01BA
:104BC0008047BFF34F8F10BD14B5002010B50349C7
:104BD000D1F8D0018047BFF34F8F10BD14B500202E
:104BE00010B50349D1F8D4018047BFF34F8F10BDF2
:104BF00014B5002010B50349D1F8D8018047BFF3A0
:104C00004F8F10BD14B5002010B50349D1F8DC0159
:104C10008047BFF34F8F10BD14B5002010B5034976
:104C2000D1F8E0018047BFF34F8F10BD14B50020CD
:104C300010B50349D1F8E4018047BFF34F8F10BD91
:104C400014B5002010B50349D1F8E8018047BFF33F
:104C50004F8F10BD14B5002010B50349D1F8EC01F9
:104C60008047BFF34F8F10BD14B5002010B5034926
:104C7000D1F8F0018047BFF34F8F10BD14B500206D
:104C800010B50349D1F8F4018047BFF34F8F10BD31
:104C900014B5002010B50349D1F8F8018047BFF3DF
:104CA0004F8F10BD14B5002010B50349D1F8FC0199
:104CB0008047BFF34F8F10BD14B5002070B5044678
:104CC000002512E0665D062E01DB002070BD06EBBC
:104CD000860101EBC601074A02EB810000F022F8D1
:104CE00008B90020F2E7681CC5B2207AA842E9DCC6
:104CF0000120EBE73889FF1F10B586B0044601A8F4
:104D0000FFF74CFA0020ADF80600207A10B94020D9
:104D1000ADF80E00A28891B2207801AAFEF756FFE6
:104D200006B010BD30B501464868037A0022002065
:104D30000CE00C7804EB8404084D05EB4404245C7F
:104D40009C4201D1541CE2B2441CE0B20A28F0DBC0
:104D50000A2A01DB012030BD0020FCE7FC88FF1F90
:104D600070B500253DE005EB850000EBC5001E4950
:104D700001EB8004257005EB45001C4901EB800028
:104D80006060002084F82600206384F8240084F802
:104D900025006068FFF7B0FF1548A0600421A181DD
:104DA000144921610421A1820021216204F108003B
:104DB00001F0FEFC00200DE06168097A09B90121CB
:104DC00000E0002105EB85020B4B03EB420211547E
:104DD000411CC8B20A28EFDB002008494855681C6E
:104DE000C5B2062DBFDB70BD3889FF1F30E0000063
:104DF000D0DF000000E00000FC88FF1F4080FF1FA4
:104E00007FB504460D4616460020009001900290A2
:104E10000390009401958DF8086001F0A9FF0390BC
:104E20000223102269463D2000F0FEFB7FBD0000FA
:104E300010B5214C214820602720A0802048A06088
:104E40000E20A0810120A061204601F0B1FC01F0FC
:104E500039FC1C49086001F035FC1B49086001F071
:104E600031FC1A49086001F02DFC19490860154809
:104E7000006820B117491348006801F057FC124838
:104E8000006820B114491048006801F04FFC0F4839
:104E9000006820B111490D48006801F047FC0C483A
:104EA000006820B10E490A48006801F03FFC0D4936
:104EB0003D2000F04BFC10BD708AFF1F78E0000021
:104EC0004CE200005080FF1F5480FF1F5880FF1FDE
:104ED0005C80FF1FF188000005890000198900002F
:104EE0002D890000556A000010B51448047C052C7B
:104EF00006D0062C05D00B2C0FD00C2C1AD10DE0AF
:104F000000BF0F48007838B90D48407820B94FF4F9
:104F100080710A4801F052FC0DE000BF084800789B
:104F200038B90748407820B94FF48031034801F080
:104F300045FC00E000BF00BF10BD0000708AFF1FED
:104F40004C80FF1FF8B501F013FF06460027002430
:104F500028E004EB840202EBC402634B03EB820201
:104F60005268928891B204EB840202EBC40203EB14
:104F7000820252681078FEF72BFF054604EB84008E
:104F80005A4901EB40005A49095D45545848005DB3
:104F9000401C0A21B0FBF1F201FB120054490855F4
:104FA000601CC4B2062CD4DB002427E004EB4400D0
:104FB000504901EBC0052846FFF780FEC0B101272C
:104FC0004D4850F82400E968884207D24A4850F812
:104FD0002400401C484941F824000DE00222D5E994
:104FE0000401FFF70DFF0020434941F8240003E0CE
:104FF0000020414941F82400601CC4B2002CD5D0E7
:10500000002000906AE09DF8000000EB800101EBB9
:10501000C000354901EB80042046FFF783FE84F889
:1050200024001FB1012084F8260002E0002084F84B
:10503000260094F8240094F8251088422BD014F808
:10504000240F607014F8240940B1A6620020206388
:10505000002104F1080001F0B1FB1CE0E66201212F
:1050600004F1080001F0AAFB94F8260068B9D4E91D
:105070000A10451A60684089A84205D9012269468C
:105080009DF80000FFF7BCFE00BF032269469DF8B3
:105090000000FFF7B5FEA06902281AD194F8240099
:1050A000B8B194F82600A0B9206B401C2063616859
:1050B0004989206B88420CD3022104F1080001F0D9
:1050C0007DFB00202063022269469DF80000FFF767
:1050D00097FE9DF80000401CC0B200909DF80000B3
:1050E000062890DBF8BD00003889FF1FFC88FF1FF1
:1050F0004080FF1FB8DF00004880FF1F30B5034627
:1051000018480078834200DA09B9002030BD0868E9
:1051100010B10868007908B90020F7E7C3EBC300B5
:10512000114C04EBC00292F8350088B192F82400CB
:1051300003280DD1D0680C68A04209D1107C0C79ED
:10514000A04205D154698868844201D10120DDE77D
:1051500091E83100C2E907459061012082F82400FE
:1051600000BFD3E72FE400008C8AFF1F70B505460F
:105170000C460CB9002070BD0DB90020FBE70020E3
:1051800020606060A06000211EE001EB4100144A35
:1051900052F820002840A84214D101EB410002EB54
:1051A00080000079207001EB410002EB8000407923
:1051B000607001EB410002EB8000806860600120BC
:1051C0002072D8E7481CC1B21829DED321462846F0
:1051D00006F058F908B10120CDE70020CBE7000028
:1051E000F4E200000146162901DB0020704701EBC4
:1051F0004100024A02EB8000F8E700000CE50000E5
:1052000070B500F059F800252EE0C5EBC50019492E
:1052100001EBC00405EB8500174901EB4000016874
:10522000216041686160008920810020E060206188
:105230006061A061E061206284F8240084F82500A8
:10524000A062E062206384F8340084F8350084F8BA
:10525000360084F83700204606F054FC0021204632
:1052600006F0DAFC681CC5B2044800788542CCDB45
:1052700070BD00008C8AFF1F14E400002FE40000C2
:1052800070B505460A480078854200DB70BDC5EB65
:10529000C500084901EBC004002084F83600012055
:1052A00084F8340001F064FDA06200BFEEE7000066
:1052B0002FE400008C8AFF1F7047000010B50446E1
:1052C00006480078844200DB10BDC4EBC401044AE8
:1052D00002EBC10006F090FC00BFF5E72FE40000F0
:1052E0008C8AFF1F2DE9F04101F042FD05461E4862
:1052F0000068281A0A2801D2BDE8F0811A48056022
:1053000000262AE0C6EBC600184901EBC00494F859
:105310002400012802D1204606F015FC94F835003F
:1053200028B194F8340010B194F8360000B112E0BE
:10533000E06800B90FE0E068006894F8251000EB21
:105340008108A06A2F1AB8F80000B84202D8204697
:1053500006F014FC00BF701CC6B2054800788642F7
:10536000D0DB00BFC8E700007080FF1F8C8AFF1FE2
:105370002FE4000010B5044604F0010048B100BF5E
:1053800040F223101A49086043F21020086000BF61
:1053900000BF04F0020028B100BF1648164908619A
:1053A00000BF00BF04F0040030B100BF4AF201505A
:1053B0001249088000BF00BF04F0100018B14AF283
:1053C000085000F0C7FB04F0400018B14AF2035047
:1053D00000F0C0FB04F0800040B100BF7720084916
:1053E000086007490831086000BF00BF10BD000019
:1053F000000401400100A5A500800440FC3B0540DD
:105400000408054010B5044604F0010028B100BFAF
:1054100000201949086000BF00BF04F0020028B155
:1054200000BF16481649086100BF00BF04F0040021
:1054300030B100BF4FF425401249088000BF00BFC3
:1054400004F0100018B14AF2085000F075FB04F0A7
:10545000400018B14AF2035000F06EFB04F08000E7
:1054600040B100BF7620084908600749083108604C
:1054700000BF00BF10BD0000000401400000A5A552
:1054800000800440FC3B05400408054010B500F0D6
:10549000F7FC10BD70B50446254607482860142067
:1054A000A8800648A8600620A8810020A861284698
:1054B00001F07EF970BD000040F0000030F1000006
:1054C00070B5044684210859FEF746F90546202D9B
:1054D00022D006DC042D09D0082D12D0102D47D182
:1054E00025E0402D2ED0802D42D136E0042104F15C
:1054F000680001F063F9842108590421FEF706F8D9
:1055000037E0082104F1680001F058F984210859B6
:105510000821FDF7FBFF2CE0202104F1680001F0D9
:105520004DF9842108592021FDF7F0FF21E01021D9
:1055300004F1680001F042F9842108591021FDF7B7
:10554000E5FF16E0402104F1680001F037F98421FD
:1055500008594021FDF7DAFF0BE0802104F16800D3
:1055600001F02CF9842108598021FDF7CFFF00E0DC
:1055700000BF00BF70BD000010B500200749A1F8B2
:10558000C000C4210548FAF7D0FE00BF102304A2D2
:1055900005A1002000F0E0FC00BF10BD68B00020B5
:1055A000494E464F000000001B5B33326D5B257394
:1055B0005D204D73672050756253756220696E6976
:1055C00074204F4B2C206D61782073756273637269
:1055D0006962653A2025641B5B306D0D0A0000008E
:1055E00010B502460B46002117E001EB41000D4CBF
:1055F00004EB8000007A70B101EB410054F8200008
:10560000904208D101EB410004EB800040689842D1
:1056100001D1012010BD481C81B21029E5DB00201A
:10562000F8E7000068B000202DE9F84305460F4672
:1056300090461E464FF00009022E09DD00BF2B46A2
:105640002AA22C490020009600F086FC00BF02260A
:1056500000243BE004EB4400274901EB8000007A82
:1056600088B304EB440051F82000A8422BD14FF03E
:10567000010904EB440001EB80004068B8B900BFA9
:105680002B461EA21F490020009400F065FC00BFBD
:10569000002004EB4401184A02EB81010872104615
:1056A000B0F8C000401E1146A1F8C0000CE004EBA9
:1056B0004400114901EB8000334642463946D0F898
:1056C00004C02846E04700BF601C84B2102CC1DB38
:1056D000B9F1000F07D100BF2B460BA20CA100208F
:1056E00000F03AFC00BFBDE8F88300005741524E7D
:1056F00000000000ECF8000068B000204552524F56
:105700005200000030F900004445425547000000B7
:105710001B5B33366D5B25735D204D7367205075C1
:10572000626C6973683A206E6F207375627363727E
:10573000696265722028746F7069633A3078253029
:105740003458291B5B306D0D0A000000F8B5054682
:105750000E464EB900BF2B462CA22EA1002000F011
:10576000FBFB00BF0120F8BD31462846FFF738FF9C
:1057700048B100BF2B4637A23849002000F0ECFBAF
:1057800000BF0120EFE73648B0F8C000102809DB61
:1057900000BF2B461DA23349002000F0DDFB00BFF7
:1057A0000120E0E700242DE004EB44002C4901EB4C
:1057B0008000007A20BB04EB440041F8205004EB49
:1057C000440001EB80004660012004EB4401244AC0
:1057D00002EB810108721046B0F8C000401C11466F
:1057E000A1F8C00000BF0846B0F8C0002B461EA2BA
:1057F0001FA10090002000F0AFFB00BF0020B2E727
:10580000601C84B2102CCFDB0120ACE74552524F14
:10581000520000001B5B33316D5B25735D204D73BF
:1058200067205375627363726962653A2063616CC5
:105830006C6261636B206973204E554C4C20287458
:105840006F7069633A307825303458291B5B306DAE
:105850000D0A00005741524E0000000064F800009D
:1058600068B00020A8F80000494E464F0000000034
:105870001B5B33326D5B25735D204D736720537561
:10588000627363726962653A20746F706963203075
:105890007825303458204F4B2028746F74616C3A4F
:1058A0002564291B5B306D0D0A00000070B52DEDDD
:1058B000028B05460C46B0EE408AF0EE608A84ED1D
:1058C000018AC4ED028A38EE680A84ED0A0A287853
:1058D00010B101280ED106E02146284600F059F803
:1058E00084ED060A0BE02146284600F029F884EDF5
:1058F000060A04E09FED110ABDEC028B70BD00BFEB
:1059000094ED060AD4ED090AB4EEE00AF1EE10FABD
:1059100004D294ED090A84ED060A0CE094ED060A1F
:10592000D4ED080AB4EEE00AF1EE10FA03DD94EDCE
:10593000080A84ED060A94ED060ADDE7000000007F
:1059400091ED0A0A91ED0B1A30EE410A90ED011A21
:1059500020EE010A90ED021AD1ED0A1A01EE210A99
:10596000F0EE400A91ED060A30EE200A81ED060ABB
:1059700091ED0B0A81ED0C0A91ED0A0A81ED0B0AFB
:1059800091ED060A704700B50246084600F05AF845
:1059900000BD70B52DED068B05460C4694ED0D0A45
:1059A000D4ED0A0A30EE200A84ED0D0A95ED040AC2
:1059B00010EE101A0846FAF700FD41EC180B94EDB2
:1059C0000D0A10EE101A0846FAF7F7FC41EC1A0B14
:1059D000B0EE4A0AF0EE6A0A03F0A6F9B0EE409A79
:1059E000F0EE609A53EC182B51EC190BFAF730FDDE
:1059F00014D2D5ED040A94ED0D0AB5EEC00AF1EE0D
:105A000010FA01DD012001E04FF0FF3000EE100A36
:105A1000B8EEC00A20EE800A84ED0D0A95ED010A69
:105A2000D4ED0A0A20EE200AD5ED020A94ED0D1AF3
:105A300000EE810A84ED060A94ED060ABDEC068BA1
:105A400070BD00009FED0C0A80ED010A9FED0A0A6F
:105A500080ED020A9FED080A80ED0A0A9FED060A12
:105A600080ED0B0A9FED040A80ED0D0A9FED020AFE
:105A700080ED060A70470000000000009FED0A0A52
:105A800080ED0A0A9FED080A80ED0B0A9FED060AD9
:105A900080ED0C0A9FED040A80ED0D0A9FED020ACD
:105AA00080ED060A704700000000000000B9704752
:105AB00080ED010AD0ED020A70EE600AC0ED0A0A1C
:105AC00000BFF4E710B500BF0F48008800F00200E7
:105AD000022800D104E040F2AD410CA0FDF79AF895
:105AE00000BF0948001D007800F0C00040F00F0022
:105AF0000549091D087010200349113108701E2046
:105B0000FDF7F0F8002010BDFE4305402E2E5C642A
:105B10007269766572735C686333325F6C6C5F6464
:105B200072697665725C7372635C686333325F6C52
:105B30006C5F7077632E630004490988814341F4E8
:105B40002541034AA2F8FE1370470000FE430540BA
:105B500000400540034909880143034AA2F8FE13A7
:105B600070470000FE43054000400540014600220A
:105B70004A810A81704700002DE9F04706460F462A
:105B800090469946DDF820A02E4890F8600208283B
:105B900002D3FF20BDE8F08737B1B8F1020F03DB75
:105BA000B9F1000F00D00EB9FF20F3E700250BE09C
:105BB00005EB450000EB0510224901EB8000007F5A
:105BC00000B903E0681CC5B2082DF1D300BF05EB96
:105BD000450000EB05101B4901EB80042760A4F889
:105BE000048084F8069000206081208184F81DA044
:105BF0000F22314604F10C00FAF7A2FB0021E176F6
:105C000001202077104860621048A0621048E062CE
:105C100010482063104860631048E0631048A06398
:105C200010482064104860641048A0642046FFF7C4
:105C30009DFF044890F86002401C024981F8600210
:105C40002846A7E7B0B200201F5E0000D95D000023
:105C50006D5B0000B75D0000A35D00007F5D00008C
:105C6000CD5C0000415D0000E55C0000195E0000B5
:105C700070B505460DB9002070BD00241FE004EB8F
:105C8000440000EB0410104901EB8000007FA0B13C
:105C900004EB440101EB04110B4A02EB810101F119
:105CA0000C002946FAF75FFB38B904EB440000EB1F
:105CB0000410054901EB8000DEE7601CC4B2082C2B
:105CC000DDD30020D8E70000B0B2002070B5044654
:105CD00025462846E96B8847A988491E081A80B2DC
:105CE00070BD00002DE9F0412DED028B04462546E4
:105CF0009FED120AB0EE408A6E892846E96B88470C
:105D00000746D5F80080002010E008EB860191EDF1
:105D1000000A30EE080AB0EE408AAA88711C91FB96
:105D2000F2F302FB13118EB2411C88B2B842ECDBD5
:105D3000B0EE480ABDEC028BBDE8F0810000000027
:105D40002DE9F0470446254600266F892846E96B71
:105D500088478046D5F8009000200BE019F807101E
:105D60000E44AA88791C91FBF2F302FB13118FB247
:105D7000411C88B24045F1DB3046BDE8F087024661
:105D8000114608894B89984204DB08894B89C01A5F
:105D900080B2704788884B89C01A0B89184480B23A
:105DA000F7E701460A4610895389984201D101203C
:105DB00070470020FCE710B501460A461089401CD8
:105DC000938890FBF3F403FB14005389984201D1AC
:105DD000012010BD0020FCE72DE9F04105460E46EC
:105DE0002C462046616B884710B10220BDE8F08147
:105DF0006189A279206801FB0207A2793946304601
:105E0000FAF77AFA6089401CA18890FBF1F201FB55
:105E1000120060810020E9E70246517770472DE9C2
:105E2000F04105460E462C4616B90420BDE8F08127
:105E3000607F28B92046216B884768B10120F5E7CB
:105E40002046216B884738B16089401CA18890FBAF
:105E5000F1F201FB120060812189A279206801FB27
:105E60000207A27931463846FAF746FA2089401CE3
:105E7000A18890FBF1F201FB120020810020D5E700
:105E800010B502F07FFD10BD2DE9F04104460D462E
:105E9000164600BF0E4F3878532801D002F072FD2D
:105EA00000BFEFF311800746202080F3118800BF68
:105EB00000BF32462946204600F00CF88046F8B272
:105EC00080F3118800BF00BF4046BDE8F0810000AC
:105ED00014B800202DE9F047074688461646C2460A
:105EE00007EB47011B4800EBC109D9F8140020B1AA
:105EF000012811D0022826D11EE0484602F080FD7C
:105F00000546B54201D2002405E0344632465146EA
:105F1000484602F0CCFE18E0484602F071FD054606
:105F2000B54201D2284600E030460446224651469A
:105F3000484602F0BCFE08E032465146484602F0B0
:105F40007BFE044601E0002400BF00BF2046BDE800
:105F5000F08700002CB800200FB438B5044606A81E
:105F600000906A462046059900F007F80546002093
:105F70000090284638BC5DF814FB2DE9F04F99B02D
:105F800082460D46144603A8149040201590002028
:105F90001690CDF860A0179000BF2E786D1C06B942
:105FA000DDE0252E79D100274FF0010900BF2E78C2
:105FB000232E12D02B2E0CD02D2E02D0302E10D10D
:105FC00003E047F001076D1C0EE047F002076D1C6F
:105FD0000AE047F004076D1C06E047F008076D1C57
:105FE00002E04FF0000900BF00BFB9F1000FDED1A1
:105FF0004FF0000800BF2E78302E01DB392E00DD77
:1060000007E06D1CA6F1300008EB880100EB4108A9
:10601000F1E700BF002013902E782E2E12D16D1CB8
:1060200000BF2E78302E01DB392E00DD09E06D1C1B
:10603000A6F13000139901EB810100EB41001390B0
:10604000EFE700BF2E7800BF6C2E01D0682E02D182
:106050006D1C2E7800E000E0F6E700BF702E5DD0EA
:1060600008DC252E6AD0582E35D0632E09D0642E38
:1060700069D113E0732E3CD0752E1DD0782E62D1DD
:1060800028E02168081D2060D1F8009009F0FF0B7E
:10609000594614A802F0AEFD56E058E02168081DEC
:1060A0002060D1F80090CDE900870A22494614A863
:1060B000139B02F0B3FC47E02168081D2060D1F873
:1060C0000090CDE900870A22494614A8139B02F0EC
:1060D0001BFD39E000BF2168081D2060D1F8009049
:1060E000CDE900871022494614A8139B02F00CFD4D
:1060F0002AE02168081D2060D1F800B000BF9BF89D
:1061000000600BF1010B06B906E0314614A802F05D
:1061100071FD17980028F2DA00BF15E02168081D0C
:106120002060D1F80090002008210B461022CDE914
:106130000010494614A802F0E7FC05E0252114A848
:1061400002F058FD00E000BF00BF6D1C03E03146C7
:1061500014A802F04FFD17980028BFF61EAF00BF2D
:10616000179800280ADD169820B103A95046169A00
:10617000FFF78AFEDDE9161008441790179819B04A
:10618000BDE8F08F2DE9F04704460F4690464FF0EA
:10619000000900BF24B144F00F000F2800D103E034
:1061A000C72126A0FCF736FD00BF00BF072F00D88F
:1061B00003E0C82121A0FCF72DFD00BF00BFB8F10E
:1061C000070F00D803E0C9211CA0FCF723FD00BF86
:1061D00000BF26480068772800D103E0CA2117A035
:1061E000FCF718FD00BF24E004F00100E0B14FEA25
:1061F000C960050E281DC6B207FA06F008FA05F1B7
:1062000008430721B1400722AA4011430840072153
:10621000B1400722AA401143144A121F12688A4350
:1062200010431249091F0860640809F1010000F0D9
:10623000FF09002CD8D1BDE8F08700002E2E5C6449
:106240007269766572735C686333325F6C6C5F642D
:1062500072697665725C7372635C686333325F6C1B
:106260006C5F7372616D2E630000000004080540CE
:106270007FB505460C460026B84800680390B7482D
:1062800040680290B54880680190B448C0680090AA
:1062900000BF04F0E060E8B104F0E060B0F1807F9E
:1062A00018D004F0E060B0F1007F13D004F0E0609B
:1062B000B0F1407F0ED004F0E060B0F1806F09D003
:1062C00004F0E060B0F1A06F04D004F0E060B0F141
:1062D000C06F00D104E040F2A121A1A0FCF79AFC1C
:1062E00000BF00BF04F07000B8B104F070001028C7
:1062F00013D004F0700020280FD004F07000302874
:106300000BD004F07000402807D004F07000502833
:1063100003D004F07000602800D104E040F2A22114
:106320008FA0FCF777FC00BF00BF04F4E020E8B1C9
:1063300004F4E020B0F5803F18D004F4E020B0F57C
:10634000003F13D004F4E020B0F5403F0ED004F439
:10635000E020B0F5802F09D004F4E020B0F5A02FA4
:1063600004D004F4E020B0F5C02F00D104E040F2E6
:10637000A3217BA0FCF74EFC00BF00BF04F4E000AB
:10638000E8B104F4E000B0F5801F18D004F4E00098
:10639000B0F5001F13D004F4E000B0F5401F0ED09C
:1063A00004F4E000B0F5800F09D004F4E000B0F58B
:1063B000A00F04D004F4E000B0F5C00F00D104E059
:1063C0004FF4297166A0FCF725FC00BF00BF04F064
:1063D0000700B8B104F00700012813D004F007004B
:1063E00002280FD004F0070003280BD004F00700A8
:1063F000042807D004F00700052803D004F00700A4
:10640000062800D104E040F2A52155A0FCF702FCCB
:1064100000BF00BF04F4E060E8B104F4E060B0F550
:10642000807F18D004F4E060B0F5007F13D004F44E
:10643000E060B0F5407F0ED004F4E060B0F5806F0E
:1064400009D004F4E060B0F5A06F04D004F4E0607B
:10645000B0F5C06F00D104E040F2A62140A0FCF7E7
:10646000D9FB00BF00BF04F4E040E8B104F4E04011
:10647000B0F5805F18D004F4E040B0F5005F13D0B1
:1064800004F4E040B0F5405F0ED004F4E040B0F515
:10649000804F09D004F4E040B0F5A04F04D004F4DC
:1064A000E040B0F5C04F00D104E040F2A7212CA09D
:1064B000FCF7B0FB00BF00BF3448284000B104E047
:1064C0004FF42A7126A0FCF7A5FB00BF00BF30489F
:1064D000008800F0010000B104E040F2A92120A0F2
:1064E000FCF798FB00BF2B48007800F00700052858
:1064F00017D1012600BF1948006900F0010000B162
:1065000004E04FF42C7116A0FCF784FB00BF224876
:1065100012490860C01248608860C8601E20FCF7FD
:10652000E1FB1C482638006AA84304EA0501084339
:106530001849263908621E20FCF7D4FB012E0BD126
:10654000064903980860029848600198886000989E
:10655000C8601E20FCF7C6FB7FBD00000080044021
:106560002E2E5C647269766572735C686333325F89
:106570006C6C5F6472697665725C7372635C68638D
:1065800033325F6C6C5F636C6B2E630077777707D9
:10659000FE43054026400540EEFAFFFF7FB5044666
:1065A00000253048006803902E48406802902D482E
:1065B000806801902B48C068009000BF4CB1012C4E
:1065C00007D0022C05D0032C03D0042C01D0052CBD
:1065D00000D104E040F2372123A0FCF71BFB00BFF1
:1065E00000BF2C48008800F0010000B104E04FF427
:1065F0000E711DA0FCF70EFB00BF2748007800F0CD
:106600000700052801D0052C17D1012500BF15482A
:10661000006900F0010000B104E04FF4107112A015
:10662000FCF7F8FA00BF1D480E490860C012486028
:106630008860C8601E20FCF755FB174804701E20B8
:10664000FCF750FB012D0BD1064903980860029816
:106650004860019888600098C8601E20FCF742FBE3
:106660007FBD0000008004402E2E5C647269766558
:1066700072735C686333325F6C6C5F6472697665F9
:10668000725C7372635C686333325F6C6C5F636C03
:106690006B2E6300FE43054026400540EEFAFFFFE7
:1066A00010B50748007800B110BD01210020FDF7AA
:1066B00085FD00B9F8E701200149087000BFF3E744
:1066C0008C82FF1F1748007808B90020704700210E
:1066D00024E0154800EB01100078E8B90120124AC7
:1066E00002EB0112107000200F4A02EB01125070F1
:1066F0000D4A02EB011290700B4A02EB011250603E
:10670000094A02EB01129060074A02EB0112D060C5
:10671000054800EB0110D9E7481CC1B21029D8D3B5
:106720000020D3E78C82FF1F14B7002000B9704708
:10673000C16000BFFBE710B1037803B102B9704735
:1067400081704260002383600123437000BFF6E73D
:1067500000B9704700214170816000BFF9E7000077
:1067600070B5012600251EE0104800EB05142078C6
:1067700008B1607800B914E0A0683044A060D4E9A2
:10678000011088420CD3E06810B12046E1688847C8
:10679000A07818B900206070A06001E00020A0601F
:1067A00000BF681CC5B2102DDED370BD14B7002029
:1067B00000B970478169016100BFFAE72DE9F04136
:1067C000044688460CB9BDE8F0812669002500BF63
:1067D0000FE005EB4502216801EB820001682269A8
:1067E000914204D14168414501D1866804E0681CAA
:1067F00085B2A088A842ECDC00BF2069B04200D17D
:10680000E1E700250FE005EB4501A06800EB8107FB
:1068100038682169884204D1B86810B1B8688047E7
:1068200004E0681C85B2A089A842ECDC00BF2069A6
:106830006061266100250FE005EB4501A06800EBD3
:10684000810738682169884204D1786810B1786876
:10685000804704E0681C85B2A089A842ECDC00BF38
:1068600000BFB0E770B586B06A4800F069FC6A49BD
:106870000868FCF77BFE6749C86101A8FDF78EFC3C
:106880000220ADF806000020042332226349009064
:1068900063A0FFF771F900200423322262490090BF
:1068A00062A0FFF769F900259AE005EB850000EB8F
:1068B000C5115848443000EB8104257000206070F9
:1068C000A06041F64C50E060002020610A20606129
:1068D00040F6C410E0619FED570A84ED810A9FEDF8
:1068E000560A84ED820A6420C4F80C0225B94CA033
:1068F000FFF7BEF9606405E0012D03D14BA0FFF75F
:10690000B7F960649FED4D0A84ED0C0A9FED4B0AC8
:1069100084ED0D0AB2EE000A84ED0E0A1421216402
:106920003D49083151F82500FCF720FEC4F8B801B4
:1069300004F5CE70FAF7AEF884F84C5000214D20E3
:1069400001553549103151F82500FCF70FFE84211F
:10695000085104F16800FEF79DFD05EB850000EB92
:10696000C5112C48443000EB810000F14C0634483E
:1069700000EBC500B061B0690068007918B1002073
:10698000ADF80E0002E00120ADF80E00B269126809
:106990005188B2691268107801AAFDF717F9B06939
:1069A0004068007918B10020ADF80E0002E0012027
:1069B000ADF80E00B26952685188B2695268107819
:1069C00001AAFDF703F91449203151F82500FCF71D
:1069D000CDFDC4F8F80104F5EE70FBF75FFC6D1C0B
:1069E000022DFFF662AF17493020FEF7AFFE1649C1
:1069F0002020FEF7ABFE15493E20FEF7A7FE144906
:106A00003D20FEF7A3FE0349C8698121FCF72EFF54
:106A100006B070BDE082FF1F0880FF1F4C87FF1F7C
:106A200056617869735F31001488FF1F5661786979
:106A3000735F32000000AA4200000C420000000018
:106A4000A4F200001D780000B97B0000DD73000097
:106A5000A57600002DE9F04781460E4690469A46FD
:106A6000B8F1100F01D0BDE8F08734462068002847
:106A70003BD1207A012802D0207A022803D10120BC
:106A80009F4908709CE0207A0328FBD100209C4994
:106A9000087088709B480068FFF75AFE9A48057C8A
:106AA000022D01D0032D03D108219748FFF786FE60
:106AB000072D0BD100209249887094480068FFF799
:106AC00047FE4FF480719048FFF778FE0D2D0BD1F3
:106AD00000208B4988708E480068FFF739FE4FF41C
:106AE00080318948FFF76AFE6AE0206801283CD1BE
:106AF000207A012802D0207A022803D1012080497F
:106B000048705DE0207A03285AD100207C49487003
:106B1000887080480068FFF71BFE7B48057C082DC5
:106B200001D0092D04D14FF400617748FFF746FEEC
:106B3000072D0BD100207249887074480068FFF758
:106B400007FE4FF480717048FFF738FE0D2D0BD112
:106B500000206B4988706E480068FFF7F9FD4FF41C
:106B600080316948FFF72AFE2AE02068202827D1D3
:106B7000207A012802D0207A022803D1012060491E
:106B800088701DE0207A03281AD100205C498870A3
:106B90005E480068FFF7DCFD5D480068FFF7D8FD40
:106BA0005948057C072D03D14FF48071FFF706FE8D
:106BB0000D2D04D14FF480315348FFF7FFFD00BF86
:106BC0005148077C0D2F75D2DFE807F0960796969F
:106BD0002B75769696964E8586004948007868B162
:106BE0004748407850B902214748FFF7E7FD41F296
:106BF0008832002143480068FFF79DFD40484078F7
:106C000070B13F48007858B94FF400713E48FFF723
:106C1000D5FD41F2883200213E480068FFF78BFD28
:106C20006BE03748007830B13548407818B910210A
:106C30003548FFF7C3FD3248407830B1304800781E
:106C400018B920213048FFF7B9FD2D48807850B1A0
:106C500040212D48FFF7B2FD41F2883200212B4838
:106C60000068FFF768FD48E02548407838B12448BF
:106C7000007820B94FF400512348FFF79FFD2048CA
:106C8000007838B11E48407820B94FF480511E4832
:106C9000FFF794FD1A48807858B14FF480411A48A4
:106CA000FFF78CFD41F28832002119480068FFF798
:106CB00042FD22E020E000BF1148807850B1402121
:106CC0001148FFF77BFD41F2883200210F48006830
:106CD000FFF731FD00BF00BF0948807858B14FF47D
:106CE00080410948FFF76AFD41F2883200210848D7
:106CF0000068FFF720FD00BF00BF00BF00BFB2E685
:106D00004C80FF1F5080FF1F708AFF1F5480FF1FA1
:106D10005C80FF1F5880FF1F10B500F027FA002489
:106D200021E0124981F8414004EB840101EBC412D7
:106D30000E49443101EB8200FBF7C6FA04EB8401F3
:106D400001EBC4120949443101EB8200F9F718FF45
:106D500004EB840101EBC4120449443101EB8200CD
:106D6000FEF7AEFB641C022CDBDB10BDE082FF1FD4
:106D700001480068704700008082FF1F10B500F0D6
:106D800001F810BD03480068034909680844014937
:106D9000086070478082FF1F7C82FF1FF0B50146AC
:106DA0004FF0FF34A9B3B1F57A7F32D84FF47A703F
:106DB000B0FBF1F0184A10601848006AC0F3026393
:106DC00017480068D840B0FBF1F2501EB0F1807F48
:106DD00001D301201BE0501E4FF0E02358615817EB
:106DE0000F23002804DB1D072E0E0E4D2E5406E047
:106DF0001D072F0E0C4D00F00F06361FAF5500BFBC
:106E000000204FF0E023986107201861002000B9AE
:106E100000242046F0BD00007C82FF1F004005409A
:106E20000080FF1F00E400E018ED00E070B5FFF700
:106E30009FFF064600251BE005EB45000F4901EBCF
:106E4000C004207D08B1A06800B90FE0E08920B13E
:106E50002069301AE189884207D3A0688047E08919
:106E600008B1266101E00020207500BF681C85B2D2
:106E70000248B0F88001A842DEDC70BD2CB10020D1
:106E800010B54FF4C2710A48F9F74FFA00BF10234A
:106E900008A20AA10020FFF75FF800BF00BF10237F
:106EA00014A216A10020FFF757F800BF10BD000084
:106EB0002CB10020494E464F000000001B5B3332CE
:106EC0006D5B25735D20537973205363686564752A
:106ED0006C657220696E6974204F4B20286D617853
:106EE000206D6F64756C65733A2564291B5B306D8A
:106EF0000D0A00004D41494E000000001B5B333677
:106F00006D5B25735D2053797320536368656475E9
:106F10006C657220696E6974204F4B20286D617812
:106F2000206D6F64756C65733A2564291B5B306D49
:106F30000D0A00007CB5044624B13048B0F8800149
:106F4000102808DB00BF2EA22FA10020FFF704F8B5
:106F500000BF01207CBD002514E005EB4502274B56
:106F600053F832002168F9F7FEF948B900BF34A29E
:106F700035A100202368FEF7EFFF00BF0120E9E7FD
:106F8000681C85B21D48B0F88001A842E5DC1B49A9
:106F9000B1F8801101EB4101184A02EBC10018223F
:106FA0002146F9F7A9F91548B0F88001401C1349AA
:106FB000A1F880010846B0F88001401E00EB4000B7
:106FC00001EBC000406848B1B1F88011491E01EBE7
:106FD00041010A4A02EBC1014868804700F070F89D
:106FE00000BFE089217BCDE9001024A225A100206B
:106FF0002368FEF7B1FF00BF0020ABE72CB10020F3
:107000004552524F520000001B5B33316D5B2573BC
:107010005D20536368656420726567697374657287
:107020003A20696E76616C6964206D6F64756C6579
:10703000206F722066756C6C1B5B306D0D0A000052
:107040005741524E000000001B5B33336D5B2573CC
:107050005D20536368656420726567697374657247
:107060003A206475706C6963617465206D6F647536
:107070006C652025731B5B306D0D0A00494E464F31
:10708000000000001B5B33326D5B25735D20536392
:107090006865642072656769737465723A20257348
:1070A00020287072696F3A25642C20706572696FB0
:1070B000643A25646D73291B5B306D0D0A00000076
:1070C00030B587B0012532E005EB45001B4A02EBE5
:1070D000C001182201A8F9F70FF9681E04B20EE0EA
:1070E00004EB4402154B03EBC201621C02EB4202AB
:1070F00003EBC2001822F9F7FFF8601E04B2002C5F
:1071000009DB04EB44000D4901EBC000007B9DF856
:1071100010108842E4DC611C01EB4101074A02EBDC
:10712000C100182201A9F9F7E7F8681C85B20348E5
:10713000B0F88001A842C7DC07B030BD2CB10020F8
:1071400070B504462546074828601120A8800648E7
:10715000A8600620A8810020A8612846FFF728FB28
:1071600070BD000078F1000044F2000010B55549F0
:10717000C869FCF7F1FA044652490A230222C86999
:107180008121FCF715FB38B101214E48FFF716FBB2
:1071900080214C48FFF712FB4A490A230222C869A2
:1071A0000121FCF705FB38B101214648FFF706FB3A
:1071B00001214448FFF702FB42490A230222C86921
:1071C0008821FCF7F5FA38B108213E48FFF7F6FAB6
:1071D00080213C48FFF7F2FA102C45D008DC012C46
:1071E00010D0022C22D0042C48D0082C66D15BE0B1
:1071F000202C25D0402C2DD0802C0DD0B4F5005F54
:107200005CD145E001212F48FFF7D8FA2D49C86924
:107210000121FCF77BF952E080212A48FFF7CEFAE2
:107220002849C8698021FCF771F948E00221254806
:10723000FFF7C4FA2349C8690221FCF767F93EE069
:1072400020212048FFF7BAFA1E49C8692021FCF71F
:107250005DF934E040211B48FFF7B0FA1949C869CD
:107260004021FCF753F92AE010211648FFF7A6FA4F
:107270001449C8691021FCF749F920E0042111489C
:10728000FFF79CFA0F49C8690421FCF73FF916E0A3
:107290004FF400510B48FFF791FA0A49C8694FF4BF
:1072A0000051FCF733F90AE008210648FFF786FA97
:1072B0000449C8690821FCF729F900E000BF00BFB4
:1072C00010BD0000E082FF1F70B52B4D2D6805F04A
:1072D00001051DB1294D2A4E356002E0294D284E89
:1072E0003560294D2D7805F00700062840D2DFE8EB
:1072F00000F003080C11151A214D2D68234E35603E
:1073000037E0234D214E356033E04FF400451F4EEA
:1073100035602EE01E4D1D4E35602AE04FF40045CD
:107320001A4E356025E0184DDA352D68C5F3082270
:10733000154D263DD5F800512B0F134DDA352D682C
:1073400005F01F04104D263DD5F8005105F08005CD
:107350000DB90F4901E00A4D2968651CB1FBF5F52F
:10736000561C75435E1CB5FBF6F5084E356000E013
:1073700000BF00BF70BD0000840601400024F4007F
:107380000480FF1F002D3101264005400080FF1FB3
:1073900000127A0000B54FF425400E490880401CC9
:1073A00008800C480838008820F00800094908398E
:1073B00008800020074908800748006840F47000F2
:1073C00005490860FFF780FF002003498039086005
:1073D00000BD0000FC3B054088ED00E02DE9F047D2
:1073E00080460E46174699460EB10E2F01D0BDE8D5
:1073F000F08797480069022800D0F8E734466079A2
:10740000012878D103F080FB914890F840000028D3
:1074100071D1207960BB04F00FFB002525E005EB5E
:10742000850000EBC5118A48443000EB810090F8DC
:107430002C00012806D1864981F84000284604F036
:10744000F9FC10E00120824981F84000D1F83C02AB
:107450004FF40061FCF70AFA7D49D1F850044FF46B
:107460000061FCF703FA681CC5B2022DD7DB42E0CD
:10747000207901283FD104F0DFFA0120744981F816
:107480004000084690F83C0060B1002591F83C00AF
:1074900005F0BEFF05466E4991F83C00294606F00E
:1074A0006FFD00BF002524E005EB850000EBC51152
:1074B0006748443000EB810090F82D00C0B10121F5
:1074C00005EB850000EBC5126148443000EB8200FB
:1074D00080F8FC1105EB850101EBC5125C494431D4
:1074E00001EB8201D1F8F8014FF48051FCF7BEF9AD
:1074F0006D1C022DD8DBA078012802D0A07A0528C7
:1075000004D10120524981F8360003E0002050499F
:1075100081F83600E0880F2802DC20890F2804DD7E
:1075200001204B4981F8380003E00020484981F8E8
:1075300038002078032818D1002003F0EBFA4448E3
:1075400090F87000022809D104F076FA4049D1F889
:107550003C024FF40041FCF789F922E03C49D1F8A4
:10756000FC010421FCF782F91BE02078042818D1E3
:10757000002003F0CFFA364890F87000022809D1B5
:1075800004F05AFA3249D1F83C024FF48031FCF74A
:107590006DF906E02E49D1F8FC014FF48071FCF73B
:1075A00065F96078032818D1012003F0B3FA284860
:1075B00090F88402022809D104F03EFA2449D1F857
:1075C00050044FF40041FCF751F922E02049D1F872
:1075D00010040421FCF74AF91BE06078042818D154
:1075E000012003F097FA1A4890F88402022809D182
:1075F00004F022FA1649D1F850044FF48031FCF718
:1076000035F906E01249D1F810044FF48071FCF707
:107610002DF9E07A18B1E07A0D4981F83C00207B21
:10762000012803D10A4981F83F0003E000200849FE
:1076300081F83F00E078012803D1054981F83E0038
:1076400003E00020024981F83E0000BFCFE60000C1
:10765000E082FF1F10B505F0D6FEFFF711FC00F029
:10766000FBFA00BF03A205A10020FEF775FC00BFD6
:1076700010BD0000494E464F000000001B5B333236
:107680006D5B25735D2053797374656D20696E6938
:107690007420636F6D706C6574651B5B306D0D0AD3
:1076A000000000002DE9F04107460D4616469846B9
:1076B0000DB1102E01D0BDE8F0815748006900B926
:1076C000F9E72C46206802281DD1207A02280DD126
:1076D0000120514981F83400084690F8341080F8B0
:1076E000441290F8341080F858140CE000204A49F5
:1076F00081F83400084690F8341080F8441290F86D
:10770000341080F858142068052829D1207A0228DE
:1077100011D10120404981F83500D1F8FC014FF426
:107720000011FCF7A3F83C49D1F810044FF4001104
:10773000FCF79CF814E00020374981F83500084632
:1077400090F8360060B9D1F8FC014FF40001FCF765
:107750008DF83149D1F810044FF40001FCF786F898
:107760002068032828D1207A012825D12A4890F8BA
:107770007000022807D12849D1F83C024FF400419B
:10778000FCF774F805E02449D1F8FC010421FCF76A
:107790006DF8214890F88402022807D11E49D1F8DB
:1077A00050044FF40041FCF761F805E01A49D1F8A4
:1077B00010040421FCF75AF8206804282AD1207A02
:1077C000012827D1144890F87000022807D11249E7
:1077D000D1F83C024FF48031FCF748F806E00E493E
:1077E000D1F8FC014FF48071FCF740F80A4890F89A
:1077F0008402022807D10849D1F850044FF480319F
:10780000FCF734F806E00449D1F810044FF4807115
:10781000FCF72CF800BF4EE7E082FF1F2DE9F04790
:107820002DED028B80460D46164699460DB1102E61
:1078300003D0BDEC028BBDE8F0872C46207B0128ED
:107840000BD10121207900EB800202EBC012D64857
:1078500000EB820080F8FE110AE00021207900EBA5
:10786000800202EBC012D04800EB820080F8FE11CB
:10787000207902287EDA207B00287BD1217901EB58
:10788000810303EBC113C84901EB8301486C2179E3
:1078900001EB810303EBC113C34901EB8301496C85
:1078A0004A6A04F1080190470128E6D1FFF760FA1F
:1078B0000746227902EB820303EBC213BA4A02EBBA
:1078C0008302506C227902EB820303EBC213B64AA7
:1078D00002EB8302526C516C8847B0EE408A9FEDF8
:1078E000B30AC8EE000A207900EB800101EBC01159
:1078F000AD4800EB8100C0ED0A0A207900EB800161
:1079000001EBC011A84800EB810090ED290A207915
:1079100000EB800101EBC011A34800EB810080ED7A
:107920002B0A207900EB800101EBC0119E4800EB8F
:107930008100D0F8A810207900EB800202EBC01281
:10794000994800EB8200C0F8B010207900EB80016C
:1079500001EBC011944800EB810090ED0A0ADFEDC5
:10796000940A20EE200AF2EE040A20EE200ABCEE71
:10797000C00A00E000E110EE100A80B208EE900AA2
:10798000B0EE680AB8EE400AF2EE040A80EE201A61
:10799000207900EB800101EBC011834800EB8100EE
:1079A00080ED0A1A207900EB800101EBC0117E48BE
:1079B00000EB810090ED0A0A207900EB800101EBD9
:1079C000C011794800EB810080ED290A207900EB95
:1079D000800101EBC011744800EB8100C0F8A87071
:1079E000207900EB800101EBC0116F4800EB8100B2
:1079F00090ED080A207900EB800101EBC0116A4884
:107A000000EB8100D0ED350A30EE200A207900EB42
:107A1000800101EBC011644800EB8100D0ED290A20
:107A2000B4EEE00AF1EE10FA30DD207900EB8001CF
:107A300001EBC0115C4800EB810090ED080A207951
:107A400000EB800101EBC011574800EB8100D0ED45
:107A5000350A30EE600A207900EB800101EBC0119D
:107A6000514800EB8100D0ED290AB4EEE00AF1EEB6
:107A700010FA0BD20121207900EB800202EBC01238
:107A8000494800EB820080F82E1060E0207900EB7E
:107A9000800101EBC011444800EB810090ED090A20
:107AA000207900EB800101EBC0113F4800EB810021
:107AB000D0ED350A30EE200A207900EB800101EB91
:107AC000C011394800EB8100D0ED290AB4EEE00A7C
:107AD000F1EE10FA30DD207900EB800101EBC011EE
:107AE000314800EB810090ED090A207900EB80011C
:107AF00001EBC0112C4800EB8100D0ED350A30EECF
:107B0000600A207900EB800101EBC011264800EBF0
:107B10008100D0ED290AB4EEE00AF1EE10FA0BD2A2
:107B20000221207900EB800202EBC0121E4800EB1C
:107B3000820080F82E100AE00021207900EB8002FC
:107B400002EBC012184800EB820080F82E10227958
:107B500002EB820303EBC213134A02EB8302506C65
:107B6000227902EB820303EBC2130F4A02EB83027A
:107B7000526CD16A884700BF94ED020ADFED0D0A0E
:107B800020EE200ABCEEC00A10EE100A81B2207965
:107B900000EB800202EBC012034800EB8200A0F869
:107BA000121200BF45E600002483FF1F000044427C
:107BB0003333054200007A442DE9F04107460D4673
:107BC000164698460DB1102E01D0BDE8F08121482F
:107BD000006900B9F9E72C4694ED020A1D4880EDD2
:107BE000090A207900BB1B4890F8340028B91949CC
:107BF000C8690221FBF73AFE16E0A07B012805D1F7
:107C00001449C8692021FBF731FE0DE0A07B022852
:107C100005D11049C8694021FBF728FE04E00D4951
:107C2000C8698821FBF722FE2079012802D020793B
:107C300002280CD1A1892079401E00EB800202EBC2
:107C4000C0120448443000EB8200A0F8021200BFCA
:107C5000BBE70000E082FF1F00B5E1B018224749F2
:107C60005BA8F8F749FB5BA8FFF764F918224349C2
:107C7000183155A8F8F740FB55A8FFF75BF9182213
:107C80003E4930314FA8F8F737FB4FA8FFF752F9BC
:107C900018223A49483149A8F8F72EFB49A8FFF7BE
:107CA00049F918223549603143A8F8F725FB43A864
:107CB000FFF740F91822314978313DA8F8F71CFB4D
:107CC0003DA8FFF737F918222C49903137A8F8F76B
:107CD00013FB37A8FFF72EF918222849A83131A83D
:107CE000F8F70AFB31A8FFF725F918222349C0311C
:107CF0002BA8F8F701FB2BA8FFF71CF918221F4946
:107D0000D83125A8F8F7F8FA25A8FFF713F91822B3
:107D10001A49F0311FA8F8F7EFFA1FA8FFF70AF980
:107D20001822174919A8F8F7E7FA19A8FFF702F976
:107D300018221349183113A8F8F7DEFA13A8FFF731
:107D4000F9F818220E4930310DA8F8F7D5FA0DA828
:107D5000FFF7F0F818220A49483107A8F8F7CCFADB
:107D600007A8FFF7E7F818220549603101A8F8F7DE
:107D7000C3FA01A8FFF7DEF861B000BD4CF40000C3
:107D800054F5000070B504460D4600BF0F4884420C
:107D900002D00F48844200D104E040F261210DA0DE
:107DA000FAF738FF00BF00BF2DB145F00110B0F168
:107DB000011F00D104E040F2622106A0FAF72AFF79
:107DC00000BF4FF00110A843606170BD0040024049
:107DD000004402402E2E5C647269766572735C68A2
:107DE0006333325F6C6C5F6472697665725C737268
:107DF000635C686333325F6C6C5F746D72302E63EA
:107E00000000000010B5FEF7ABFC4FF480310248D3
:107E1000FFF7B8FF10BD00000040024070B50446F7
:107E20000D46164600BF1A48844202D019488442C3
:107E300000D104E040F2FD1117A0FAF7EBFE00BFFD
:107E400000BF0DB1012D00D104E04FF4FF7112A06D
:107E5000FAF7E0FE00BF00BF0EB1012E00D104E032
:107E600040F2FF110CA0FAF7D5FE00BF012E06D19B
:107E700020692A01710391400843206106E02069CE
:107E80002A014FF4005191408843206170BD0000E9
:107E900000400240004402402E2E5C647269766508
:107EA00072735C686333325F6C6C5F6472697665B1
:107EB000725C7372635C686333325F6C6C5F746DA9
:107EC00072302E63000000002DE9F04706460D4693
:107ED00014464FF0000914B96FF002097FE000BFAB
:107EE0004048864202D04048864200D103E0C32188
:107EF0003EA0FAF78FFE00BF00BF0DB1012D00D1EB
:107F000003E0C42139A0FAF785FE00BF00BF206856
:107F100058B12068B0F5007F07D02068B0F5807FA9
:107F200003D02068B0F5A06F00D103E0C5212FA0D9
:107F3000FAF770FE00BF00BF6068E8B16068102803
:107F40001AD06068202817D06068302814D0606884
:107F5000402811D0606850280ED0606860280BD08F
:107F60006068702808D06068802805D06068902814
:107F700002D06068A02800D103E0C6211BA0FAF758
:107F800049FE00BF00BFA06820B148F20201A0680E
:107F9000884200D103E0C72114A0FAF73BFE00BFDE
:107FA00006EB85070020386006F1080000EB850825
:107FB000A089C8F8000030692A0148F2F2719140A6
:107FC0008843D4E900121143A26811432A01914069
:107FD0002B0148F2F2729A40114008433061484642
:107FE000BDE8F08700400240004402402E2E5C6451
:107FF0007269766572735C686333325F6C6C5F6460
:1080000072697665725C7372635C686333325F6C4D
:108010006C5F746D72302E630000000070B5044612
:108020000D46164600BF1848844202D017488442C5
:1080300000D104E04FF40C7115A0FAF7EBFD00BF7E
:1080400000BF2DB145F00410B0F1041F00D104E0D1
:1080500040F231210EA0FAF7DDFD00BF00BF0EB1E6
:10806000012E00D104E040F2322109A0FAF7D2FD3E
:1080700000BF012E03D120692843206102E020695E
:10808000A843206170BD000000400240004402404F
:108090002E2E5C647269766572735C686333325F3E
:1080A0006C6C5F6472697665725C7372635C686342
:1080B00033325F6C6C5F746D72302E6300000000B1
:1080C00070B504460D4600BF0E48844202D00E48EB
:1080D000844200D103E0F8210CA0FAF79BFD00BF19
:1080E00000BF0DB1012D00D103E0F92107A0FAF77F
:1080F00091FD00BF20692A010121914008432061C0
:1081000070BD000000400240004402402E2E5C641E
:108110007269766572735C686333325F6C6C5F643E
:1081200072697665725C7372635C686333325F6C2C
:108130006C5F746D72302E630000000001460020F9
:1081400009B9C01E06E000220A604A608A604FF644
:10815000FF728A817047000070B504460D461646CE
:1081600000BF1C4884420ED01B4884420BD01B48E1
:10817000844208D01A48844205D01A48844202D06A
:108180001948844205D125B145F0FF00FF2800D1F0
:1081900004E040F2434115A0FAF73CFD00BF00BFE8
:1081A0000EB1012E00D104E040F244410FA0FAF7D5
:1081B00031FD00BF012E06D1B4F89400A9B20843E6
:1081C000A4F8940004E0B4F89400A843A4F8940040
:1081D00070BD0000005001400054014000580140B3
:1081E000005C014000600140006401402E2E5C6490
:1081F0007269766572735C686333325F6C6C5F645E
:1082000072697665725C7372635C686333325F6C4B
:108210006C5F746D72612E630000000070B50546DE
:108220000C466FF0020600BF534885420ED05348FB
:1082300085420BD05248854208D05248854205D02D
:108240005148854202D05148854200D104E04FF4A4
:108250008B714FA0FAF7DEFC00BF002C77D000BF77
:10826000207810B12078012800D104E04FF48C71FF
:1082700047A0FAF7CFFC00BF2078002849D100BF03
:10828000A07810B1A078042800D104E040F21B11BE
:108290003FA0FAF7BFFC00BF00BFE07810B1E07864
:1082A000022800D104E04FF48E7139A0FAF7B2FC35
:1082B00000BF00BF6078E8B1607810281AD06078FD
:1082C000202817D06078302814D06078402811D04A
:1082D000607850280ED0607860280BD060787028C5
:1082E00008D06078802805D06078902802D0607827
:1082F000A02800D104E040F21D1125A0FAF78AFC65
:1083000000BFA078E17808436178084385F88000D1
:108310002AE000BFA08828B1A08841F6FF71084379
:10832000884201D0A08800B904E040F2231118A0CF
:10833000FAF770FC00BF00BFE08828B1E08841F682
:10834000FF710843884201D0E08808B905E010E0D9
:1083500040F225110EA0FAF75DFC00BFA088A5F839
:108360008800E088A5F88C002846A16800F0E2F9B2
:108370000026304670BD000000500140005401400E
:1083800000580140005C0140006001400064014071
:108390002E2E5C647269766572735C686333325F3B
:1083A0006C6C5F6472697665725C7372635C68633F
:1083B00033325F6C6C5F746D72612E63000000007D
:1083C0002DE9F04705460E4614466FF0020900BF3E
:1083D000414885420ED0414885420BD040488542F5
:1083E00008D04048854205D03F48854202D03F48EA
:1083F000854202D1072E00D804E04FF4ED713CA075
:10840000FAF708FC00BF002C62D000BFA08828B19A
:10841000A088012802D0A088022800D104E040F200
:10842000DD1133A0FAF7F6FB00BF00BFE08828B1EA
:10843000E088012802D0E088022800D104E04FF44F
:10844000EF712BA0FAF7E6FB00BF00BF208940B117
:108450002089012805D02089022802D020890328FC
:1084600000D104E040F2DF1121A0FAF7D3FB00BFF6
:1084700000BF608940B16089012805D06089022869
:1084800002D06089032800D104E04FF4F07118A0F5
:10849000FAF7C0FB00BF05F1400000EB860820881A
:1084A000A8F8000005F5A07000EB86072079A179F7
:1084B00040EA8100217A40EA0110A17A40EA811065
:1084C000C0B2398801F47F41084338804FF0000979
:1084D0004846BDE8F08700000050014000540140CC
:1084E00000580140005C0140006001400064014010
:1084F0002E2E5C647269766572735C686333325FDA
:108500006C6C5F6472697665725C7372635C6863DD
:1085100033325F6C6C5F746D72612E63000000001B
:108520002DE9F04104460D46164600BF1848844226
:108530000ED0184884420BD01748844208D0174800
:10854000844205D01648844202D01648844202D1A3
:10855000072D00D804E04FF4067113A0FAF75AFB78
:1085600000BF00BF0EB1012E00D104E040F219217E
:108570000DA0FAF74FFB00BF04F5A07000EB8507D4
:10858000302101EB471000F184400660BDE8F08126
:10859000005001400054014000580140005C01407F
:1085A00000600140006401402E2E5C6472697665B3
:1085B00072735C686333325F6C6C5F64726976659A
:1085C000725C7372635C686333325F6C6C5F746D92
:1085D00072612E63000000002DE9F04104460E4652
:1085E000154600BF1B4884420ED01B4884420BD066
:1085F0001A48844208D01A48844205D01948844257
:1086000002D01948844202D1072E00D804E04FF46A
:10861000127116A0FAF7FEFA00BF00BF2DB1B5F532
:10862000007F02D0B5F5407F00D104E040F249213F
:108630000EA0FAF7EFFA00BF04F5A07000EB860772
:1086400038884FF6FF41084005F4407108433880F0
:10865000BDE8F08100500140005401400058014045
:10866000005C014000600140006401402E2E5C640B
:108670007269766572735C686333325F6C6C5F64D9
:1086800072697665725C7372635C686333325F6CC7
:108690006C5F746D72612E63000000002DE9F04183
:1086A00004460D46164600BF104884420ED01048BE
:1086B00084420BD00F48844208D00F48844205D032
:1086C0000E48844202D00E48844202D1072D00D8C1
:1086D00004E04FF462710BA0FAF79CFA00BF04F1BA
:1086E000400000EB85073E80BDE8F081005001406E
:1086F0000054014000580140005C0140006001400E
:10870000006401402E2E5C647269766572735C6849
:108710006333325F6C6C5F6472697665725C73722E
:10872000635C686333325F6C6C5F746D72612E637F
:108730000000000070B504460D4600BF0D4884429D
:108740000ED00D4884420BD00C48844208D00C480F
:10875000844205D00B48844202D00B48844200D1A9
:1087600004E04FF4517109A0FAF754FA00BFA58054
:1087700070BD00000050014000540140005801400D
:10878000005C014000600140006401402E2E5C64EA
:108790007269766572735C686333325F6C6C5F64B8
:1087A00072697665725C7372635C686333325F6CA6
:1087B0006C5F746D72612E630000000010B504469A
:1087C00000BF104884420ED00F4884420BD00F489F
:1087D000844208D00E48844205D00E48844202D01C
:1087E0000D48844200D104E040F256410BA0FAF754
:1087F00011FA00BF94F8800040F0010084F8800076
:1088000010BD0000005001400054014000580140DC
:10881000005C014000600140006401402E2E5C6459
:108820007269766572735C686333325F6C6C5F6427
:1088300072697665725C7372635C686333325F6C15
:108840006C5F746D72612E630000000070B50446A9
:108850000D4600BF144884420BD01448844208D00F
:108860001348844205D01348844202D012488442FF
:1088700000D104E04FF46B7110A0FAF7CBF900BF00
:1088800000BF0DB1012D00D104E040F2AD310BA0CD
:10889000FAF7C0F900BF04F180060C2101EB461085
:1088A00000F18440056070BD005401400058014053
:1088B000005C014000600140006401402E2E5C64B9
:1088C0007269766572735C686333325F6C6C5F6487
:1088D00072697665725C7372635C686333325F6C75
:1088E0006C5F746D72612E630000000070470000C1
:1088F00010B5044604210248FDF760FF10BD0000DA
:10890000708AFF1F10B5044680210248FDF756FF0C
:1089100010BD0000708AFF1F10B504464FF480613F
:108920000148FDF74BFF10BD708AFF1F10B50446CC
:108930004FF400410148FDF741FF10BD708AFF1F51
:1089400030B503460C460AB9012030BD00210FE0C6
:108950000A4800EB81052878984207D1687800F032
:108960000F00A04202D111800020EEE7481C81B226
:10897000034800888142EBDB0120E6E7B8F3000002
:1089800048F4000070B5174C4FF49C712046F7F77F
:10899000CCFC06202061606113A0A0611549E16153
:1089A0004FF4806121620021A1626162E1620EA048
:1089B000C4F8A8001049AC2001511021B020015189
:1089C0000021B8200151B4200151BC2001510025E3
:1089D00005E0C5F10F000949085C60556D1C102DBC
:1089E000F7D370BD14B800205465726D696E616C68
:1089F000000000004CB900204CBD0020E5F500004F
:108A000010B501460A69CB689A4204D88C68641E86
:108A1000E41AA01801E0D41A601E10BD2DE9FC5F15
:108A200006460F4692469846DDE90C45002F01DACE
:108A3000784200E0384683464FF0010903E09BFB93
:108A4000FAFB09F10109D345F9DAC84500D9C14655
:108A500034B1002F03DB05F00400042800D1641EAC
:108A600005F0020010B1B8F1000F11D005F00100BF
:108A700070B96CB108E0641E2021304600F0BAF8ED
:108A8000F068002800DA02E00CB1A145F3D300BF82
:108A9000F068002836DB002F05DA7F422D213046B2
:108AA00000F0A8F807E005F00400042803D12B210A
:108AB000304600F09FF8F068002823DB05F0020044
:108AC000022814D105F0010088B9B8F1000F0ED1C9
:108AD0006CB108E0641E3021304600F08BF8F0687D
:108AE000002800DA02E00CB1A145F3D300BFF06822
:108AF000002807DB4346524639463046CDE900455B
:108B000000F002F8BDE8FC9F2DE9FC5F8046894635
:108B100015461E460C9CCDF804900127BB4605E087
:108B20000198B0FBF5F001900BF1010B0198A84200
:108B3000F6D25E4500D9B3460D9800F00100D0B9D9
:108B4000CCB10D9800F00200022803D116B93020F4
:108B5000009001E02020009009E0641E404600994A
:108B600000F048F8D8F80C00002800DA02E00CB158
:108B7000A345F2D300BFD8F80C00002835DB09E08C
:108B8000012E01D9761E04E0B9FBF7FAAA4500D2FE
:108B900001E06F43F4E700BF00BFB9FBF7FA0AFB3F
:108BA0001799134810F80A10404600F023F8D8F837
:108BB0000C00002800DA03E0B7FBF5F7002FECD13A
:108BC00000BF0D9800F0010078B174B109E0641E97
:108BD0002021404600F00EF8D8F80C00002800DAFA
:108BE00002E00CB1A345F2D300BFBDE8FC9F00003A
:108BF000F6F5000070B504460E46A568681C61686D
:108C0000814206D320684655681CA060E068401C7D
:108C1000E060D4E9011088420DD1A2682168206982
:108C2000FDF732F9A168884203D04FF0FF30E060D1
:108C300001E00020A06070BD2DE9F05F0446894688
:108C400017464FF0000AE56800BFD4F81080A84529
:108C500003D9A8EB0500461E04E0A5EB0800401C64
:108C6000A1680E1AA068401BB04201D9304601E04D
:108C7000A068401B0646BE4201D2304600E038469E
:108C80000646606800EB050B324649465846F7F742
:108C900033FBB244B144BF1B3544A068A84200D1A5
:108CA0000025E560002FD0D15046BDE8F09F2DE9AA
:108CB000F047044689461546E668A068871BAF4220
:108CC0000AD9606800EB060A2A4649465046F7F77B
:108CD00013FB7019E06014E0B846606800EB060A08
:108CE000424649465046F7F707FBA5EB0708D4F87C
:108CF00004A009EB070142465046F7F7FDFAC4F815
:108D00000C80BDE8F08700000FB4054B10B503A937
:108D1000044A029800F022F810BC5DF814FB000031
:108D20001BB70000D482FF1F2DED020B019820F02D
:108D3000004001909DED000B02B0704702E008C8B2
:108D4000121F08C1002AFAD170477047002001E0C5
:108D500001C1121F002AFBD1704700002DE9FF4F0F
:108D60008BB09A460F460546002606E025280BD014
:108D700052460D9990476D1C761C28780028F5D135
:108D80000FB03046BDE8F08F0024A04601226049B4
:108D900000E0044315F8013F203B02FA03F00842CB
:108DA000F7D128782E2817D115F8010F44F00404C4
:108DB0002A280ED06FF02F022878A0F1300109295F
:108DC0000AD808EB880102EB410100EB01086D1C99
:108DD000F2E757F8048B6D1C287869283ED006DC32
:108DE0000028CDD063280BD0642804D136E0732846
:108DF00010D075284BD052460D999047761C85E0CF
:108E000017F8040B8DF8000000208DF80100E946EA
:108E1000012003E057F8049B4FF0FF3061074FF04B
:108E2000000401D40AE0641C44450DDA8442FADBF4
:108E300019F804100029F6D106E0641C8442FCDB1A
:108E400019F804100029F8D1264404E019F8010BA0
:108E500052460D999047641EF8D257E001CF4FF06B
:108E60000A0B002802DA40422D2102E0210504D538
:108E70002B218DF82410012103E0E10705D02021EA
:108E8000F7E70DF1200908910CE00021F9E701CF87
:108E90004FF00A0BF9E75946F7F7F2FA01F1300201
:108EA00009F8012D0028F6D1ADEB090000F1200BE7
:108EB000600701D44FF00108D84502DDA8EB0B0094
:108EC00000E000208046002406E009A85246005D2C
:108ED0000D999047641C761C08988442F5DB04E0E9
:108EE000302052460D999047761CB8F10001A8F148
:108EF0000108F5DC05E019F8010B52460D99904781
:108F0000761CBBF10001ABF1010BF4DC6D1C34E706
:108F10000928010070B50024F8E104EB840000EB9F
:108F2000C411FC4800EB810090F81002002842D0E8
:108F300004EB840000EBC411F64800EB8100D0F88C
:108F4000AC010A2815D004EB840000EBC411F148F1
:108F500000EB8100D0F8AC010B280AD004EB8400B0
:108F600000EBC411EB4800EB8100D0F8AC010C28F9
:108F700035D104EB840000EBC411E64800EB81001E
:108F8000D0F8AC010C2817D104EB840101EBC4121A
:108F9000E04901EB8201D1F8B8014FF40061FAF722
:108FA00065FC002104EB840000EBC412D94800EBFF
:108FB000820080F810126DE004EB840101EBC41212
:108FC000D44901EB8201D1F8B8014FF40061FAF7FE
:108FD0004DFCFDF7CDFED04941F824005AE004EBEA
:108FE000840000EBC411CB4800EB8100D0F8AC0149
:108FF000022815D004EB840000EBC411C54800EB37
:109000008100D0F8AC0103280AD004EB840000EB07
:10901000C411C04800EB8100D0F8AC01042839D15C
:1090200004EB840000EBC411BA4800EB8100D0F8D7
:10903000AC01042816D104EB840101EBC412B5493C
:1090400001EB8201D1F8B8012021FAF70FFC0021D1
:1090500004EB840000EBC412AE4800EB820080F801
:10906000101217E004EB840101EBC412A94901EBD3
:109070008201D1F8B8012021FAF7F8FBFDF778FE5C
:10908000A54941F824004FF496620021A3480068E6
:10909000FDF751FB04EB840000EBC4119D4800EB8D
:1090A0008100D0F8AC010D2815D004EB840000EB52
:1090B000C411984800EB8100D0F8AC010E280AD00A
:1090C00004EB840000EBC411924800EB8100D0F85F
:1090D000AC010F287CD1FDF74BFE05468E4850F8B9
:1090E0002400281AB0F5966F59D804EB840000EBE1
:1090F000C411884800EB810090ED080A04EB84005D
:1091000000EBC411834800EB8100D0ED350A30EE4E
:10911000200A04EB840000EBC4117E4800EB8100C0
:10912000D0ED290AB4EEE00AF1EE10FA0ADD04EB04
:10913000840000EBC411774800EB810090F82D000B
:1091400002282CD004EB840000EBC411714800EB22
:10915000810090ED080A04EB840000EBC4116D4817
:1091600000EB8100D0ED350A30EE600A04EB84009C
:1091700000EBC411674800EB8100D0ED290AB4EE82
:10918000E00AF1EE10FA21D204EB840000EBC411E6
:10919000604800EB810090F82D00012816D104EB07
:1091A000840101EBC4125B4901EB8201D1F8B801E3
:1091B0004FF48071FAF75AFB002104EB840000EBB6
:1091C000C412544800EB820080F810129CE0FFE7C4
:1091D00004EB840000EBC4114E4800EB8100D0F892
:1091E000AC01052815D004EB840000EBC4114948FC
:1091F00000EB8100D0F8AC0106280AD004EB840013
:1092000000EBC411434800EB8100D0F8AC01072803
:109210007AD1FDF7ADFD05463F4850F82400281AE5
:10922000B0F5966F59D804EB840000EBC4113948AF
:1092300000EB810090ED090A04EB840000EBC411FF
:10924000344800EB8100D0ED350A30EE200A04EB03
:10925000840000EBC4112F4800EB8100D0ED290AF7
:10926000B4EEE00AF1EE10FA0ADD04EB840000EB44
:10927000C411284800EB810090F82D0001282CD063
:1092800004EB840000EBC411224800EB810090ED58
:10929000090A04EB840000EBC4111E4800EB8100B6
:1092A000D0ED350A30EE600A04EB840000EBC41107
:1092B000184800EB8100D0ED290AB4EEE00AF1EE87
:1092C00010FA20D204EB840000EBC411114800EB2B
:1092D000810090F82D00022815D104EB840101EBE8
:1092E000C4120C4901EB8201D1F8B8010421FAF74C
:1092F000BDFA002104EB840000EBC412054800EB2A
:10930000820080F8101200BF601CC4B2022CFFF66D
:1093100004AE70BD2483FF1FF480FF1FDC80FF1F9D
:1093200010B5324890F84140022C5EDA04EB84001C
:1093300000EBC4112D48443000EB81004078002838
:1093400053D004EB840101EBC4122849443101EBF2
:109350008201D1F884001021FAF788FA002104EB89
:10936000840000EBC4122148443000EB820080F8F6
:109370009C1004EB840000EBC4121C48443000EB4A
:10938000820080F8F81004EB840000EBC412174848
:10939000443000EB820080F8541104EB840000EBB1
:1093A000C4111248443000EB8100D0F8AC011628FB
:1093B00004D0182803D0192815D113E000BF3CB9F8
:1093C00041F2883200210A480068FDF7B4F908E04C
:1093D000012C06D141F28832002106480068FDF7D1
:1093E000AAF901E000E000BF00BF10BDE082FF1F4E
:1093F000EC80FF1FF080FF1F10B54D4890F84140F2
:10940000022C70DA04EB840000EBC41148484430AD
:1094100000EB81004078002865D004EB840000EB6D
:10942000C4114348443000EB8100D0F8AC0110284F
:109430003AD004EB840000EBC4113D48443000EB0B
:109440008100D0F8AC0111282ED004EB840000EB91
:10945000C4113748443000EB8100D0F8AC01082833
:1094600022D004EB840000EBC4113148443000EBFF
:109470008100D0F8AC01092816D004EB840000EB81
:10948000C4112B48443000EB8100D0F8AC0158B136
:1094900004EB840000EBC4112548443000EB81004C
:1094A000D0F8AC01012841D104EB840101EBC412D6
:1094B0001F49443101EB8201D1F884001021FAF7F1
:1094C000D5F904EB840000EBC4111948443000EBDB
:1094D0008100D0F8AC0109280ED005DC012817D096
:1094E000082821D106E021E0102802D011281BD144
:1094F00001E01AE019E000BF04EB840101EBC412A3
:109500000B49443111F822000A4902F0C5FB0CE076
:1095100004EB840101EBC4120549443111F8220027
:10952000042102F0B9FB00E000BF00BF10BD000045
:10953000E082FF1F0804804010B52DED048B82B03F
:1095400000BFEFA2F0A10020FCF706FD00BFFE481F
:1095500090F84140022C7CDA04EB840000EBC4114B
:10956000F948443000EB81004078002871D0012197
:1095700004EB840000EBC412F348443000EB82009B
:1095800080F89C1004EB840000EBC412EE484430D9
:1095900000EB820080F8F81004EB840000EBC412AA
:1095A000E948443000EB820080F8541104EB840158
:1095B00001EBC412E449443101EB820101F5AA70C8
:1095C000FCF75CFA04EB840101EBC412DE49443180
:1095D00001EB820101F5AA709FEDDC0AFCF766FA47
:1095E00004EB840000EBC411D748443000EB810049
:1095F000D0F8AC0102283DD004EB840000EBC4118C
:10960000D148443000EB8100D0F8AC01032831D0C0
:1096100004EB840000EBC411CB48443000EB810024
:10962000D0F8AC01042825D004EB840000EBC41171
:10963000C548443000EB8100D0F8AC010D2819D0AA
:1096400004EB840000EBC411BF48443000EB810000
:1096500000E07FE2D0F8AC010E280BD004EB8400D0
:1096600000EBC411B848443000EB8100D0F8AC01E5
:109670000F287DD100BF04EB840000EBC411B24879
:10968000443000EB8100D0F8AC0123469CA2B0A18D
:1096900000900020FCF760FC00BF04EB840000EBAE
:1096A000C412A948443000EB820090ED0A0A04EB92
:1096B000840000EBC412A448443000EB8200D0EDDB
:1096C000080A30EE600A10EE101A0846F6F775FE2A
:1096D00041EC190BB0EE490AF0EE690AFFF724FBE2
:1096E000B0EE408AF0EE608A9FEDA80B53EC102B91
:1096F00051EC180BF6F794FE03D202B0BDEC048BCC
:1097000010BD04EB840000EBC4118F48443000EB23
:10971000810090ED0A0A04EB840000EBC4118A4832
:10972000443000EB8100D0ED080AB4EEE00AF1EE1F
:1097300010FA0CDDBFEE000A04EB840000EBC4114C
:109740008148443000EB810080ED2E0A0BE0B7EE3B
:10975000000A04EB840000EBC4117B48443000EBAA
:10976000810080ED2E0A04EB840000EBC41100E0C0
:109770005DE07548443000EB810090ED080A04EB91
:10978000840000EBC4117048443000EB810080ED90
:10979000280A04EB840000EBC4116B48443000EB52
:1097A000810090ED2E0AF7EE000AB4EE600AF1EEA9
:1097B00010FA15D100BF234651A276490020FCF7CC
:1097C000CBFB00BF04EB840101EBC4125E494431C2
:1097D00001EB8201D1F884000421FAF747F88CE10B
:1097E00004EB840000EBC4115748443000EB8100C7
:1097F00090ED2E0AFFEE000AB4EE600AF1EE10FAC8
:10980000EDD100BF23463EA263490020FCF7A4FB34
:1098100000BF04EB840101EBC4124B49443101EB5E
:109820008201D1F884000821FAF720F865E104EB01
:10983000840000EBC4114448443000EB8100D0F8B0
:10984000AC010A283BD004EB840000EBC4113E4875
:10985000443000EB8100D0F8AC010B282FD004EB92
:10986000840000EBC4113848443000EB8100D0F88C
:10987000AC010C2823D004EB840000EBC411324867
:10988000443000EB8100D0F8AC01052817D004EB80
:10989000840000EBC4112C48443000EB8100D0F868
:1098A000AC0106280BD004EB840000EBC411264861
:1098B000443000EB8100D0F8AC0107288FD100BF05
:1098C00004EB840000EBC4111F48443000EB81001E
:1098D000D0F8AC0123460AA21DA100900020FCF79D
:1098E0003BFB00BF04EB840000EBC412164844307D
:1098F00000EB820090ED0A0A04EB84004EE00000C9
:109900005741524E000000001B5B33336D5B2573E3
:109910005D202D2D6163745F656E7465725F6D6F80
:1099200076696E673A207374617274696E672D2D63
:109930002D2D2D2D2D2D2D2D2D2D2D2D2D2D1B5B3B
:10994000306D0D0A00000000E082FF1F0080BB4464
:109950001B5B33336D5B25735D206D7953797374B5
:10996000656D2E617869735B25645D2E736D5F6133
:1099700063742E6375725F7374617465203D3D205E
:1099800025641B5B306D0D0A000000000000000024
:109990000000F03FDCF7000020F8000000EBC412EC
:1099A0006D4800EB8200D0ED090A30EE600A10EE3F
:1099B000101A0846F6F701FD41EC190BB0EE490A02
:1099C000F0EE690AFFF7B0F9B0EE408AF0EE608A77
:1099D0001FED120B53EC102B51EC180BF6F720FD7A
:1099E00000D88AE604EB840000EBC4115A4800EB6F
:1099F000810090ED0A0A04EB840000EBC411564884
:109A000000EB8100D0ED090AB4EEE00AF1EE10FAA5
:109A10000BDDBFEE000A04EB840000EBC4114E48DE
:109A200000EB810080ED2E0A0AE0B7EE000A04EB9D
:109A3000840000EBC411484800EB810080ED2E0A41
:109A400004EB840000EBC411434800EB810090ED6F
:109A5000090A04EB840000EBC4113F4800EB8100CD
:109A600080ED280A04EB840000EBC4113A4800EBB7
:109A7000810090ED2E0AF7EE000AB4EE600AF1EED6
:109A800010FA15D100BF2346AFF28C1233490020E3
:109A9000FCF762FA00BF04EB840101EBC4122E490B
:109AA00001EB8201D1F884000421F9F7DFFE24E004
:109AB00004EB840000EBC411274800EB810090ED1B
:109AC0002E0AFFEE000AB4EE600AF1EE10FA14D18D
:109AD00000BF2346AFF2D81221490020FCF73CFA20
:109AE00000BF04EB840101EBC4121B4901EB8201AE
:109AF000D1F884000821F9F7B9FE04EB840000EBEB
:109B0000C411154800EB8100D0F8AC01801E0E286E
:109B10001ED2DFE800F00708091011121D1D0D0EFE
:109B20000F0A0B0C00BF00BF00BF00BF00BF00BF8B
:109B300000BF00BF00BF00BF00BF04EB840101EB0A
:109B4000C412054911F82200064902F0A5F800E008
:109B500000BF00BF00BFD0E52483FF1FDCF700007B
:109B600020F800001004085010B5002429E004EB90
:109B7000840000EBC411144800EB81004078F0B180
:109B800004EB840000EBC4110F4800EB8100D0F817
:109B9000AC01162804D0182803D019280DD101E0F3
:109BA00000BF00BF04EB840101EBC412064911F8A9
:109BB0002200042102F070F800E000BF00BF601C2A
:109BC000C4B2022CD3DB10BD2483FF1F10B50446A2
:109BD00094F82C00012803D094F82C00002865D1BB
:109BE0004FF4D6700059012813D04FF4D6700059A5
:109BF00008280ED04FF4D6700059102809D04FF421
:109C0000D6700059152804D04FF4D6700059172883
:109C100030D14FF4D8700059092804D04FF4D870CF
:109C20000059112804D12078214902F035F821E0AB
:109C300094F80002B8B194F82E00012804D12078DD
:109C40001C4902F029F815E094F82E00022805D1ED
:109C500020781849103102F01FF80BE020781649DF
:109C600002F01AF806E094F8000218B920780221F0
:109C700002F012F84FF4D6700059162809D04FF4AC
:109C8000D6700059182804D04FF4D67000591928FE
:109C900003D12078064901F0FFFF4FF4F670005918
:109CA000022803D12078054901F0F6FF10BD00001D
:109CB0000804804010000050080480504004201028
:109CC0002DE9FC4106460D4614460CB9BDE8FC8161
:109CD000294886424DD1ADF800502088ADF80200E9
:109CE000606801906846FAF777FAB4F90000002836
:109CF00007DB00F01F0101228A402049430941F897
:109D0000232000BFB4F90000A178002804DB0A0773
:109D1000130E1B4A135406E00A07170E194A00F0E7
:109D20000F031B1FD75400BFB4F9000000280DDB40
:109D300000BF00BF00F01F020121914042099200C4
:109D400002F1E022C2F8001100BF00BF00BFB5F56C
:109D5000E07F05D1012211463046F6F72FFD08E0DD
:109D600040F2C110854204D1012202213046F6F7AB
:109D700025FD00BFAAE700000000044080E200E0EB
:109D800000E400E018ED00E010B50248F6F768FDC9
:109D900010BD00000000044010B50249024800F068
:109DA00033FF10BDB4F200007C9F00207FB53D4E14
:109DB0003D4D00244FF400013046F7F7ADFB01287C
:109DC00014D144F400040BE004E0694605F11C00E2
:109DD00000F067FF69463348F7F760FB0028F4D0CE
:109DE0003046F7F731FB0028EED100BF4FF4800179
:109DF0003046F7F791FB012807D144F480047A201C
:109E0000405B401C81B27A2041534FF40011304630
:109E1000F7F782FB012801D144F400144FF48011BC
:109E20003046F7F779FB012801D144F480144FF450
:109E300000213046F7F770FB012801D144F40024DB
:109E40004FF480213046F7F767FB012801D144F435
:109E500080244FF400313046F7F75EFB012812D121
:109E600001213046F7F758FB012804D13046F7F7B7
:109E700097F944F0010444F400347820405B401C1E
:109E800081B2782041534FF080713046F7F744FBA0
:109E9000012801D144F080741CB121463046F7F707
:109EA00035F97FBD000407407C9F002000B589B0D4
:109EB00005A93A4800F0D4FE01286CD10020019099
:109EC00002900390049005980190069800F00F000E
:109ED0008DF811009DF8112007A902A8F6F70CFAD9
:109EE0002F4A0199881A914221D010DC2D4808444C
:109EF00080B3A0F5D050A0F1090060B3A0F59C405C
:109F0000A0F11F00D0B1B0F5006F3ED136E0A0F552
:109F10000850703860B1A0F52C50B838A0B1A0F549
:109F20008850D838F0B1B0F5007F2ED127E000BFBF
:109F30009DF8111002A801F025F828E09DF81110F5
:109F400002A801F005F822E09DF8111002A801F026
:109F500035F81CE000E00BE09DF8111002A800F0BD
:109F6000DDFF14E09DF8111002A801F033F80EE0B7
:109F70009DF8111002A800F0DDFF08E000BF9DF879
:109F8000111002A800F0F0FF01E009B000BD00BF11
:109F900000F05CFE00BF00BFF7E70000989F0020C4
:109FA000F09DFF1810E800E710B9044A517203E071
:109FB000012801D1014A917270470000709F002072
:109FC00010B5FFF773FF00F001F810BD1CB5FCF7EA
:109FD000CFFE0446002003F053FC012003F050FCA8
:109FE0003D48007A70B93C480068201AB0F5FA7F05
:109FF00007D3394804600120374908720846446095
:10A0000000E01CBD34484068A04200D9F9E732485E
:10A01000007A06284CD2DFE800F04B03101F2D3CDD
:10A020002D48407A40B12D49684600F014FA0822C4
:10A0300069462B4800F05EFE3BE02748807A50B12D
:10A0400026490831684600F006FA08226946244885
:10A05000401C00F04FFE2CE01F48407A48B11F49D9
:10A06000684600F0D9F9082269461D48001F00F033
:10A0700041FE1EE01848807A50B118490831684600
:10A0800000F0CAF9082269461548C01E00F032FEE9
:10A090000FE01148407A10B90F48807A38B168460D
:10A0A00000F0F8F9082269460E4800F023FE00E0AF
:10A0B00000BF00BF0848007A401C074908720846E4
:10A0C000007A052803DD00200872486002E0601C69
:10A0D0000149486000BF94E7709F0020F89F00206E
:10A0E0000801FF180811FF181A4890ED030AF0EE56
:10A0F0000A0AB4EEE00AF1EE10FA08DC90ED030A69
:10A10000F5EE000AB4EEE00AF1EE10FA03D20121F6
:10A110001048017402E000210E4801740E4890EDD1
:10A12000030AF0EE0A0AB4EEE00AF1EE10FA08DCD7
:10A1300090ED030AF5EE000AB4EEE00AF1EE10FA33
:10A1400003D201210448017402E000210248017495
:10A150007047000018A0002034A0002010B503486C
:10A1600002F0F6F8024802F0F3F810BD18A0002043
:10A1700034A0002010B50749074802F091F80749BC
:10A18000074802F08DF8012211460648F6F7A6FBB3
:10A1900010BD000068F3000018A0002070F300005C
:10A1A00034A000200000044010B500F0B3F8FFF721
:10A1B0009BFF00F011F80023102206493020FBF726
:10A1C00033FA00231022034910313020FBF72CFA18
:10A1D00010BD00005C82FF1F0A4890ED030A0A4888
:10A1E00080ED020A0748007C07490873074890ED94
:10A1F000030A084680ED060A0448017C02480177FC
:10A200007047000018A000205C82FF1F34A00020CF
:10A2100010B5054800F0D4FD044800F09DFD044849
:10A2200000F09AFD10BD00007CE2FF1F98E2FF1FC6
:10A23000B4E2FF1F10B50649064802F0A9F9064925
:10A24000064802F0A5F90649064802F0A1F910BD3A
:10A2500080E600007CE2FF1F88E6000098E2FF1F16
:10A2600090E60000B4E2FF1F184890ED030A18487A
:10A2700080ED020A1548008A154988811348807CC0
:10A2800088731248C07CC873124890ED030A1248C4
:10A2900080ED020A0F48008A0F4988810D48807CB2
:10A2A00088730C48C07CC8730C4890ED030A0C48B6
:10A2B00080ED020A0948008A094988810748807CA4
:10A2C00088730648C07CC873704700007CE2FF1F9B
:10A2D0008C80FF1F98E2FF1F9C80FF1FB4E2FF1FCE
:10A2E000AC80FF1F10B5FCF743FD0446FFF74CFDA3
:10A2F00007480068201A142803D30548046002F0B8
:10A30000B7FEFFF785FFFFF7AFFF02F063FE10BD5A
:10A31000C480FF1F10B5034802F076FE024802F029
:10A3200073FE10BD18A0002034A0002010B502F06C
:10A330005DFF03F021F8002003F00CF8012003F08A
:10A3400009F8022003F006F8032003F003F810BD1B
:10A3500010B504460348406A214682690148904787
:10A3600010BD00003081FF1F08B50348406A8168B6
:10A3700001488847009008BD3081FF1F10B5044692
:10A380000348406A2146426A0148904710BD0000D8
:10A390003081FF1F10B504460348406A2146026A17
:10A3A0000148904710BD00003081FF1F10B50348E1
:10A3B000406A01680148884710BD00003081FF1FD6
:10A3C00070B504460D460448406A2A462146436952
:10A3D0000148984770BD00003081FF1F01B5034858
:10A3E000406A426801480099904708BD3081FF1FCC
:10A3F00010B52DED028B0446B0EE408A0548406A48
:10A40000B0EE480A2146C26902489047BDEC028B73
:10A4100010BD00003081FF1F0B78027863F301024A
:10A4200002704B78027863F385020270027822F0A2
:10A43000C002027000224270002383700A79C27049
:10A440008A88121202718A7842714A8812128271C5
:10A450008A79C27170470B78027863F30102027047
:10A460004B78027863F385020270027822F0C00212
:10A4700002708A7842704A88121282700A79C27019
:10A480008A881212027100224271002383718A7934
:10A49000C27170470021016041600170417081709C
:10A4A0000221C1707047000070B50120544981F845
:10A4B0002000084690F84140022C74DA04EB840036
:10A4C00000EBC4114E48443000EB810000F5EE75FE
:10A4D000012104EB840000EBC4124948443000EB36
:10A4E000820080F82C102869012802D0022877D138
:10A4F00077E00421204601F0CFFB04EB840000EB61
:10A50000C4113F48443000EB8100D0F8F8010068E6
:10A51000B0F5006F0DD004EB840000EBC411384897
:10A52000443000EB8100D0F8F8010068B0F5804FAE
:10A5300010D104EB840101EBC4123149443101EB29
:10A540008201D1F884001021F9F790F9204601F03A
:10A5500071FC45E004EB840000EBC4112848443052
:10A5600000EB8100D0F8F8010068102838D004EB27
:10A57000840000EBC4112248443000EB8100D0F885
:10A58000F8010068B0F5004F0ED104EB840101EB37
:10A59000C4121B49443101EB8201D1F8B8010421F6
:10A5A000F9F764F91CE02AE004EB840000EBC41125
:10A5B0001348443000EB8100D0F8F8010068B0F592
:10A5C000803F0DD104EB840101EBC4120C494431EE
:10A5D00001EB8201D1F8B8014FF48071F9F746F927
:10A5E0000BE00849204601F057FB0CB1012000E0C8
:10A5F0000020034981F83B0000BF00BF00BF70BDD1
:10A60000E082FF1F4004200010B50649D1F83C024B
:10A610000121F9F72BF90349D1F850040121F9F789
:10A6200025F910BDE082FF1F70B5F74890F83B0098
:10A6300020B90220F44981F8200008E0F24890F89F
:10A640003B00012803D10320EF4981F82000EE48A8
:10A6500090F84140022C79DA04EB840000EBC4113D
:10A66000E948443000EB810000F5EE75022104EB6F
:10A67000840000EBC412E448443000EB820080F810
:10A680002C102869C01E072809D2DFE800F0040951
:10A690001B60A4B6FD002021204601F0FDFAB0E1C8
:10A6A00004EB840101EBC412D749443101EB820170
:10A6B000D1F884001021F9F7D9F8D449204601F0E7
:10A6C000EBFA9EE1012104EB840000EBC412CE48BA
:10A6D000443000EB820080F8541104EB840000EB5E
:10A6E000C412C948443000EB820080F89C1004EB8F
:10A6F000840101EBC412C449443101EB820101F52C
:10A70000AA709FEDC30AFBF7D1F904EB840101EBBA
:10A71000C412BD49443101EB820101F19C009FED5F
:10A72000BD0AFBF7C3F904EB840101EBC412B6497F
:10A73000443101EB8201D1F884000421F9F796F845
:10A74000B2491039204601F0A7FA5AE15BE1012134
:10A7500004EB840000EBC412AB48443000EB8200F1
:10A7600080F8541104EB840000EBC412A648443076
:10A7700000EB820080F89C1004EB840101EBC41212
:10A78000A149443101EB820101F5AA709FEDA00AB5
:10A79000FBF78CF904EB840101EBC4129A494431B4
:10A7A00001EB820101F19C009FED9B0AFBF77EF912
:10A7B00004EB840101EBC4129349443101EB8201A3
:10A7C000D1F884000821F9F751F890491039204652
:10A7D00001F062FA15E104EB840101EBC4128A492D
:10A7E000443101EB8201D1F884001021F9F73EF8E1
:10A7F0008649204601F050FA03E10420824981F89D
:10A800002000012104EB840000EBC4127E48443098
:10A8100000EB820080F8541104EB840000EBC412BA
:10A820007948443000EB820080F89C1004EB8401EE
:10A8300001EBC4127449443101EB820101F5AA70A5
:10A840009FED730AFBF732F904EB840101EBC412AC
:10A850006D49443101EB820101F19C009FED6D0ACD
:10A86000FBF724F904EB840000EBC4116648443084
:10A8700000EB810090F82D0001280FD104EB84013A
:10A8800001EBC412604900E027E0443101EB820192
:10A89000D1F884000821F8F7E9FF18E004EB840000
:10A8A00000EBC4115848443000EB810090F82D00B3
:10A8B00002280CD104EB840101EBC412524944314B
:10A8C00001EB8201D1F884000421F8F7CFFF4F4952
:10A8D0001039204601F0E0F993E0012104EB8400F7
:10A8E00000EBC4124848443000EB820080F8541159
:10A8F00004EB840000EBC4124348443000EB8200B8
:10A9000080F89C1004EB840101EBC4123E494431F1
:10A9100001EB820101F5AA709FED3D0AFBF7C6F835
:10A9200004EB840000EBC4113748443000EB810095
:10A9300090F82D00012829D104EB840101EBC41209
:10A940003149443101EB8201D1ED0A0AB0EE001A1F
:10A9500070EE810AB0EE600A04EB840101EBC412D0
:10A960002949443101EB820101F19C00FBF79EF87B
:10A9700004EB840101EBC4122349443101EB820151
:10A98000D1F884000421F8F771FF34E004EB84006F
:10A9900000EBC4111C48443000EB810090F82D00FE
:10A9A000022828D104EB840101EBC412164944317A
:10A9B00001EB8201D1ED0A0AB0EE001A70EEC10A75
:10A9C000B0EE600A04EB840101EBC4120E4944317D
:10A9D00001EB820101F19C00FBF768F804EB8401B4
:10A9E00001EBC4120849443101EB8201D1F8840023
:10A9F0000821F8F73BFF05491039204601F04CF9D2
:10AA000000BF00BF00BF70BDE082FF1F2004080030
:10AA10000080A2440000C8420000000002B9704754
:10AA200050B901B9FBE70B6813604B6853608B6842
:10AA30009360CB68D3601CE0012807D10423136026
:10AA40000623536002239360D36012E0022807D1EB
:10AA5000022313600623536002239360D36008E04F
:10AA6000032806D101231360062353600223936059
:10AA7000D36000BFD3E7000030B5A1B005460C4657
:10AA800001210846F8F770FF18A8F6F7BBFF60220F
:10AA90001C496846F5F730FCA07D18AA04F118019E
:10AAA000FFF7BCFF94F828008DF87600FF20ADF882
:10AAB0007400CDF870D094F829008DF877002A2022
:10AAC000005D8DF878002B20005D8DF8790094F8FA
:10AAD0002C008DF87A002D20005D8DF87B002E2053
:10AAE000005D8DF87C002F20005D8DF87D0030200A
:10AAF000005D8DF87E0018A92846F6F76FFD21B09D
:10AB000030BD000004F30000002001494871704787
:10AB100008A0002018B90021044A117004E001289F
:10AB200002D10021014A51707047000008A00020A6
:10AB300010B5044604B910BDA28861882078F9F7E1
:10AB400029FA00BFF7E700002DE9FC4105460E4653
:10AB500014460CB9BDE8FC8106B9FBE726488542DE
:10AB600048D14FF4F370ADF800002088ADF8020032
:10AB7000606801906846F9F72FFBB4F900000028DF
:10AB800007DB00F01F0101228A401C49430941F8FC
:10AB9000232000BFB4F90000A178002804DB0A07D5
:10ABA000130E174A135406E00A07170E154A00F051
:10ABB0000F031B1FD75400BFB4F9000000280DDBA2
:10ABC00000BF00BF00F01F02012191404209920026
:10ABD00002F1E022C2F8001100BF00BF00BF002256
:10ABE00042F6FE212846F6F71DFE01223146284690
:10ABF000F6F718FE00BFADE70004074080E200E072
:10AC000000E400E018ED00E070B504460D4604B124
:10AC100015B94FF0FF3070BD25600020207105F19F
:10AC20001000FFF785FF05F10A00FFF781FF21689B
:10AC30004868FFF721FF236803F13802596B586811
:10AC4000FFF782FF0120207100BFE4E710B5002369
:10AC50000E2202493E20FAF7E7FC10BD08A00020B2
:10AC600030B5024602B111B96FF0010030BD9088D5
:10AC700010B96FF00200F9E7138802F1080000EB49
:10AC8000031539CD81E839001088401C052390FB5D
:10AC9000F3F403FB140010809088401E9080012084
:10ACA000E4E770B5024602B111B96FF0010070BD62
:10ACB000538802F1080000EB031091E8780078C097
:10ACC0005088401C052390FBF3F403FB14005080D4
:10ACD0009088052803DA9088401C908007E010884F
:10ACE000401C052390FBF3F403FB140010800120AB
:10ACF000DDE700007FB506460D461446082C03DD4F
:10AD00006FF0010004B070BD002001900096019822
:10AD100020F040000190019820F0800080300190E8
:10AD2000019864F303000190002005E02A7802A94D
:10AD30000A546D1C411CC8B2A042F7DB6A460021D0
:10AD40000448F6F759FA10210248F6F721FE0120CF
:10AD5000D8E700000004074070B502685168136826
:10AD60005D7A35B1D1ED020AF5EEC00AF1EE10FAC6
:10AD700004D10026C6740025057670BD058A00EE54
:10AD8000905AB8EE600A0D7D002D01DD0D7D00E0CA
:10AD900003252C46D1ED020AF4EEC00AF1EE10FABA
:10ADA00008D2057E6D1C0576057EA54206DB0326CE
:10ADB000C67403E0002505760026C67400BFDCE7F4
:10ADC0002DE9F05F2DED028B05462E687468D6F8EC
:10ADD0000080FBF7CDFF074698F8080050B9002126
:10ADE000A97400204A4908704A490870BDEC028BDA
:10ADF000BDE8F09F95ED038A94ED000AB4EEC80A11
:10AE0000F1EE10FA01D2012000E00020814694ED1D
:10AE1000010AB4EEC80AF1EE10FA01DD012000E0EB
:10AE20000020824694ED030AB5EEC00AF1EE10FA56
:10AE300002DD94ED030A01E0B0EE000AF0EE408A74
:10AE4000206908B1206901E040F6B83083463048F7
:10AE5000007890B32E49097802290CD194ED000AAC
:10AE600030EE680AB4EEC80AF1EE10FA01DD0121F5
:10AE70000DE000210BE094ED010A30EE280AB4EE5B
:10AE8000C80AF1EE10FA01D2012100E000210846C3
:10AE9000A0B12049097829B901211E4A11701E4923
:10AEA0000F600EE01C490968791A594509D3002141
:10AEB000174A1170174A117003E003E00021154A88
:10AEC000117012E0B9F1000F06D00220104908708D
:10AED00000201049087008E0BAF1000F05D00120E9
:10AEE0000B49087000200B490870094800780228B7
:10AEF00002D10121A97408E005480078012802D197
:10AF00000221A97401E00021A97400BF6EE70000CE
:10AF1000C180FF1FC080FF1FBC80FF1F082900DA0F
:10AF20007047827802F00702014B9A7200BFF7E780
:10AF300008A0002010B5082900DA10BD0378447875
:10AF400043EA0422014B1A8100BFF6E708A0002063
:10AF5000082900DA70478278C2F38102014B1A7126
:10AF600000BFF7E708A00020082900DA70478278C0
:10AF7000034BDA72027902F001021A7300BFF5E79F
:10AF800008A00020082900DA7047027802F00F02BA
:10AF9000094B1A70027812095A70427802F00102C5
:10AFA0009A70827802F00302DA708278C2F381022A
:10AFB0001A7100BFE8E7000008A00020082900DAA5
:10AFC0007047427802F00102014B5A7100BFF7E767
:10AFD00008A0002010B5082900DA10BD03794479D3
:10AFE00043EA0422014BDA8000BFF6E708A0002004
:10AFF00070B505462E460024FE48864200D105E085
:10B00000FD48864201D1012400E070BD287D012861
:10B010007ED1687D297D88422ED0012104EB8400F9
:10B0200000EBC412F3484C3800EB820080F8981112
:10B0300004EB840000EBC412EE484C3800EB8200B5
:10B0400080F89911E0B202F049F8002104EB840085
:10B0500000EBC412E7484C3800EB8200C17004EBEF
:10B06000840101EBC412E3494C3901EB820101F583
:10B07000AA70FAF703FDFFE1002101EB4401C8B219
:10B08000002102F095F8012104EB840000EBC412CA
:10B09000D8484C3800EB820080F89911052101EB6B
:10B0A0004401C8B200F088FB04EB840000EBC4113B
:10B0B000D0484C3800EB8100807848B9012104EB7E
:10B0C000840000EBC412CB484C3800EB8200817046
:10B0D00004EB840000EBC411C6484C3800EB81003F
:10B0E0008078F8B104EB840000EBC411C1484C38FF
:10B0F00000EB8100C078B0B9012104EB840000EBC3
:10B10000C412BC484C3800EB8200C170002100E042
:10B110008BE004EB840000EBC412B6484C3800EB23
:10B120008200416012E004EB840000EBC411B148DE
:10B130004C3800EB81004068401C04EB840101EBBB
:10B14000C412AC494C3901EB8201486004EB840025
:10B1500000EBC411A7484C3800EB8100406803287D
:10B1600089D9032104EB840000EBC412A1484C38B8
:10B1700000EB82004160042101EB4401C8B200F001
:10B1800035FB04EB840000EBC4119A484C3800EB0B
:10B19000810090ED5B0ADFED990AB4EEE00AF1EE72
:10B1A00010FA11DD012104EB840000EBC412914878
:10B1B0004C3800EB820080F8981101EB4401C8B2D2
:10B1C000012101F0F5FF57E104EB840000EBC4110D
:10B1D00088484C3800EB810090F8980180B101213B
:10B1E00001EB4401C8B202F057F8002104EB8400DF
:10B1F00000EBC4127F484C3800EB820080F89811B5
:10B2000004EB840202EBC4137A4A4C3A02EB830249
:10B2100092ED5B0ABCEEC00A10EE101A012202EB9E
:10B220004402D0B201F0FEFF26E1287D02287BD146
:10B23000687D297D884222D0012104EB840000EB47
:10B24000C4126C484C3800EB820080F8981104EB73
:10B25000840000EBC41267484C3800EB820080F891
:10B260009911E0B201F03AFF002104EB840000EBF9
:10B27000C41260484C3800EB8200C170FCE0012130
:10B2800001EB4401C8B2002101F092FF012104EB5F
:10B29000840000EBC41257484C3800EB820080F861
:10B2A0009911042101EB4401C8B200F085FA04EBC6
:10B2B000840000EBC4114F484C3800EB81008078CB
:10B2C00048B9012104EB840000EBC41249484C3812
:10B2D00000EB8200817004EB840000EBC411454850
:10B2E0004C3800EB8100807890B304EB840000EBD5
:10B2F000C41140484C3800EB8100C078A8B9012146
:10B3000004EB840000EBC4123A484C3800EB820096
:10B31000C170002104EB840000EBC41235484C38A6
:10B3200000EB8200416013E087E004EB840000EB57
:10B33000C41130484C3800EB81004068401C04EBDD
:10B34000840101EBC4122B494C3901EB82014860A6
:10B3500004EB840000EBC41126484C3800EB81005C
:10B360004068032832D9032104EB840000EBC412A7
:10B3700020484C3800EB82004160052101EB44017C
:10B38000C8B200F033FA04EB840000EBC411194892
:10B390004C3800EB810090ED5B0ADFED180AB4EE4B
:10B3A000E00AF1EE10FA12DD012104EB840000EB5B
:10B3B000C41210484C3800EB820080F8981100212C
:10B3C00001EB4401C8B2012101F0F2FE54E004EBAC
:10B3D000840000EBC41107484C3800EB810090F862
:10B3E0009801B0B1002101EB4401C8B201F054FF53
:10B3F000002105E07083FF1F8485FF1F00301C457E
:10B4000004EB840000EBC4121D4800EB820080F8BE
:10B41000981104EB840202EBC413194A02EB830275
:10B4200092ED5B0ABCEEC00A10EE101A002202EB8D
:10B430004402D0B201F0F6FE1EE0012104EB8400CC
:10B4400000EBC4120E4800EB820080F8981104EB68
:10B45000840000EBC4120A4800EB820080F89911C6
:10B46000E0B201F03BFE002104EB840000EBC412CB
:10B47000034800EB8200C170287D687500BFC4E5F9
:10B480002483FF1F30B502460B460021032502F03E
:10B49000080010B101210A2510E002F0100010B1DF
:10B4A00002210B250AE002F0200010B103210C2537
:10B4B00004E002F4007008B103210C2521B902F464
:10B4C000806008B101210A2521B902F4806008B921
:10B4D000002030BD2C4602F4802000283DD102F42B
:10B4E000002058B1012901D1072436E0022901D1F9
:10B4F000082432E0032930D109242EE002F4801020
:10B5000018BB02F4001058B1012901D10A2424E02B
:10B51000022901D10B2420E003291ED10C241CE0B8
:10B5200002F4800058B1012901D10D2415E002294F
:10B5300001D10E2411E003290FD10F240DE002F4F4
:10B54000000010B1012901D1102406E0022901D127
:10B55000112402E0032900D112241C70002058702D
:10B5600058600120187200BFB3E710B50446E069C7
:10B5700001682046884740F23F10F7F7AFFC20688B
:10B58000F7F75CFEE069416820468847002010BD5F
:10B59000F8B504460E46256800270FE0A06904238D
:10B5A0006A462946D0F808C02046E047A0680099BE
:10B5B000884200D007E02F46354400BFD4E900019F
:10B5C0000844A842EAD800BF3846F8BD0146C8681A
:10B5D00070470146086970472DE9F84304460D4657
:10B5E000E0692946C26820469047E060E068A8B953
:10B5F000E069816820468847A06800902168A069BA
:10B6000004236A46D0F804C02046E0472068E06082
:10B610002068284420610020BDE8F8836068B0FB02
:10B62000F5F62168E068401AB0FBF5F0471CB74218
:10B6300021D3A846404600F0C7FB8146E168A069D7
:10B640002B464A46D0F808C02046E047E0698168AA
:10B65000204688472168A0692B464A46D0F804C096
:10B660002046E0472068E060206828442061484682
:10B6700000F060F802E0E068284420610020CBE799
:10B6800010B504460020F7F763FC0120F9F7BAFE75
:10B6900000BF606980F3108800BF00BF10BD2DE9B6
:10B6A000F04107460C4615461E46324629462046BE
:10B6B000F7F73EFDBDE8F08110B5044600BF00BFBE
:10B6C000EFF31080606172B600BF0120F9F752FEFF
:10B6D00000BF4FF48070F7F763FC0128F9D1F7F74A
:10B6E00037FC10BD2DE9F04705460E461746984633
:10B6F000E869016828468847002406E057F8049066
:10B7000030194946F7F77EFC241D4445F6D3E86915
:10B71000416828468847BDE8F08770B504460D4665
:10B72000E0B2F7F799FA08B9204670BD4FF0FF3044
:10B73000FBE7000010B5002821D0114B0022001FAC
:10B74000196803E0814203D80A4649680029F9D103
:10B7500052B11368841A9C4204D1006818441060E6
:10B76000104602E0506000E0186039B102680B1A20
:10B77000934203D10B681A4402604968416010BDCE
:10B78000D882FF1F10B504460A4890F8350018B952
:10B79000084890F8360030B14FF40011D4F8B801E1
:10B7A000F8F764F805E04FF40001D4F8B801F8F7B1
:10B7B0005DF810BDE082FF1F70B50546082D00DB67
:10B7C00070BD094800EB4514207801280AD1A07A01
:10B7D00020B921892079F8F755FC03E021892079E7
:10B7E000F8F73CFB00BFEBE75C81FF1F70B5054637
:10B7F000082D00DB70BD094800EB451420780128B6
:10B800000AD1A07A20B921892079F8F727FB03E033
:10B8100021892079F8F736FC00BFEBE75C81FF1F38
:10B820007047000010B55448047CA01E0C2879D243
:10B83000DFE800F0060D143C434A525960899097A6
:10B840004E49D1F83C020821F8F710F892E04B4934
:10B85000D1F83C022021F8F709F88BE0464840690E
:10B86000032807D14549D1F83C024FF48021F7F76E
:10B87000FDFF1AE040484069072807D13F49D1F849
:10B880003C024FF48061F7F7F1FF0EE03A4840695F
:10B89000052803D038484069062806D13749D1F831
:10B8A0003C024FF48071F7F7E1FF63E03349D1F8D0
:10B8B0003C024021F7F7DAFF5CE03049D1F83C0266
:10B8C0008021F7F7D3FF55E02C49D1F83C024FF423
:10B8D0000071F7F7CBFF4DE02849D1F8500408215B
:10B8E000F7F7C4FF46E02549D1F850042021F7F7C7
:10B8F000BDFF3FE020484069092807D11F49D1F822
:10B9000050044FF48021F7F7B1FF1BE01A4840695B
:10B910000D2808D11949D1F850044FF48061F7F788
:10B92000A5FF0FE025E0144840690B2803D012481A
:10B9300040690C2806D11149D1F850044FF48071A8
:10B94000F7F794FF16E00D49D1F850044021F7F7BE
:10B950008DFF0FE00949D1F850048021F7F786FFE9
:10B9600008E00649D1F850044FF40071F7F77EFF64
:10B9700000E000BF00BF10BD708AFF1FE082FF1F04
:10B9800010B524480068FAF7E3FE23480068FAF788
:10B99000DFFE22480068FAF7DBFE21480068FAF76C
:10B9A000D7FE20480021018081701F48047C012CB3
:10B9B0002CD14069022806D11C49D1F83C02102143
:10B9C000F7F754FF21E018484069082806D11749C5
:10B9D000D1F850041021F7F749FF16E012484069EA
:10B9E000072807D11149D1F83C024FF40061F7F75D
:10B9F0003DFF0AE00C4840690D2806D10B49D1F8FB
:10BA000050044FF40061F7F731FF00E000BF00BFC2
:10BA100010BD00005080FF1F5480FF1F5880FF1F83
:10BA20005C80FF1F4C80FF1F708AFF1FE082FF1F9A
:10BA3000704770477047000010B54FF4003102485E
:10BA4000FAF7BCFE10BD0000708AFF1F70B50446F7
:10BA50000CB1E06800B970BDE068006894F825108A
:10BA600000EB8105A978204600F0D6F8FBF780F9B5
:10BA7000A06200BFEFE770B504460CB1E06808B9FA
:10BA8000002070BDE06A401CE062E168C988206B5C
:10BA90000844206304F11005287820B101280AD059
:10BAA00002282AD118E0002084F825002046FFF75C
:10BAB000CDFF0120E5E7E06A6968884204D32046AB
:10BAC00000F09AF80020DCE7002084F825002046EA
:10BAD000FFF7BCFF0120D4E7206B6968884204D3DC
:10BAE000204600F089F80020CBE7002084F82500EC
:10BAF0002046FFF7ABFF0120C3E7204600F07CF8AB
:10BB00000020BEE710B586B0044601A8F8F746FB52
:10BB10000220ADF80600607A08B9012000E000209C
:10BB2000ADF80E002188A07901AAF8F74FF86188D6
:10BB3000E07901AAF8F74AF8A188207A01AAF8F773
:10BB400045F806B010BD10B504461CB194F82400A9
:10BB5000012801D0002010BDD4E90712A069C4E972
:10BB60000412E0600020A061E0612062022084F8FD
:10BB70002400204600F01CF80120ECE710B5044634
:10BB80000CB1E06808B9002010BD0C34607E401C88
:10BB90006076607E54F80C190979884203DB2046F0
:10BBA000FFF769FFF0E72046FFF750FF0120EBE7C2
:10BBB00010B5044604B910BD012018346077207711
:10BBC000002060736061A061A0770320207354F8A7
:10BBD0000C0C183C38B1E0680079002803DD2046E1
:10BBE000FFF734FF06E00021204600F015F80020A2
:10BBF00084F8350000BFDEE710B5044604B910BD77
:10BC0000002024346074207404F8240900212046A4
:10BC100000F002F800BFF2E72DE9F04104460D46BE
:10BC20000CB1072D01DBBDE8F0811A484619677A8F
:10BC3000337803F001030BB13B4603E00FB9012356
:10BC400000E000231A462188A07900F075F83378C7
:10BC5000C3F340030BB13B4603E00FB9012300E0FF
:10BC600000231A466188E07900F066F83378C3F360
:10BC700080030BB13B4603E00FB9012300E0002332
:10BC80001A46A188207A00F057F884F8375000BF90
:10BC9000C9E7000028E4000070B586B005460C46F0
:10BCA00023480078854200DA0CB906B070BD04F074
:10BCB000020030B12846F9F701FBFF201D49485525
:10BCC000F3E704F0040030B12846F9F7F7FAFF2053
:10BCD00018494855E9E704F0010018B12846F9F77A
:10BCE000CFFAE2E71348405DB0EB147F1DD3200F7D
:10BCF0001049485524F0704403A92046F9F736FA54
:10BD000090B19DF80C00F9F76DFA06465EB1009609
:10BD10009DF80D008DF804000499029169462846AB
:10BD2000F9F7ECF900BF00BF00BF00BFBDE700009E
:10BD30002FE400007480FF1F70B505460E461446C0
:10BD400024B131462846F8F79DF903E031462846EC
:10BD5000F8F784F870BD0000C720F9F70BFBF5F782
:10BD600065F901F04FFDF9F791FB00BF0BA20DA1A2
:10BD70000020FAF7F1F800BF4FF47A70FBF70EF8E5
:10BD8000FBF768FC62B6C720F9F73CFB05E0FAF761
:10BD9000EFFF0446FBF74AF800BFF8E74D41494E74
:10BDA000000000001B5B33366D5B25735D204D4149
:10BDB000494E2829207374617274696E672E2E2E85
:10BDC0001B5B306D0D0A0000F0B50B30154D20F0F7
:10BDD00007010024144A0FE003688B420BD38B4207
:10BDE00005D95E1A43184768C3E9006700E0436855
:10BDF000136002C004E0021D10680028ECD1204648
:10BE0000002802D1286808B10020F0BD064A074882
:10BE10001060074A121A22F00702C0E9002401202C
:10BE20002860D7E7DC82FF1FD882FF1F64BD002097
:10BE300060DD00202DE9FC470446FEF795FA0190ED
:10BE40009DF804A0002000900026C34890F83C0014
:10BE5000002870D0C04991F83C0001F0D9FA06469C
:10BE6000BD4991F83C006A463146FCF769FD05463C
:10BE7000002D5ED1B948BDF8001000EB8107B81C59
:10BE8000005D00F00308B8F1000F06D0B8F1020F12
:10BE900004D0B8F1030F4AD11CE049E0AE4991F853
:10BEA0003C00314602F06CF801212046FEF788FA8A
:10BEB00004EB840000EBC411A748443000EB810080
:10BEC000D0ED0A0AB0EE600A2046FEF791FA01F0C2
:10BED000B5FF2DE004EB840000EBC4119E48443014
:10BEE00000EB810090ED0A0ADFED9D0AB4EEE00A56
:10BEF000F1EE10FA1ADD984991F83C00314602F053
:10BF00003FF801212046FEF75BFA04EB840000EBCA
:10BF1000C4119148443000EB8100D0ED0A0AB0EE24
:10BF2000600A2046FEF764FA01F088FF00E000BFD7
:10BF300000BFCCE0FFE79DF8050000F00F07864941
:10BF400091F83D0001F064FA0646B7426AD0824992
:10BF500091F83D006A463146FCF7F2FC0546002D9B
:10BF60005FD17E48BDF8001000EB810808F10200A7
:10BF7000005D00F00309B9F1000F06D0B9F1020F1E
:10BF800004D0B9F1030F4AD11CE049E0724991F89D
:10BF90003D00314601F0F4FF01212046FEF710FA82
:10BFA00004EB840000EBC4116B48443000EB8100CB
:10BFB000D0ED0A0AB0EE600A2046FEF719FA01F049
:10BFC0003DFF2DE004EB840000EBC41162484430D7
:10BFD00000EB810090ED0A0ADFED610AB4EEE00AA1
:10BFE000F1EE10FA1ADD5C4991F83D00314601F09E
:10BFF000C7FF01212046FEF7E3F904EB840000EBC4
:10C00000C4115548443000EB8100D0ED0A0AB0EE6F
:10C01000600A2046FEF7ECF901F010FF00E000BFD7
:10C0200000BF53E004EB840000EBC4114A484430E5
:10C0300000EB810090F82D00012815D10121204648
:10C04000FEF7BEF904EB840000EBC4114248443013
:10C0500000EB8100D0ED0A0AB0EE600A2046FEF740
:10C06000C7F901F0EBFE31E004EB840000EBC411F2
:10C070003948443000EB810090F82D00022825D18A
:10C0800004EB840000EBC4113348443000EB810022
:10C0900090ED0A0ADFED320AB4EEE00AF1EE10FA92
:10C0A00014DD01212046FEF78BF904EB840000EB40
:10C0B000C4112948443000EB8100D0ED0A0AB0EEEB
:10C0C000600A2046FEF794F901F0B8FE00BF04EBC9
:10C0D000840000EBC4112048443000EB810090F84C
:10C0E0002D00A8B904EB840101EBC4121A494431B4
:10C0F00001EB8201D1F8B8010221F7F7B7FB042167
:10C100002046FFF7C9FD00212046FDF74DFF20E046
:10C1100004EB840101EBC4120F49443101EB8201AD
:10C12000D1F8B8010121F7F7A1FB04212046FFF760
:10C13000B3FD01212046FDF737FF012104EB840008
:10C1400000EBC4120448443000EB820000F5CE70CE
:10C150004161BDE8FC870000E082FF1FB8F30000EA
:10C1600000001C4270470000194890F84110022955
:10C170002DDA01EB810202EBC11300F1440202EB64
:10C18000830202F14C00C26A062A1DD2DFE802F0E7
:10C1900003070B10141800220275427015E00122EB
:10C1A0000275427011E002220275012242700CE019
:10C1B00000220275427008E000220275427004E01D
:10C1C00000220275427000E000BF00BF00BF704750
:10C1D000E082FF1F10B5FAF7CBFD10BDF0B50446A5
:10C1E0000D461746002614B1606900B115B94FF02D
:10C1F000FF30F0BD6169B1F80404B84201DD384692
:10C2000001E0B1F804040646002219E0B1F8020486
:10C2100001EB800090ED000A05EB820080ED000A42
:10C22000B1F802C40CF101004FEAE07C00EB1C6C99
:10C230004FEA2C2CA0EB0C2CA1F802C4501C82B2AB
:10C24000B242E3DBB1F80404801BA1F8040403B19B
:10C250001E800020CDE702460AB1506910B94FF0A8
:10C26000FF3070475169B1F8000401EB800080EDA8
:10C27000000AB1F80034581CC31700EB13631B12FB
:10C28000A0EB0323A1F80034B1F80404FF2804DC78
:10C29000B1F80404401CA1F804040020E1E7000008
:10C2A00070B586B004460E4604B11EB94FF0FF309B
:10C2B00006B070BD2660356800206060A060E06058
:10C2C00020611A48844207D11948606119A00068AA
:10C2D0006060002121720CE01848844207D11848A0
:10C2E000606118A0006860600121217201E01748B8
:10C2F0006061606920B14FF481616069F4F715F8FD
:10C3000001A8F7F74BFF4FF40040ADF81400E9889F
:10C31000287901AAF7F75AFC2A7A697A0123286852
:10C32000F4F716F9012020760020C1E718A00020BC
:10C3300050A00020504F53310000000034A00020D6
:10C3400058A40020504F53320000000060A8002085
:10C3500070B52DED028B05469FED180AB0EE408AB0
:10C3600015B9BDEC028B70BD28680468217A20687D
:10C37000F4F78CF90646D4ED060A00EE106AB8EE22
:10C38000400A60EE800A217F0120884000EE100AFA
:10C39000B8EEC00A80EE801AD4ED040A94ED050AC6
:10C3A00001EE200AB0EE408A85ED038AB0EE480A1D
:10C3B0002846FFF750FF00BFD3E700000000000051
:10C3C0007CB505460C461248854204D10121084639
:10C3D000F7F74EFB06E00F48854203D1012102200A
:10C3E000F7F746FB6846F4F76FFA208EADF80000C9
:10C3F000608EADF80200A08EADF8040069462846B4
:10C40000F4F778F910B14FF0FF307CBD0020FCE765
:10C41000000004400004044070B505460E46144672
:10C4200004B970BD01214804F7F750FA218960680A
:10C43000F4F7FEFA228831462846F4F7A3FA00BF43
:10C44000EFE7F0B504460D461646002714B16069C3
:10C4500000B115B94FF0FF30F0BD6169B1F80808BF
:10C46000B04201DD304601E0B1F80808074600227D
:10C470001EE0B1F8040801EB800090ED000A05EB26
:10C48000820080ED000AB1F804C80CF101004FEA07
:10C49000E07C00EB1C6C4FEA2C2CA0EB0C2CA1F8E0
:10C4A00004C8B1F80808401EA1F80808501C82B260
:10C4B000BA42DEDB03B11F800020CDE702460AB19D
:10C4C000506910B94FF0FF3070475169B1F800085A
:10C4D00001EB800080ED000AB1F80038581CC3174A
:10C4E00000EB13631B12A0EB0323A1F80038B1F893
:10C4F0000808FF2804DCB1F80808401CA1F8080867
:10C50000B1F8023801F5806000EB8300C0ED000A4D
:10C51000B1F80238581CC31700EB13631B12A0EBD1
:10C520000323A1F80238B1F80A08FF2804DCB1F8A7
:10C530000A08401CA1F80A080020C5E770B50546A6
:10C540000C4604B970BD607A30B9227A012300210B
:10C550002846F3F7FDFF05E0227A01231946284615
:10C56000F3F7F6FF00BFEDE710B586B004460CB94F
:10C5700006B010BD01A8F7F711FE4FF40040ADF86A
:10C580001400E188207901AAF7F720FB00BFEFE74C
:10C5900070B505460E4615B10EB1306810B94FF0B2
:10C5A000FF3070BD2E60002068766860A860E8608B
:10C5B00028614748854209D14648686146A00188FC
:10C5C000A9808078A871002129721BE04348854228
:10C5D00009D14348686143A00188A9808078A87187
:10C5E000012129720EE04048854209D13F48686127
:10C5F0003FA00188A9808078A8710221297201E0FA
:10C600003C486861686920B140F60C016869F3F73D
:10C610008CFE3468207A18B104F10C00FFF7A4FFF7
:10C62000607A18B104F11800FFF79EFFA07A18B1E4
:10C6300004F12400FFF798FF21466068FFF7C0FE71
:10C6400010B16FF00100ACE7207A20B104F10C01C9
:10C650006068FFF773FF607A20B104F11801606829
:10C66000FFF76CFFA07A20B104F124016068FFF7A6
:10C6700065FF94F8360028B104F1380200216068A3
:10C68000FFF7CAFE94F8370028B104F144020121F3
:10C690006068FFF7C1FE94F8500030B104F1540215
:10C6A0004FF4E0716068FDF70BFB94F8510030B176
:10C6B00004F15C0240F2C1116068FDF701FB4E20FD
:10C6C000005D08B100F0D6FE01206876002068E722
:10C6D0007CE2FF1FD0E2FF1F564D000098E2FF1FD3
:10C6E000DCEAFF1F4D310000B4E2FF1FE8F2FF1F3C
:10C6F0004D3200006497002010B52DED048B0446E8
:10C7000004EB840000EBC411434800EB810090ED82
:10C710005B0ADFED420AB4EEE00AF1EE10FA78DDD2
:10C720003F480088B0F5FA7F6EDD3E4800EB84009C
:10C7300090ED000A04EB840000EBC412364800EBD5
:10C740008200D0ED290A30EE600A10EE101A084679
:10C75000F3F733FE41EC190BB0EE490AF0EE690A2B
:10C76000FCF7E2FAB0EE408AF0EE608A9FED2E0B05
:10C7700053EC102B51EC180BF3F752FE2ED22C4831
:10C780000088401C2A4908800846008805282ADDC0
:10C790000020088004EB840000EBC4111E4800EB6D
:10C7A000810090F82C0002280DD104EB840101EBEC
:10C7B000C412194901EB8201D1F8F8014FF400517C
:10C7C000F7F754F80FE0012104EB840000EBC412EA
:10C7D000114800EB820080F8101204E01448008831
:10C7E000401E1349088000200D49088004EB840096
:10C7F00000EBC411084800EB810090ED290A0948BC
:10C8000000EB840080ED000A05480088401C0449C4
:10C810000880BDEC048B10BD2483FF1F00800945F8
:10C82000D080FF1FD480FF1F9A9999999999B93F99
:10C83000D280FF1F2DE9F0412DED068B04469FEDC0
:10C84000FE0AB0EE409A9FEDFC0AB0EE408A0CB1B1
:10C85000607E18B9BDEC068BBDE8F08120680568E4
:10C86000287A00B3297D6868F3F710FF08EE900A74
:10C8700095ED1D0AF8EE680A20EE201A95F878105A
:10C880000120884000EE100AB8EEC00AC1EE000A8E
:10C8900095ED191A95ED1A0A00EE810AB0EE409A4C
:10C8A00084ED039A00BF687A00287CD02022515D75
:10C8B0006868F3F7EBFE09EE900A95ED1D0AF8EEB5
:10C8C000690A20EE201A95F878100120884000EEC1
:10C8D000100AB8EEC00AC1EE000A95ED1B1A95EDDC
:10C8E0001C0A00EE810AB0EE408ABCEEC80A10EEC7
:10C8F000100A2082207A012802D0207A02287DD1D5
:10C90000207A401E00EB800101EBC011CB4800EB08
:10C91000810090F84D00002871D0207A401E00EB75
:10C92000800101EBC011C54800EB810090F8540173
:10C9300000287DD0207A401EC7B20FB9C04800E061
:10C94000C0480646307D06EB800080ED008A307DD1
:10C95000401C052190FBF1F201FB12003075707D47
:10C96000052802DA707D401C7075DFEDB38A002067
:10C9700009E006EB800191ED000A30EE280AF0EEA6
:10C98000408A411CC8B2717D8142F2DC707D00EEAC
:10C99000100AB8EE400A88EE80AA07EB870000EB89
:10C9A000C711A64800E00AE300EB810080ED57AA1A
:10C9B000227A521E02EB820303EBC2139F4A02EB60
:10C9C000830292ED571AF0EE410A227A521E02EBD0
:10C9D000820303EBC213994A02EB830292ED561ACB
:10C9E000B0EE410A227A521E02EB820303EBC2131D
:10C9F000924A02EB830202F5AA7101E0BAE2BAE2BE
:10CA0000227A521E02EB820303EBC2138B4A02EB23
:10CA1000830202F5A070F8F749FF207A401E00EB70
:10CA2000800101EBC011854800EB8100816900E0C5
:10CA300087E2207A401E00EB800202EBC0127F48A2
:10CA400000EB8200C06981422AD2207A401E00EBAE
:10CA5000800101EBC011794800EB81008069401C26
:10CA6000217A491E01EB810202EBC112734901EBED
:10CA7000820188610021207A401E00EB800202EBD7
:10CA8000C0126E4800EB82008160207A401E00EBED
:10CA9000800202EBC012694800EB820001614FE2A4
:10CAA000207A401E00EB800101EBC011634800EBCF
:10CAB000810090ED310A207A401E00EB800101EBED
:10CAC000C0115E4800EB8100D0ED350AB4EEE00AFB
:10CAD000F1EE10FA1CDC207A401E00EB800101EB25
:10CAE000C011564800EB810090ED310A207A401EBB
:10CAF00000EB800101EBC011504800EB8100D0ED4C
:10CB0000350AF1EE600AB4EEE00AF1EE10FA7DD2D9
:10CB1000207A401E00EB800101EBC011474800EB7A
:10CB2000810090ED570A207A401E00EB800101EB56
:10CB3000C011424800EB8100D0ED640AB4EEE00A77
:10CB4000F1EE10FA62DD207A401E00EB800101EB6D
:10CB5000C0113A4800EB81008168207A401E00EB4A
:10CB6000800202EBC012354800EB8200C0688142AF
:10CB70004AD30021207A401E00EB800202EBC01253
:10CB80002E4800EB820080F86010207A401E00EBF7
:10CB9000800202EBC012294800EB820080F84D10A1
:10CBA000207A401E00EB800101EBC011234800EB0E
:10CBB000810090F82C0002280FD1217A491E01EB48
:10CBC000810202EBC1121D4901EB8201D1F8F8018B
:10CBD0004FF40051F6F74AFE0BE00121207A401E87
:10CBE00000EB800202EBC012144800EB820080F8D8
:10CBF00010120021207A401E00EB800202EBC012CE
:10CC00000E4800EB82008160207A00E01CE0401EAC
:10CC100000EB800101EBC011084800EB8100806847
:10CC2000401C217A491E01EB810202EBC11203492B
:10CC300001EB8201886027E0000000002483FF1FD1
:10CC4000F4FAFF1F0CFBFF1F207A401E00EB80014F
:10CC500001EBC011DE4800EB81008068A0B1207AB2
:10CC6000401E00EB800101EBC011D94800EB8100B0
:10CC70008068401E217A491E01EB810202EBC1123D
:10CC8000D34901EB82018860217A491EC8B2FFF7BF
:10CC900033FDFCF73FF9207A401E00EB800101EBE9
:10CCA000C011CB4800EB810090ED280A207A401E8D
:10CCB00000EB800101EBC011C54800EB8100D0ED15
:10CCC000290A30EE600AB0EEC00A207A401E00EB5E
:10CCD000800101EBC011BE4800EB8100D0ED350AA8
:10CCE000B4EEE00AF1EE10FA7ED2207A401E00EB9C
:10CCF000800101EBC011B64800EB81000169207A88
:10CD0000401E00EB800202EBC012B14800EB820033
:10CD1000406981421BD3207A401E00EB800101EB69
:10CD2000C011AB4800EB810090F82C0002280FD115
:10CD3000217A491E01EB810202EBC112A44901EBE9
:10CD40008201D1F8F8014FF48041F6F78FFDC1E080
:10CD50000021207A401E00EB800202EBC0129C48AA
:10CD600000EB820080F86010207A401E00EB800209
:10CD700002EBC012964800EB820080F84D10217A39
:10CD8000491E01EB810202EBC112914901EB8201C4
:10CD9000D1F884001021F6F769FD0021207A401EA9
:10CDA00000EB800202EBC012894800EB820080F8A1
:10CDB0005411207A401E00EB800202EBC01284481E
:10CDC00000EB820080F8F810207A401E00EB800211
:10CDD00002EBC0127E4800EB820080F89C10217AA2
:10CDE000491E01EB810200E08AE002EBC1127849A2
:10CDF00001EB820101F5AA70F8F740FE207A401E8F
:10CE000000EB800101EBC011714800EB8100D0F80C
:10CE1000AC010A2819D0207A401E00EB800101EBFA
:10CE2000C0116B4800EB8100D0F8AC010B280CD08E
:10CE3000207A401E00EB800101EBC011644800EB3A
:10CE40008100D0F8AC010C280FD1217A491E01EBEA
:10CE5000810202EBC1125E4901EB8201D1F8B801F7
:10CE60004FF48051F6F702FD34E0207A401E00EBCB
:10CE7000800101EBC011564800EB8100D0F8AC01F5
:10CE8000022819D0207A401E00EB800101EBC0116E
:10CE90004F4800EB8100D0F8AC0103280CD0207A79
:10CEA000401E00EB800101EBC011494800EB8100FE
:10CEB000D0F8AC0104280DD1217A491E01EB810282
:10CEC00002EBC112424901EB8201D1F8B8014021C5
:10CED000F6F7CCFC207A401E00EB800101EBC0117C
:10CEE0003B4800EB81000069401C217A491E01EBA0
:10CEF000810202EBC112364901EB820108611FE099
:10CF0000207A401E00EB800101EBC011304800EB9D
:10CF100081000069A0B1207A401E00EB800101EB86
:10CF2000C0112B4800EB81000069401E217A491E88
:10CF300001EB810202EBC112254901EB820108617C
:10CF40000BE00021207A401E00EB800202EBC012B1
:10CF50001F4800EB820080F86010217A491E01EB27
:10CF6000810202EBC1121A4901EB820101F14C006E
:10CF7000FEF73EF822E00021207A401E00EB8002FE
:10CF800002EBC012124800EB820080F86010207A99
:10CF9000401E00EB800202EBC0120D4800EB820045
:10CFA0008161217A491E01EB810202EBC11208491D
:10CFB00001EB820101F14C00FEF71AF800BFF0EE20
:10CFC000480AB0EE490A2046FFF778FA00BF41E46C
:10CFD0002483FF1F10B50023102208492020F8F7F2
:10CFE00023FB0023102206492020F8F71DFB002315
:10CFF000102204492020F8F717FB10BD8C80FF1F7A
:10D000009C80FF1FAC80FF1F10B52DED028BAAB0D6
:10D01000044601ABA02202A92046FFF7DFF810B9B1
:10D02000BDF8040018B92AB0BDEC028B10BD9FED0D
:10D030000F8A00200AE002A901EB800191ED000AAD
:10D0400030EE080AB0EE408A411CC8B2BDF80410A8
:10D050008842F0DBBDF8040000EE100AB8EE400A8A
:10D06000C8EE000AC4ED030A00BFDCE700000000C0
:10D0700010B52DED028B8CB09FED160AB0EE408AF4
:10D0800001AB142202A91448FFF7DBF9BDF8040034
:10D0900000281BDD00240AE002A800EB840090EDCC
:10D0A000000A30EE080AB0EE408A601CC4B2BDF837
:10D0B00004008442F0DBBDF8040000EE100AB8EE74
:10D0C000400AC8EE000A0448C0ED030A0CB0BDECEB
:10D0D000028B10BD000000007CE2FF1F70B5064609
:10D0E000002E2FD1314C04F12005A07E18B901206B
:10D0F000A0760020E061E069401CE061A07A20B9E0
:10D1000021892079F6F7BEFF03E021892079F6F71F
:10D11000A5FEA87A20B929892879F6F7B3FF03E09C
:10D1200029892879F6F79AFEE069022809D90320AF
:10D13000E0610121084600F03BF80121002000F0E9
:10D1400037F832E0012E30D1184C403404F120057C
:10D15000A07E18B90120A0760020E061E069401CA3
:10D16000E061A07A20B921892079F6F78BFF03E0EE
:10D1700021892079F6F772FEA87A20B929892879C1
:10D18000F6F780FF03E029892879F6F767FEE06962
:10D19000022809D90320E0610121022000F008F8EB
:10D1A0000121032000F004F800BF70BDDC81FF1FE7
:10D1B00070B505460E46082D00DB70BD0A4800EB31
:10D1C0004514207868B936B94FF44072D4E90401A7
:10D1D000FBF702FA05E04FF40072D4E90401FBF713
:10D1E000FBF900BFE9E700005C81FF1F70B500217B
:10D1F0000C20F6F777FE0220F5F754FD00211020F1
:10D20000F6F770FE002407E0054800EB44152846B9
:10D2100000F064F8601CC4B2082CF5DB70BD00009F
:10D220005C81FF1F70B506460D46082E00DB70BD01
:10D23000174800EB46142078012818D15DB9A07A70
:10D2400020B921892079F6F71DFF0FE02189207987
:10D25000F6F704FE0AE0A07A20B921892079F6F7D2
:10D26000FDFD03E021892079F6F70CFFDFE740F6AA
:10D27000C310854200D905462A46D4E90401FBF7CC
:10D280000DFA6A0800210348FBF708FA00BFCEE751
:10D290005C81FF1F0050014070B50546082D00DB82
:10D2A00070BD0D4800EB45140020A076207828B909
:10D2B0000022D4E90401FBF78FF90AE0A07A20B933
:10D2C00021892079F6F7CAFD03E021892079F6F754
:10D2D000D9FE00BFE4E700005C81FF1F10B50446E3
:10D2E00004B910BD201D00F012F8207818B92046AE
:10D2F00000F050F809E02078012806D1208B20B1F9
:10D30000228B21892079F6F745FE00BFE9E710B5A9
:10D3100086B004460CB906B010BD01A8F6F73EFF72
:10D320000220ADF806002020ADF80A000020ADF87C
:10D330001400A07918B10020ADF8040002E001202B
:10D34000ADF80400A188207801AAF6F73FFC00BFE1
:10D35000E1E7000070B50546064800EB451414B936
:10D360004FF0FF3070BD0122D4E90401FBF7D8F87B
:10D370000020F7E75C81FF1F10B501210348FBF790
:10D3800065FA0348FBF71AFA002010BD006401405B
:10D390000050014010B586B004460CB906B010BD6F
:10D3A0000121E068F6F722FB228B21892079F6F72C
:10D3B000F1FD00208DF80C0030208DF80D000021CB
:10D3C0008DF80E1002218DF80F1040F6C310059055
:10D3D00003A92069FAF722FF0120ADF80400ADF897
:10D3E0000600ADF808000020ADF80A006A46D4E94E
:10D3F0000401FAF7E5FF4FF44072D4E90401FBF7AA
:10D40000EBF800BFCAE710B5F8F740F810BD000010
:10D410000146002031291FD008DC10290DD0112928
:10D420000CD023290BD024291FD109E0A12908D031
:10D43000A22907D0A72918D105E000BF00BF00BF6F
:10D4400000BF00BF00BF0A4A92F83E20012A01D166
:10D45000012000E0002009E0054A92F83F20012A5F
:10D4600001D1012000E0002000E000BF00BF7047B4
:10D47000E082FF1F0EB501210420F6F7B7FA002065
:10D480008DF8000030208DF8010000218DF8021089
:10D4900002218DF8031040F6C31002906946074838
:10D4A000FAF7BCFE4FF4967200210448FBF7F6F839
:10D4B000012211460148FAF74FFE0EBD005001400F
:10D4C00010B50446084890F8380030B14FF40031E8
:10D4D000D4F8B801F6F7CAF905E04FF48021D4F882
:10D4E000B801F6F7C3F910BDE082FF1F10B504467E
:10D4F000054880692421026803489047A06A0168B2
:10D500002046884710BD0000B482FF1F70B5044656
:10D510000F488069C1680E48884706460C488069F4
:10D5200024232246314685680948A84709492068CE
:10D5300088420BD024212046F2F7F7FE05482060F0
:10D540004FF47A702081204600F044F8002070BD2E
:10D55000B482FF1FA55AA55A70B504460D46242271
:10D5600029462046F2F7C8FE70BD0246022901DBBB
:10D570000020704701EB410302F10C0050F823003A
:10D58000F7E708B501464868009008BD022902DBAC
:10D590009FED050A704701EB410300F10C0202EB1D
:10D5A000830292ED010AF5E700000000022902DB88
:10D5B0009FED050A704701EB410300F10C0202EBFD
:10D5C000830292ED020AF5E7000000000146088997
:10D5D00070470000F0B589B0054617488069C168FA
:10D5E0001548884707461448806924236A46394607
:10D5F00086681148B047242269462846F2F7C1FEE2
:10D6000010B9002009B0F0BD0C4828600A488069B4
:10D6100001690948884704460748806924232A4647
:10D62000214646680448B0470348C46004F124001A
:10D63000014908610020E5E7B482FF1FA55AA55AF9
:10D6400070B504460D461646022D02DB4FF0FF3042
:10D6500070BD05EB450104F10C0040F82160A06AA3
:10D66000416820468847F3E713B504460198606097
:10D67000A06A4168204688471CBD000070B52DEDAA
:10D68000048B82B004460D46B0EE409A022D05DBB5
:10D690004FF0FF3002B0BDEC048B70BDB5EEC09A08
:10D6A000F1EE10FA06D39FED2C0AB4EEC09AF1EE1B
:10D6B00010FA02DD6FF00100ECE705EB450104F123
:10D6C0000C0000EB810080ED029A606801900DF182
:10D6D0000600405D00F0030605EB450104F10C0077
:10D6E00000EB810090ED028AF0EE488A9EB1022E96
:10D6F00002D0032E0ED106E0B3EE060A38EE000A81
:10D70000F0EE408A0AE0B3EE060A38EE400AF0EE88
:10D71000408A03E000BFF0EE488A00BF00BFF5EE8C
:10D72000C08AF1EE10FA06D39FED0B0AF4EEC08A20
:10D73000F1EE10FA02DD6FF00100ABE705EB4501F9
:10D7400004F10C0000EB8100C0ED018AA06A416881
:10D75000204688479EE7000000401C4670B50446FE
:10D760000D462581A06A41682046884770BD7047F4
:10D770007047000010B500241EE004EB840000EBAD
:10D78000C4110F4800EB810090F82D0098B104EB14
:10D79000840101EBC4120A4901EB8201D1F8B801FE
:10D7A0000121F6F763F8E0B20121FEF775FAE0B265
:10D7B0000121FCF7F9FB641C022CDEDB10BD00002C
:10D7C0002483FF1F10B50E49D1F8FC010221F6F7A2
:10D7D0004DF80B49D1F810040221F6F747F8022161
:10D7E0000020FEF759FA02210120FEF755FA002128
:10D7F0000846FCF7D9FB00210120FCF7D5FB10BD42
:10D80000E082FF1F00B585B000210C20F6F76AFB0F
:10D8100000211020F6F766FB6846F6F7BFFC0220F1
:10D82000ADF802002020ADF806000020ADF80000A1
:10D83000ADF810006A4680210120F6F7C7F96A4664
:10D840004FF400410020F6F7C1F96846F6F7A6FC50
:10D850000220ADF802002020ADF806000020ADF84F
:10D860000000ADF810006A4608210120F6F7AEF975
:10D870006A4610210120F6F7A9F905B000BD0000A5
:10D8800010B5044604EB840000EBC411FD4800EB26
:10D89000810090F8FC01012803D1FB4901F8340014
:10D8A00003E00020F84901F8340004EB840000EBA9
:10D8B000C411F44800EB810090F82C0002287DD1BF
:10D8C00004EB840000EBC411EE4800EB8100D0F8BB
:10D8D000EC0105282BD104EB840000EBC411E948CE
:10D8E00000EB810090F82D0001280AD10320E649C1
:10D8F00001EBC40148700020E34901EBC4018871C9
:10D900004BE004EB840000EBC411DE4800EB810027
:10D9100090F82D00022840D10420DB4901EBC4011E
:10D9200048700020D84901EBC401887135E004EB50
:10D93000840000EBC411D34800EB8100D0F8EC0167
:10D9400006282AD104EB840000EBC411CD4800EB7B
:10D95000810090F82D0001280AD10420CA4901EB6A
:10D96000C40148700020C84901EBC401887114E06B
:10D9700004EB840000EBC411C24800EB810090F876
:10D980002D00022809D10320BF4901EBC4014870D2
:10D990000020BD4901EBC401887104EB840000EB59
:10D9A000C411B84800EB8100D0F8EC0108280CD075
:10D9B00004EB840000EBC411B24800E013E000EB7C
:10D9C0008100D0F8EC0109280CD10120AE4901F802
:10D9D0003400062001EBC40148700020AA4901EB85
:10D9E000C40188710BE204EB840000EBC411A5486C
:10D9F00000EB810090F82C000128F3D104EB8400A7
:10DA000000EBC4119F4800EB810090F8FE01012853
:10DA100009D100209C4901EBC40148709A4901EBEF
:10DA2000C4018871EBE104EB840000EBC41195485C
:10DA300000EB810090F8FC0148B90020924901EB0D
:10DA4000C4014870904901EBC4018871D7E104EB2F
:10DA5000840000EBC4118B4800EB8100D0F8AC01CE
:10DA6000092817D104EB840101EBC412854901EBAD
:10DA70008201D1F8B8014FF48031F5F7F7FE0720A5
:10DA8000814901EBC401487001207F4901EBC401C9
:10DA90008871B4E104EB840000EBC411794800EB19
:10DAA0008100D0F8AC01112817D104EB840101EBFF
:10DAB000C412744901EB8201D1F8B8014FF48031EE
:10DAC000F5F7D4FE0820704901EBC401487002202C
:10DAD0006D4901EBC401887191E104EB840000EB16
:10DAE000C411684800EB8100D0F8AC0116280AD1B7
:10DAF0000920654901EBC40148700320624901EB2C
:10DB0000C40188717BE104EB840000EBC4115D4823
:10DB100000EB8100D0F8AC0118280AD10A205A493C
:10DB200001EBC40148700420574901EBC40188711E
:10DB300065E104EB840000EBC411524800EB810066
:10DB4000D0F8AC0119280AD10B204F4901EBC401D0
:10DB5000487005204C4901EBC40188714FE104EB8A
:10DB6000840000EBC411474800EB8100D0F8AC0101
:10DB7000082817D104EB840101EBC412414901EBE1
:10DB80008201D1F8B8014FF48031F5F76FFE05201E
:10DB90003D4901EBC401487000203B4901EBC40141
:10DBA00088712CE104EB840000EBC411354800EBD4
:10DBB0008100D0F8AC01102817D104EB840101EBEF
:10DBC000C412304901EB8201D1F8B8014FF4803121
:10DBD000F5F74CFE06202C4901EBC40148700020EB
:10DBE000294901EBC401887109E104EB840000EBD1
:10DBF000C411244800EB8100D0F8AC01022836D0D3
:10DC000004EB840000EBC4111E4800EB8100D0F847
:10DC1000AC0103282BD004EB840000EBC41119489D
:10DC200000EB8100D0F8AC01042820D004EB840084
:10DC300000EBC411134800EB8100D0F8AC010528BB
:10DC400015D004EB840000EBC4110E4800EB8100FA
:10DC5000D0F8AC0106280AD004EB840000EBC41114
:10DC6000084800EB8100D0F8AC0107280ED1012054
:10DC7000054901EBC40148700020034901EBC401D0
:10DC80008871BCE02483FF1FF89F002004EB840010
:10DC900000EBC411674800EB8100D0F8AC010A2802
:10DCA00036D004EB840000EBC411624800EB810025
:10DCB000D0F8AC010B282BD004EB840000EBC4118E
:10DCC0005C4800EB8100D0F8AC010C2820D004EBBC
:10DCD000840000EBC411574800EB8100D0F8AC0180
:10DCE0000D2815D004EB840000EBC411514800EB63
:10DCF0008100D0F8AC010E280AD004EB840000EBC0
:10DD0000C4114C4800EB8100D0F8AC010F280AD1B7
:10DD10000220494901EBC40148700020464901EB4B
:10DD2000C40188716BE004EB840000EBC41141482E
:10DD300000EB8100D0F8AC01012815D004EB840081
:10DD400000EBC4113B4800EB8100D0F8AC01152872
:10DD50000AD004EB840000EBC411364800EB8100CC
:10DD6000D0F8AC0117284AD104EB840000EBC411B1
:10DD7000304800EB8100D0F8B00109283FD004EB17
:10DD8000840000EBC4112B4800EB8100D0F8B001F7
:10DD9000112834D004EB840000EBC411254800EBBB
:10DDA000810090F82E0001280AD10520224901EBBC
:10DDB000C40148700020204901EBC40188711EE0B5
:10DDC00004EB840000EBC4111A4800EB810090F8CA
:10DDD0002E0002280AD10620174901EBC401487021
:10DDE0000020154901EBC401887108E000201249A8
:10DDF00001EBC4014870104901EBC401887104EBC8
:10DE0000840000EBC4110B4800EB8100B0F8120253
:10DE1000094901EBC401488004EB840000EBC41104
:10DE2000044800EB8100B0F80202034901EBC40191
:10DE3000888010BD2483FF1FF89F0020FEB5FCF7EB
:10DE400093FA02909DF808509DF8090000F00F0722
:10DE500000200190FF2D00DD0025474880F83D504F
:10DE600001AA39462846FAF76BFD0646002E46D130
:10DE70004248BDF8042000EB820100203CE08B1CEE
:10DE80001B5C03F0030222B1022A0ED0032A24D124
:10DE900017E0002400EB800303EBC01C364B443337
:10DEA00003EB8C0383F82D4023E0012400EB800377
:10DEB00003EBC01C304B443303EB8C0383F82D4041
:10DEC00017E0022400EB800303EBC01C2A4B443311
:10DED00003EB8C0383F82D400BE0002400EB800360
:10DEE00003EBC01C244B443303EB8C0383F82D401D
:10DEF00000BF00BF421CD0B20228C0DB0BE00121F2
:10DF00001D4880F87110022180F885121B48806C32
:10DF10000090FCF763FA00242BE02046FCF718FA87
:10DF2000012824D1012104EB840000EBC412124823
:10DF3000443000EB820080F8FC112046FCF72AFAFE
:10DF400004EB840000EBC4110B48443000EB81006B
:10DF500080ED090A2046FCF711FA04EB840000EB7F
:10DF6000C4110548443000EB810080ED080A601CB4
:10DF7000C4B2022CD1DBFEBDE082FF1FB8F300006B
:10DF80007CB504460D460020019001AA2946204692
:10DF9000FAF7D6FC064666B90648BDF8041000EB51
:10DFA0008100006800900098FCF718FAFFF746FF20
:10DFB00000BF7CBDB8F300000001000000000000BD
:10DFC00002000000C800000020000000A8F60000C9
:10DFD000000000000000000002000000020000003D
:10DFE000010000000000000002000000020000002C
:10DFF000030000000300000001000000000000001A
:10E000000000000031BA0000000000000100000024
:10E0100021B80000000000000200000035BA000036
:10E02000000000000300000033BA00000000000000
:10E0300001000000000200000000C8000100000014
:10E04000000100000000C800010000000004000002
:10E050000000C80001000000040000000000C8002B
:10E0600001000000020000000000C80001000000E4
:10E07000010000000000C8000000000001000000D6
:10E08000010000000100000002000000020000008A
:10E090000200000004000000030000000200000075
:10E0A0000800000001000000020000000000020063
:10E0B0000100000003000000080000000400000050
:10E0C0000300000000000200010000000400000046
:10E0D00040000000070000000400000010000000E5
:10E0E0000500000004000000200000000600000001
:10E0F0000400000000000200010000000700000012
:10E100008000000001000000070000000001000086
:10E1100004000000070000000000020001000000F1
:10E12000050000004000000007000000050000009E
:10E1300000010000040000000500000000000200D3
:10E140000100000006000000400000000700000081
:10E1500006000000000100000400000006000000AE
:10E1600000000200010000000100000000020000A9
:10E170000800000008000000000400000900000082
:10E180000800000000080000010000000800000076
:10E19000000002000100000009000000000800006B
:10E1A0000A00000009000000000002000100000059
:10E1B0000A000000004000000D0000000A000000FE
:10E1C000001000000B0000000A000000002000000A
:10E1D0000C0000000A000000000002000100000026
:10E1E0000D00000000800000010000000D00000094
:10E1F000000001000A0000000D0000000000020005
:10E20000010000000B000000004000000D000000B5
:10E210000B000000000001000A0000000B000000DD
:10E2200000000200010000000C000000004000009F
:10E230000D0000000C000000000001000A000000BA
:10E240000C000000000002000100000000000000BF
:10E2500081B90000000000000100000081B9000049
:10E26000000000000200000025B8000000000000CF
:10E270000300000025B800000000000004000000BA
:10E2800025B80000000000000500000025B80000CF
:10E29000000000000600000025B80000000000009B
:10E2A0000700000025B80000000000000800000082
:10E2B00025B80000000000000900000025B800009B
:10E2C000000000000A00000025B800000000000067
:10E2D0000B00000025B80000000000000C0000004A
:10E2E00025B80000000000000D00000025B8000067
:10E2F0000000000002000000030000000000000019
:10E3000004000000030000000000000008000000FE
:10E3100000000000000000001000000001000000EC
:10E3200000000000200000000200000000000000CB
:10E330000002000002000000000000004000000099
:10E340000400000000000000800000000500000044
:10E3500000000000000100000600000000000000B6
:10E360000804080007000000000000001004080076
:10E370000800000000000000200408000900000060
:10E3800000000000080420000A0000000000000057
:10E39000100420000B0000000000000020042000FA
:10E3A0000C00000000000000080440000D00000008
:10E3B00000000000100440000E00000000000000FB
:10E3C000200440000F00000000000000080480004E
:10E3D0001000000000000000100480001100000088
:10E3E0000000000020048000120000000000000077
:10E3F000808000001300000000000000408000004A
:10E400001400000000000000008100001500000062
:10E410000000000000400080002002020201000411
:10E4200000020400000005010001020405030602C9
:10E4300000000100000002000000030000000000D6
:10E44000000004000000050000000600FA000100C2
:10E45000FA000000FA000200FA000000FA000300CF
:10E46000FA00000032000100320000003200020019
:10E47000320000003200030032000000C80001003A
:10E48000C8000000C800010084030000C8000200AA
:10E49000C8000000C800020084030000C800030098
:10E4A000C8000000C800030084030000C800010089
:10E4B000C8000000C8000100C8000000C80001003A
:10E4C000F4010000C8000200C8000000C8000200FB
:10E4D000C8000000C8000200F4010000C8000300EA
:10E4E000C8000000C8000300C8000000C800030006
:10E4F000F4010000FA000100FA000200FA00010035
:10E50000FA000300FA000200FA00030030E4000001
:10E5100001000000D4F6000034E400000100000017
:10E520000CF7000038E40000010000003CF7000098
:10E530003CE4000001000000E0F6000040E40000C0
:10E540000100F40118F7000044E400000100F401A8
:10E55000ECF6000048E400000100F4014CF7000074
:10E560004CE400000200F40174F7000054E40000E1
:10E570000200F40184F700005CE400000200F401F2
:10E5800094F7000064E400000200C800A8F700004F
:10E590006CE400000200C800B8F7000074E400005A
:10E5A0000200C800C8F700007CE400000400C800B6
:10E5B000A8F700008CE400000400C800B8F70000D1
:10E5C0009CE400000400C800C8F70000ACE40000B0
:10E5D0000600C800A8F70000C4E400000600C80058
:10E5E000B8F70000DCE400000600C800C8F700002F
:10E5F000F4E400000200F401FCF60000FCE400007A
:10E600000200F4012CF7000004E500000200F40110
:10E6100060F7000000000042000000410000000020
:10E6200000000040B80B00000000000000000000E7
:10E6300000000000000000000000000000000000DA
:10E640000000204100000000000000000000000069
:10E6500000000000000000000000000000000000BA
:10E660000000000000002041000000000000000049
:10E67000000000000000000000000000000000009A
:10E6800098E6000014E6000014E7000038E60000F9
:10E6900090E700005CE6000000000000000004407D
:10E6A0000100000000000440000020000500000000
:10E6B000000000000000000000000000000000005A
:10E6C0000000000000000000020000000000000048
:10E6D000000000000000000000000000000000003A
:10E6E00000000000000000000100000000000F001A
:10E6F000E103000000000000000000000000804175
:10E700000000000000000000000000003333534010
:10E710000C000000000000000000044000010000A8
:10E7200000000000000000000000000000000440A5
:10E7300000000100000100000000000000000000D7
:10E7400000000000020000000000000100000000C6
:10E750000000000000000000010000005808014017
:10E7600002010100000100000000000000000000A4
:10E770000100010029050000000000000000000069
:10E7800000409C4500000000333353400C00000063
:10E790000000000000000440000100000000000034
:10E7A0000000000000000000000004400000020023
:10E7B0000101000000000000000000000000000057
:10E7C0000200000000000000000000000000000047
:10E7D0000000000000000000000000000000000039
:10E7E0000000000000000000000000000000000029
:10E7F00000000000000000000000000000409C45F8
:10E8000000000000333353400C0000000000000003
:10E8100001000000010000000100000002000000F3
:10E8200012000000010000000400000002000000CF
:10E8300001000000000100000A00000001000000CB
:10E8400000400000130000000100000000800000F4
:10E850001400000002000000000100000A00000097
:10E86000020000004000000008000000020000005C
:10E870002000000005000000020000000040000031
:10E8800013000000020000000080000014000000DF
:10E89000020000000200000012000000050000005D
:10E8A000000100000A000000050000000400000054
:10E8B00003000000050000000040000013000000FD
:10E8C00005000000008000001400000005000000AA
:10E8D0000200000012000000030000000001000020
:10E8E0000A000000030000002000000006000000F5
:10E8F00003000000004000001300000003000000BF
:10E90000008000001400000003000000020000006E
:10E91000120000000300000040000000080000009A
:10E9200006000000000100000A00000006000000D0
:10E930000400000004000000060000000040000089
:10E94000130000000600000000800000140000001A
:10E950000600000002000000120000000400000099
:10E96000000100000A000000040000002000000078
:10E970000700000004000000004000001300000039
:10E9800004000000008000001400000004000000EB
:10E99000020000001200000004000000400000001F
:10E9A0000800000007000000000100000A0000004D
:10E9B000070000000400000009000000070000003C
:10E9C000004000001300000007000000008000006D
:10E9D0001400000007000000020000001200000008
:10E9E0000A00000004000000020000000A0000000D
:10E9F00000100000100000000A00000000080000E5
:10EA00000D0000000A00000000400000130000009C
:10EA10000A00000000800000140000000A0000004E
:10EA200002000000120000000D00000004000000C1
:10EA3000020000000D000000000100000B000000BB
:10EA40000D00000000400000130000000D00000059
:10EA500000800000140000000D0000000200000013
:10EA6000120000000B000000040000000200000083
:10EA70000B000000000800000E0000000B0000006A
:10EA800000400000130000000B00000000800000A8
:10EA9000140000000B000000020000001200000043
:10EAA0000B00000000100000100000000E0000002D
:10EAB00004000000020000000E0000000001000041
:10EAC0000C0000000E0000000040000013000000D9
:10EAD0000E00000000800000140000000E00000086
:10EAE00002000000120000000C0000000400000002
:10EAF000020000000C000000000800000F000000F1
:10EB00000C00000000400000130000000C0000009A
:10EB100000800000140000000C0000000200000053
:10EB2000120000000C0000000010000010000000A7
:10EB30000F00000004000000020000000F000000B1
:10EB400000010000110000000F0000000040000064
:10EB5000130000000F0000000080000014000000FF
:10EB60000F0000000200000012000000130000006F
:10EB7000010000000100000014000000000001007E
:10EB80000000000012000000010000000100000071
:10EB9000100000000000010001000000080000005B
:10EBA0000000010001000000090000000000010059
:10EBB0000100000011000000000001000100000041
:10EBC000010000000000020015000000020000002B
:10EBD0000000020016000000050000000000020016
:10EBE00016000000030000000000020016000000F4
:10EBF00006000000000002001600000004000000F3
:10EC000000000200160000000700000000000200E3
:10EC1000160000000A0000000000020016000000BC
:10EC20000D00000000000200160000000B000000B4
:10EC300000000200160000000E00000000000200AC
:10EC4000160000000C00000000000200160000008A
:10EC50000F00000000000200160000001500000078
:10EC60000400000016000000150000000001000074
:10EC70001600000015000000000004000100000064
:10EC80001600000000000800150000000100000050
:10EC9000000020001700000001000000000010002C
:10ECA00019000000190000000000800001000000B1
:10ECB00019000000000100000A0000001700000019
:10ECC00000008000010000001700000004000000A8
:10ECD0001800000017000000000100000A000000FA
:10ECE00002000000000020001800000003000000E7
:10ECF00000002000180000000400000000002000B8
:10ED000018000000050000000000200018000000AE
:10ED100006000000000020001800000007000000AE
:10ED20000000200018000000180000000000000192
:10ED30001700000000000000F99300000000000030
:10ED400001000000F9930000000000000200000034
:10ED50003995000000000000030000003995000014
:10ED600000000000040000003995000000000000D1
:10ED700005000000399500000000000006000000BA
:10ED800039950000000000000700000039950000E0
:10ED90000000000008000000F993000000000000DF
:10EDA00009000000F9930000000000000A000000C4
:10EDB00039950000000000000B00000039950000AC
:10EDC000000000000C000000399500000000000069
:10EDD0000D00000039950000000000000E0000004A
:10EDE00039950000000000000F0000003995000078
:10EDF0000000000010000000F99300000000000077
:10EE000011000000F9930000000000001200000053
:10EE10002193000000000000130000002193000077
:10EE2000000000001400000021930000000000001A
:10EE30001700000021930000699B000018000000EB
:10EE400021930000699B000019000000219300003D
:10EE5000699B00001500000021930000699B0000E1
:10EE60001600000021930000699B000000000000D4
:10EE70000100000001000000010000000800000087
:10EE80000200000001000000001000000800000067
:10EE9000020000002000000003000000020000004B
:10EEA000100000000100000003000000000004004A
:10EEB0000400000004000000400000000500000005
:10EEC00004000000800000000600000004000000B4
:10EED000000200000700000004000000000800001D
:10EEE000010000000400000000800000010000009C
:10EEF0000400000000000100010000000400000008
:10EF000000100000080000000500000000010000E3
:10EF10000400000005000000008000000100000067
:10EF200005000000000001000100000005000000D5
:10EF300000100000080000000500000000080000AC
:10EF400001000000050000000002000007000000B2
:10EF500006000000000100000400000006000000A0
:10EF60000080000001000000060000000000010019
:10EF70000100000006000000001000000800000072
:10EF8000060000000008000001000000060000006C
:10EF9000000200000700000007000000000400005D
:10EFA000040000000700000000080000010000004D
:10EFB0000800000000200000090000000900000017
:10EFC00000400000010000000000000009A6000051
:10EFD0000000000001000000A9A4000000000000E3
:10EFE00002000000A9A400000000000003000000CF
:10EFF00029A60000000000000400000029A600006F
:10F00000000000000500000029A60000000000002C
:10F010000600000029A60000000000000700000014
:10F0200029A60000000000000800000029A600003A
:10F03000000000000900000029A6000000000000F8
:10F0400000000000040000000100000000000000BB
:10F050000800000002000000000000004000000066
:10F060000500000001000000080000000200000090
:10F07000010000001000000003000000010000007B
:10F08000200000000400000001000000400000001B
:10F090000500000002000000040000000100000064
:10F0A0000200000010000000030000000200000049
:10F0B00020000000040000000200000040000000EA
:10F0C0000500000003000000040000000100000033
:10F0D0000300000008000000020000000300000020
:10F0E00020000000040000000300000040000000B9
:10F0F0000500000004000000040000000100000002
:10F1000004000000080000000200000004000000ED
:10F110001000000003000000040000004000000098
:10F120000500000005000000800000000000000055
:10F130000000000065C100000000000001000000A8
:10F1400069C10000000000000200000069C1000069
:10F15000000000000400000069C100000000000081
:10F160000300000069C1000000000000050000006D
:10F1700069C1000000000000000000000100000064
:10F1800001000000010000008000000002000000FB
:10F190000100000002000000030000000100000068
:10F1A0000400000004000000010000000020000036
:10F1B0000500000001000000200000000300000026
:10F1C00001000000400000000300000002000000F9
:10F1D0000200000003000000020000000400000024
:10F1E00004000000020000000020000005000000F4
:10F1F00002000000200000000300000002000000E8
:10F200004000000003000000050000008000000036
:10F2100002000000050000000800000001000000DE
:10F2200003000000080000000100000003000000CF
:10F2300008000000010000000400000008000000B9
:10F24000010000000000000071D700000000000075
:10F25000010000006FD70000000000000200000065
:10F2600075D700000000000005000000C5D70000B1
:10F270000000000003000000C5D7000000000000EF
:10F2800004000000C5D7000000000000010080005D
:10F2900001000000008001000000400001000000AB
:10F2A000800001008CF2000092F2000098F2000051
:10F2B0009EF2000000000000000407400101010070
:10F2C0000040330001000080320001000000000017
:10F2D000000000000000000000000000001000001E
:10F2E000080A000080000000F20000000200070091
:10F2F000AD9D0000000000000000000000000000C4
:10F3000000000000F09DFF18000000000000000059
:10F3100060C0FF1800000000000000001880FF1807
:10F32000000000000000000018ECFF1800000000C2
:10F3300000000000F017FF180000000000000000AF
:10F34000F931FF1800000000000000001888FF18C5
:10F350000000000000000000F0FDFF1800020000A7
:10F36000000000002100210078F3000064F3000099
:10F3700098F3000066F3000000000440000008005D
:10F3800003010000000000000000803F00000000BA
:10F39000333353400C000000000004400000100014
:10F3A00004010000000000000000803F0000000099
:10F3B000333353400C00000010000302110003021D
:10F3C0002300030224000302A1000302A20003029F
:10F3D000A700030210010300110103002301030031
:10F3E00024010300A1010300A2010300A7010300FF
:10F3F0008E0002023400020335000203B50002034E
:10F40000B60002032D0002032E0002032F000203A8
:10F410003C000203290003023A0003022A0002030F
:10F42000BE000203BB0002023100020332000203ED
:10F4300033000203B7000203B800020331010202E5
:10F44000300002023B0002022400000000FA00002B
:10F45000A1660000000000000000010000000000A4
:10F460000100000010FA000035A20000E5A2000033
:10F4700001000A0000000000010000009CF90000EB
:10F48000ADA300000000000001000A000000000021
:10F49000010000007CF90000999D0000C19F000060
:10F4A00001000A00000000000100000074F90000E3
:10F4B0002DA300000000000001000A000000000071
:10F4C00001000000B0F9000075A10000A9A1000032
:10F4D00001000100000000000100000018FA000017
:10F4E0007D2600006D2700000100050000000000DF
:10F4F0000100000084F90000B5290000AD2A0000D9
:10F50000010001000000000001000000F4F900000B
:10F510004D25000000000000010001000000000077
:10F520000100000024FA00007955000000000000EE
:10F53000020000000000000001000000E8F90000E7
:10F540003DDE00000000000002006400000000003A
:10F550000100000030FA0000614D0000454F00003E
:10F56000020001000000000001000000D0F90000CE
:10F57000314E0000E94E00000200010000000000D2
:10F580000100000094F9000001520000E552000063
:10F59000020001000000000001000000C0F90000AE
:10F5A00065680000196D0000020001000000000005
:10F5B00001000000DCF900003DDE0000000000005A
:10F5C0000400000000000000010000000001010133
:10F5D00001020202023031323334353637383941D4
:10F5E000424344454600000000000054545220525B
:10F5F0004547474553003031323334353637383993
:10F6000041424344454600006576656E745F636120
:10F610006C69625F310000006576656E745F6361DE
:10F620006E5F31006576656E745F6163745F310093
:10F630006576656E745F6D6F745F31006576656EBB
:10F64000745F63616C69625F320000006576656EAD
:10F65000745F63616E5F32006576656E745F6163CF
:10F66000745F32006576656E745F6D6F745F320033
:10F6700073797374656D5F6576656E745F00000005
:10F680006576656E745F6B65795F0000737973747E
:10F69000656D5F6576656E74000000006576656E69
:10F6A000745F6B65790000004B4559302B4B455911
:10F6B000315F4C4F4E47000052656400426C6163FD
:10F6C0006B000000477265656E00000059656C6C48
:10F6D0006F770000536F6C69645F526564000000CF
:10F6E000536F6C69645F426C61636B00536F6C694C
:10F6F000645F5265645F477265656E00416C745F5C
:10F700005265645F477265656E000000536F6C69F7
:10F71000645F477265656E00536F6C69645F526524
:10F72000645F59656C6C6F7700000000416C745F1A
:10F730005265645F59656C6C6F770000536F6C693C
:10F74000645F59656C6C6F7700000000536F6C69E3
:10F75000645F477265656E5F59656C6C6F7700001A
:10F76000416C745F477265656E5F59656C6C6F774D
:10F7700000000000426C696E6B5F5265645F324846
:10F780007A000000426C696E6B5F477265656E5F60
:10F7900032487A00426C696E6B5F59656C6C6F77AA
:10F7A0005F32487A00000000426C696E6B5F526500
:10F7B000645F35487A000000426C696E6B5F477287
:10F7C00065656E5F35487A00426C696E6B5F59659E
:10F7D0006C6C6F775F35487A000000001B5B333339
:10F7E0006D5B25735D206D7953797374656D2E6142
:10F7F0007869735B25645D2E6D6F746F722E65760C
:10F80000745F6D6F742C204556545F4D4F545F46A6
:10F810004F52574152441B5B306D0D0A00000000EF
:10F820001B5B33336D5B25735D206D795379737486
:10F83000656D2E617869735B25645D2E6D6F746FE5
:10F84000722E6576745F6D6F742C204556545F4D33
:10F850004F545F524556455253451B5B306D0D0A60
:10F86000000000001B5B33336D5B25735D204D731F
:10F8700067205375627363726962653A20647570BC
:10F880006C69636174652073756273637269626524
:10F890002028746F7069633A307825303458291BFA
:10F8A0005B306D0D0A0000001B5B33316D5B25730F
:10F8B0005D204D7367205375627363726962653AA8
:10F8C00020737562736372696265206C697374205A
:10F8D00066756C6C2028746F7069633A30782530D7
:10F8E0003458291B5B306D0D0A0000001B5B33335D
:10F8F0006D5B25735D204D7367205075626C697375
:10F90000683A20696E76616C6964207072696F2054
:10F9100028746F7069633A3078253034582C207021
:10F9200072696F3A2564291B5B306D0D0A00000077
:10F930001B5B33316D5B25735D204D736720507504
:10F94000626C6973683A2063616C6C6261636B20FE
:10F950004E554C4C2028746F7069633A30782530CE
:10F9600034582C206964783A2564291B5B306D0D6E
:10F970000A0000002250574D220000002243414E51
:10F9800022000000224374726C5F5370656564222C
:10F9900000000000226C6564220000002273746F76
:10F9A000726167655F6D6F64756C652200000000B1
:10F9B00022706F735F6D6F64756C652200000000CC
:10F9C0002273746174655F6D616368696E6522009E
:10F9D000226B65795F7374617465220022776F72A0
:10F9E0006B5F63666722000022636F6E6669672241
:10F9F00000000000226375725F6C6F6F7022000060
:10FA000022736F66745F74696D6572220000000076
:10FA100022706F7765722200224374726C5F506FA0
:10FA200073220000226D73675F627573220000000D
:10FA3000226B65792200000058FA00000880FF1F41
:10FA4000D8020000D004000058FB0000E082FF1F35
:10FA5000807A01004C8D0000238CF61A70041A2461
:10FA6000041A58041A30041A64041A18041A4C04AC
:10FA70001A08041A3C041A9C041A800401281ABCAF
:10FA80002C1AB8041AC4045ACC3843FFFF53404020
:10FA90002480BB44438C43E3564D234D31AA0110CF
:10FAA000223202170200092CCDCC4C3DD007E803CE
:10FAB00023EDD42369D62383D51B5DD74419081AB7
:10FAC00041101A6B081A7D081AAD081A8D041A59CC
:10FAD000041A0D041AD50401244009FC80FF1F28D4
:10FAE00081FF1F29C02A08E7413564014004B2059F
:10FAF00029209A1020291CE9209A20200A1106208A
:10FB00009A40209A0720291C29043A80060112797C
:10FB1000160A1C80200A1D4040091660DD504F5314
:10FB200031100A14322AA123D9B523E5B61A9F044D
:10FB30001ACD0C1AD3041AB90C1A81041A6B0C1AB8
:10FB40009104111AC0E62220C5A55AA55A1E90821A
:08FB5000FF1FA404C100000026
:040000050000028174
:00000001FF
