:020000040000FA
:1000000060FD002095020000CD020000CF0200003C
:10001000D1020000D3020000D50200000000000061
:10002000000000000000000000000000D7020000F7
:10003000D902000000000000DB0200007D6D00001E
:10004000BD420000D1420000E5420000F94200003C
:100050000D430000214300003543000049430000E8
:100060005D43000071430000854300009943000098
:10007000AD430000C1430000D5430000E943000048
:10008000FD430000114400002544000039440000F5
:100090004D440000614400007544000089440000A4
:1000A0009D440000B1440000C5440000D944000054
:1000B000ED44000001450000154500002945000001
:1000C0003D450000514500006545000079450000B0
:1000D0008D450000A1450000B5450000C945000060
:1000E000DD450000F145000005460000194600000E
:1000F0002D460000414600005546000069460000BC
:100100007D46000091460000A5460000B94600006B
:10011000CD460000E1460000F5460000094700001A
:100120001D470000314700004547000059470000C7
:100130006D4700008147000095470000A947000077
:10014000BD470000D1470000E5470000F947000027
:100150000D480000214800003548000049480000D3
:100160005D48000071480000854800009948000083
:10017000AD480000C1480000D5480000E948000033
:10018000FD480000114900002549000039490000E0
:100190004D4900006149000075490000894900008F
:1001A0009D490000B1490000C5490000D94900003F
:1001B000ED490000014A0000154A0000294A0000EC
:1001C0003D4A0000514A0000654A0000794A00009B
:1001D0008D4A0000A14A0000B54A0000C94A00004B
:1001E000DD4A0000F14A0000054B0000194B0000F9
:1001F0002D4B0000414B0000554B0000694B0000A7
:100200007D4B0000914B0000A54B0000B94B000056
:10021000CD4B0000E14B0000F54B0000094C000005
:100220001D4C0000314C0000454C0000594C0000B2
:100230006D4C0000814C0000954C0000A94C000062
:10024000DF020000DF020000DF020000DF0200002A
:10025000DF020000DF020000DF020000DF0200001A
:10026000DF020000DF020000DF020000DF0200000A
:10027000DF020000DF020000DF020000DF020000FA
:10028000DFF80CD000F012F900480047FDBC000078
:1002900060FD002012484FF01F01016011484FF02F
:1002A0007701016010484FF0770101600F484FF46B
:1002B000885101600B484FF0760101600A484FF009
:1002C000760101600A4880470A480047FEE7FEE7DA
:1002D000FEE7FEE7FEE7FEE7FEE7FEE7FEE7FEE7F6
:1002E00010080540040805400C08054000080540BA
:1002F000957300008102000040EA01039B0703D0D0
:1003000009E008C9121F08C0042AFAD203E011F854
:10031000013B00F8013B521EF9D27047D2B201E016
:1003200000F8012B491EFBD270470022F6E710B5FA
:1003300013460A4604461946FFF7F0FF204610BD53
:1003400010B5044604E00B7800F8013B03B1491CEA
:10035000521EF8D2204610BD421C10F8011B002985
:10036000FBD1801A704710B5002200E0521C835C5C
:100370008C5CA34201D1002BF8D1D8B2E1B2401A73
:1003800010BD30B504460020034600E05B1C9342DC
:1003900003D2E05CCD5C401BF8D030BD30B50546E3
:1003A0000020034600E05B1C934205D2EC5CC85C75
:1003B000201A01D1002CF6D130BD00F0004230F0FF
:1003C00000400AD0C10D01F56071C0F3160042EA89
:1003D0000151C20840071143704700200146704791
:1003E00010B50121034800F013F903480CF0F4F9AB
:1003F00010BD0000000004407CE2FF1F7047704702
:10040000BFFFDFFFFFFEFFFFFFFFFFFFFFFFFFFF5D
:10041000FFFFFFFFFFFFFFFFFFFFFFFFFFFFFFFFEC
:1004200030B5041E71F1000404DB4FF0004440427B
:1004300064EB0101141E73F1000405DB1C464FF050
:100440000043524263EB04038B4208BF824230BD3B
:1004500030B5041E71F1000404DB4FF0004440424B
:1004600064EB0101141E73F1000405DB1C464FF020
:100470000043524263EB0403994208BF904230BDEF
:1004800030B50B46014600202022012409E021FA64
:1004900002F59D4205D303FA02F5491B04FA02F561
:1004A0002844151EA2F10102F1DC30BD064C074DB7
:1004B00006E0E06840F0010394E807009847103434
:1004C000AC42F6D3FFF7E0FEE0F9000000FA0000CE
:1004D00070B58C1810F8015B15F0070301D110F806
:1004E000013B2A1106D110F8012B03E010F8016B33
:1004F00001F8016B5B1EF9D12B0705D40023521EB6
:100500000DD401F8013BFAE710F8013BCB1A921C1D
:1005100003E013F8015B01F8015B521EF9D5A1421B
:10052000D8D3002070BD000010B50221054800F0AE
:100530006FF805480CF050F904480CF04DF909F03B
:10054000DFFD10BD0000044098E2FF1FB4E2FF1F72
:100550002DE9F04107460C461546984600BF1F4856
:10056000874201D1102D04D91D48874202D1082DA0
:1005700000D804E040F265111AA002F04BFB00BF66
:1005800000BF0CB1012C00D104E04FF4B37115A0F1
:1005900002F040FB00BF00BFB8F1000F02D0B8F17D
:1005A000010F00D104E040F267110EA002F032FB0F
:1005B00000BF07F10C0000EB8406B8F1010F05D174
:1005C00030680121A9400843306004E0306801210F
:1005D000A94088433060BDE8F0810000000004407D
:1005E000000404402E2E5C647269766572735C6848
:1005F0006333325F6C6C5F6472697665725C7372D0
:10060000635C686333325F6C6C5F6164632E6300AC
:1006100070B505460C4600BF0F48854202D00F4812
:10062000854200D104E040F2AB210DA002F0F2FAC5
:1006300000BF00BF24B144F00300032800D104E050
:100640004FF42B7106A002F0E5FA00BF84F003001E
:1006500085F8460070BD000000000440000404401E
:100660002E2E5C647269766572735C686333325FE8
:100670006C6C5F6472697665725C7372635C6863EC
:1006800033325F6C6C5F6164632E630070B5054646
:100690000C4600BF0A48854201D1102C04D90948F4
:1006A000854202D1082C00D804E040F2762106A051
:1006B00002F0B0FA00BF05F1500030F8140070BD30
:1006C00000000440000404402E2E5C6472697665CC
:1006D00072735C686333325F6C6C5F6472697665F9
:1006E000725C7372635C686333325F6C6C5F61640D
:1006F000632E630070B505460C466FF0020600BF1E
:100700002148854202D02148854200D103E0E521FD
:100710001FA002F07FFA00BF002C33D000BF20885A
:1007200040B12088012805D02088022802D02088E6
:10073000032800D103E0E82115A002F06BFA00BF06
:1007400000BF6088202804D06088102801D060880D
:1007500000B903E0E9210EA002F05CFA00BF00BF7F
:10076000A08810B1A088802800D103E0EA2108A069
:1007700002F050FA00BF208861880843A18808432E
:1007800068800026304670BD00000440000404402C
:100790002E2E5C647269766572735C686333325FB7
:1007A0006C6C5F6472697665725C7372635C6863BB
:1007B00033325F6C6C5F6164632E630070B5044616
:1007C0000D46164600BF1948844202D0184884429C
:1007D00000D104E040F23B2116A002F01BFA00BF5A
:1007E00000BF25B145F00300032800D104E04FF419
:1007F0000F7110A002F00EFA00BF00BF0EB1012E63
:1008000000D104E040F23D210AA002F003FA00BF4B
:10081000012E05D194F84700284384F8470004E0EE
:1008200094F84700A84384F8470070BD00000440D6
:10083000000404402E2E5C647269766572735C68F5
:100840006333325F6C6C5F6472697665725C73727D
:10085000635C686333325F6C6C5F6164632E63005A
:1008600070B50446002500BF0A48844202D00A48F9
:10087000844200D104E040F2532108A002F0CAF9FA
:1008800000BF2078012801D1C51F01E001202070A0
:10089000284670BD00000440000404402E2E5C6415
:1008A0007269766572735C686333325F6C6C5F6427
:1008B00072697665725C7372635C686333325F6C15
:1008C0006C5F6164632E630001466FF0020021B12A
:1008D00000220A804A808A800020704770B5044652
:1008E0000D46164600BF1A48844202D01948844279
:1008F00000D104E040F2222117A002F08BF900BFE2
:1009000000BF0DB1012D00D104E040F2232112A05F
:1009100002F080F900BF00BF0EB1012E00D104E04B
:100920004FF409710CA002F075F900BF012E07D138
:100930006089EA008021914089B20843608105E026
:100940006089EA00802191408843608170BD000089
:1009500000000440000404402E2E5C647269766539
:1009600072735C686333325F6C6C5F647269766566
:10097000725C7372635C686333325F6C6C5F61647A
:10098000632E630070B506460C46154600BF1B4833
:10099000864202D01A48864200D104E040F20B2180
:1009A00018A002F037F900BF00BF0CB1012C00D134
:1009B00004E04FF4037113A002F02CF900BF00BF54
:1009C0002DB1012D03D0022D01D0032D00D104E063
:1009D00040F20D210BA002F01DF900BFE006040E4D
:1009E00070890321A140884305FA04F10322A24043
:1009F00092B211400843708170BD000000000440B5
:100A0000000404402E2E5C647269766572735C6823
:100A10006333325F6C6C5F6472697665725C7372AB
:100A2000635C686333325F6C6C5F6164632E630088
:100A300070B504460D4600BF0A48844207D30948F2
:100A40006830844203D804F0030000B903E08F212A
:100A500005A002F0DFF800BF206865F30800206001
:100A600070BD0000040801402E2E5C64726976653A
:100A700072735C686333325F6C6C5F647269766555
:100A8000725C7372635C686333325F6C6C5F616F5E
:100A9000732E630070B5044625462B4828606E20EF
:100AA000A8802A48A8601A20A8810120A8612846A9
:100AB00005F07EFE05F006FE2549086005F002FE01
:100AC0002449086005F0FEFD2349086005F0FAFDA1
:100AD0002249086005F0F6FD2149086005F0F2FDA5
:100AE000204908601A48006820B11F49184800686A
:100AF00005F01CFE1748006820B11C491548006825
:100B000005F014FE1448006820B119491248006825
:100B100005F00CFE1148006820B116490F48006826
:100B200005F004FE0E48006820B113490C48006827
:100B300005F0FCFD0B48006820B110490948006829
:100B400005F0F4FD70BD0000B4E70000DCEC00002F
:100B5000DC80FF1FE480FF1FE080FF1FE880FF1F95
:100B6000EC80FF1FF080FF1FFD030000FF0300006B
:100B7000AF0F0000B10F0000B50F0000F10F000033
:100B800070B50446207800EB800101EBC011FE48EF
:100B900000EB810090F82D0020B9207804210BF0A3
:100BA0004DF870BD204608F0D9FF94F82C000228BB
:100BB00004D04FF4F6700059022800D1F1E794F800
:100BC000FE01012808D12078F0490BF037F894F89D
:100BD000FE0184F8FF01E4E794F8FE0194F8FF11A8
:100BE000884207D0207804210BF028F894F8FE0101
:100BF00084F8FF0194F8FC0140B92078E4490BF037
:100C00001DF894F8FC0184F8FD01CAE70121207861
:100C100000EB800202EBC012DB4800EB820080F8A0
:100C20002C1020460AF080FD20460CF01BFC94F8A6
:100C3000FC0194F8FD11884207D0207804210AF0C5
:100C4000FDFF94F8FC0184F8FD01D4F8B80102F02E
:100C500083FD00F4001018B3207800EB800101EB55
:100C6000C011C94800EB8100D0F8AC01012817D1B0
:100C7000207800EB800101EBC011C34800EB81003C
:100C800090F82E0001280BD14FF40011D4F8B801D0
:100C900002F03CFC4FF48011D4F8B80102F0E6FDFC
:100CA000D4F8B80102F058FD054605F0020058B12D
:100CB000022104F5CE7005F081FD0221D4F8B801BF
:100CC00002F024FC0020607005F0010058B1012101
:100CD00004F5CE7005F072FD0121D4F8B80102F0E0
:100CE00015FC0120607005F4004058B14FF400413C
:100CF00004F5CE7005F062FD4FF40041D4F8B80160
:100D000002F004FC05F4804058B14FF4804104F532
:100D1000CE7005F053FD4FF48041D4F8B80102F0D5
:100D2000F5FB05F4803058B14FF4803104F5CE70F6
:100D300005F044FD4FF48031D4F8B80102F0E6FB31
:100D400005F4003058B14FF4003104F5CE7005F0D1
:100D500035FD4FF40031D4F8B80102F0D7FB05F4AB
:100D6000802058B14FF4802104F5CE7005F026FDA7
:100D70004FF48021D4F8B80102F0C8FB05F400203C
:100D800058B14FF4002104F5CE7005F017FD4FF473
:100D90000021D4F8B80102F0B9FB05F4801058B175
:100DA0004FF4801104F5CE7005F008FD4FF480116A
:100DB000D4F8B80102F0AAFB05F4001058B14FF4C2
:100DC000001104F5CE7005F0F9FC4FF40011D4F8D1
:100DD000B80102F09BFB05F4800058B14FF480018C
:100DE00004F5CE7005F0EAFC4FF48001D4F8B801A8
:100DF00002F08CFB05F4000058B14FF4000104F53B
:100E0000CE7005F0DBFC4FF40001D4F8B80102F01D
:100E10007DFB05F0807058B14FF0807104F5CE7005
:100E200005F0CCFC4FF08071D4F8B80102F06EFBF5
:100E300005F0800048B1802104F5CE7005F0BEFCBD
:100E40008021D4F8B80102F061FB05F4005058B1DC
:100E50004FF4005104F5CE7005F0B0FC4FF4005192
:100E6000D4F8B80102F052FB05F4807058B14FF489
:100E7000807104F5CE7005F0A1FC4FF48071D4F8B8
:100E8000B80102F043FB05F0040048B1042104F569
:100E9000CE7005F093FC0421D4F8B80102F036FBC3
:100EA00005F0080048B1082104F5CE7005F086FC75
:100EB0000821D4F8B80102F029FB05F0100048B170
:100EC000102104F5CE7005F079FC1021D4F8B8019A
:100ED00002F01CFB05F0200048B1202104F5CE7083
:100EE00005F06CFC2021D4F8B80102F00FFB05F0EE
:100EF000400048B1402104F5CE7005F05FFC402170
:100F0000D4F8B80102F002FB05F0800048B180215E
:100F100004F5CE7005F052FC8021D4F8B80102F03F
:100F2000F5FA05F4007058B14FF4007104F5CE7075
:100F300005F044FC4FF40071D4F8B80102F0E6FA71
:100F400005F4806058B14FF4806104F5CE7005F06F
:100F500035FC4FF48061D4F8B80102F0D7FA05F4FB
:100F6000006058B14FF4006104F5CE7005F026FC26
:100F70004FF40061D4F8B80102F0C8FA05F48050CB
:100F800090B14FF4805105E02483FF1F4000002002
:100F90008080003004F5CE7005F010FC4FF48051D5
:100FA000D4F8B80102F0B2FA00BF00BFF9E570470B
:100FB0007047000010B504460C48D0F8F001162820
:100FC00006D10A49D1F8FC014FF4002102F04EFC91
:100FD0000648D0F8F001182806D10449D1F8FC01E0
:100FE0004FF0807102F042FC10BD0000E082FF1F54
:100FF00010B504460C48D0F80404162806D10A4956
:10100000D1F810044FF4002102F030FC0648D0F86B
:101010000404182806D10449D1F810044FF0807157
:1010200002F024FC10BD0000E082FF1F1FB501226A
:101030000321052002F05EFD02A801F01FF96846B9
:1010400000F0C4FF2F49304800F0E9FF00208DF880
:101050000A0030208DF8090000208DF808000520D6
:101060008DF80C0002A801F067F8002001900198AB
:1010700020F01F0001903121019861F310200190B0
:10108000019820F0704000F180500190019820F00C
:10109000706000F180700190019820F4700000F5FC
:1010A0008010019000208DF80000019820F0800051
:1010B0000190684600F038FE00BF202000F0A0FD3F
:1010C0000128FAD100221146042005F05BF8012224
:1010D00011460B2005F056F8502002F043F94FF46A
:1010E000404003F013F804F0EDFC052000F0A1FFF0
:1010F000012001F0BDFE002001F0BAFE012001F048
:1011000081FE1FBD10221100777777072DE9F0418E
:1011100005460C4600BF1448854200D104E040F269
:10112000723112A001F076FD00BF00BF2CB11A4849
:1011300020431949884200D104E040F273310BA0EA
:1011400001F068FD00BF15480440C4F307474FEAAB
:10115000146805F8A57F6E7806F0EA0646EA0806E8
:101160006E70A53DBDE8F081000407402E2E5C6442
:101170007269766572735C686333325F6C6C5F644E
:1011800072697665725C7372635C686333325F6C3C
:101190006C5F63616E2E63002701FFD50000FF15B1
:1011A00010B5044600BF0848844200D104E040F274
:1011B000FA2106A001F02EFD00BF94F8A00000F077
:1011C0007F0084F8A00010BD000407402E2E5C6450
:1011D0007269766572735C686333325F6C6C5F64EE
:1011E00072697665725C7372635C686333325F6CDC
:1011F0006C5F63616E2E63002DE9F04704460E4676
:1012000015464FF0000900BF3D48844200D104E07C
:1012100040F26A213BA001F0FDFC00BF00BF0EB10F
:10122000012E00D104E040F26B2136A001F0F2FC67
:1012300000BF002D5ED000BF2879C0F3401000B978
:1012400004E040F26E212FA001F0E4FC00BF3EB9A3
:1012500094F8A10000F01000B8B16FF0050914E097
:1012600094F8A10000F0060010B16FF005090CE041
:1012700094F8A47094F8A28007F0010018B908F05F
:101280000300032801D16FF00909B9F1000F33D130
:1012900000BF2879C0F3C01030B1286860F060400A
:1012A0006FF06041884209D02879C0F3C01030B98E
:1012B00040F2FF7128680843884200D104E040F200
:1012C000852110A001F0A6FC00BF04F1A10A1C2199
:1012D00001EB4A1000F1844006602946204600F0E8
:1012E00067FC012E08D194F8A20040F0400084F879
:1012F000A20001E06FF002094846BDE8F087000057
:10130000000407402E2E5C647269766572735C6817
:101310006333325F6C6C5F6472697665725C7372A2
:10132000635C686333325F6C6C5F63616E2E630075
:101330002DE9F04706460F4614464FF000080025F9
:101340006FF0020900BF3448864200D104E04FF438
:10135000967132A001F05EFC00BF002F59D0002C26
:1013600057D053E007F0010000284AD000BF05EB3A
:10137000450004EB8000806878B105EB450004EB84
:1013800080008068B0F1804F07D005EB450004EB8A
:1013900080008068B0F1C04F00D104E040F231110C
:1013A0001EA001F037FC00BF00BF05EB450004EBB9
:1013B0008000406860F060406FF06041884200D17A
:1013C00004E04FF4997115A001F024FC00BF06F869
:1013D000B48F05EB450054F820007060307840F081
:1013E0002000307005EB450004EB8000406805EB01
:1013F000450104EB8101896808437060B43E681CB4
:10140000C5B27F1008F1010000F0FF08002FA9D13C
:10141000B9464846BDE8F087000407402E2E5C64BC
:101420007269766572735C686333325F6C6C5F649B
:1014300072697665725C7372635C686333325F6C89
:101440006C5F63616E2E630010B5044600BF0748F1
:10145000844200D104E040F2F53105A001F0DAFB4E
:1014600000BF94F8A30000F0030010BD0004074083
:101470002E2E5C647269766572735C686333325FCA
:101480006C6C5F6472697665725C7372635C6863CE
:1014900033325F6C6C5F63616E2E630070B504461F
:1014A0000D466FF0080600BF0F48844200D104E0EB
:1014B00040F2D2210DA001F0ADFB00BF15B96FF0D5
:1014C00002060FE094F8A30000F0030050B1294693
:1014D000204600F005FA94F8A30040F0100084F8CC
:1014E000A3000026304670BD000407402E2E5C6429
:1014F0007269766572735C686333325F6C6C5F64CB
:1015000072697665725C7372635C686333325F6CB8
:101510006C5F63616E2E63002DE9F05F05460C463B
:101520004FF0000B00BF2048854200D104E04FF48B
:101530004F711EA001F06EFB00BF00BF2CB126480A
:1015400020432549884200D104E040F23D3117A0F4
:1015500001F060FB00BF04F0070604F02007C4F3AD
:101560000728C4F307494FEA146A15F8A00F06408C
:10157000E8780740287900EA0808687900EA09094C
:10158000A879A03D00EA0A0A4EB947B9B8F1000FA0
:1015900005D1B9F1000F02D1BAF1000F01D04FF01F
:1015A000010B5846BDE8F09F000407402E2E5C64F6
:1015B0007269766572735C686333325F6C6C5F640A
:1015C00072697665725C7372635C686333325F6CF8
:1015D0006C5F63616E2E63002701FFD570B5054611
:1015E0000C466FF00206002C4FD02146284600F032
:1015F0004FF815F8A00F40F0800028706068801E3A
:10160000A168491E40EA0121A089401E41EA00412B
:101610002078401E41EA0060A860A87800F0DF0052
:10162000617E01F020010843A870A03DA18A2846F0
:101630002269FFF77DFE95F8A00000F07F0085F895
:10164000A000A17D284600F07BF9E07D217E0843C3
:1016500000F0180015F8A01F01F0E70108432870FA
:10166000E07EA17E40EA0110E871207F617F08439F
:10167000A17F0843E870207DA875A03D206A18B1BD
:101680002846216A00F0DEF90026304670BD0000D1
:1016900070B505460C4600BF5648854200D103E0B0
:1016A000D52155A001F0B6FA00BF00BFA07D0428E7
:1016B00000D803E0D62150A001F0ACFA00BF00BF73
:1016C000E07D10B1E07D102800D103E0D7214AA0D1
:1016D00001F0A0FA00BF00BF207E10B1207E0828D4
:1016E00000D103E0D82144A001F094FA00BF00BF6C
:1016F000607E10B1607E202800D103E0D9213EA099
:1017000001F088FA00BF00BFA07E18B1A07E0A28B1
:1017100000D803E0DA2138A001F07CFA00BF00BF56
:10172000E07E102800D203E0DB2133A001F072FA42
:1017300000BF00BFA08A28B1A08A40F0FF00FF28A8
:1017400000D103E0DC212CA001F064FA00BF00BF4F
:10175000207F10B1207F082800D103E0DD2126A0E2
:1017600001F058FA00BF00BF607F10B1607F4028D1
:1017700000D103E0DE2120A001F04CFA00BF00BF41
:10178000A07F10B1A07F802800D103E0DF211AA044
:1017900001F040FA00BF00BF206820B12068B0F51A
:1017A000807F00D803E0E12113A001F033FA00BFED
:1017B00000BF6068022816D36068412813D8A0686B
:1017C00088B1A06808280ED8E06860B1E0680828F1
:1017D00009D8D4E90110401C814204D3D4E90201A4
:1017E000884200D303E0E22103A001F013FA00BF16
:1017F00070BD0000000407402E2E5C64726976659F
:1018000072735C686333325F6C6C5F6472697665B7
:10181000725C7372635C686333325F6C6C5F6361CC
:101820006E2E63002DE9F04104460D46164600BFBA
:101830001F48844200D104E040F243211DA001F082
:10184000E9F900BF00BF3DB142F6FE20284342F651
:10185000FE21884200D104E04FF4117115A001F07F
:10186000D9F900BF00BF0EB1012E00D104E040F253
:10187000452110A001F0CEF900BFEFB2C5F3072853
:10188000012E09D114F8A40F38432070A07840EA43
:101890000800A070A43C08E014F8A40FB84320701E
:1018A000A07820EA0800A070A43CBDE8F081000008
:1018B000000407402E2E5C647269766572735C6862
:1018C0006333325F6C6C5F6472697665725C7372ED
:1018D000635C686333325F6C6C5F63616E2E6300C0
:1018E000F0B5024601F10805144626680E606668E8
:1018F0004E600E79C6F3C01626B90E88C6F30A06E6
:101900000E6003E00E6826F060460E600E7906F069
:101910000F060A4FBB5D0E79C6F3401616B9022BAF
:1019200000D90223002006E0861C54F8266045F802
:101930002060461CF0B29842F6DBF0BD74F5000062
:1019400030B50022002305290DD2DFE801F00D0398
:1019500005070900402308E0202206E0402204E0B9
:101960004023402201E000BF00BF00BF10F8A04F9D
:1019700004F09F0402F060052C430470447804F0E6
:10198000BF0403F040052C434470A03830BD000074
:1019900070B504460D4600BF0E48844200D104E0F5
:1019A00040F2A9210CA001F035F900BF00BF25B11C
:1019B00045F01600162800D104E040F2AA2106A046
:1019C00001F028F900BF94F8A100284384F8A10091
:1019D00070BD0000000407402E2E5C6472697665BD
:1019E00072735C686333325F6C6C5F6472697665D6
:1019F000725C7372635C686333325F6C6C5F6361EB
:101A00006E2E630001466FF00200D1B104220A601D
:101A100010224A6004228A600222CA6000220A61FF
:101A20008A828A75CA750A764A760A228A760722D7
:101A3000CA7600220A7740224A7700228A770A6211
:101A4000002070472DE9F04105460C466FF0020773
:101A500000BF4B48854200D104E040F25F4149A0FD
:101A600001F0D8F800BF002C7DD000BF607A10B123
:101A7000607A102800D104E040F2624141A001F0F8
:101A8000C9F800BF00BF207A40B1207A022805D0F3
:101A9000207A042802D0207A062800D104E040F2FF
:101AA000634138A001F0B6F800BF00BF60680128AC
:101AB00006D1206860F060406FF06041884207D036
:101AC000606830B940F2FF7120680843884200D155
:101AD00004E040F264412BA001F09CF800BF00BF7D
:101AE000608978B16089B0F5807F0BD06089B0F5EE
:101AF000007F07D06089B0F5407F03D06089B0F5E2
:101B0000806F00D104E040F265411EA001F082F830
:101B100000BF00BFA08918B1A089102800D804E038
:101B200040F2664117A001F075F800BF206820F070
:101B3000004615F8A20F00F0EF00617A01F01001E5
:101B4000084328706189207B401E41EA0030688488
:101B5000207946EAC070C5F81E00E089A884208A72
:101B6000E884687F00E008E000F0F900217A01F0E5
:101B7000060108436877A23D00273846BDE8F0819A
:101B8000000407402E2E5C647269766572735C688F
:101B90006333325F6C6C5F6472697665725C73721A
:101BA000635C686333325F6C6C5F63616E2E6300ED
:101BB000F0B5034601F1080503F150020E68166006
:101BC0004E6856600E7906F00F060C4FBC5D0E791C
:101BD000C6F3401616B9022C00D902240E79C6F3BA
:101BE000801656B9002006E055F82070861C42F891
:101BF0002670461CF0B2A042F6DBF0BD74F5000082
:101C000010B5044600BF24B144F06900692800D132
:101C100004E040F28B5106A000F0FCFF00BF0F482B
:101C20000078204008B1012010BD0020FCE7000032
:101C30002E2E5C647269766572735C686333325F02
:101C40006C6C5F6472697665725C7372635C686306
:101C500033325F6C6C5F636C6B2E63003C400540FD
:101C600070B50446002500BF0CB1012C00D104E082
:101C700040F2E5411FA000F0CDFF00BF00BF2848A3
:101C8000008800F0010000B104E040F2E64119A034
:101C900000F0C0FF00BF64B92248007800F00700E0
:101CA000052801D1C54322E001201E49091D087005
:101CB0001DE01C48DA300068C0F3C01030B94FF4A2
:101CC0008051082000F0BDF9054605E04FF4805131
:101CD000012000F0B6F905464DB900201149091D53
:101CE00008704FF48051202000F0ABF905462846DB
:101CF00070BD00002E2E5C647269766572735C683C
:101D00006333325F6C6C5F6472697665725C7372A8
:101D1000635C686333325F6C6C5F636C6B2E630073
:101D2000FE430540264005402DE9F041044614B924
:101D30006FF002061FE100BF2079C0F3C01018B198
:101D40002079C0F3C01000B104E04FF497618BA07C
:101D500000F060FF00BF00BF207900F01F00401CB2
:101D6000182805D8207900F01F00401C00B104E0BD
:101D700040F2B94181A000F04DFF00BF00BF606894
:101D8000C0F30820401CB0F5F07F06D86068C0F3AF
:101D90000820401C142800D304E040F2BA4177A088
:101DA00000F038FF00BF00BF0121606801EB107038
:101DB000102805D8606801EB1070022800D304E0F9
:101DC00040F2BB416DA000F025FF00BF2079C0F3B9
:101DD000C01008B9744901E074480168207900F026
:101DE0001F00401CB1FBF0F76068C0F30820401CE6
:101DF00000FB07F500BF6E48874203D86D48874255
:101E000000D304E04FF498615CA000F003FF00BF32
:101E100000BF6948854203D84010854200D304E0E2
:101E200040F2C14155A000F0F5FE00BF00BF012106
:101E3000606801EB1070B5FBF0F06049884209D88A
:101E40000121606801EB1070B5FBF0F05C4988423D
:101E500000D304E040F2C24148A000F0DBFE00BF26
:101E600000BF6068C0F30360401C102806D860689B
:101E7000C0F30360401C022800D304E040F2C341D9
:101E80003EA000F0C7FE00BF00BF6068C0F3035073
:101E9000401C102806D86068C0F30350401C02287C
:101EA00000D304E040F2C44134A000F0B3FE00BF10
:101EB00000BF6068C0F30350401CB5FBF0F03F4921
:101EC000884209D86068C0F30350401CB5FBF0F0AD
:101ED0003B49884200D304E040F2C54127A000F00E
:101EE00099FE00BF00BF6068C0F30360401CB5FBF3
:101EF000F0F03249884209D86068C0F30360401CA2
:101F0000B5FBF0F02E49884200D304E040F2C64110
:101F10001AA000F07FFE00BF00BF2078012801D08A
:101F2000207800B904E04FF4996114A000F072FE2B
:101F300000BF00BF2348008800F0010000B104E0AA
:101F400040F2C9410DA000F065FE00BF2079C10933
:101F50001D48006861F3C7101B490860606808608D
:101F6000207820B90120FFF77BFE064603E0002021
:101F7000FFF776FE06463046BDE8F0812E2E5C6403
:101F80007269766572735C686333325F6C6C5F6430
:101F900072697665725C7372635C686333325F6C1E
:101FA0006C5F636C6B2E630000127A000480FF1F6D
:101FB00040787D0140420F0000389C1C00C2EB0BB2
:101FC000C0E1E400FE430540004105400146002019
:101FD00009B9C01E22E000224A604A6822F080024D
:101FE0004A604A6822F01F024A6013234A6863F37A
:101FF00010224A604A6822F0704202F180524A6020
:102000004A6822F0706202F180724A604A6822F4E3
:10201000700202F580124A6001220A70704770B5A2
:1020200004460D462946204604F022F905F04CF9F5
:1020300070BD10B50446204604F0B0FA05F044F92E
:1020400010BDF8B505460C46002000906FF007065D
:1020500009E02846FFF7D4FD012801D1002605E05C
:102060000098401C00900098A042F2D900BF304672
:10207000F8BD000070B50446002500BF0CB1012C6E
:1020800000D104E04FF467711EA000F0C3FD00BF53
:1020900000BF2748008800F0010000B104E040F2D2
:1020A0009D3118A000F0B6FD00BFFCB921480078B2
:1020B00000F00700032802D16FF0050520E01D485D
:1020C000DA300068C0F3C01058B91A48001D007813
:1020D00010B96FF0050513E0012016490C310870A6
:1020E0000EE0012013490C31087009E0002011496D
:1020F0000C3108704FF480510820FFF7A2FF05460D
:10210000284670BD2E2E5C647269766572735C68B9
:102110006333325F6C6C5F6472697665725C737294
:10212000635C686333325F6C6C5F636C6B2E63005F
:10213000FE4305402640054070B5044614B96FF0D3
:1021400002057FE000BF2078012801D0207800B987
:1021500004E04FF45F713CA000F05CFD00BF00BFE5
:10216000607840B16078102805D06078202802D0CF
:102170006078302800D104E040F27D3132A000F0D8
:1021800049FD00BF00BFA07810B1A078402800D161
:1021900004E040F27E312CA000F03CFD00BF00BF07
:1021A000E078802801D0E07800B904E040F27F3187
:1021B00025A000F02FFD00BF00BF2079012817D017
:1021C0002079022814D02079032811D020790428FE
:1021D0000ED0207905280BD02079062808D0207948
:1021E000072805D02079082802D02079092800D1B5
:1021F00004E04FF4607114A000F00CFD00BF00BFBC
:102200001C48008800F0010000B104E040F2813178
:102210000DA000F0FFFC00BF207917490870E0789E
:1022200061780843A1780843124912310870207878
:1022300020B90120FFF71EFF054603E00020FFF74D
:1022400019FF0546284670BD2E2E5C6472697665BE
:1022500072735C686333325F6C6C5F64726976655D
:10226000725C7372635C686333325F6C6C5F636C67
:102270006B2E6300FE430540A2400540014600204E
:1022800009B9C01E08E001220A7000228A704A7053
:102290008022CA7005220A717047000070B504469A
:1022A0002546074828601D20A8800648A8600A2007
:1022B000A8810120A861284604F07AFA70BD0000C8
:1022C00014EE000070EF000070B50446D4F8F80179
:1022D00001F042FA054605F4807050B125F480768D
:1022E00026B13146D4F8F80101F010F94FF48075A9
:1022F00000BFB5F5007F76D015DC102D5DD008DC71
:10230000012D2ED0022D37D0042D40D0082D6BD1B9
:1023100048E0202D5CD0402D68D0802D74D0B5F5DC
:10232000807FF4D17FE0B5F5804F6BD00CDCB5F544
:10233000806F68D0B5F5006F71D0B5F5805F6FD054
:10234000B5F5005FE3D1B0E0B5F5004F69D0B5F564
:10235000803F67D0B5F5003F72D0B5F5802FD6D15C
:10236000E4E0012104F5EE7004F028FA0121D4F82C
:10237000F80101F0CBF8E7E0022104F5EE7004F07B
:102380001DFA0221D4F8F80101F0C0F8DCE00421C4
:1023900004F5EE7004F012FA0421D4F8F80101F00B
:1023A000B5F8D1E0082104F5EE7004F007FA082131
:1023B000D4F8F80101F0AAF8C6E0102104F5EE7097
:1023C00004F0FCF91021D4F8F80101F09FF8BBE00B
:1023D000202104F5EE7004F0F1F92021D4F8F80181
:1023E00001F094F8B0E02CE0ADE0FFE7402104F507
:1023F000EE7004F0E3F94021D4F8F80101F086F81A
:10240000A2E001E05EE029E0802104F5EE7004F036
:10241000D5F98021D4F8F80101F078F894E02AE0A9
:1024200036E05CE068E04FF4807104F5EE7004F093
:10243000C5F94FF48071D4F8F80101F067F883E032
:1024400067E04FF4007104F5EE7004F0B7F94FF453
:102450000071D4F8F80101F059F875E04FF480618B
:1024600004F5EE7004F0AAF94FF48061D4F8F80195
:1024700001F04CF868E04FF4006104F5EE7004F0F0
:102480009DF94FF40061D4F8F80101F03FF85BE0EA
:102490004FF4805104F5EE7004F090F94FF4805140
:1024A000D4F8F80101F032F84EE04FF4005104F591
:1024B000EE7004F083F94FF40051D4F8F80101F004
:1024C00025F841E04FF4804104F5EE7004F076F910
:1024D0004FF48041D4F8F80101F018F834E04FF4DB
:1024E000004104F5EE7004F069F94FF40041D4F8AE
:1024F000F80101F00BF827E04FF4803104F5EE709D
:1025000004F05CF94FF48031D4F8F80100F0FEFFDC
:102510001AE04FF4003104F5EE7004F04FF94FF477
:102520000031D4F8F80100F0F1FF0DE04FF4802104
:1025300004F5EE7004F042F94FF48021D4F8F8016C
:1025400000F0E4FF00E000BF00BF70BD10B5002444
:1025500081E004EB840202EBC413414A02EB8302E4
:1025600002F5AA7104EB840202EBC4133C4A02EBAD
:10257000830202F5A07003F006FA012104EB840047
:1025800000EBC412364800EB820080F84011B6EE32
:10259000000A04EB840000EBC411314800EB810019
:1025A00080ED510A9FED2F0A04EB840000EBC4116B
:1025B0002B4800EB810080ED520A9FED2B0A04EBC3
:1025C000840000EBC411264800EB810080ED530A23
:1025D0009FED250A04EB840000EBC411204800EBBA
:1025E000810080ED540A9FED210A04EB840000EB8A
:1025F000C4111B4800EB810080ED5D0A9FED1A0AB3
:1026000004EB840000EBC411154800EB810080ED61
:102610005E0A9FED170A04EB840000EBC41110481A
:1026200000EB810080ED630A9FED120A04EB840049
:1026300000EBC4110A4800EB810080ED640A9FEDB5
:102640000E0A04EB840000EBC411054800EB810086
:1026500080ED650A641C022CFFF67BAF10BD000004
:102660002483FF1FCDCC4C3D0000000000401C45E2
:1026700000002F440080BB440000FA4410B5002441
:102680006BE004EB840202EBC413354A02EB8302D5
:1026900002F19C0104EB840202EBC413304A02EB0A
:1026A000830202F1880003F06EF9012104EB84003B
:1026B00000EBC4122A4800EB820080F88810B7EEC5
:1026C000000A04EB840000EBC411254800EB8100F4
:1026D00080ED230A9FED230A04EB840000EBC41174
:1026E0001F4800EB810080ED240A9FED1F0A04EBD8
:1026F000840000EBC4111A4800EB810080ED250A2C
:102700009FED190A04EB840000EBC411144800EBA0
:10271000810080ED260AB2EE000A04EB840000EB93
:10272000C4110F4800EB810080ED2F0ABAEE000AB9
:1027300004EB840000EBC411094800EB810080ED3C
:10274000300AB6EE000A04EB840000EBC411044822
:1027500000EB810080ED350A641C022C91DB10BD7A
:102760002483FF1F0AD7233C0000000010B52DED85
:10277000048B002408E104EB840000EBC4118548BD
:1027800000EB810090F89C00002876D004EB8402D6
:1027900002EBC4137F4A02EB830292ED291AF0EE9A
:1027A000410A04EB840202EBC4137A4A02EB83026F
:1027B00092ED281AB0EE410A04EB840202EBC41336
:1027C000744A02EB830202F19C0104EB840202EBE7
:1027D000C413704A02EB830202F1880003F066F82A
:1027E00084BB6D48008802282DDB00206A490880E0
:1027F0006A480088B0F5C87F2ADA04EB840000EB51
:10280000C411644800EB810090ED2D0A64486349CF
:10281000098800EB810080ED000A04EB840000EBE6
:10282000C4115C4800EB810090ED310A5D485B49C2
:10283000098800EB810080ED000A58480088401CA0
:102840005649088004E054480088401C52490880DA
:1028500004EB840000EBC4114E4800EB810090EDC6
:10286000310AF0EEC08AB2EE040AF4EEC08AF1EE4C
:1028700010FA03DDB1EE048A16E084E0B1EE040A3A
:10288000F4EEC08AF1EE10FA02DDB0EE088A0BE039
:10289000B0EE000AF4EEC08AF1EE10FA02DDB7EEF7
:1028A000088A01E09FED408A04EB840000EBC4112C
:1028B000384800EB810090ED2D0AB0EEC09A04EB91
:1028C000840000EBC411334800EB810090F86000F5
:1028D00001281CD104EB840000EBC4112D4800EB4F
:1028E000810090ED2D0AB5EEC00AF1EE10FA09DD77
:1028F00004EB840000EBC411264800EB810090ED4E
:102900002D9A2DE09FED290AB0EE409A28E004EBC5
:10291000840000EBC4111F4800EB810090F86000B8
:1029200002281DD104EB840000EBC411194800EB10
:10293000810090ED2D0AB5EEC00AF1EE10FA0BD22F
:1029400004EB840000EBC411124800EB810090ED11
:102950002D0AB1EE409A03E09FED140AB0EE409AC2
:10296000B4EEC89AF1EE10FA00DD00BF104890ED09
:10297000000A04EB840000EBC411064800EB810060
:1029800080ED3F0A00BF641C022CFFF6F4AEBDECE4
:10299000048B10BD2483FF1F7E80FF1F7C80FF1FE0
:1029A000FC8AFF1F7C97FF1FCDCC4C3F000000002E
:1029B0007880FF1F10B500246BE004EB840202EB6B
:1029C000C413354A02EB830202F1F80104EB8402DE
:1029D00002EBC413304A02EB830202F1E40002F07E
:1029E000D2FF012104EB840000EBC4122A4800EB63
:1029F000820080F8E410B3EE040A04EB840000EBDC
:102A0000C411254800EB810080ED3A0A9FED230AAE
:102A100004EB840000EBC4111F4800EB810080ED43
:102A20003B0A9FED1F0A04EB840000EBC4111A4817
:102A300000EB810080ED3C0A9FED1A0A04EB840054
:102A400000EBC411144800EB810080ED3D0A9FEDBE
:102A5000160A04EB840000EBC4110F4800EB810060
:102A600080ED460A9FED0E0A04EB840000EBC411D2
:102A7000094800EB810080ED470AB6EE000A04EB3E
:102A8000840000EBC411044800EB810080ED4C0A87
:102A9000641C022C91DB10BD2483FF1F0AD7A33CCA
:102AA000000000000000FA440080BB4410B5002480
:102AB0009BE004EB840000EBC4114E4800EB810066
:102AC00090F8F80000287DD004EB840202EBC413D8
:102AD000484A02EB830292ED401AF0EE410A04EB01
:102AE000840202EBC413434A02EB830292ED3F1AC5
:102AF000B0EE410A04EB840202EBC4133D4A02EB40
:102B0000830202F1F80104EB840202EBC413394A98
:102B100002EB830202F1E40002F0C8FE002C57D160
:102B20003548008805284EDB0020334908803348AB
:102B30000088B0F57A7F4BDA04EB840000EBC41117
:102B40002C4800EB810090ED3F0A2D482B49098865
:102B500000EB810080ED000A04EB840000EBC4115F
:102B6000244800EB810090ED400A2648234909885B
:102B700000EB810080ED000A04EB840000EBC4113F
:102B80001C4800EB810090ED440A1F481B4909884E
:102B900000EB810080ED000A04EB840000EBC4111F
:102BA000144800EB810090ED480A18481349098841
:102BB00000EB810080ED000A10480088401C0F499E
:102BC000088005E010E00C480088401C0A49088095
:102BD0000F4890ED000A04EB840000EBC411054897
:102BE00000EB810080ED560A641C022CFFF661AFF9
:102BF00010BD00002483FF1F8A80FF1F8880FF1FF5
:102C0000FCA3FF1F9CB3FF1F3CC3FF1FDCD2FF1FB1
:102C10008080FF1F04460D462A46214602A006F08A
:102C200073F800BFFEE7000057726F6E6720706197
:102C300072616D65746572732076616C75653A209A
:102C400066696C65202573206F6E206C696E652047
:102C500025640D0A0000000038B502460023002557
:102C60000095D81E00BF0D4D2D682C4600BF0C4DA1
:102C70002D68294689B105E00D6805F08003009DA7
:102C80006D1C0095009DA54201D8002BF4D013B116
:102C90008A80002001E06FF0070038BD8882FF1FA6
:102CA0008482FF1F08B50D49096AC1F302630C490C
:102CB0000968D94041F270731944491EB1FBF3F21F
:102CC00006E0009200BF00994B1E00930029FAD144
:102CD000011EA0F10100F4D108BD00000040054034
:102CE0000080FF1F08B50C49096AC1F302630B4954
:102CF0000968D9400A4B1944491EB1FBF3F206E0BA
:102D0000009200BF00994B1E00930029FAD1011ECA
:102D1000A0F10100F4D108BD004005400080FF1F74
:102D2000808D5B0030B587B004460121084600F075
:102D30005DFE03A805F002FA002003901020049025
:102D4000002005904CF24F30ADF8180003AA012185
:102D5000274805F0B9F801221146254805F05EF82C
:102D600001229104224805F059F94120ADF80400F0
:102D70000620ADF806001F48029001A801F02CFAC9
:102D8000BDF90600002807DB00F01F0101228A4080
:102D90001949430941F8232000BFBDF906000F215E
:102DA000002804DB0A07130E144A135406E00A072E
:102DB000150E134A00F00F031B1FD55400BFBDF9B9
:102DC000060000280DDB00BF00BF00F01F0201213C
:102DD00091404209920002F1E022C2F8001100BFC6
:102DE00000BF00BF0121024805F06AF907B030BDFD
:102DF00000400240057E000080E200E000E400E0C8
:102E000018ED00E010B5044600BF0CB1012C00D154
:102E100004E040F2711109A0FFF7FCFE00BF00BF03
:102E200011480068012800D104E04FF4B97103A0F3
:102E3000FFF7F0FE00BF0D48046010BD2E2E5C644D
:102E40007269766572735C686333325F6C6C5F6461
:102E500072697665725C7372635C686333325F6C4F
:102E60006C5F65666D2E6300000401404081204266
:102E700010B5044600BF0CB1012C00D104E040F2B3
:102E8000631109A0FFF7C6FE00BF00BF114800682C
:102E9000012800D104E04FF4B27103A0FFF7BAFE9D
:102EA00000BF0D48046010BD2E2E5C64726976650B
:102EB00072735C686333325F6C6C5F6472697665F1
:102EC000725C7372635C686333325F6C6C5F6566FF
:102ED0006D2E6300000401406081204210B504465D
:102EE00000BF0F480068012800D104E040F21E2115
:102EF0000CA0FFF78FFE00BF00BF40F23F10204341
:102F000040F23F11884200D104E040F21F2105A0A9
:102F1000FFF780FE00BF02481430046010BD0000BF
:102F2000000401402E2E5C647269766572735C68E1
:102F30006333325F6C6C5F6472697665725C737266
:102F4000635C686333325F6C6C5F65666D2E630033
:102F500010B5044600BF0CB1012C00D104E04FF4C1
:102F6000747103A0FFF756FE00BF0C48046010BD4B
:102F70002E2E5C647269766572735C686333325FAF
:102F80006C6C5F6472697665725C7372635C6863B3
:102F900033325F6C6C5F65666D2E6300808120420A
:102FA00010B5044600BF40F23F10204340F23F11ED
:102FB000884200D104E04FF4047106A0FFF72AFE16
:102FC00000BF0F4800682040A04201D1012010BD81
:102FD0000020FCE72E2E5C647269766572735C6873
:102FE0006333325F6C6C5F6472697665725C7372B6
:102FF000635C686333325F6C6C5F65666D2E630083
:10300000100401402DE9F04104460D4600BF374849
:103010000068012800D104E040F2D22134A0FFF77B
:10302000F9FD00BF00BF3D480068012800D104E061
:1030300040F2D3212EA0FFF7EDFD00BF00BFB4F595
:10304000002F0BD33648844202D33648844205D938
:103050003548844203D3B4F1467F00D204E04FF4F4
:10306000357123A0FFF7D6FD00BF00BF04F00300B9
:1030700000B904E040F2D5211DA0FFF7CBFD00BF51
:1030800040F23F10FFF72AFF184808300068274930
:1030900000EA0106154808300068C9430840134992
:1030A000083108600027081D006820F0700040F01B
:1030B0002000091D08602560384600F0E9F98046C7
:1030C0000A480C30006820F0700008490C31086094
:1030D000081F00681549C9430840C94331400843E7
:1030E0000249083108604046BDE8F0810004014013
:1030F0002E2E5C647269766572735C686333325F2E
:103100006C6C5F6472697665725C7372635C686331
:1031100033325F6C6C5F65666D2E63008081204288
:10312000000C0003FB0F0003E0FF17030000010188
:103130002DE9F05F04460E4615466FF0020927465A
:10314000A8464FF4807A00BFB4F5002F0BD32B486C
:10315000844202D32A48844205D92A48844203D3B0
:10316000B4F1467F00D204E040F2462126A0FFF7EA
:1031700051FD00BF00BF6019401EB0F5002F13D3F2
:103180006019401E1D49884204D36019401E1C4925
:10319000884209D96019401E1A49884205D360192E
:1031A000401EB0F1467F00D204E040F2472116A055
:1031B000FFF730FD00BFF6B11E48006AC0F30261A0
:1031C0001D480068C84044F62061B0FBF1FB594639
:1031D000504600F044F960B905E017F8010B06F815
:1031E000010BA8F10108B8F1000FF6D14FF000096A
:1031F00001E06FF004094846BDE8F09F000C0003B1
:10320000FB0F0003E0FF17032E2E5C6472697665E6
:1032100072735C686333325F6C6C5F64726976658D
:10322000725C7372635C686333325F6C6C5F65669B
:103230006D2E6300004005400080FF1F2DE9F04126
:10324000044600BFB4F5002F00D204E040F2633121
:1032500034A0FFF7DFFC00BF00BF04F0030000B99B
:1032600004E04FF459712FA0FFF7D4FC00BF00BF5A
:1032700037480068012800D104E040F2653129A0F8
:10328000FFF7C8FC00BF00BF32480068012800D12A
:1032900004E040F2663123A0FFF7BCFC00BF40F21F
:1032A0003F10FFF71BFE2A48083000682A4900EA51
:1032B0000106274808300068C943084024490831FE
:1032C00008600027081D006820F0700040F04000F2
:1032D000091D0860002020602048006AC0F30261D8
:1032E0001F480068C8403221B0FBF1F8414638461B
:1032F00000F094F8054616480C30006820F0700085
:1033000013490C310860081F00681349C94308407D
:10331000C943314008430E49083108602846BDE8DA
:10332000F08100002E2E5C647269766572735C68B1
:103330006333325F6C6C5F6472697665725C737262
:10334000635C686333325F6C6C5F65666D2E63002F
:10335000000401408081204200000101004005403E
:103360000080FF1F70B50446002500BF1D4800689F
:10337000012800D104E040F24F111BA0FFF74AFCE6
:1033800000BF00BFF02C00D804E04FF4A87116A0D5
:10339000FFF740FC00BF13480830006820F0F00041
:1033A00004F0F00108430F490831086010E06D1C7B
:1033B0001848006AC0F3026117480068C84044F624
:1033C0002061B0FBF1F0A84202D26FF0070070BD9F
:1033D00004480830006800F0F000A042E7D1002067
:1033E000F5E70000000401402E2E5C6472697665EA
:1033F00072735C686333325F6C6C5F6472697665AC
:10340000725C7372635C686333325F6C6C5F6566B9
:103410006D2E6300004005400080FF1F70B504461C
:103420000E4600254FF4807101FA04F0314600F099
:1034300016F810F1080F00D16D1F75B9102101FAAF
:1034400004F0FFF7ADFD012805D1102101FA04F0C9
:10345000FFF744FD01E04FF0FF35284670BDF8B599
:1034600005460C4600200090002608E00098401C0D
:1034700000900098A04202D96FF0070604E02846A9
:10348000FFF78EFD0128F1D100BF3046F8BD0000E6
:1034900070B5044600251B48006AC0F302611A4853
:1034A0000068C84044F62061B0FBF1F64FF480712B
:1034B00001FA04F03146FFF7D2FF10F1080F00D1F6
:1034C0006D1FEDB9082101FA04F0FFF769FD01282D
:1034D00006D1082101FA04F0FFF700FD4FF0FF3597
:1034E00075B9102101FA04F0FFF75AFD012805D142
:1034F000102101FA04F0FFF7F1FC01E04FF0FF3575
:10350000284670BD004005400080FF1F70B504468E
:103510000D460CB1207B38B900BF06A207A10020E0
:1035200002F01AFD00BF70BD2068A843206000BFF4
:10353000F9E700004552524F520000001B5B333147
:103540006D5B25735D204576656E7447726F75708F
:1035500020636C6561723A20696E76616C696420E3
:1035600067726F75701B5B306D0D0A0038B50546CC
:103570001DB12846FCF7F0FE40B900BF27A229A1E3
:10358000002002F0E9FC00BF002038BD284600F012
:10359000BDF848B100BF2B4620A22EA1002002F0AA
:1035A000DBFC00BF0020F0E700242CE0384800EBF3
:1035B0004410007B002825D1354901EB441020211F
:1035C000FCF7B3FE0120324901EB44110873304986
:1035D00001EB441101F10D000F222946FCF7B0FE6A
:1035E00000212B4800EB4410017700BF234629A29D
:1035F0002AA10020009502F0AFFC00BF244800EB98
:103600004410C2E7641C202CD0DB00BF03A231A110
:10361000002002F0A1FC00BF0020B6E74552524F47
:10362000520000001B5B33316D5B25735D204576D6
:10363000656E7447726F7570206372656174653A68
:10364000206E616D65206973204E554C4C1B5B30BC
:103650006D0D0A001B5B33316D5B25735D20457674
:10366000656E7447726F7570206372656174653A38
:10367000206E616D6520616C72656164792065788A
:103680006973747320282573291B5B306D0D0A0044
:1036900068AC0020494E464F000000001B5B3332EF
:1036A0006D5B25735D204576656E7447726F75702E
:1036B00020637265617465204F4B20286964783AF5
:1036C00025642C206E616D653A2573291B5B306D76
:1036D0000D0A00001B5B33316D5B25735D20457661
:1036E000656E7447726F75702063726561746520D2
:1036F0006661696C65643A206E6F2066726565204C
:1037000067726F75701B5B306D0D0A0070B50546F2
:103710001DB12846FCF720FE08B9002070BD00242A
:1037200013E00C4800EB4410007B68B1094901EB41
:10373000441101F10D0010222946FCF72FFE18B9A3
:10374000044800EB4410E9E7641C202CE9DB00206E
:10375000E4E7000068AC002010B504460CB1207B03
:1037600040B900BF04A206A1002002F0F5FB00BF93
:10377000002010BD2068FCE74552524F5200000067
:103780001B5B33316D5B25735D204576656E744739
:10379000726F7570206765743A20696E76616C6926
:1037A000642067726F75701B5B306D0D0A0000003E
:1037B0002DE9F04704460E461746984614B1207B83
:1037C00000B14EB900BF1BA21CA1002002F0C4FB37
:1037D00000BF0020BDE8F087207A20B908F0CCFCBB
:1037E000606001212172D4F8009009EA0605012FDA
:1037F00006D17DB129462046FFF788FE2846E9E735
:10380000022F07D1B54205D131462046FFF77EFE93
:103810002846DFE708F1010050B108F0ADFC824610
:103820006068AAEB0000404501D30020D2E700BF4A
:103830000020CFE74552524F520000001B5B33314E
:103840006D5B25735D204576656E7447726F75708C
:1038500020726563763A20696E76616C69642070C7
:103860006172616D1B5B306D0D0A000070B504461E
:103870000D460CB1207B38B900BF06A207A100207D
:1038800002F06AFB00BF70BD20682843206000BFC3
:10389000F9E700004552524F520000001B5B3331E4
:1038A0006D5B25735D204576656E7447726F75702C
:1038B0002073656E643A20696E76616C6964206776
:1038C000726F75701B5B306D0D0A000070B5044699
:1038D0000D4600BF2CB1174820431649884200D13D
:1038E00003E0712114A0FFF795F900BF00BF0DB1EF
:1038F000012D00D103E072210FA0FFF78BF900BF6B
:1039000000BF1848006900F0010000B103E0732116
:1039100009A0FFF77FF900BF012D05D1114800680C
:10392000A0431049086004E00E48006820430D4998
:10393000086070BD11C5F38F2E2E5C6472697665C8
:1039400072735C686333325F6C6C5F647269766556
:10395000725C7372635C686333325F6C6C5F666366
:10396000672E63000080044070B504460D4600BF1A
:103970002CB1114820431049884200D103E0842132
:103980000EA0FFF747F900BF00BF0DB1012D00D118
:1039900003E0852109A0FFF73DF900BF012D05D106
:1039A00011484068A0431049486004E00E48406850
:1039B00020430D49486070BD79FD0F0F2E2E5C64C9
:1039C0007269766572735C686333325F6C6C5F64D6
:1039D00072697665725C7372635C686333325F6CC4
:1039E0006C5F6663672E63000080044070B5044618
:1039F0000D4600BF2CB1114820431049884200D128
:103A000003E096210EA0FFF705F900BF00BF0DB13E
:103A1000012D00D103E0972109A0FFF7FBF800BFBB
:103A2000012D05D111488068A0431049886004E049
:103A30000E48806820430D49886070BDFF870700ED
:103A40002E2E5C647269766572735C686333325FD4
:103A50006C6C5F6472697665725C7372635C6863D8
:103A600033325F6C6C5F6663672E630000800440D6
:103A700070B504460D4600BF3CB141F2031020432F
:103A800041F20311884200D103E0A8210DA0FFF705
:103A9000C1F800BF00BF0DB1012D00D103E0A92185
:103AA00008A0FFF7B7F800BF012D05D11048C06886
:103AB000A0430F49C86004E00D48C06820430C498A
:103AC000C86070BD2E2E5C647269766572735C6826
:103AD0006333325F6C6C5F6472697665725C7372BB
:103AE000635C686333325F6C6C5F6663672E630090
:103AF000008004402DE9F04104460D46904600BF89
:103B00002548008800F0010000B104E040F2812166
:103B100022A0FFF77FF800BF00BF4CB1012C07D0F7
:103B2000022C05D0032C03D0042C01D0052C00D18D
:103B300004E040F2822119A0FFF76CF800BF00BF3B
:103B400015B1A8B200B104E040F2832113A0FFF741
:103B500061F800BF002719E005F0010088B10E48A8
:103B6000001D00EB841000EB8706B8F1010F04D1B3
:103B7000308840F40040308003E03088C0F30E000D
:103B800030806D1005B903E0781CC7B2102FE3D365
:103B900000BFBDE8F0810000FC3B05402E2E5C64B8
:103BA0007269766572735C686333325F6C6C5F64F4
:103BB00072697665725C7372635C686333325F6CE2
:103BC0006C5F6770696F2E63000000002DE9F05F85
:103BD00005460E4614464FF0000B14B96FF0020B69
:103BE000D9E000BF6D48008800F0010000B104E09A
:103BF0004FF480716AA0FFF70DF800BF00BF4DB110
:103C0000012D07D0022D05D0032D03D0042D01D0A6
:103C1000052D00D104E040F2011161A0FEF7FAFF8A
:103C200000BF00BF16B1B0B200B104E04FF4817123
:103C30005BA0FEF7EFFF00BF00BF208810B1208817
:103C4000012800D104E040F2031155A0FEF7E2FF85
:103C500000BF00BF608810B16088022800D104E076
:103C60004FF482714EA0FEF7D5FF00BF00BFA088C1
:103C700010B1A088042800D104E040F2051148A04A
:103C8000FEF7C8FF00BF00BFE08828B1E088102819
:103C900002D0E088202800D104E04FF4837140A0D6
:103CA000FEF7B8FF00BF00BF208918B12089B0F52A
:103CB000804F00D104E040F2071139A0FEF7AAFFBF
:103CC00000BF00BF608910B16089402800D104E0C6
:103CD0004FF4847132A0FEF79DFF00BF00BFA089A2
:103CE00018B1A089B0F5007F00D104E040F20911BD
:103CF0002BA0FEF78FFF00BF00BFE08918B1E0895D
:103D0000B0F5805F00D104E04FF4857124A0FEF788
:103D100081FF00BF00BF208A18B1208AB0F5004F94
:103D200000D104E040F20B111DA0FEF773FF00BFAD
:103D300000272DE006F0010028B3208861880843A1
:103D4000A1880843E188084361890843A1890843A1
:103D5000E1890843218940EA010A45F27728208A4F
:103D600040EA0A0A48F400480C48001D00EB8510A0
:103D700000EB8709B9F8000020EA08000AEA080108
:103D80000843A9F80000761006B903E0781CC7B212
:103D9000102FCFD300BF5846BDE8F09FFC3B054035
:103DA0002E2E5C647269766572735C686333325F71
:103DB0006C6C5F6472697665725C7372635C686375
:103DC00033325F6C6C5F6770696F2E6300000000B8
:103DD00070B504460D4600BF4CB1012C07D0022C33
:103DE00005D0032C03D0042C01D0052C00D104E015
:103DF0004FF4FF710CA0FEF70DFF00BF00BF15B11F
:103E0000A8B200B104E040F2FF1107A0FEF702FFE4
:103E100000BF114901EB0410B0F80008284008B1B8
:103E2000012070BD0020FCE72E2E5C64726976656F
:103E300072735C686333325F6C6C5F647269766561
:103E4000725C7372635C686333325F6C6C5F677063
:103E5000696F2E63000000000030054070B5044615
:103E60000D4600BF4CB1012C07D0022C05D0032C0D
:103E700003D0042C01D0052C00D104E040F24A21EB
:103E80000BA0FEF7C7FE00BF00BF15B1A8B200B17E
:103E900004E040F24B2106A0FEF7BCFE00BF104834
:103EA000102101FB040630882843308070BD0000DB
:103EB0002E2E5C647269766572735C686333325F60
:103EC0006C6C5F6472697665725C7372635C686364
:103ED00033325F6C6C5F6770696F2E6300000000A7
:103EE0000A38054070B504460D4600BF24B144F0C1
:103EF0001F001F2800D104E04FF4B27118A0FEF794
:103F000089FE00BF00BF0DB1012D00D104E040F2D9
:103F1000651113A0FEF77EFE00BF00BF1C4800889D
:103F200000F0010000B104E04FF4B3710CA0FEF703
:103F300071FE00BF012D09D115480838008804F032
:103F40001F01084312490839088008E01048083862
:103F5000008804F01F0188430D490839088070BDAE
:103F60002E2E5C647269766572735C686333325FAF
:103F70006C6C5F6472697665725C7372635C6863B3
:103F800033325F6C6C5F6770696F2E6300000000F6
:103F9000FC3B05402DE9F04104460D46164600BFA6
:103FA0004CB1012C07D0022C05D0032C03D0042CDB
:103FB00001D0052C00D104E04FF4BE7124A0FEF71F
:103FC00029FE00BF00BF15B1A8B200B104E040F265
:103FD0007D111FA0FEF71EFE00BF00BF0F2E03D9EC
:103FE000202E02D33B2E00D804E04FF4BF7118A05E
:103FF000FEF710FE00BF00BF2148008800F001005E
:1040000000B104E040F27F1111A0FEF703FE00BFF3
:10401000002717E005F0010078B11948801D00EB7A
:10402000841000EB8708B8F800004FF6C071084014
:1040300006F03F010843A8F800006D1005B903E041
:10404000781CC7B2102FE5D300BFBDE8F081000097
:104050002E2E5C647269766572735C686333325FBE
:104060006C6C5F6472697665725C7372635C6863C2
:1040700033325F6C6C5F6770696F2E630000000005
:10408000FC3B054070B504460D4600BF4CB1012C09
:1040900007D0022C05D0032C03D0042C01D0052C12
:1040A00000D104E04FF40E710BA0FEF7B3FD00BF8A
:1040B00000BF15B1A8B200B104E040F2392106A05A
:1040C000FEF7A8FD00BF1048102101FB0406308850
:1040D0002843308070BD00002E2E5C6472697665C6
:1040E00072735C686333325F6C6C5F6472697665AF
:1040F000725C7372635C686333325F6C6C5F6770B1
:10410000696F2E63000000000838054010B50446B2
:1041100000BF44B1B4F5804F05D0B4F5004F02D0D4
:10412000B4F5404F00D104E04FF4ED710EA0FEF75E
:1041300071FD00BF00BF1848008800F0010000B109
:1041400004E040F2DB1108A0FEF764FD00BF124856
:10415000001F0088C0F30D0004F4404108430E49DD
:10416000091F088010BD00002E2E5C647269766500
:1041700072735C686333325F6C6C5F64726976651E
:10418000725C7372635C686333325F6C6C5F677020
:10419000696F2E6300000000FC3B054001460020D3
:1041A00009B9C01E09E000220A804A80CA800A823A
:1041B0000A814A818A81CA818A80704770B5054622
:1041C0000C461DB92046FEF7ADFD01E0002070BD94
:1041D00000BF0120FBE7000070B5044600260CB9C3
:1041E000F61E4BE000BF2088B0F5007F00DA03E048
:1041F000CD2123A0FEF70EFD00BF2088400900EB73
:104200004000202101EB4000B4F9021088420AD896
:104210002088400900EB4000252101EB4000B4F963
:104220000210884206D2B4F90200202802D36FF0AF
:10423000020623E060881F49042212FB001528684B
:10424000C0F3080040F2FF11884208D1208828609E
:10425000B4F90210184A606842F821000EE0208884
:104260002968C1F30801884206D1B4F90210124A44
:10427000606842F8210001E06FF00106304670BD31
:104280002E2E5C647269766572735C686333325F8C
:104290006C6C5F6472697665725C7372635C686390
:1042A00033325F6C6C5F696E7465727275707473B3
:1042B0002E6300005C10054014B5002010B50349C2
:1042C00008688047BFF34F8F10BD000014B5002071
:1042D00010B5034948688047BFF34F8F10BD0000F9
:1042E00014B5002010B5034988688047BFF34F8F8D
:1042F00010BD000014B5002010B50349C868804700
:10430000BFF34F8F10BD000014B5002010B5034956
:1043100008698047BFF34F8F10BD000014B500201F
:1043200010B5034948698047BFF34F8F10BD0000A7
:1043300014B5002010B5034988698047BFF34F8F3B
:1043400010BD000014B5002010B50349C8698047AE
:10435000BFF34F8F10BD000014B5002010B5034906
:10436000086A8047BFF34F8F10BD000014B50020CE
:1043700010B50349486A8047BFF34F8F10BD000056
:1043800014B5002010B50349886A8047BFF34F8FEA
:1043900010BD000014B5002010B50349C86A80475D
:1043A000BFF34F8F10BD000014B5002010B50349B6
:1043B000086B8047BFF34F8F10BD000014B500207D
:1043C00010B50349486B8047BFF34F8F10BD000005
:1043D00014B5002010B50349886B8047BFF34F8F99
:1043E00010BD000014B5002010B50349C86B80470C
:1043F000BFF34F8F10BD000014B5002010B5034966
:10440000086C8047BFF34F8F10BD000014B500202B
:1044100010B50349486C8047BFF34F8F10BD0000B3
:1044200014B5002010B50349886C8047BFF34F8F47
:1044300010BD000014B5002010B50349C86C8047BA
:10444000BFF34F8F10BD000014B5002010B5034915
:10445000086D8047BFF34F8F10BD000014B50020DA
:1044600010B50349486D8047BFF34F8F10BD000062
:1044700014B5002010B50349886D8047BFF34F8FF6
:1044800010BD000014B5002010B50349C86D804769
:10449000BFF34F8F10BD000014B5002010B50349C5
:1044A000086E8047BFF34F8F10BD000014B5002089
:1044B00010B50349486E8047BFF34F8F10BD000011
:1044C00014B5002010B50349886E8047BFF34F8FA5
:1044D00010BD000014B5002010B50349C86E804718
:1044E000BFF34F8F10BD000014B5002010B5034975
:1044F000086F8047BFF34F8F10BD000014B5002038
:1045000010B50349486F8047BFF34F8F10BD0000BF
:1045100014B5002010B50349886F8047BFF34F8F53
:1045200010BD000014B5002010B50349C86F8047C6
:10453000BFF34F8F10BD000014B5002010B5034924
:10454000D1F880008047BFF34F8F10BD14B5002015
:1045500010B50349D1F884008047BFF34F8F10BDD9
:1045600014B5002010B50349D1F888008047BFF387
:104570004F8F10BD14B5002010B50349D1F88C0041
:104580008047BFF34F8F10BD14B5002010B503490D
:10459000D1F890008047BFF34F8F10BD14B50020B5
:1045A00010B50349D1F894008047BFF34F8F10BD79
:1045B00014B5002010B50349D1F898008047BFF327
:1045C0004F8F10BD14B5002010B50349D1F89C00E1
:1045D0008047BFF34F8F10BD14B5002010B50349BD
:1045E000D1F8A0008047BFF34F8F10BD14B5002055
:1045F00010B50349D1F8A4008047BFF34F8F10BD19
:1046000014B5002010B50349D1F8A8008047BFF3C6
:104610004F8F10BD14B5002010B50349D1F8AC0080
:104620008047BFF34F8F10BD14B5002010B503496C
:10463000D1F8B0008047BFF34F8F10BD14B50020F4
:1046400010B50349D1F8B4008047BFF34F8F10BDB8
:1046500014B5002010B50349D1F8B8008047BFF366
:104660004F8F10BD14B5002010B50349D1F8BC0020
:104670008047BFF34F8F10BD14B5002010B503491C
:10468000D1F8C0008047BFF34F8F10BD14B5002094
:1046900010B50349D1F8C4008047BFF34F8F10BD58
:1046A00014B5002010B50349D1F8C8008047BFF306
:1046B0004F8F10BD14B5002010B50349D1F8CC00C0
:1046C0008047BFF34F8F10BD14B5002010B50349CC
:1046D000D1F8D0008047BFF34F8F10BD14B5002034
:1046E00010B50349D1F8D4008047BFF34F8F10BDF8
:1046F00014B5002010B50349D1F8D8008047BFF3A6
:104700004F8F10BD14B5002010B50349D1F8DC005F
:104710008047BFF34F8F10BD14B5002010B503497B
:10472000D1F8E0008047BFF34F8F10BD14B50020D3
:1047300010B50349D1F8E4008047BFF34F8F10BD97
:1047400014B5002010B50349D1F8E8008047BFF345
:104750004F8F10BD14B5002010B50349D1F8EC00FF
:104760008047BFF34F8F10BD14B5002010B503492B
:10477000D1F8F0008047BFF34F8F10BD14B5002073
:1047800010B50349D1F8F4008047BFF34F8F10BD37
:1047900014B5002010B50349D1F8F8008047BFF3E5
:1047A0004F8F10BD14B5002010B50349D1F8FC009F
:1047B0008047BFF34F8F10BD14B5002010B50349DB
:1047C000D1F800018047BFF34F8F10BD14B5002012
:1047D00010B50349D1F804018047BFF34F8F10BDD6
:1047E00014B5002010B50349D1F808018047BFF384
:1047F0004F8F10BD14B5002010B50349D1F80C013E
:104800008047BFF34F8F10BD14B5002010B503498A
:10481000D1F810018047BFF34F8F10BD14B50020B1
:1048200010B50349D1F814018047BFF34F8F10BD75
:1048300014B5002010B50349D1F818018047BFF323
:104840004F8F10BD14B5002010B50349D1F81C01DD
:104850008047BFF34F8F10BD14B5002010B503493A
:10486000D1F820018047BFF34F8F10BD14B5002051
:1048700010B50349D1F824018047BFF34F8F10BD15
:1048800014B5002010B50349D1F828018047BFF3C3
:104890004F8F10BD14B5002010B50349D1F82C017D
:1048A0008047BFF34F8F10BD14B5002010B50349EA
:1048B000D1F830018047BFF34F8F10BD14B50020F1
:1048C00010B50349D1F834018047BFF34F8F10BDB5
:1048D00014B5002010B50349D1F838018047BFF363
:1048E0004F8F10BD14B5002010B50349D1F83C011D
:1048F0008047BFF34F8F10BD14B5002010B503499A
:10490000D1F840018047BFF34F8F10BD14B5002090
:1049100010B50349D1F844018047BFF34F8F10BD54
:1049200014B5002010B50349D1F848018047BFF302
:104930004F8F10BD14B5002010B50349D1F84C01BC
:104940008047BFF34F8F10BD14B5002010B5034949
:10495000D1F850018047BFF34F8F10BD14B5002030
:1049600010B50349D1F854018047BFF34F8F10BDF4
:1049700014B5002010B50349D1F858018047BFF3A2
:104980004F8F10BD14B5002010B50349D1F85C015C
:104990008047BFF34F8F10BD14B5002010B50349F9
:1049A000D1F860018047BFF34F8F10BD14B50020D0
:1049B00010B50349D1F864018047BFF34F8F10BD94
:1049C00014B5002010B50349D1F868018047BFF342
:1049D0004F8F10BD14B5002010B50349D1F86C01FC
:1049E0008047BFF34F8F10BD14B5002010B50349A9
:1049F000D1F870018047BFF34F8F10BD14B5002070
:104A000010B50349D1F874018047BFF34F8F10BD33
:104A100014B5002010B50349D1F878018047BFF3E1
:104A20004F8F10BD14B5002010B50349D1F87C019B
:104A30008047BFF34F8F10BD14B5002010B5034958
:104A4000D1F880018047BFF34F8F10BD14B500200F
:104A500010B50349D1F884018047BFF34F8F10BDD3
:104A600014B5002010B50349D1F888018047BFF381
:104A70004F8F10BD14B5002010B50349D1F88C013B
:104A80008047BFF34F8F10BD14B5002010B5034908
:104A9000D1F890018047BFF34F8F10BD14B50020AF
:104AA00010B50349D1F894018047BFF34F8F10BD73
:104AB00014B5002010B50349D1F898018047BFF321
:104AC0004F8F10BD14B5002010B50349D1F89C01DB
:104AD0008047BFF34F8F10BD14B5002010B50349B8
:104AE000D1F8A0018047BFF34F8F10BD14B500204F
:104AF00010B50349D1F8A4018047BFF34F8F10BD13
:104B000014B5002010B50349D1F8A8018047BFF3C0
:104B10004F8F10BD14B5002010B50349D1F8AC017A
:104B20008047BFF34F8F10BD14B5002010B5034967
:104B3000D1F8B0018047BFF34F8F10BD14B50020EE
:104B400010B50349D1F8B4018047BFF34F8F10BDB2
:104B500014B5002010B50349D1F8B8018047BFF360
:104B60004F8F10BD14B5002010B50349D1F8BC011A
:104B70008047BFF34F8F10BD14B5002010B5034917
:104B8000D1F8C0018047BFF34F8F10BD14B500208E
:104B900010B50349D1F8C4018047BFF34F8F10BD52
:104BA00014B5002010B50349D1F8C8018047BFF300
:104BB0004F8F10BD14B5002010B50349D1F8CC01BA
:104BC0008047BFF34F8F10BD14B5002010B50349C7
:104BD000D1F8D0018047BFF34F8F10BD14B500202E
:104BE00010B50349D1F8D4018047BFF34F8F10BDF2
:104BF00014B5002010B50349D1F8D8018047BFF3A0
:104C00004F8F10BD14B5002010B50349D1F8DC0159
:104C10008047BFF34F8F10BD14B5002010B5034976
:104C2000D1F8E0018047BFF34F8F10BD14B50020CD
:104C300010B50349D1F8E4018047BFF34F8F10BD91
:104C400014B5002010B50349D1F8E8018047BFF33F
:104C50004F8F10BD14B5002010B50349D1F8EC01F9
:104C60008047BFF34F8F10BD14B5002010B5034926
:104C7000D1F8F0018047BFF34F8F10BD14B500206D
:104C800010B50349D1F8F4018047BFF34F8F10BD31
:104C900014B5002010B50349D1F8F8018047BFF3DF
:104CA0004F8F10BD14B5002010B50349D1F8FC0199
:104CB0008047BFF34F8F10BD14B5002070B5044678
:104CC000002512E0665D062E01DB002070BD06EBBC
:104CD000860101EBC601074A02EB810000F022F8D1
:104CE00008B90020F2E7681CC5B2207AA842E9DCC6
:104CF0000120EBE73889FF1F10B586B0044601A8F4
:104D0000FFF74CFA0020ADF80600207A10B94020D9
:104D1000ADF80E00A28891B2207801AAFEF756FFE6
:104D200006B010BD30B501464868037A0022002065
:104D30000CE00C7804EB8404084D05EB4404245C7F
:104D40009C4201D1541CE2B2441CE0B20A28F0DBC0
:104D50000A2A01DB012030BD0020FCE7FC88FF1F90
:104D600070B500253DE005EB850000EBC5001E4950
:104D700001EB8004257005EB45001C4901EB800028
:104D80006060002084F82600206384F8240084F802
:104D900025006068FFF7B0FF1548A0600421A181DD
:104DA000144921610421A1820021216204F108003B
:104DB00001F0FEFC00200DE06168097A09B90121CB
:104DC00000E0002105EB85020B4B03EB420211547E
:104DD000411CC8B20A28EFDB002008494855681C6E
:104DE000C5B2062DBFDB70BD3889FF1FD8DF0000BC
:104DF00078DF0000A8DF0000FC88FF1F4080FF1F55
:104E00007FB504460D4616460020009001900290A2
:104E10000390009401958DF8086001F0A9FF0390BC
:104E20000223102269463D2000F0FEFB7FBD0000FA
:104E300010B5214C214820602720A0802048A06088
:104E40000E20A0810120A061204601F0B1FC01F0FC
:104E500039FC1C49086001F035FC1B49086001F071
:104E600031FC1A49086001F02DFC19490860154809
:104E7000006820B117491348006801F057FC124838
:104E8000006820B114491048006801F04FFC0F4839
:104E9000006820B111490D48006801F047FC0C483A
:104EA000006820B10E490A48006801F03FFC0D4936
:104EB0003D2000F04BFC10BD708AFF1F20E0000079
:104EC000F4E100005080FF1F5480FF1F5880FF1F37
:104ED0005C80FF1FF188000005890000198900002F
:104EE0002D890000556A000010B51448047C052C7B
:104EF00006D0062C05D00B2C0FD00C2C1AD10DE0AF
:104F000000BF0F48007838B90D48407820B94FF4F9
:104F100080710A4801F052FC0DE000BF084800789B
:104F200038B90748407820B94FF48031034801F080
:104F300045FC00E000BF00BF10BD0000708AFF1FED
:104F40004C80FF1FF8B501F013FF06460027002430
:104F500028E004EB840202EBC402634B03EB820201
:104F60005268928891B204EB840202EBC40203EB14
:104F7000820252681078FEF72BFF054604EB84008E
:104F80005A4901EB40005A49095D45545848005DB3
:104F9000401C0A21B0FBF1F201FB120054490855F4
:104FA000601CC4B2062CD4DB002427E004EB4400D0
:104FB000504901EBC0052846FFF780FEC0B101272C
:104FC0004D4850F82400E968884207D24A4850F812
:104FD0002400401C484941F824000DE00222D5E994
:104FE0000401FFF70DFF0020434941F8240003E0CE
:104FF0000020414941F82400601CC4B2002CD5D0E7
:10500000002000906AE09DF8000000EB800101EBB9
:10501000C000354901EB80042046FFF783FE84F889
:1050200024001FB1012084F8260002E0002084F84B
:10503000260094F8240094F8251088422BD014F808
:10504000240F607014F8240940B1A6620020206388
:10505000002104F1080001F0B1FB1CE0E66201212F
:1050600004F1080001F0AAFB94F8260068B9D4E91D
:105070000A10451A60684089A84205D9012269468C
:105080009DF80000FFF7BCFE00BF032269469DF8B3
:105090000000FFF7B5FEA06902281AD194F8240099
:1050A000B8B194F82600A0B9206B401C2063616859
:1050B0004989206B88420CD3022104F1080001F0D9
:1050C0007DFB00202063022269469DF80000FFF767
:1050D00097FE9DF80000401CC0B200909DF80000B3
:1050E000062890DBF8BD00003889FF1FFC88FF1FF1
:1050F0004080FF1F60DF00004880FF1F30B503467F
:1051000018480078834200DA09B9002030BD0868E9
:1051100010B10868007908B90020F7E7C3EBC300B5
:10512000114C04EBC00292F8350088B192F82400CB
:1051300003280DD1D0680C68A04209D1107C0C79ED
:10514000A04205D154698868844201D10120DDE77D
:1051500091E83100C2E907459061012082F82400FE
:1051600000BFD3E7D7E300008C8AFF1F70B5054668
:105170000C460CB9002070BD0DB90020FBE70020E3
:1051800020606060A06000211EE001EB4100144A35
:1051900052F820002840A84214D101EB410002EB54
:1051A00080000079207001EB410002EB8000407923
:1051B000607001EB410002EB8000806860600120BC
:1051C0002072D8E7481CC1B21829DED321462846F0
:1051D00006F02AF908B10120CDE70020CBE7000056
:1051E0009CE200000146162901DB0020704701EB1C
:1051F0004100024A02EB8000F8E70000B4E400003E
:1052000070B500F059F800252EE0C5EBC50019492E
:1052100001EBC00405EB8500174901EB4000016874
:10522000216041686160008920810020E060206188
:105230006061A061E061206284F8240084F82500A8
:10524000A062E062206384F8340084F8350084F8BA
:10525000360084F83700204606F026FC0021204660
:1052600006F0ACFC681CC5B2044800788542CCDB73
:1052700070BD00008C8AFF1FBCE30000D7E3000074
:1052800070B505460A480078854200DB70BDC5EB65
:10529000C500084901EBC004002084F83600012055
:1052A00084F8340001F064FDA06200BFEEE7000066
:1052B000D7E300008C8AFF1F7047000010B504463A
:1052C00006480078844200DB10BDC4EBC401044AE8
:1052D00002EBC10006F062FC00BFF5E7D7E3000077
:1052E0008C8AFF1F2DE9F04101F042FD05461E4862
:1052F0000068281A0A2801D2BDE8F0811A48056022
:1053000000262AE0C6EBC600184901EBC00494F859
:105310002400012802D1204606F0E7FB94F835006E
:1053200028B194F8340010B194F8360000B112E0BE
:10533000E06800B90FE0E068006894F8251000EB21
:105340008108A06A2F1AB8F80000B84202D8204697
:1053500006F0E6FB00BF701CC6B205480078864226
:10536000D0DB00BFC8E700007080FF1F8C8AFF1FE2
:10537000D7E3000010B5044604F0010048B100BFB7
:1053800040F223101A49086043F21020086000BF61
:1053900000BF04F0020028B100BF1648164908619A
:1053A00000BF00BF04F0040030B100BF4AF201505A
:1053B0001249088000BF00BF04F0100018B14AF283
:1053C000085000F0C7FB04F0400018B14AF2035047
:1053D00000F0C0FB04F0800040B100BF7720084916
:1053E000086007490831086000BF00BF10BD000019
:1053F000000401400100A5A500800440FC3B0540DD
:105400000408054010B5044604F0010028B100BFAF
:1054100000201949086000BF00BF04F0020028B155
:1054200000BF16481649086100BF00BF04F0040021
:1054300030B100BF4FF425401249088000BF00BFC3
:1054400004F0100018B14AF2085000F075FB04F0A7
:10545000400018B14AF2035000F06EFB04F08000E7
:1054600040B100BF7620084908600749083108604C
:1054700000BF00BF10BD0000000401400000A5A552
:1054800000800440FC3B05400408054010B500F0D6
:10549000F7FC10BD70B50446254607482860142067
:1054A000A8800648A8600620A8810020A861284698
:1054B00001F07EF970BD0000E8EF0000D8F00000B8
:1054C00070B5044684210859FEF746F90546202D9B
:1054D00022D006DC042D09D0082D12D0102D47D182
:1054E00025E0402D2ED0802D42D136E0042104F15C
:1054F000680001F063F9842108590421FEF706F8D9
:1055000037E0082104F1680001F058F984210859B6
:105510000821FDF7FBFF2CE0202104F1680001F0D9
:105520004DF9842108592021FDF7F0FF21E01021D9
:1055300004F1680001F042F9842108591021FDF7B7
:10554000E5FF16E0402104F1680001F037F98421FD
:1055500008594021FDF7DAFF0BE0802104F16800D3
:1055600001F02CF9842108598021FDF7CFFF00E0DC
:1055700000BF00BF70BD000010B500200749A1F8B2
:10558000C000C4210548FAF7D0FE00BF102304A2D2
:1055900005A1002000F0E0FC00BF10BD68B00020B5
:1055A000494E464F000000001B5B33326D5B257394
:1055B0005D204D73672050756253756220696E6976
:1055C00074204F4B2C206D61782073756273637269
:1055D0006962653A2025641B5B306D0D0A0000008E
:1055E00010B502460B46002117E001EB41000D4CBF
:1055F00004EB8000007A70B101EB410054F8200008
:10560000904208D101EB410004EB800040689842D1
:1056100001D1012010BD481C81B21029E5DB00201A
:10562000F8E7000068B000202DE9F84305460F4672
:1056300090461E464FF00009022E09DD00BF2B46A2
:105640002AA22C490020009600F086FC00BF02260A
:1056500000243BE004EB4400274901EB8000007A82
:1056600088B304EB440051F82000A8422BD14FF03E
:10567000010904EB440001EB80004068B8B900BFA9
:105680002B461EA21F490020009400F065FC00BFBD
:10569000002004EB4401184A02EB81010872104615
:1056A000B0F8C000401E1146A1F8C0000CE004EBA9
:1056B0004400114901EB8000334642463946D0F898
:1056C00004C02846E04700BF601C84B2102CC1DB38
:1056D000B9F1000F07D100BF2B460BA20CA100208F
:1056E00000F03AFC00BFBDE8F88300005741524E7D
:1056F0000000000094F8000068B000204552524FAE
:1057000052000000D8F80000444542554700000010
:105710001B5B33366D5B25735D204D7367205075C1
:10572000626C6973683A206E6F207375627363727E
:10573000696265722028746F7069633A3078253029
:105740003458291B5B306D0D0A000000F8B5054682
:105750000E464EB900BF2B462CA22EA1002000F011
:10576000FBFB00BF0120F8BD31462846FFF738FF9C
:1057700048B100BF2B4637A23849002000F0ECFBAF
:1057800000BF0120EFE73648B0F8C000102809DB61
:1057900000BF2B461DA23349002000F0DDFB00BFF7
:1057A0000120E0E700242DE004EB44002C4901EB4C
:1057B0008000007A20BB04EB440041F8205004EB49
:1057C000440001EB80004660012004EB4401244AC0
:1057D00002EB810108721046B0F8C000401C11466F
:1057E000A1F8C00000BF0846B0F8C0002B461EA2BA
:1057F0001FA10090002000F0AFFB00BF0020B2E727
:10580000601C84B2102CCFDB0120ACE74552524F14
:10581000520000001B5B33316D5B25735D204D73BF
:1058200067205375627363726962653A2063616CC5
:105830006C6261636B206973204E554C4C20287458
:105840006F7069633A307825303458291B5B306DAE
:105850000D0A00005741524E000000000CF80000F5
:1058600068B0002050F80000494E464F000000008C
:105870001B5B33326D5B25735D204D736720537561
:10588000627363726962653A20746F706963203075
:105890007825303458204F4B2028746F74616C3A4F
:1058A0002564291B5B306D0D0A00000070B52DEDDD
:1058B000028B05460C46B0EE408AF0EE608A84ED1D
:1058C000018AC4ED028A38EE680A84ED0A0A287853
:1058D00010B101280ED106E02146284600F059F803
:1058E00084ED060A0BE02146284600F029F884EDF5
:1058F000060A04E09FED110ABDEC028B70BD00BFEB
:1059000094ED060AD4ED090AB4EEE00AF1EE10FABD
:1059100004D294ED090A84ED060A0CE094ED060A1F
:10592000D4ED080AB4EEE00AF1EE10FA03DD94EDCE
:10593000080A84ED060A94ED060ADDE7000000007F
:1059400091ED0A0A91ED0B1A30EE410A90ED011A21
:1059500020EE010A90ED021AD1ED0A1A01EE210A99
:10596000F0EE400A91ED060A30EE200A81ED060ABB
:1059700091ED0B0A81ED0C0A91ED0A0A81ED0B0AFB
:1059800091ED060A704700B50246084600F05AF845
:1059900000BD70B52DED068B05460C4694ED0D0A45
:1059A000D4ED0A0A30EE200A84ED0D0A95ED040AC2
:1059B00010EE101A0846FAF700FD41EC180B94EDB2
:1059C0000D0A10EE101A0846FAF7F7FC41EC1A0B14
:1059D000B0EE4A0AF0EE6A0A03F0A6F9B0EE409A79
:1059E000F0EE609A53EC182B51EC190BFAF730FDDE
:1059F00014D2D5ED040A94ED0D0AB5EEC00AF1EE0D
:105A000010FA01DD012001E04FF0FF3000EE100A36
:105A1000B8EEC00A20EE800A84ED0D0A95ED010A69
:105A2000D4ED0A0A20EE200AD5ED020A94ED0D1AF3
:105A300000EE810A84ED060A94ED060ABDEC068BA1
:105A400070BD00009FED0C0A80ED010A9FED0A0A6F
:105A500080ED020A9FED080A80ED0A0A9FED060A12
:105A600080ED0B0A9FED040A80ED0D0A9FED020AFE
:105A700080ED060A70470000000000009FED0A0A52
:105A800080ED0A0A9FED080A80ED0B0A9FED060AD9
:105A900080ED0C0A9FED040A80ED0D0A9FED020ACD
:105AA00080ED060A704700000000000000B9704752
:105AB00080ED010AD0ED020A70EE600AC0ED0A0A1C
:105AC00000BFF4E710B500BF0F48008800F00200E7
:105AD000022800D104E040F2AD410CA0FDF79AF895
:105AE00000BF0948001D007800F0C00040F00F0022
:105AF0000549091D087010200349113108701E2046
:105B0000FDF7F0F8002010BDFE4305402E2E5C642A
:105B10007269766572735C686333325F6C6C5F6464
:105B200072697665725C7372635C686333325F6C52
:105B30006C5F7077632E630004490988814341F4E8
:105B40002541034AA2F8FE1370470000FE430540BA
:105B500000400540034909880143034AA2F8FE13A7
:105B600070470000FE43054000400540014600220A
:105B70004A810A81704700002DE9F04706460F462A
:105B800090469946DDF820A02E4890F8600208283B
:105B900002D3FF20BDE8F08737B1B8F1020F03DB75
:105BA000B9F1000F00D00EB9FF20F3E700250BE09C
:105BB00005EB450000EB0510224901EB8000007F5A
:105BC00000B903E0681CC5B2082DF1D300BF05EB96
:105BD000450000EB05101B4901EB80042760A4F889
:105BE000048084F8069000206081208184F81DA044
:105BF0000F22314604F10C00FAF7A2FB0021E176F6
:105C000001202077104860621048A0621048E062CE
:105C100010482063104860631048E0631048A06398
:105C200010482064104860641048A0642046FFF7C4
:105C30009DFF044890F86002401C024981F8600210
:105C40002846A7E7B0B200201F5E0000D95D000023
:105C50006D5B0000B75D0000A35D00007F5D00008C
:105C6000CD5C0000415D0000E55C0000195E0000B5
:105C700070B505460DB9002070BD00241FE004EB8F
:105C8000440000EB0410104901EB8000007FA0B13C
:105C900004EB440101EB04110B4A02EB810101F119
:105CA0000C002946FAF75FFB38B904EB440000EB1F
:105CB0000410054901EB8000DEE7601CC4B2082C2B
:105CC000DDD30020D8E70000B0B2002070B5044654
:105CD00025462846E96B8847A988491E081A80B2DC
:105CE00070BD00002DE9F0412DED028B04462546E4
:105CF0009FED120AB0EE408A6E892846E96B88470C
:105D00000746D5F80080002010E008EB860191EDF1
:105D1000000A30EE080AB0EE408AAA88711C91FB96
:105D2000F2F302FB13118EB2411C88B2B842ECDBD5
:105D3000B0EE480ABDEC028BBDE8F0810000000027
:105D40002DE9F0470446254600266F892846E96B71
:105D500088478046D5F8009000200BE019F807101E
:105D60000E44AA88791C91FBF2F302FB13118FB247
:105D7000411C88B24045F1DB3046BDE8F087024661
:105D8000114608894B89984204DB08894B89C01A5F
:105D900080B2704788884B89C01A0B89184480B23A
:105DA000F7E701460A4610895389984201D101203C
:105DB00070470020FCE710B501460A461089401CD8
:105DC000938890FBF3F403FB14005389984201D1AC
:105DD000012010BD0020FCE72DE9F04105460E46EC
:105DE0002C462046616B884710B10220BDE8F08147
:105DF0006189A279206801FB0207A2793946304601
:105E0000FAF77AFA6089401CA18890FBF1F201FB55
:105E1000120060810020E9E70246517770472DE9C2
:105E2000F04105460E462C4616B90420BDE8F08127
:105E3000607F28B92046216B884768B10120F5E7CB
:105E40002046216B884738B16089401CA18890FBAF
:105E5000F1F201FB120060812189A279206801FB27
:105E60000207A27931463846FAF746FA2089401CE3
:105E7000A18890FBF1F201FB120020810020D5E700
:105E800010B502F07FFD10BD2DE9F04104460D462E
:105E9000164600BF0E4F3878532801D002F072FD2D
:105EA00000BFEFF311800746202080F3118800BF68
:105EB00000BF32462946204600F00CF88046F8B272
:105EC00080F3118800BF00BF4046BDE8F0810000AC
:105ED00014B800202DE9F047074688461646C2460A
:105EE00007EB47011B4800EBC109D9F8140020B1AA
:105EF000012811D0022826D11EE0484602F080FD7C
:105F00000546B54201D2002405E0344632465146EA
:105F1000484602F0CCFE18E0484602F071FD054606
:105F2000B54201D2284600E030460446224651469A
:105F3000484602F0BCFE08E032465146484602F0B0
:105F40007BFE044601E0002400BF00BF2046BDE800
:105F5000F08700002CB800200FB438B5044606A81E
:105F600000906A462046059900F007F80546002093
:105F70000090284638BC5DF814FB2DE9F04F99B02D
:105F800082460D46144603A8149040201590002028
:105F90001690CDF860A0179000BF2E786D1C06B942
:105FA000DDE0252E79D100274FF0010900BF2E78C2
:105FB000232E12D02B2E0CD02D2E02D0302E10D10D
:105FC00003E047F001076D1C0EE047F002076D1C6F
:105FD0000AE047F004076D1C06E047F008076D1C57
:105FE00002E04FF0000900BF00BFB9F1000FDED1A1
:105FF0004FF0000800BF2E78302E01DB392E00DD77
:1060000007E06D1CA6F1300008EB880100EB4108A9
:10601000F1E700BF002013902E782E2E12D16D1CB8
:1060200000BF2E78302E01DB392E00DD09E06D1C1B
:10603000A6F13000139901EB810100EB41001390B0
:10604000EFE700BF2E7800BF6C2E01D0682E02D182
:106050006D1C2E7800E000E0F6E700BF702E5DD0EA
:1060600008DC252E6AD0582E35D0632E09D0642E38
:1060700069D113E0732E3CD0752E1DD0782E62D1DD
:1060800028E02168081D2060D1F8009009F0FF0B7E
:10609000594614A802F0AEFD56E058E02168081DEC
:1060A0002060D1F80090CDE900870A22494614A863
:1060B000139B02F0B3FC47E02168081D2060D1F873
:1060C0000090CDE900870A22494614A8139B02F0EC
:1060D0001BFD39E000BF2168081D2060D1F8009049
:1060E000CDE900871022494614A8139B02F00CFD4D
:1060F0002AE02168081D2060D1F800B000BF9BF89D
:1061000000600BF1010B06B906E0314614A802F05D
:1061100071FD17980028F2DA00BF15E02168081D0C
:106120002060D1F80090002008210B461022CDE914
:106130000010494614A802F0E7FC05E0252114A848
:1061400002F058FD00E000BF00BF6D1C03E03146C7
:1061500014A802F04FFD17980028BFF61EAF00BF2D
:10616000179800280ADD169820B103A95046169A00
:10617000FFF78AFEDDE9161008441790179819B04A
:10618000BDE8F08F2DE9F04704460F4690464FF0EA
:10619000000900BF24B144F00F000F2800D103E034
:1061A000C72126A0FCF736FD00BF00BF072F00D88F
:1061B00003E0C82121A0FCF72DFD00BF00BFB8F10E
:1061C000070F00D803E0C9211CA0FCF723FD00BF86
:1061D00000BF26480068772800D103E0CA2117A035
:1061E000FCF718FD00BF24E004F00100E0B14FEA25
:1061F000C960050E281DC6B207FA06F008FA05F1B7
:1062000008430721B1400722AA4011430840072153
:10621000B1400722AA401143144A121F12688A4350
:1062200010431249091F0860640809F1010000F0D9
:10623000FF09002CD8D1BDE8F08700002E2E5C6449
:106240007269766572735C686333325F6C6C5F642D
:1062500072697665725C7372635C686333325F6C1B
:106260006C5F7372616D2E630000000004080540CE
:106270007FB505460C460026B84800680390B7482D
:1062800040680290B54880680190B448C0680090AA
:1062900000BF04F0E060E8B104F0E060B0F1807F9E
:1062A00018D004F0E060B0F1007F13D004F0E0609B
:1062B000B0F1407F0ED004F0E060B0F1806F09D003
:1062C00004F0E060B0F1A06F04D004F0E060B0F141
:1062D000C06F00D104E040F2A121A1A0FCF79AFC1C
:1062E00000BF00BF04F07000B8B104F070001028C7
:1062F00013D004F0700020280FD004F07000302874
:106300000BD004F07000402807D004F07000502833
:1063100003D004F07000602800D104E040F2A22114
:106320008FA0FCF777FC00BF00BF04F4E020E8B1C9
:1063300004F4E020B0F5803F18D004F4E020B0F57C
:10634000003F13D004F4E020B0F5403F0ED004F439
:10635000E020B0F5802F09D004F4E020B0F5A02FA4
:1063600004D004F4E020B0F5C02F00D104E040F2E6
:10637000A3217BA0FCF74EFC00BF00BF04F4E000AB
:10638000E8B104F4E000B0F5801F18D004F4E00098
:10639000B0F5001F13D004F4E000B0F5401F0ED09C
:1063A00004F4E000B0F5800F09D004F4E000B0F58B
:1063B000A00F04D004F4E000B0F5C00F00D104E059
:1063C0004FF4297166A0FCF725FC00BF00BF04F064
:1063D0000700B8B104F00700012813D004F007004B
:1063E00002280FD004F0070003280BD004F00700A8
:1063F000042807D004F00700052803D004F00700A4
:10640000062800D104E040F2A52155A0FCF702FCCB
:1064100000BF00BF04F4E060E8B104F4E060B0F550
:10642000807F18D004F4E060B0F5007F13D004F44E
:10643000E060B0F5407F0ED004F4E060B0F5806F0E
:1064400009D004F4E060B0F5A06F04D004F4E0607B
:10645000B0F5C06F00D104E040F2A62140A0FCF7E7
:10646000D9FB00BF00BF04F4E040E8B104F4E04011
:10647000B0F5805F18D004F4E040B0F5005F13D0B1
:1064800004F4E040B0F5405F0ED004F4E040B0F515
:10649000804F09D004F4E040B0F5A04F04D004F4DC
:1064A000E040B0F5C04F00D104E040F2A7212CA09D
:1064B000FCF7B0FB00BF00BF3448284000B104E047
:1064C0004FF42A7126A0FCF7A5FB00BF00BF30489F
:1064D000008800F0010000B104E040F2A92120A0F2
:1064E000FCF798FB00BF2B48007800F00700052858
:1064F00017D1012600BF1948006900F0010000B162
:1065000004E04FF42C7116A0FCF784FB00BF224876
:1065100012490860C01248608860C8601E20FCF7FD
:10652000E1FB1C482638006AA84304EA0501084339
:106530001849263908621E20FCF7D4FB012E0BD126
:10654000064903980860029848600198886000989E
:10655000C8601E20FCF7C6FB7FBD00000080044021
:106560002E2E5C647269766572735C686333325F89
:106570006C6C5F6472697665725C7372635C68638D
:1065800033325F6C6C5F636C6B2E630077777707D9
:10659000FE43054026400540EEFAFFFF7FB5044666
:1065A00000253048006803902E48406802902D482E
:1065B000806801902B48C068009000BF4CB1012C4E
:1065C00007D0022C05D0032C03D0042C01D0052CBD
:1065D00000D104E040F2372123A0FCF71BFB00BFF1
:1065E00000BF2C48008800F0010000B104E04FF427
:1065F0000E711DA0FCF70EFB00BF2748007800F0CD
:106600000700052801D0052C17D1012500BF15482A
:10661000006900F0010000B104E04FF4107112A015
:10662000FCF7F8FA00BF1D480E490860C012486028
:106630008860C8601E20FCF755FB174804701E20B8
:10664000FCF750FB012D0BD1064903980860029816
:106650004860019888600098C8601E20FCF742FBE3
:106660007FBD0000008004402E2E5C647269766558
:1066700072735C686333325F6C6C5F6472697665F9
:10668000725C7372635C686333325F6C6C5F636C03
:106690006B2E6300FE43054026400540EEFAFFFFE7
:1066A00010B50748007800B110BD01210020FDF7AA
:1066B00085FD00B9F8E701200149087000BFF3E744
:1066C0008C82FF1F1748007808B90020704700210E
:1066D00024E0154800EB01100078E8B90120124AC7
:1066E00002EB0112107000200F4A02EB01125070F1
:1066F0000D4A02EB011290700B4A02EB011250603E
:10670000094A02EB01129060074A02EB0112D060C5
:10671000054800EB0110D9E7481CC1B21029D8D3B5
:106720000020D3E78C82FF1F14B7002000B9704708
:10673000C16000BFFBE710B1037803B102B9704735
:1067400081704260002383600123437000BFF6E73D
:1067500000B9704700214170816000BFF9E7000077
:1067600070B5012600251EE0104800EB05142078C6
:1067700008B1607800B914E0A0683044A060D4E9A2
:10678000011088420CD3E06810B12046E1688847C8
:10679000A07818B900206070A06001E00020A0601F
:1067A00000BF681CC5B2102DDED370BD14B7002029
:1067B00000B970478169016100BFFAE72DE9F04136
:1067C000044688460CB9BDE8F0812669002500BF63
:1067D0000FE005EB4502216801EB820001682269A8
:1067E000914204D14168414501D1866804E0681CAA
:1067F00085B2A088A842ECDC00BF2069B04200D17D
:10680000E1E700250FE005EB4501A06800EB8107FB
:1068100038682169884204D1B86810B1B8688047E7
:1068200004E0681C85B2A089A842ECDC00BF2069A6
:106830006061266100250FE005EB4501A06800EBD3
:10684000810738682169884204D1786810B1786876
:10685000804704E0681C85B2A089A842ECDC00BF38
:1068600000BFB0E770B586B06A4800F069FC6A49BD
:106870000868FCF77BFE6749C86101A8FDF78EFC3C
:106880000220ADF806000020042332226349009064
:1068900063A0FFF771F900200423322262490090BF
:1068A00062A0FFF769F9002599E005EB850000EB90
:1068B000C5115848443000EB8104257000206070F9
:1068C000A06041F64C50E06000202061606140F61D
:1068D000C410E0619FED570A84ED810A9FED560ACE
:1068E00084ED820A6420C4F80C0225B94CA0FFF79D
:1068F000BFF9606405E0012D03D14CA0FFF7B8F9A2
:1069000060649FED4E0A84ED0C0A9FED4C0A84ED05
:106910000D0AB2EE000A84ED0E0A142121643E49EC
:10692000083151F82500FCF721FEC4F8B80104F540
:10693000CE70FAF7AFF884F84C5000214D20015585
:106940003549103151F82500FCF710FE842108511B
:1069500004F16800FEF79EFD05EB850000EBC51114
:106960002C48443000EB810000F14C06344800EB29
:10697000C500B061B0690068007918B10020ADF8B9
:106980000E0002E00120ADF80E00B26912685188D5
:10699000B2691268107801AAFDF718F9B069406869
:1069A000007918B10020ADF80E0002E00120ADF82A
:1069B0000E00B26952685188B2695268107801AA13
:1069C000FDF704F91449203151F82500FCF7CEFDFC
:1069D000C4F8F80104F5EE70FBF760FC6D1C022DA5
:1069E000FFF663AF17493020FEF7B0FE16492020AE
:1069F000FEF7ACFE15493E20FEF7A8FE14493D20E7
:106A0000FEF7A4FE0349C8698121FCF72FFF06B0F9
:106A100070BD0000E082FF1F0880FF1F4C87FF1F32
:106A200056617869735F31001488FF1F5661786979
:106A3000735F32000000AA4200000C420000000018
:106A40004CF200001D780000B97B0000DD730000EF
:106A5000A57600002DE9F04781460E4690469A46FD
:106A6000B8F1100F01D0BDE8F08734462068002847
:106A70003BD1207A012802D0207A022803D10120BC
:106A80009F4908709CE0207A0328FBD100209C4994
:106A9000087088709B480068FFF75AFE9A48057C8A
:106AA000022D01D0032D03D108219748FFF786FE60
:106AB000072D0BD100209249887094480068FFF799
:106AC00047FE4FF480719048FFF778FE0D2D0BD1F3
:106AD00000208B4988708E480068FFF739FE4FF41C
:106AE00080318948FFF76AFE6AE0206801283CD1BE
:106AF000207A012802D0207A022803D1012080497F
:106B000048705DE0207A03285AD100207C49487003
:106B1000887080480068FFF71BFE7B48057C082DC5
:106B200001D0092D04D14FF400617748FFF746FEEC
:106B3000072D0BD100207249887074480068FFF758
:106B400007FE4FF480717048FFF738FE0D2D0BD112
:106B500000206B4988706E480068FFF7F9FD4FF41C
:106B600080316948FFF72AFE2AE02068202827D1D3
:106B7000207A012802D0207A022803D1012060491E
:106B800088701DE0207A03281AD100205C498870A3
:106B90005E480068FFF7DCFD5D480068FFF7D8FD40
:106BA0005948057C072D03D14FF48071FFF706FE8D
:106BB0000D2D04D14FF480315348FFF7FFFD00BF86
:106BC0005148077C0D2F75D2DFE807F0960796969F
:106BD0002B75769696964E8586004948007868B162
:106BE0004748407850B902214748FFF7E7FD41F296
:106BF0008832002143480068FFF79DFD40484078F7
:106C000070B13F48007858B94FF400713E48FFF723
:106C1000D5FD41F2883200213E480068FFF78BFD28
:106C20006BE03748007830B13548407818B910210A
:106C30003548FFF7C3FD3248407830B1304800781E
:106C400018B920213048FFF7B9FD2D48807850B1A0
:106C500040212D48FFF7B2FD41F2883200212B4838
:106C60000068FFF768FD48E02548407838B12448BF
:106C7000007820B94FF400512348FFF79FFD2048CA
:106C8000007838B11E48407820B94FF480511E4832
:106C9000FFF794FD1A48807858B14FF480411A48A4
:106CA000FFF78CFD41F28832002119480068FFF798
:106CB00042FD22E020E000BF1148807850B1402121
:106CC0001148FFF77BFD41F2883200210F48006830
:106CD000FFF731FD00BF00BF0948807858B14FF47D
:106CE00080410948FFF76AFD41F2883200210848D7
:106CF0000068FFF720FD00BF00BF00BF00BFB2E685
:106D00004C80FF1F5080FF1F708AFF1F5480FF1FA1
:106D10005C80FF1F5880FF1F10B500F027FA002489
:106D200021E0124981F8414004EB840101EBC412D7
:106D30000E49443101EB8200FBF7C6FA04EB8401F3
:106D400001EBC4120949443101EB8200F9F718FF45
:106D500004EB840101EBC4120449443101EB8200CD
:106D6000FEF7AEFB641C022CDBDB10BDE082FF1FD4
:106D700001480068704700008082FF1F10B500F0D6
:106D800001F810BD03480068034909680844014937
:106D9000086070478082FF1F7C82FF1FF0B50146AC
:106DA0004FF0FF34A9B3B1F57A7F32D84FF47A703F
:106DB000B0FBF1F0184A10601848006AC0F3026393
:106DC00017480068D840B0FBF1F2501EB0F1807F48
:106DD00001D301201BE0501E4FF0E02358615817EB
:106DE0000F23002804DB1D072E0E0E4D2E5406E047
:106DF0001D072F0E0C4D00F00F06361FAF5500BFBC
:106E000000204FF0E023986107201861002000B9AE
:106E100000242046F0BD00007C82FF1F004005409A
:106E20000080FF1F00E400E018ED00E070B5FFF700
:106E30009FFF064600251BE005EB45000F4901EBCF
:106E4000C004207D08B1A06800B90FE0E08920B13E
:106E50002069301AE189884207D3A0688047E08919
:106E600008B1266101E00020207500BF681C85B2D2
:106E70000248B0F88001A842DEDC70BD2CB10020D1
:106E800010B54FF4C2710A48F9F74FFA00BF10234A
:106E900008A20AA10020FFF75FF800BF00BF10237F
:106EA00014A216A10020FFF757F800BF10BD000084
:106EB0002CB10020494E464F000000001B5B3332CE
:106EC0006D5B25735D20537973205363686564752A
:106ED0006C657220696E6974204F4B20286D617853
:106EE000206D6F64756C65733A2564291B5B306D8A
:106EF0000D0A00004D41494E000000001B5B333677
:106F00006D5B25735D2053797320536368656475E9
:106F10006C657220696E6974204F4B20286D617812
:106F2000206D6F64756C65733A2564291B5B306D49
:106F30000D0A00007CB5044624B13048B0F8800149
:106F4000102808DB00BF2EA22FA10020FFF704F8B5
:106F500000BF01207CBD002514E005EB4502274B56
:106F600053F832002168F9F7FEF948B900BF34A29E
:106F700035A100202368FEF7EFFF00BF0120E9E7FD
:106F8000681C85B21D48B0F88001A842E5DC1B49A9
:106F9000B1F8801101EB4101184A02EBC10018223F
:106FA0002146F9F7A9F91548B0F88001401C1349AA
:106FB000A1F880010846B0F88001401E00EB4000B7
:106FC00001EBC000406848B1B1F88011491E01EBE7
:106FD00041010A4A02EBC1014868804700F070F89D
:106FE00000BFE089217BCDE9001024A225A100206B
:106FF0002368FEF7B1FF00BF0020ABE72CB10020F3
:107000004552524F520000001B5B33316D5B2573BC
:107010005D20536368656420726567697374657287
:107020003A20696E76616C6964206D6F64756C6579
:10703000206F722066756C6C1B5B306D0D0A000052
:107040005741524E000000001B5B33336D5B2573CC
:107050005D20536368656420726567697374657247
:107060003A206475706C6963617465206D6F647536
:107070006C652025731B5B306D0D0A00494E464F31
:10708000000000001B5B33326D5B25735D20536392
:107090006865642072656769737465723A20257348
:1070A00020287072696F3A25642C20706572696FB0
:1070B000643A25646D73291B5B306D0D0A00000076
:1070C00030B587B0012532E005EB45001B4A02EBE5
:1070D000C001182201A8F9F70FF9681E04B20EE0EA
:1070E00004EB4402154B03EBC201621C02EB4202AB
:1070F00003EBC2001822F9F7FFF8601E04B2002C5F
:1071000009DB04EB44000D4901EBC000007B9DF856
:1071100010108842E4DC611C01EB4101074A02EBDC
:10712000C100182201A9F9F7E7F8681C85B20348E5
:10713000B0F88001A842C7DC07B030BD2CB10020F8
:1071400070B504462546074828601120A8800648E7
:10715000A8600620A8810020A8612846FFF728FB28
:1071600070BD000020F10000ECF1000010B55549A1
:10717000C869FCF7F1FA044652490A230222C86999
:107180008121FCF715FB38B101214E48FFF716FBB2
:1071900080214C48FFF712FB4A490A230222C869A2
:1071A0000121FCF705FB38B101214648FFF706FB3A
:1071B00001214448FFF702FB42490A230222C86921
:1071C0008821FCF7F5FA38B108213E48FFF7F6FAB6
:1071D00080213C48FFF7F2FA102C45D008DC012C46
:1071E00010D0022C22D0042C48D0082C66D15BE0B1
:1071F000202C25D0402C2DD0802C0DD0B4F5005F54
:107200005CD145E001212F48FFF7D8FA2D49C86924
:107210000121FCF77BF952E080212A48FFF7CEFAE2
:107220002849C8698021FCF771F948E00221254806
:10723000FFF7C4FA2349C8690221FCF767F93EE069
:1072400020212048FFF7BAFA1E49C8692021FCF71F
:107250005DF934E040211B48FFF7B0FA1949C869CD
:107260004021FCF753F92AE010211648FFF7A6FA4F
:107270001449C8691021FCF749F920E0042111489C
:10728000FFF79CFA0F49C8690421FCF73FF916E0A3
:107290004FF400510B48FFF791FA0A49C8694FF4BF
:1072A0000051FCF733F90AE008210648FFF786FA97
:1072B0000449C8690821FCF729F900E000BF00BFB4
:1072C00010BD0000E082FF1F70B52B4D2D6805F04A
:1072D00001051DB1294D2A4E356002E0294D284E89
:1072E0003560294D2D7805F00700062840D2DFE8EB
:1072F00000F003080C11151A214D2D68234E35603E
:1073000037E0234D214E356033E04FF400451F4EEA
:1073100035602EE01E4D1D4E35602AE04FF40045CD
:107320001A4E356025E0184DDA352D68C5F3082270
:10733000154D263DD5F800512B0F134DDA352D682C
:1073400005F01F04104D263DD5F8005105F08005CD
:107350000DB90F4901E00A4D2968651CB1FBF5F52F
:10736000561C75435E1CB5FBF6F5084E356000E013
:1073700000BF00BF70BD0000840601400024F4007F
:107380000480FF1F002D3101264005400080FF1FB3
:1073900000127A0000B54FF425400E490880401CC9
:1073A00008800C480838008820F00800094908398E
:1073B00008800020074908800748006840F47000F2
:1073C00005490860FFF780FF002003498039086005
:1073D00000BD0000FC3B054088ED00E02DE9F047D2
:1073E00080460E46174699460EB10E2F01D0BDE8D5
:1073F000F08797480069022800D0F8E734466079A2
:10740000012878D103F052FB914890F84000002801
:1074100071D1207960BB04F0E1FA002525E005EB8D
:10742000850000EBC5118A48443000EB810090F8DC
:107430002C00012806D1864981F84000284604F036
:10744000CBFC10E00120824981F84000D1F83C02D9
:107450004FF40061FCF70AFA7D49D1F850044FF46B
:107460000061FCF703FA681CC5B2022DD7DB42E0CD
:10747000207901283FD104F0B1FA0120744981F844
:107480004000084690F83C0060B1002591F83C00AF
:1074900005F090FF05466E4991F83C00294606F03C
:1074A00043FD00BF002524E005EB850000EBC5117E
:1074B0006748443000EB810090F82D00C0B10121F5
:1074C00005EB850000EBC5126148443000EB8200FB
:1074D00080F8FC1105EB850101EBC5125C494431D4
:1074E00001EB8201D1F8F8014FF48051FCF7BEF9AD
:1074F0006D1C022DD8DBA078012802D0A07A0528C7
:1075000004D10120524981F8360003E0002050499F
:1075100081F83600E0880F2802DC20890F2804DD7E
:1075200001204B4981F8380003E00020484981F8E8
:1075300038002078032818D1002003F0BDFA444811
:1075400090F87000022809D104F048FA4049D1F8B7
:107550003C024FF40041FCF789F922E03C49D1F8A4
:10756000FC010421FCF782F91BE02078042818D1E3
:10757000002003F0A1FA364890F87000022809D1E3
:1075800004F02CFA3249D1F83C024FF48031FCF778
:107590006DF906E02E49D1F8FC014FF48071FCF73B
:1075A00065F96078032818D1012003F085FA28488E
:1075B00090F88402022809D104F010FA2449D1F885
:1075C00050044FF40041FCF751F922E02049D1F872
:1075D00010040421FCF74AF91BE06078042818D154
:1075E000012003F069FA1A4890F88402022809D1B0
:1075F00004F0F4F91649D1F850044FF48031FCF747
:1076000035F906E01249D1F810044FF48071FCF707
:107610002DF9E07A18B1E07A0D4981F83C00207B21
:10762000012803D10A4981F83F0003E000200849FE
:1076300081F83F00E078012803D1054981F83E0038
:1076400003E00020024981F83E0000BFCFE60000C1
:10765000E082FF1F10B505F0A8FEFFF711FC00F057
:10766000FBFA00BF03A205A10020FEF775FC00BFD6
:1076700010BD0000494E464F000000001B5B333236
:107680006D5B25735D2053797374656D20696E6938
:107690007420636F6D706C6574651B5B306D0D0AD3
:1076A000000000002DE9F04107460D4616469846B9
:1076B0000DB1102E01D0BDE8F0815748006900B926
:1076C000F9E72C46206802281DD1207A02280DD126
:1076D0000120514981F83400084690F8341080F8B0
:1076E000441290F8341080F858140CE000204A49F5
:1076F00081F83400084690F8341080F8441290F86D
:10770000341080F858142068052829D1207A0228DE
:1077100011D10120404981F83500D1F8FC014FF426
:107720000011FCF7A3F83C49D1F810044FF4001104
:10773000FCF79CF814E00020374981F83500084632
:1077400090F8360060B9D1F8FC014FF40001FCF765
:107750008DF83149D1F810044FF40001FCF786F898
:107760002068032828D1207A012825D12A4890F8BA
:107770007000022807D12849D1F83C024FF400419B
:10778000FCF774F805E02449D1F8FC010421FCF76A
:107790006DF8214890F88402022807D11E49D1F8DB
:1077A00050044FF40041FCF761F805E01A49D1F8A4
:1077B00010040421FCF75AF8206804282AD1207A02
:1077C000012827D1144890F87000022807D11249E7
:1077D000D1F83C024FF48031FCF748F806E00E493E
:1077E000D1F8FC014FF48071FCF740F80A4890F89A
:1077F0008402022807D10849D1F850044FF480319F
:10780000FCF734F806E00449D1F810044FF4807115
:10781000FCF72CF800BF4EE7E082FF1F2DE9F04790
:107820002DED028B80460D46164699460DB1102E61
:1078300003D0BDEC028BBDE8F0872C46207B0128ED
:107840000BD10121207900EB800202EBC012D64857
:1078500000EB820080F8FE110AE00021207900EBA5
:10786000800202EBC012D04800EB820080F8FE11CB
:10787000207902287EDA207B00287BD1217901EB58
:10788000810303EBC113C84901EB8301486C2179E3
:1078900001EB810303EBC113C34901EB8301496C85
:1078A0004A6A04F1080190470128E6D1FFF760FA1F
:1078B0000746227902EB820303EBC213BA4A02EBBA
:1078C0008302506C227902EB820303EBC213B64AA7
:1078D00002EB8302526C516C8847B0EE408A9FEDF8
:1078E000B30AC8EE000A207900EB800101EBC01159
:1078F000AD4800EB8100C0ED0A0A207900EB800161
:1079000001EBC011A84800EB810090ED290A207915
:1079100000EB800101EBC011A34800EB810080ED7A
:107920002B0A207900EB800101EBC0119E4800EB8F
:107930008100D0F8A810207900EB800202EBC01281
:10794000994800EB8200C0F8B010207900EB80016C
:1079500001EBC011944800EB810090ED0A0ADFEDC5
:10796000940A20EE200AF2EE040A20EE200ABCEE71
:10797000C00A00E000E110EE100A80B208EE900AA2
:10798000B0EE680AB8EE400AF2EE040A80EE201A61
:10799000207900EB800101EBC011834800EB8100EE
:1079A00080ED0A1A207900EB800101EBC0117E48BE
:1079B00000EB810090ED0A0A207900EB800101EBD9
:1079C000C011794800EB810080ED290A207900EB95
:1079D000800101EBC011744800EB8100C0F8A87071
:1079E000207900EB800101EBC0116F4800EB8100B2
:1079F00090ED080A207900EB800101EBC0116A4884
:107A000000EB8100D0ED350A30EE200A207900EB42
:107A1000800101EBC011644800EB8100D0ED290A20
:107A2000B4EEE00AF1EE10FA30DD207900EB8001CF
:107A300001EBC0115C4800EB810090ED080A207951
:107A400000EB800101EBC011574800EB8100D0ED45
:107A5000350A30EE600A207900EB800101EBC0119D
:107A6000514800EB8100D0ED290AB4EEE00AF1EEB6
:107A700010FA0BD20121207900EB800202EBC01238
:107A8000494800EB820080F82E1060E0207900EB7E
:107A9000800101EBC011444800EB810090ED090A20
:107AA000207900EB800101EBC0113F4800EB810021
:107AB000D0ED350A30EE200A207900EB800101EB91
:107AC000C011394800EB8100D0ED290AB4EEE00A7C
:107AD000F1EE10FA30DD207900EB800101EBC011EE
:107AE000314800EB810090ED090A207900EB80011C
:107AF00001EBC0112C4800EB8100D0ED350A30EECF
:107B0000600A207900EB800101EBC011264800EBF0
:107B10008100D0ED290AB4EEE00AF1EE10FA0BD2A2
:107B20000221207900EB800202EBC0121E4800EB1C
:107B3000820080F82E100AE00021207900EB8002FC
:107B400002EBC012184800EB820080F82E10227958
:107B500002EB820303EBC213134A02EB8302506C65
:107B6000227902EB820303EBC2130F4A02EB83027A
:107B7000526CD16A884700BF94ED020ADFED0D0A0E
:107B800020EE200ABCEEC00A10EE100A81B2207965
:107B900000EB800202EBC012034800EB8200A0F869
:107BA000121200BF45E600002483FF1F000044427C
:107BB0003333054200007A442DE9F04107460D4673
:107BC000164698460DB1102E01D0BDE8F08121482F
:107BD000006900B9F9E72C4694ED020A1D4880EDD2
:107BE000090A207900BB1B4890F8340028B91949CC
:107BF000C8690221FBF73AFE16E0A07B012805D1F7
:107C00001449C8692021FBF731FE0DE0A07B022852
:107C100005D11049C8694021FBF728FE04E00D4951
:107C2000C8698821FBF722FE2079012802D020793B
:107C300002280CD1A1892079401E00EB800202EBC2
:107C4000C0120448443000EB8200A0F8021200BFCA
:107C5000BBE70000E082FF1F00B5E1B018224749F2
:107C60005BA8F8F749FB5BA8FFF764F918224349C2
:107C7000183155A8F8F740FB55A8FFF75BF9182213
:107C80003E4930314FA8F8F737FB4FA8FFF752F9BC
:107C900018223A49483149A8F8F72EFB49A8FFF7BE
:107CA00049F918223549603143A8F8F725FB43A864
:107CB000FFF740F91822314978313DA8F8F71CFB4D
:107CC0003DA8FFF737F918222C49903137A8F8F76B
:107CD00013FB37A8FFF72EF918222849A83131A83D
:107CE000F8F70AFB31A8FFF725F918222349C0311C
:107CF0002BA8F8F701FB2BA8FFF71CF918221F4946
:107D0000D83125A8F8F7F8FA25A8FFF713F91822B3
:107D10001A49F0311FA8F8F7EFFA1FA8FFF70AF980
:107D20001822174919A8F8F7E7FA19A8FFF702F976
:107D300018221349183113A8F8F7DEFA13A8FFF731
:107D4000F9F818220E4930310DA8F8F7D5FA0DA828
:107D5000FFF7F0F818220A49483107A8F8F7CCFADB
:107D600007A8FFF7E7F818220549603101A8F8F7DE
:107D7000C3FA01A8FFF7DEF861B000BDF4F300001C
:107D8000FCF4000070B504460D4600BF0F48844265
:107D900002D00F48844200D104E040F261210DA0DE
:107DA000FAF738FF00BF00BF2DB145F00110B0F168
:107DB000011F00D104E040F2622106A0FAF72AFF79
:107DC00000BF4FF00110A843606170BD0040024049
:107DD000004402402E2E5C647269766572735C68A2
:107DE0006333325F6C6C5F6472697665725C737268
:107DF000635C686333325F6C6C5F746D72302E63EA
:107E00000000000010B5FEF7ABFC4FF480310248D3
:107E1000FFF7B8FF10BD00000040024070B50446F7
:107E20000D46164600BF1A48844202D019488442C3
:107E300000D104E040F2FD1117A0FAF7EBFE00BFFD
:107E400000BF0DB1012D00D104E04FF4FF7112A06D
:107E5000FAF7E0FE00BF00BF0EB1012E00D104E032
:107E600040F2FF110CA0FAF7D5FE00BF012E06D19B
:107E700020692A01710391400843206106E02069CE
:107E80002A014FF4005191408843206170BD0000E9
:107E900000400240004402402E2E5C647269766508
:107EA00072735C686333325F6C6C5F6472697665B1
:107EB000725C7372635C686333325F6C6C5F746DA9
:107EC00072302E63000000002DE9F04706460D4693
:107ED00014464FF0000914B96FF002097FE000BFAB
:107EE0004048864202D04048864200D103E0C32188
:107EF0003EA0FAF78FFE00BF00BF0DB1012D00D1EB
:107F000003E0C42139A0FAF785FE00BF00BF206856
:107F100058B12068B0F5007F07D02068B0F5807FA9
:107F200003D02068B0F5A06F00D103E0C5212FA0D9
:107F3000FAF770FE00BF00BF6068E8B16068102803
:107F40001AD06068202817D06068302814D0606884
:107F5000402811D0606850280ED0606860280BD08F
:107F60006068702808D06068802805D06068902814
:107F700002D06068A02800D103E0C6211BA0FAF758
:107F800049FE00BF00BFA06820B148F20201A0680E
:107F9000884200D103E0C72114A0FAF73BFE00BFDE
:107FA00006EB85070020386006F1080000EB850825
:107FB000A089C8F8000030692A0148F2F2719140A6
:107FC0008843D4E900121143A26811432A01914069
:107FD0002B0148F2F2729A40114008433061484642
:107FE000BDE8F08700400240004402402E2E5C6451
:107FF0007269766572735C686333325F6C6C5F6460
:1080000072697665725C7372635C686333325F6C4D
:108010006C5F746D72302E630000000070B5044612
:108020000D46164600BF1848844202D017488442C5
:1080300000D104E04FF40C7115A0FAF7EBFD00BF7E
:1080400000BF2DB145F00410B0F1041F00D104E0D1
:1080500040F231210EA0FAF7DDFD00BF00BF0EB1E6
:10806000012E00D104E040F2322109A0FAF7D2FD3E
:1080700000BF012E03D120692843206102E020695E
:10808000A843206170BD000000400240004402404F
:108090002E2E5C647269766572735C686333325F3E
:1080A0006C6C5F6472697665725C7372635C686342
:1080B00033325F6C6C5F746D72302E6300000000B1
:1080C00070B504460D4600BF0E48844202D00E48EB
:1080D000844200D103E0F8210CA0FAF79BFD00BF19
:1080E00000BF0DB1012D00D103E0F92107A0FAF77F
:1080F00091FD00BF20692A010121914008432061C0
:1081000070BD000000400240004402402E2E5C641E
:108110007269766572735C686333325F6C6C5F643E
:1081200072697665725C7372635C686333325F6C2C
:108130006C5F746D72302E630000000001460020F9
:1081400009B9C01E06E000220A604A608A604FF644
:10815000FF728A817047000070B504460D461646CE
:1081600000BF1C4884420ED01B4884420BD01B48E1
:10817000844208D01A48844205D01A48844202D06A
:108180001948844205D125B145F0FF00FF2800D1F0
:1081900004E040F2434115A0FAF73CFD00BF00BFE8
:1081A0000EB1012E00D104E040F244410FA0FAF7D5
:1081B00031FD00BF012E06D1B4F89400A9B20843E6
:1081C000A4F8940004E0B4F89400A843A4F8940040
:1081D00070BD0000005001400054014000580140B3
:1081E000005C014000600140006401402E2E5C6490
:1081F0007269766572735C686333325F6C6C5F645E
:1082000072697665725C7372635C686333325F6C4B
:108210006C5F746D72612E630000000070B50546DE
:108220000C466FF0020600BF534885420ED05348FB
:1082300085420BD05248854208D05248854205D02D
:108240005148854202D05148854200D104E04FF4A4
:108250008B714FA0FAF7DEFC00BF002C77D000BF77
:10826000207810B12078012800D104E04FF48C71FF
:1082700047A0FAF7CFFC00BF2078002849D100BF03
:10828000A07810B1A078042800D104E040F21B11BE
:108290003FA0FAF7BFFC00BF00BFE07810B1E07864
:1082A000022800D104E04FF48E7139A0FAF7B2FC35
:1082B00000BF00BF6078E8B1607810281AD06078FD
:1082C000202817D06078302814D06078402811D04A
:1082D000607850280ED0607860280BD060787028C5
:1082E00008D06078802805D06078902802D0607827
:1082F000A02800D104E040F21D1125A0FAF78AFC65
:1083000000BFA078E17808436178084385F88000D1
:108310002AE000BFA08828B1A08841F6FF71084379
:10832000884201D0A08800B904E040F2231118A0CF
:10833000FAF770FC00BF00BFE08828B1E08841F682
:10834000FF710843884201D0E08808B905E010E0D9
:1083500040F225110EA0FAF75DFC00BFA088A5F839
:108360008800E088A5F88C002846A16800F0E2F9B2
:108370000026304670BD000000500140005401400E
:1083800000580140005C0140006001400064014071
:108390002E2E5C647269766572735C686333325F3B
:1083A0006C6C5F6472697665725C7372635C68633F
:1083B00033325F6C6C5F746D72612E63000000007D
:1083C0002DE9F04705460E4614466FF0020900BF3E
:1083D000414885420ED0414885420BD040488542F5
:1083E00008D04048854205D03F48854202D03F48EA
:1083F000854202D1072E00D804E04FF4ED713CA075
:10840000FAF708FC00BF002C62D000BFA08828B19A
:10841000A088012802D0A088022800D104E040F200
:10842000DD1133A0FAF7F6FB00BF00BFE08828B1EA
:10843000E088012802D0E088022800D104E04FF44F
:10844000EF712BA0FAF7E6FB00BF00BF208940B117
:108450002089012805D02089022802D020890328FC
:1084600000D104E040F2DF1121A0FAF7D3FB00BFF6
:1084700000BF608940B16089012805D06089022869
:1084800002D06089032800D104E04FF4F07118A0F5
:10849000FAF7C0FB00BF05F1400000EB860820881A
:1084A000A8F8000005F5A07000EB86072079A179F7
:1084B00040EA8100217A40EA0110A17A40EA811065
:1084C000C0B2398801F47F41084338804FF0000979
:1084D0004846BDE8F08700000050014000540140CC
:1084E00000580140005C0140006001400064014010
:1084F0002E2E5C647269766572735C686333325FDA
:108500006C6C5F6472697665725C7372635C6863DD
:1085100033325F6C6C5F746D72612E63000000001B
:108520002DE9F04104460D46164600BF1848844226
:108530000ED0184884420BD01748844208D0174800
:10854000844205D01648844202D01648844202D1A3
:10855000072D00D804E04FF4067113A0FAF75AFB78
:1085600000BF00BF0EB1012E00D104E040F219217E
:108570000DA0FAF74FFB00BF04F5A07000EB8507D4
:10858000302101EB471000F184400660BDE8F08126
:10859000005001400054014000580140005C01407F
:1085A00000600140006401402E2E5C6472697665B3
:1085B00072735C686333325F6C6C5F64726976659A
:1085C000725C7372635C686333325F6C6C5F746D92
:1085D00072612E63000000002DE9F04104460E4652
:1085E000154600BF1B4884420ED01B4884420BD066
:1085F0001A48844208D01A48844205D01948844257
:1086000002D01948844202D1072E00D804E04FF46A
:10861000127116A0FAF7FEFA00BF00BF2DB1B5F532
:10862000007F02D0B5F5407F00D104E040F249213F
:108630000EA0FAF7EFFA00BF04F5A07000EB860772
:1086400038884FF6FF41084005F4407108433880F0
:10865000BDE8F08100500140005401400058014045
:10866000005C014000600140006401402E2E5C640B
:108670007269766572735C686333325F6C6C5F64D9
:1086800072697665725C7372635C686333325F6CC7
:108690006C5F746D72612E63000000002DE9F04183
:1086A00004460D46164600BF104884420ED01048BE
:1086B00084420BD00F48844208D00F48844205D032
:1086C0000E48844202D00E48844202D1072D00D8C1
:1086D00004E04FF462710BA0FAF79CFA00BF04F1BA
:1086E000400000EB85073E80BDE8F081005001406E
:1086F0000054014000580140005C0140006001400E
:10870000006401402E2E5C647269766572735C6849
:108710006333325F6C6C5F6472697665725C73722E
:10872000635C686333325F6C6C5F746D72612E637F
:108730000000000070B504460D4600BF0D4884429D
:108740000ED00D4884420BD00C48844208D00C480F
:10875000844205D00B48844202D00B48844200D1A9
:1087600004E04FF4517109A0FAF754FA00BFA58054
:1087700070BD00000050014000540140005801400D
:10878000005C014000600140006401402E2E5C64EA
:108790007269766572735C686333325F6C6C5F64B8
:1087A00072697665725C7372635C686333325F6CA6
:1087B0006C5F746D72612E630000000010B504469A
:1087C00000BF104884420ED00F4884420BD00F489F
:1087D000844208D00E48844205D00E48844202D01C
:1087E0000D48844200D104E040F256410BA0FAF754
:1087F00011FA00BF94F8800040F0010084F8800076
:1088000010BD0000005001400054014000580140DC
:10881000005C014000600140006401402E2E5C6459
:108820007269766572735C686333325F6C6C5F6427
:1088300072697665725C7372635C686333325F6C15
:108840006C5F746D72612E630000000070B50446A9
:108850000D4600BF144884420BD01448844208D00F
:108860001348844205D01348844202D012488442FF
:1088700000D104E04FF46B7110A0FAF7CBF900BF00
:1088800000BF0DB1012D00D104E040F2AD310BA0CD
:10889000FAF7C0F900BF04F180060C2101EB461085
:1088A00000F18440056070BD005401400058014053
:1088B000005C014000600140006401402E2E5C64B9
:1088C0007269766572735C686333325F6C6C5F6487
:1088D00072697665725C7372635C686333325F6C75
:1088E0006C5F746D72612E630000000070470000C1
:1088F00010B5044604210248FDF760FF10BD0000DA
:10890000708AFF1F10B5044680210248FDF756FF0C
:1089100010BD0000708AFF1F10B504464FF480613F
:108920000148FDF74BFF10BD708AFF1F10B50446CC
:108930004FF400410148FDF741FF10BD708AFF1F51
:1089400030B503460C460AB9012030BD00210FE0C6
:108950000A4800EB81052878984207D1687800F032
:108960000F00A04202D111800020EEE7481C81B226
:10897000034800888142EBDB0120E6E760F300005A
:10898000F0F3000070B5174C4FF49C712046F7F7D8
:10899000CCFC06202061606113A0A0611549E16153
:1089A0004FF4806121620021A1626162E1620EA048
:1089B000C4F8A8001049AC2001511021B020015189
:1089C0000021B8200151B4200151BC2001510025E3
:1089D00005E0C5F10F000949085C60556D1C102DBC
:1089E000F7D370BD14B800205465726D696E616C68
:1089F000000000004CB900204CBD00208DF50000A7
:108A000010B501460A69CB689A4204D88C68641E86
:108A1000E41AA01801E0D41A601E10BD2DE9FC5F15
:108A200006460F4692469846DDE90C45002F01DACE
:108A3000784200E0384683464FF0010903E09BFB93
:108A4000FAFB09F10109D345F9DAC84500D9C14655
:108A500034B1002F03DB05F00400042800D1641EAC
:108A600005F0020010B1B8F1000F11D005F00100BF
:108A700070B96CB108E0641E2021304600F0BAF8ED
:108A8000F068002800DA02E00CB1A145F3D300BF82
:108A9000F068002836DB002F05DA7F422D213046B2
:108AA00000F0A8F807E005F00400042803D12B210A
:108AB000304600F09FF8F068002823DB05F0020044
:108AC000022814D105F0010088B9B8F1000F0ED1C9
:108AD0006CB108E0641E3021304600F08BF8F0687D
:108AE000002800DA02E00CB1A145F3D300BFF06822
:108AF000002807DB4346524639463046CDE900455B
:108B000000F002F8BDE8FC9F2DE9FC5F8046894635
:108B100015461E460C9CCDF804900127BB4605E087
:108B20000198B0FBF5F001900BF1010B0198A84200
:108B3000F6D25E4500D9B3460D9800F00100D0B9D9
:108B4000CCB10D9800F00200022803D116B93020F4
:108B5000009001E02020009009E0641E404600994A
:108B600000F048F8D8F80C00002800DA02E00CB158
:108B7000A345F2D300BFD8F80C00002835DB09E08C
:108B8000012E01D9761E04E0B9FBF7FAAA4500D2FE
:108B900001E06F43F4E700BF00BFB9FBF7FA0AFB3F
:108BA0001799134810F80A10404600F023F8D8F837
:108BB0000C00002800DA03E0B7FBF5F7002FECD13A
:108BC00000BF0D9800F0010078B174B109E0641E97
:108BD0002021404600F00EF8D8F80C00002800DAFA
:108BE00002E00CB1A345F2D300BFBDE8FC9F00003A
:108BF0009EF5000070B504460E46A568681C6168C5
:108C0000814206D320684655681CA060E068401C7D
:108C1000E060D4E9011088420DD1A2682168206982
:108C2000FDF732F9A168884203D04FF0FF30E060D1
:108C300001E00020A06070BD2DE9F05F0446894688
:108C400017464FF0000AE56800BFD4F81080A84529
:108C500003D9A8EB0500461E04E0A5EB0800401C64
:108C6000A1680E1AA068401BB04201D9304601E04D
:108C7000A068401B0646BE4201D2304600E038469E
:108C80000646606800EB050B324649465846F7F742
:108C900033FBB244B144BF1B3544A068A84200D1A5
:108CA0000025E560002FD0D15046BDE8F09F2DE9AA
:108CB000F047044689461546E668A068871BAF4220
:108CC0000AD9606800EB060A2A4649465046F7F77B
:108CD00013FB7019E06014E0B846606800EB060A08
:108CE000424649465046F7F707FBA5EB0708D4F87C
:108CF00004A009EB070142465046F7F7FDFAC4F815
:108D00000C80BDE8F08700000FB4054B10B503A937
:108D1000044A029800F022F810BC5DF814FB000031
:108D2000BFB60000D482FF1F2DED020B019820F08A
:108D3000004001909DED000B02B0704702E008C8B2
:108D4000121F08C1002AFAD170477047002001E0C5
:108D500001C1121F002AFBD1704700002DE9FF4F0F
:108D60008BB09A460F460546002606E025280BD014
:108D700052460D9990476D1C761C28780028F5D135
:108D80000FB03046BDE8F08F0024A04601226049B4
:108D900000E0044315F8013F203B02FA03F00842CB
:108DA000F7D128782E2817D115F8010F44F00404C4
:108DB0002A280ED06FF02F022878A0F1300109295F
:108DC0000AD808EB880102EB410100EB01086D1C99
:108DD000F2E757F8048B6D1C287869283ED006DC32
:108DE0000028CDD063280BD0642804D136E0732846
:108DF00010D075284BD052460D999047761C85E0CF
:108E000017F8040B8DF8000000208DF80100E946EA
:108E1000012003E057F8049B4FF0FF3061074FF04B
:108E2000000401D40AE0641C44450DDA8442FADBF4
:108E300019F804100029F6D106E0641C8442FCDB1A
:108E400019F804100029F8D1264404E019F8010BA0
:108E500052460D999047641EF8D257E001CF4FF06B
:108E60000A0B002802DA40422D2102E0210504D538
:108E70002B218DF82410012103E0E10705D02021EA
:108E8000F7E70DF1200908910CE00021F9E701CF87
:108E90004FF00A0BF9E75946F7F7F2FA01F1300201
:108EA00009F8012D0028F6D1ADEB090000F1200BE7
:108EB000600701D44FF00108D84502DDA8EB0B0094
:108EC00000E000208046002406E009A85246005D2C
:108ED0000D999047641C761C08988442F5DB04E0E9
:108EE000302052460D999047761CB8F10001A8F148
:108EF0000108F5DC05E019F8010B52460D99904781
:108F0000761CBBF10001ABF1010BF4DC6D1C34E706
:108F10000928010070B50024ACE104EB840000EBEB
:108F2000C411D64800EB810090F81002002865D0EB
:108F300004EB840000EBC411D04800EB8100D0F8B2
:108F4000AC010A2815D004EB840000EBC411CB4817
:108F500000EB8100D0F8AC010B280AD004EB8400B0
:108F600000EBC411C54800EB8100D0F8AC010C281F
:108F700012D104EB840101EBC412C04901EB820160
:108F8000D1F8B8014FF40061FAF770FCFDF7F0FE7C
:108F9000BB4941F8240031E004EB840000EBC4112C
:108FA000B64800EB8100D0F8AC01022815D004EBE4
:108FB000840000EBC411B14800EB8100D0F8AC0193
:108FC00003280AD004EB840000EBC411AB4800EB8B
:108FD0008100D0F8AC01042810D104EB840101EB2E
:108FE000C412A64901EB8201D1F8B8012021FAF799
:108FF0003DFCFDF7BDFEA24941F8240004EB8400CE
:1090000000EBC4119D4800EB8100D0F8AC010D28A5
:1090100015D004EB840000EBC411984800EB8100EC
:10902000D0F8AC010E280AD004EB840000EBC41188
:10903000924800EB8100D0F8AC010F287CD1FDF7FD
:1090400097FE05468E4850F82400281AB0F5966F12
:1090500059D804EB840000EBC411884800EB810070
:1090600090ED080A04EB840000EBC411834800EB88
:109070008100D0ED350A30EE200A04EB840000EBCD
:10908000C4117E4800EB8100D0ED290AB4EEE00A5D
:10909000F1EE10FA0ADD04EB840000EBC41177480E
:1090A00000EB810090F82D0002282CD004EB840006
:1090B00000EBC411714800EB810090ED080A04EB4D
:1090C000840000EBC4116D4800EB8100D0ED350A3F
:1090D00030EE600A04EB840000EBC411674800EB3B
:1090E0008100D0ED290AB4EEE00AF1EE10FA21D2A7
:1090F00004EB840000EBC411604800EB810090F8A1
:109100002D00012816D104EB840101EBC4125B4948
:1091100001EB8201D1F8B8014FF48071FAF7A6FB98
:10912000002104EB840000EBC412544800EB8200E1
:1091300080F810129CE0FFE704EB840000EBC41100
:109140004E4800EB8100D0F8AC01052815D004EBA7
:10915000840000EBC411494800EB8100D0F8AC0159
:1091600006280AD004EB840000EBC411434800EB4E
:109170008100D0F8AC0107287AD1FDF7F9FD05464A
:109180003F4850F82400281AB0F5966F59D804EBE0
:10919000840000EBC411394800EB810090ED090A0E
:1091A00004EB840000EBC411344800EB8100D0EDE7
:1091B000350A30EE200A04EB840000EBC4112F487E
:1091C00000EB8100D0ED290AB4EEE00AF1EE10FACE
:1091D0000ADD04EB840000EBC411284800EB810099
:1091E00090F82D0001282CD004EB840000EBC41172
:1091F000224800EB810090ED090A04EB840000EBAB
:10920000C4111E4800EB8100D0ED350A30EE600A33
:1092100004EB840000EBC411184800EB8100D0ED92
:10922000290AB4EEE00AF1EE10FA20D204EB840031
:1092300000EBC411114800EB810090F82D000228CA
:1092400015D104EB840101EBC4120C4901EB82013E
:10925000D1F8B8010421FAF709FB002104EB8400DE
:1092600000EBC412054800EB820080F8101200BF2A
:10927000601CC4B2022CFFF650AE70BD2483FF1FE9
:10928000F480FF1F10B5324890F84140022C5EDA9E
:1092900004EB840000EBC4112D48443000EB810046
:1092A0004078002853D004EB840101EBC412284914
:1092B000443101EB8201D1F884001021FAF7D6FA8B
:1092C000002104EB840000EBC4122148443000EB81
:1092D000820080F89C1004EB840000EBC4121C4850
:1092E000443000EB820080F8F81004EB840000EBBF
:1092F000C4121748443000EB820080F8541104EB8C
:10930000840000EBC4111248443000EB8100D0F817
:10931000AC01162804D0182803D0192815D113E061
:1093200000BF3CB941F2883200210A480068FDF7CD
:1093300002FA08E0012C06D141F2883200210648E9
:109340000068FDF7F8F901E000E000BF00BF10BDC4
:10935000E082FF1FEC80FF1FF080FF1F10B54D481B
:1093600090F84140022C70DA04EB840000EBC41149
:109370004848443000EB81004078002865D004EB79
:10938000840000EBC4114348443000EB8100D0F866
:10939000AC0110283AD004EB840000EBC4113D4826
:1093A000443000EB8100D0F8AC0111282ED004EB42
:1093B000840000EBC4113748443000EB8100D0F842
:1093C000AC01082822D004EB840000EBC411314822
:1093D000443000EB8100D0F8AC01092816D004EB32
:1093E000840000EBC4112B48443000EB8100D0F81E
:1093F000AC0158B104EB840000EBC41125484430A3
:1094000000EB8100D0F8AC01012841D104EB8401CC
:1094100001EBC4121F49443101EB8201D1F88400F1
:109420001021FAF723FA04EB840000EBC411194869
:10943000443000EB8100D0F8AC0109280ED005DCE7
:10944000012817D0082821D106E021E0102802D0F9
:1094500011281BD101E01AE019E000BF04EB8401E0
:1094600001EBC4120B49443111F822000A4902F001
:10947000E5FB0CE004EB840101EBC4120549443127
:1094800011F82200042102F0D9FB00E000BF00BF68
:1094900010BD0000E082FF1F0804804010B52DEDD4
:1094A000048B82B000BFEFA2F0A10020FCF754FDB6
:1094B00000BFFE4890F84140022C7CDA04EB8400A7
:1094C00000EBC411F948443000EB810040780028DB
:1094D00071D0012104EB840000EBC412F348443046
:1094E00000EB820080F89C1004EB840000EBC412B7
:1094F000EE48443000EB820080F8F81004EB840062
:1095000000EBC412E948443000EB820080F85411AB
:1095100004EB840101EBC412E449443101EB820104
:1095200001F5AA70FCF7AAFA04EB840101EBC4125E
:10953000DE49443101EB820101F5AA709FEDDC0A9E
:10954000FCF7B4FA04EB840000EBC411D7484430B4
:1095500000EB8100D0F8AC0102283DD004EB840080
:1095600000EBC411D148443000EB8100D0F8AC01CD
:10957000032831D004EB840000EBC411CB48443005
:1095800000EB8100D0F8AC01042825D004EB840066
:1095900000EBC411C548443000EB8100D0F8AC01A9
:1095A0000D2819D004EB840000EBC411BF484430EF
:1095B00000EB810000E095E2D0F8AC010E280BD062
:1095C00004EB840000EBC411B848443000EB810088
:1095D000D0F8AC010F2879D100BF04EB840000EB78
:1095E000C411B248443000EB8100D0F8AC012346EE
:1095F0009CA2B0A100900020FCF7AEFC00BF04EBE1
:10960000840000EBC412A948443000EB820090EDC6
:109610000A0A04EB840000EBC412A448443000EBB7
:109620008200D0ED080A30EE600A10EE101A0846EB
:10963000F6F7C3FE41EC190BB0EE490AF0EE690AE9
:10964000FFF772FBB0EE408AF0EE608A9FEDA80B48
:1096500053EC102B51EC180BF6F7E2FE10D204EB92
:10966000840101EBC4129149443101EB8201D1F82C
:10967000B8014021FAF7FAF802B0BDEC048B10BD36
:1096800004EB840000EBC4118848443000EB8100F7
:1096900090ED0A0A04EB840000EBC41183484430C7
:1096A00000EB8100D0ED080AB4EEE00AF1EE10FA0A
:1096B0000DDDBFEE000A04EB840000EBC4117B4813
:1096C000443000EB810080ED2E0A0CE06DE0B7EE37
:1096D000000A04EB840000EBC4117448443000EB32
:1096E000810080ED2E0A04EB840000EBC4116F486A
:1096F000443000EB810090ED080A04EB840000EB9D
:10970000C4116A48443000EB810080ED280A04EB64
:10971000840000EBC4116548443000EB810090EDFB
:109720002E0AF7EE000AB4EE600AF1EE10FA15D137
:1097300000BF23464BA270490020FCF70DFC00BF80
:1097400004EB840101EBC4125849443101EB82015E
:10975000D1F884000421FAF789F898E104EB840039
:1097600000EBC4115148443000EB810090ED2E0A0B
:10977000FFEE000AB4EE600AF1EE10FAEDD100BF80
:10978000234638A25D490020FCF7E6FB00BF04EB4E
:10979000840101EBC4124549443101EB8201D1F847
:1097A00084000821FAF762F871E104EB840000EB11
:1097B000C4113E48443000EB8100D0F8AC010A28C7
:1097C0003BD004EB840000EBC4113848443000EB7C
:1097D0008100D0F8AC010B282FD004EB840000EB03
:1097E000C4113248443000EB8100D0F8AC010C28A1
:1097F00023D004EB840000EBC4112C48443000EB70
:109800008100D0F8AC01052817D004EB840000EBF0
:10981000C4112648443000EB8100D0F8AC01062882
:109820000BD004EB840000EBC4112048443000EB63
:109830008100D0F8AC0107288FD100BF04EB840071
:1098400000EBC4111948443000EB8100D0F8AC01A2
:10985000234604A217A100900020FCF77DFB00BF67
:109860004EE000005741524E000000001B5B3333B6
:109870006D5B25735D202D2D6163745F656E74656E
:10988000725F6D6F76696E673A2073746172746986
:109890006E672D2D2D2D2D2D2D2D2D2D2D2D2D2D7D
:1098A0002D2D1B5B306D0D0A00000000E082FF1FB4
:1098B0000080BB441B5B33336D5B25735D206D798A
:1098C00053797374656D2E617869735B25645D2EC1
:1098D000736D5F6163742E6375725F737461746519
:1098E000203D3D2025641B5B306D0D0A000000000B
:1098F000000000000000F03F84F70000C8F70000FF
:1099000004EB840000EBC412774800EB820090ED7A
:109910000A0A04EB840000EBC412734800EB8200D7
:10992000D0ED090A30EE600A10EE101A0846F6F77C
:1099300044FD41EC190BB0EE490AF0EE690AFFF75D
:10994000F3F9B0EE408AF0EE608A1FED170B53EC8E
:10995000102B51EC180BF6F763FD0DD804EB8401C6
:1099600001EBC412604901EB8201D1F8B8014FF458
:109970008051F9F77BFF7FE604EB840000EBC41114
:10998000594800EB810090ED0A0A04EB840000EBDB
:10999000C411554800EB8100D0ED090AB4EEE00A8D
:1099A000F1EE10FA0BDDBFEE000A04EB840000EBD1
:1099B000C4114D4800EB810080ED2E0A0AE0B7EE9D
:1099C000000A04EB840000EBC411474800EB81005F
:1099D00080ED2E0A04EB840000EBC411424800EB3A
:1099E000810090ED090A04EB840000EBC4113E48AD
:1099F00000EB810080ED280A04EB840000EBC41129
:109A0000394800EB810090ED2E0AF7EE000AB4EE23
:109A1000600AF1EE10FA15D100BF2346AFF2BC1276
:109A200032490020FCF798FA00BF04EB840101EBF7
:109A3000C4122D4901EB8201D1F884000421F9F709
:109A400015FF24E004EB840000EBC411264800EB72
:109A5000810090ED2E0AFFEE000AB4EE600AF1EEEE
:109A600010FA14D100BF2346AFF20822204900208B
:109A7000FCF772FA00BF04EB840101EBC4121A492F
:109A800001EB8201D1F884000821F9F7EFFE04EB25
:109A9000840000EBC411144800EB8100D0F8AC0145
:109AA000801E0D281CD2DFE800F00708090F101BEC
:109AB0001B1B0C0D0E0A0B0000BF00BF00BF00BF38
:109AC00000BF00BF00BF00BF00BF04EB840101EB7B
:109AD000C412054911F82200064902F0AFF800E06F
:109AE00000BF00BF00BFC7E52483FF1F84F700004D
:109AF000C8F700001004085010B5002429E004EB5A
:109B0000840000EBC411144800EB81004078F0B1F0
:109B100004EB840000EBC4110F4800EB8100D0F887
:109B2000AC01162804D0182803D019280DD101E063
:109B300000BF00BF04EB840101EBC412064911F819
:109B40002200042102F07AF800E000BF00BF601C90
:109B5000C4B2022CD3DB10BD2483FF1F10B5044612
:109B600094F82C00012803D094F82C0000286FD121
:109B70004FF4D6700059012813D04FF4D670005915
:109B800008280ED04FF4D6700059102809D04FF491
:109B9000D6700059152804D04FF4D67000591728F4
:109BA0003AD14FF4D870005909280ED04FF4D8702C
:109BB0000059112809D04FF4D8700059072804D053
:109BC0004FF4D87000590F2804D12078214902F0B1
:109BD00035F821E094F80002B8B194F82E0001287D
:109BE00004D120781C4902F029F815E094F82E00E1
:109BF000022805D120781849103102F01FF80BE037
:109C00002078164902F01AF806E094F8000218B914
:109C10002078022102F012F84FF4D670005916286D
:109C200009D04FF4D6700059182804D04FF4D670DC
:109C30000059192803D12078064901F0FFFF4FF49D
:109C4000F6700059022803D12078054901F0F6FF8B
:109C500010BD00000804804010000050080480502F
:109C6000400420102DE9FC4106460D4614460CB96F
:109C7000BDE8FC81294886424DD1ADF800502088CE
:109C8000ADF80200606801906846FAF7A5FAB4F9E9
:109C90000000002807DB00F01F0101228A40204954
:109CA000430941F8232000BFB4F90000A17800283F
:109CB00004DB0A07130E1B4A135406E00A07170EAB
:109CC000194A00F00F031B1FD75400BFB4F900005E
:109CD00000280DDB00BF00BF00F01F0201219140F2
:109CE0004209920002F1E022C2F8001100BF00BF59
:109CF00000BFB5F5E07F05D1012211463046F6F7E9
:109D00005DFD08E040F2C110854204D1012202212C
:109D10003046F6F753FD00BFAAE7000000000440FC
:109D200080E200E000E400E018ED00E010B5024839
:109D3000F6F796FD10BD00000000044010B5024982
:109D4000024800F033FF10BD5CF200007C9F002051
:109D50007FB53D4E3D4D00244FF400013046F7F7EE
:109D6000DBFB012814D144F400040BE004E0694655
:109D700005F11C0000F067FF69463348F7F78EFBDA
:109D80000028F4D03046F7F75FFB0028EED100BF83
:109D90004FF480013046F7F7BFFB012807D144F4A8
:109DA00080047A20405B401C81B27A2041534FF4FA
:109DB00000113046F7F7B0FB012801D144F400143C
:109DC0004FF480113046F7F7A7FB012801D144F486
:109DD00080144FF400213046F7F79EFB012801D193
:109DE00044F400244FF480213046F7F795FB012816
:109DF00001D144F480244FF400313046F7F78CFB56
:109E0000012812D101213046F7F786FB012804D141
:109E10003046F7F7C5F944F0010444F400347820E3
:109E2000405B401C81B2782041534FF08071304636
:109E3000F7F772FB012801D144F080741CB1214670
:109E40003046F7F763F97FBD000407407C9F002090
:109E500000B589B005A93A4800F0D4FE01286CD1BC
:109E600000200190029003900490059801900698BC
:109E700000F00F008DF811009DF8112007A902A82D
:109E8000F6F73AFA2F4A0199881A914221D010DC4C
:109E90002D48084480B3A0F5D050A0F1090060B36C
:109EA000A0F59C40A0F11F00D0B1B0F5006F3ED1ED
:109EB00036E0A0F50850703860B1A0F52C50B838E5
:109EC000A0B1A0F58850D838F0B1B0F5007F2ED100
:109ED00027E000BF9DF8111002A801F025F828E046
:109EE0009DF8111002A801F005F822E09DF811106C
:109EF00002A801F035F81CE000E00BE09DF811101D
:109F000002A800F0DDFF14E09DF8111002A801F096
:109F100033F80EE09DF8111002A800F0DDFF08E014
:109F200000BF9DF8111002A800F0F0FF01E009B099
:109F300000BD00BF00F05CFE00BF00BFF7E70000FF
:109F4000989F0020F09DFF1810E800E710B9044A20
:109F5000517203E0012801D1014A9172704700005B
:109F6000709F002010B5FFF773FF00F001F810BDDF
:109F70001CB5FCF7FDFE0446002003F053FC012055
:109F800003F050FC3D48007A70B93C480068201A44
:109F9000B0F5FA7F07D339480460012037490872C9
:109FA0000846446000E01CBD34484068A04200D927
:109FB000F9E73248007A06284CD2DFE800F04B037C
:109FC000101F2D3C2D48407A40B12D49684600F0C5
:109FD00014FA082269462B4800F05EFE3BE0274851
:109FE000807A50B126490831684600F006FA082206
:109FF00069462448401C00F04FFE2CE01F48407A80
:10A0000048B11F49684600F0D9F9082269461D4841
:10A01000001F00F041FE1EE01848807A50B1184938
:10A020000831684600F0CAF9082269461548C01E82
:10A0300000F032FE0FE01148407A10B90F48807AE4
:10A0400038B1684600F0F8F9082269460E4800F079
:10A0500023FE00E000BF00BF0848007A401C07490B
:10A0600008720846007A052803DD0020087248605F
:10A0700002E0601C0149486000BF94E7709F002027
:10A08000F89F00200801FF180811FF181A4890EDEA
:10A09000030AF0EE0A0AB4EEE00AF1EE10FA08DC68
:10A0A00090ED030AF5EE000AB4EEE00AF1EE10FAC4
:10A0B00003D201211048017402E000210E4801740E
:10A0C0000E4890ED030AF0EE0A0AB4EEE00AF1EE53
:10A0D00010FA08DC90ED030AF5EE000AB4EEE00A8F
:10A0E000F1EE10FA03D201210448017402E00021CC
:10A0F000024801747047000018A0002034A000201E
:10A1000010B5034802F0F6F8024802F0F3F810BD6B
:10A1100018A0002034A0002010B50749074802F01D
:10A1200091F80749074802F08DF8012211460648C8
:10A13000F6F7D4FB10BD000010F3000018A00020BB
:10A1400018F3000034A000200000044010B500F017
:10A15000B3F8FFF79BFF00F011F800231022064927
:10A160003020FBF761FA0023102203491031302020
:10A17000FBF75AFA10BD00005C82FF1F0A4890ED01
:10A18000030A0A4880ED020A0748007C0749087361
:10A19000074890ED030A084680ED060A0448017C52
:10A1A000024801777047000018A000205C82FF1F62
:10A1B00034A0002010B5054800F0D4FD044800F09C
:10A1C0009DFD044800F09AFD10BD00007CE2FF1FD9
:10A1D00098E2FF1FB4E2FF1F10B50649064802F0DF
:10A1E000A9F90649064802F0A5F90649064802F011
:10A1F000A1F910BD28E600007CE2FF1F30E6000058
:10A2000098E2FF1F38E60000B4E2FF1F184890ED07
:10A21000030A184880ED020A1548008A154988810A
:10A220001348807C88731248C07CC873124890ED34
:10A23000030A124880ED020A0F48008A0F498881FC
:10A240000D48807C88730C48C07CC8730C4890ED26
:10A25000030A0C4880ED020A0948008A09498881EE
:10A260000748807C88730648C07CC873704700002C
:10A270007CE2FF1F8C80FF1F98E2FF1F9C80FF1F66
:10A28000B4E2FF1FAC80FF1F10B5FCF771FD044660
:10A29000FFF74CFD07480068201A142803D305482F
:10A2A000046002F0B7FEFFF785FFFFF7AFFF02F093
:10A2B00063FE10BDC480FF1F10B5034802F076FE98
:10A2C000024802F073FE10BD18A0002034A0002048
:10A2D00010B502F05DFF03F021F8002003F00CF848
:10A2E000012003F009F8022003F006F8032003F030
:10A2F00003F810BD10B504460348406A2146826940
:10A300000148904710BD00003081FF1F08B5034889
:10A31000406A816801488847009008BD3081FF1F6E
:10A3200010B504460348406A2146426A01489047F6
:10A3300010BD00003081FF1F10B504460348406A7D
:10A340002146026A0148904710BD00003081FF1F7E
:10A3500010B50348406A01680148884710BD0000F5
:10A360003081FF1F70B504460D460448406A2A46F6
:10A37000214643690148984770BD00003081FF1FA6
:10A3800001B50348406A426801480099904708BDFA
:10A390003081FF1F10B52DED028B0446B0EE408AD0
:10A3A0000548406AB0EE480A2146C2690248904713
:10A3B000BDEC028B10BD00003081FF1F0B780278CE
:10A3C00063F3010202704B78027863F38502027036
:10A3D000027822F0C00202700022427000238370D3
:10A3E0000A79C2708A88121202718A7842714A8888
:10A3F000121282718A79C27170470B78027863F306
:10A40000010202704B78027863F3850202700278D1
:10A4100022F0C00202708A7842704A88121282705A
:10A420000A79C2708A8812120271002242710023D6
:10A4300083718A79C27170470021016041600170A7
:10A44000417081700221C1707047000070B5012019
:10A45000544981F82000084690F84140022C74DAF3
:10A4600004EB840000EBC4114E48443000EB810043
:10A4700000F5EE75012104EB840000EBC41249489D
:10A48000443000EB820080F82C102869012802D0AB
:10A49000022877D177E00421204601F0CFFB04EBBE
:10A4A000840000EBC4113F48443000EB8100D0F839
:10A4B000F8010068B0F5006F0DD004EB840000EBEC
:10A4C000C4113848443000EB8100D0F8F80100682E
:10A4D000B0F5804F10D104EB840101EBC412314977
:10A4E000443101EB8201D1F884001021F9F7BEF963
:10A4F000204601F071FC45E004EB840000EBC41140
:10A500002848443000EB8100D0F8F801006810289A
:10A5100038D004EB840000EBC4112248443000EB37
:10A520008100D0F8F8010068B0F5004F0ED104EBBF
:10A53000840101EBC4121B49443101EB8201D1F8C3
:10A54000B8010421F9F792F91CE02AE004EB840039
:10A5500000EBC4111348443000EB8100D0F8F8013F
:10A560000068B0F5803F0DD104EB840101EBC4120B
:10A570000C49443101EB8201D1F8B8014FF48071EC
:10A58000F9F774F90BE00849204601F057FB0CB1CC
:10A59000012000E00020034981F83B0000BF00BF1C
:10A5A00000BF70BDE082FF1F4004200010B50649C7
:10A5B000D1F83C020121F9F759F90349D1F85004C7
:10A5C0000121F9F753F910BDE082FF1F70B5F7487C
:10A5D00090F83B0020B90220F44981F8200008E0FF
:10A5E000F24890F83B00012803D10320EF4981F89D
:10A5F0002000EE4890F84140022C79DA04EB840008
:10A6000000EBC411E948443000EB810000F5EE7521
:10A61000022104EB840000EBC412E448443000EB58
:10A62000820080F82C102869C01E072809D2DFE8B4
:10A6300000F004091B60A4B6FD002021204601F0B3
:10A64000FDFAB0E104EB840101EBC412D7494431B7
:10A6500001EB8201D1F884001021F9F707F9D44900
:10A66000204601F0EBFA9EE1012104EB840000EBAF
:10A67000C412CE48443000EB820080F8541104EB41
:10A68000840000EBC412C948443000EB820080F81B
:10A690009C1004EB840101EBC412C449443101EB6A
:10A6A000820101F5AA709FEDC30AFBF7FFF904EBE5
:10A6B000840101EBC412BD49443101EB820101F177
:10A6C0009C009FEDBD0AFBF7F1F904EB840101EB5F
:10A6D000C412B649443101EB8201D1F8840004214F
:10A6E000F9F7C4F8B2491039204601F0A7FA5AE147
:10A6F0005BE1012104EB840000EBC412AB48443061
:10A7000000EB820080F8541104EB840000EBC412CB
:10A71000A648443000EB820080F89C1004EB8401D2
:10A7200001EBC412A149443101EB820101F5AA7089
:10A730009FEDA00AFBF7BAF904EB840101EBC41208
:10A740009A49443101EB820101F19C009FED9B0A83
:10A75000FBF7ACF904EB840101EBC41293494431DB
:10A7600001EB8201D1F884000821F9F77FF89049C4
:10A770001039204601F062FA15E104EB840101EB87
:10A78000C4128A49443101EB8201D1F884001021BE
:10A79000F9F76CF88649204601F050FA03E10420ED
:10A7A000824981F82000012104EB840000EBC412EF
:10A7B0007E48443000EB820080F8541104EB8400A2
:10A7C00000EBC4127948443000EB820080F89C1002
:10A7D00004EB840101EBC4127449443101EB8201A2
:10A7E00001F5AA709FED730AFBF760F904EB840191
:10A7F00001EBC4126D49443101EB820101F19C006F
:10A800009FED6D0AFBF752F904EB840000EBC411D5
:10A810006648443000EB810090F82D0001280FD1EC
:10A8200004EB840101EBC412604900E027E04431ED
:10A8300001EB8201D1F884000821F9F717F818E03C
:10A8400004EB840000EBC4115848443000EB810055
:10A8500090F82D0002280CD104EB840101EBC41206
:10A860005249443101EB8201D1F884000421F8F708
:10A87000FDFF4F491039204601F0E0F993E0012136
:10A8800004EB840000EBC4124848443000EB820023
:10A8900080F8541104EB840000EBC41243484430A8
:10A8A00000EB820080F89C1004EB840101EBC412E1
:10A8B0003E49443101EB820101F5AA709FED3D0A4A
:10A8C000FBF7F4F804EB840000EBC4113748443084
:10A8D00000EB810090F82D00012829D104EB8401C0
:10A8E00001EBC4123149443101EB8201D1ED0A0A76
:10A8F000B0EE001A70EE810AB0EE600A04EB84013B
:10A9000001EBC4122949443101EB820101F19C00A1
:10A91000FBF7CCF804EB840101EBC412234944316A
:10A9200001EB8201D1F884000421F8F79FFF34E0A5
:10A9300004EB840000EBC4111C48443000EB8100A0
:10A9400090F82D00022828D104EB840101EBC412F9
:10A950001649443101EB8201D1ED0A0AB0EE001A2A
:10A9600070EEC10AB0EE600A04EB840101EBC41280
:10A970000E49443101EB820101F19C00FBF796F88E
:10A9800004EB840101EBC4120849443101EB82015C
:10A99000D1F884000821F8F769FF054910392046ED
:10A9A00001F04CF900BF00BF00BF70BDE082FF1F87
:10A9B000200408000080A2440000C84200000000FB
:10A9C00002B9704750B901B9FBE70B6813604B68D7
:10A9D00053608B689360CB68D3601CE0012807D17B
:10A9E000042313600623536002239360D36012E0B4
:10A9F000022807D1022313600623536002239360C9
:10AA0000D36008E0032806D10123136006235360B6
:10AA100002239360D36000BFD3E7000030B5A1B03C
:10AA200005460C4601210846F8F79EFF18A8F6F7E0
:10AA3000E9FF60221C496846F5F75EFCA07D18AA74
:10AA400004F11801FFF7BCFF94F828008DF8760098
:10AA5000FF20ADF87400CDF870D094F829008DF87F
:10AA600077002A20005D8DF878002B20005D8DF89E
:10AA7000790094F82C008DF87A002D20005D8DF877
:10AA80007B002E20005D8DF87C002F20005D8DF86E
:10AA90007D003020005D8DF87E0018A92846F6F76D
:10AAA0009DFD21B030BD0000ACF200000020014946
:10AAB0004871704708A0002018B90021044A11709D
:10AAC00004E0012802D10021014A517070470000C2
:10AAD00008A0002010B5044604B910BDA288618802
:10AAE0002078F9F757FA00BFF7E700002DE9FC419D
:10AAF00005460E4614460CB9BDE8FC8106B9FBE7D5
:10AB00002648854248D14FF4F370ADF80000208804
:10AB1000ADF80200606801906846F9F75DFBB4F992
:10AB20000000002807DB00F01F0101228A401C49B9
:10AB3000430941F8232000BFB4F90000A1780028A0
:10AB400004DB0A07130E174A135406E00A07170E10
:10AB5000154A00F00F031B1FD75400BFB4F90000C3
:10AB600000280DDB00BF00BF00F01F020121914053
:10AB70004209920002F1E022C2F8001100BF00BFBA
:10AB800000BF002242F6FE212846F6F74BFE0122C6
:10AB900031462846F6F746FE00BFADE70004074001
:10ABA00080E200E000E400E018ED00E070B504464B
:10ABB0000D4604B115B94FF0FF3070BD256000207F
:10ABC000207105F11000FFF785FF05F10A00FFF77E
:10ABD00081FF21684868FFF721FF236803F13802ED
:10ABE000596B5868FFF782FF0120207100BFE4E72E
:10ABF00010B500230E2202493E20FAF715FD10BDC4
:10AC000008A0002030B5024602B111B96FF0010072
:10AC100030BD908810B96FF00200F9E7138802F197
:10AC2000080000EB031539CD81E839001088401C7D
:10AC3000052390FBF3F403FB140010809088401E62
:10AC400090800120E4E770B5024602B111B96FF0BF
:10AC5000010070BD538802F1080000EB031091E879
:10AC6000780078C05088401C052390FBF3F403FB68
:10AC7000140050809088052803DA9088401C90804A
:10AC800007E01088401C052390FBF3F403FB14003D
:10AC900010800120DDE700007FB506460D46144612
:10ACA000082C03DD6FF0010004B070BD002001909E
:10ACB0000096019820F040000190019820F080005B
:10ACC00080300190019864F303000190002005E0BA
:10ACD0002A7802A90A546D1C411CC8B2A042F7DBB5
:10ACE0006A4600210448F6F787FA10210248F6F771
:10ACF0004FFE0120D8E700000004074070B502684D
:10AD0000516813685D7A35B1D1ED020AF5EEC00ADB
:10AD1000F1EE10FA04D10026C6740025057670BD48
:10AD2000058A00EE905AB8EE600A0D7D002D01DD17
:10AD30000D7D00E003252C46D1ED020AF4EEC00A99
:10AD4000F1EE10FA08D2057E6D1C0576057EA5424F
:10AD500006DB0326C67403E0002505760026C674CC
:10AD600000BFDCE72DE9F05F2DED028B05462E6874
:10AD70007468D6F80080FBF7FBFF074698F80800D8
:10AD800050B90021A97400204A4908704A49087046
:10AD9000BDEC028BBDE8F09F95ED038A94ED000AAF
:10ADA000B4EEC80AF1EE10FA01D2012000E0002052
:10ADB000814694ED010AB4EEC80AF1EE10FA01DD05
:10ADC000012000E00020824694ED030AB5EEC00A9F
:10ADD000F1EE10FA02DD94ED030A01E0B0EE000A94
:10ADE000F0EE408A206908B1206901E040F6B830F1
:10ADF00083463048007890B32E49097802290CD157
:10AE000094ED000A30EE680AB4EEC80AF1EE10FACA
:10AE100001DD01210DE000210BE094ED010A30EE8F
:10AE2000280AB4EEC80AF1EE10FA01D2012100E0BE
:10AE300000210846A0B12049097829B901211E4AFC
:10AE400011701E490F600EE01C490968791A5945B6
:10AE500009D30021174A1170174A117003E003E06B
:10AE60000021154A117012E0B9F1000F06D002203E
:10AE70001049087000201049087008E0BAF1000F6E
:10AE800005D001200B49087000200B4908700948C3
:10AE90000078022802D10121A97408E00548007851
:10AEA000012802D10221A97401E00021A97400BF88
:10AEB0006EE70000C180FF1FC080FF1FBC80FF1F26
:10AEC000082900DA7047827802F00702014B9A7273
:10AED00000BFF7E708A0002010B5082900DA10BD70
:10AEE0000378447843EA0422014B1A8100BFF6E755
:10AEF00008A00020082900DA70478278C2F3810296
:10AF0000014B1A7100BFF7E708A00020082900DAFA
:10AF100070478278034BDA72027902F001021A73E9
:10AF200000BFF5E708A00020082900DA7047027882
:10AF300002F00F02094B1A70027812095A70427817
:10AF400002F001029A70827802F00302DA708278CD
:10AF5000C2F381021A7100BFE8E7000008A00020D8
:10AF6000082900DA7047427802F00102014B5A7159
:10AF700000BFF7E708A0002010B5082900DA10BDCF
:10AF80000379447943EA0422014BDA8000BFF6E7F3
:10AF900008A0002070B505462E460024FE488642D3
:10AFA00000D105E0FD48864201D1012400E070BDDA
:10AFB000287D01287ED1687D297D88422ED00121FF
:10AFC00004EB840000EBC412F3484C3800EB820021
:10AFD00080F8981104EB840000EBC412EE484C3862
:10AFE00000EB820080F89911E0B202F049F80021EC
:10AFF00004EB840000EBC412E7484C3800EB8200FD
:10B00000C17004EB840101EBC412E3494C3901EB3C
:10B01000820101F5AA70FAF731FDFFE1002101EB91
:10B020004401C8B2002102F095F8012104EB84002C
:10B0300000EBC412D8484C3800EB820080F899111C
:10B04000052101EB4401C8B200F088FB04EB840049
:10B0500000EBC411D0484C3800EB8100807848B92F
:10B06000012104EB840000EBC412CB484C3800EB08
:10B070008200817004EB840000EBC411C6484C3898
:10B0800000EB81008078F8B104EB840000EBC41180
:10B09000C1484C3800EB8100C078B0B9012104EB05
:10B0A000840000EBC412BC484C3800EB8200C17035
:10B0B000002100E08BE004EB840000EBC412B648F2
:10B0C0004C3800EB8200416012E004EB840000EB9E
:10B0D000C411B1484C3800EB81004068401C04EBBF
:10B0E000840101EBC412AC494C3901EB8201486088
:10B0F00004EB840000EBC411A7484C3800EB81003E
:10B100004068032889D9032104EB840000EBC412B2
:10B11000A1484C3800EB82004160042101EB44015E
:10B12000C8B200F035FB04EB840000EBC4119A4870
:10B130004C3800EB810090ED5B0ADFED990AB4EE2C
:10B14000E00AF1EE10FA11DD012104EB840000EBBE
:10B15000C41291484C3800EB820080F8981101EB42
:10B160004401C8B2012101F0F5FF57E104EB84006E
:10B1700000EBC41188484C3800EB810090F898012E
:10B1800080B1012101EB4401C8B202F057F800215F
:10B1900004EB840000EBC4127F484C3800EB8200C3
:10B1A00080F8981104EB840202EBC4137A4A4C3AFB
:10B1B00002EB830292ED5B0ABCEEC00A10EE101A9D
:10B1C000012202EB4402D0B201F0FEFF26E1287D0D
:10B1D00002287BD1687D297D884222D0012104EBA1
:10B1E000840000EBC4126C484C3800EB820080F8FD
:10B1F000981104EB840000EBC41267484C3800EB54
:10B20000820080F89911E0B201F03AFF002104EBCE
:10B21000840000EBC41260484C3800EB8200C1701F
:10B22000FCE0012101EB4401C8B2002101F092FFD2
:10B23000012104EB840000EBC41257484C3800EBAA
:10B24000820080F89911042101EB4401C8B200F09A
:10B2500085FA04EB840000EBC4114F484C3800EB36
:10B260008100807848B9012104EB840000EBC4120E
:10B2700049484C3800EB8200817004EB840000EBFD
:10B28000C41145484C3800EB8100807890B304EB42
:10B29000840000EBC41140484C3800EB8100C078BA
:10B2A000A8B9012104EB840000EBC4123A484C38E1
:10B2B00000EB8200C170002104EB840000EBC4129B
:10B2C00035484C3800EB8200416013E087E004EB26
:10B2D000840000EBC41130484C3800EB810040681A
:10B2E000401C04EB840101EBC4122B494C3901EBE7
:10B2F0008201486004EB840000EBC41126484C38FE
:10B3000000EB81004068032832D9032104EB84005C
:10B3100000EBC41220484C3800EB8200416005214C
:10B3200001EB4401C8B200F033FA04EB840000EBF7
:10B33000C41119484C3800EB810090ED5B0ADFED39
:10B34000180AB4EEE00AF1EE10FA12DD012104EB66
:10B35000840000EBC41210484C3800EB820080F8E7
:10B360009811002101EB4401C8B2012101F0F2FE65
:10B3700054E004EB840000EBC41107484C3800EBA8
:10B38000810090F89801B0B1002101EB4401C8B2EE
:10B3900001F054FF002105E07083FF1F8485FF1F2B
:10B3A00000301C4504EB840000EBC4121D4800EB88
:10B3B000820080F8981104EB840202EBC413194A4E
:10B3C00002EB830292ED5B0ABCEEC00A10EE101A8B
:10B3D000002202EB4402D0B201F0F6FE1EE0012191
:10B3E00004EB840000EBC4120E4800EB820080F8EE
:10B3F000981104EB840000EBC4120A4800EB8200B1
:10B4000080F89911E0B201F03BFE002104EB8400CA
:10B4100000EBC412034800EB8200C170287D687500
:10B4200000BFC4E52483FF1F30B502460B46002150
:10B43000032502F0080010B101210A2510E002F0F6
:10B44000100010B102210B250AE002F0200010B11B
:10B4500003210C2504E002F4007008B103210C253F
:10B4600021B902F4806008B101210A2521B902F452
:10B47000806008B9002030BD2C4602F480200028EE
:10B480003DD102F4002058B1012901D1072436E052
:10B49000022901D1082432E0032930D109242EE009
:10B4A00002F4801018BB02F4001058B1012901D138
:10B4B0000A2424E0022901D10B2420E003291ED113
:10B4C0000C241CE002F4800058B1012901D10D24A4
:10B4D00015E0022901D10E2411E003290FD10F2418
:10B4E0000DE002F4000010B1012901D1102406E0A2
:10B4F000022901D1112402E0032900D112241C7079
:10B500000020587058600120187200BFB3E710B5D2
:10B510000446E06901682046884740F23F10F7F78B
:10B52000DDFC2068F7F78AFEE0694168204688471D
:10B53000002010BDF8B504460E46256800270FE030
:10B54000A06904236A462946D0F808C02046E0478F
:10B55000A0680099884200D007E02F46354400BF1C
:10B56000D4E900010844A842EAD800BF3846F8BD33
:10B570000146C86870470146086970472DE9F843DD
:10B5800004460D46E0692946C26820469047E060BF
:10B59000E068A8B9E069816820468847A068009003
:10B5A0002168A06904236A46D0F804C02046E04719
:10B5B0002068E0602068284420610020BDE8F8830E
:10B5C0006068B0FBF5F62168E068401AB0FBF5F062
:10B5D000471CB74221D3A846404600F0C7FB81462E
:10B5E000E168A0692B464A46D0F808C02046E047EB
:10B5F000E0698168204688472168A0692B464A4651
:10B60000D0F804C02046E0472068E0602068284465
:10B610002061484600F060F802E0E06828442061BC
:10B620000020CBE710B504460020F7F791FC01207D
:10B63000F9F7E8FE00BF606980F3108800BF00BF23
:10B6400010BD2DE9F04107460C4615461E46324610
:10B6500029462046F7F76CFDBDE8F08110B5044699
:10B6600000BF00BFEFF31080606172B600BF012021
:10B67000F9F780FE00BF4FF48070F7F791FC0128C6
:10B68000F9D1F7F765FC10BD2DE9F04705460E46E8
:10B6900017469846E869016828468847002406E06E
:10B6A00057F8049030194946F7F7ACFC241D44457F
:10B6B000F6D3E869416828468847BDE8F08770B549
:10B6C00004460D46E0B2F7F7C7FA08B9204670BD48
:10B6D0004FF0FF30FBE7000010B5002821D0114BE0
:10B6E0000022001F196803E0814203D80A46496816
:10B6F0000029F9D152B11368841A9C4204D1006820
:10B7000018441060104602E0506000E0186039B143
:10B7100002680B1A934203D10B681A44026049680D
:10B72000416010BDD882FF1F10B504460A4890F84A
:10B73000350018B9084890F8360030B14FF40011C0
:10B74000D4F8B801F8F792F805E04FF40001D4F806
:10B75000B801F8F78BF810BDE082FF1F70B5054601
:10B76000082D00DB70BD094800EB45142078012846
:10B770000AD1A07A20B921892079F8F783FC03E067
:10B7800021892079F8F76AFB00BFEBE75C81FF1F96
:10B7900070B50546082D00DB70BD094800EB451467
:10B7A000207801280AD1A07A20B921892079F8F7D8
:10B7B00055FB03E021892079F8F764FC00BFEBE733
:10B7C0005C81FF1F7047000010B55448047CA01E28
:10B7D0000C2879D2DFE800F0060D143C434A525998
:10B7E000608990974E49D1F83C020821F8F73EF85D
:10B7F00092E04B49D1F83C022021F8F737F88BE072
:10B8000046484069032807D14549D1F83C024FF426
:10B810008021F8F72BF81AE040484069072807D143
:10B820003F49D1F83C024FF48061F8F71FF80EE071
:10B830003A484069052803D038484069062806D1AF
:10B840003749D1F83C024FF48071F8F70FF863E004
:10B850003349D1F83C024021F8F708F85CE0304960
:10B86000D1F83C028021F8F701F855E02C49D1F8D5
:10B870003C024FF40071F7F7F9FF4DE02849D1F889
:10B8800050040821F7F7F2FF46E02549D1F85004AB
:10B890002021F7F7EBFF3FE020484069092807D156
:10B8A0001F49D1F850044FF48021F7F7DFFF1BE068
:10B8B0001A4840690D2808D11949D1F850044FF4AD
:10B8C0008061F7F7D3FF0FE025E0144840690B28AB
:10B8D00003D0124840690C2806D11149D1F8500410
:10B8E0004FF48071F7F7C2FF16E00D49D1F850040C
:10B8F0004021F7F7BBFF0FE00949D1F85004802140
:10B90000F7F7B4FF08E00649D1F850044FF400718E
:10B91000F7F7ACFF00E000BF00BF10BD708AFF1F4B
:10B92000E082FF1F10B524480068FAF711FF234892
:10B930000068FAF70DFF22480068FAF709FF21486E
:10B940000068FAF705FF20480021018081701F4838
:10B95000047C012C2CD14069022806D11C49D1F865
:10B960003C021021F7F782FF21E0184840690828BF
:10B9700006D11749D1F850041021F7F777FF16E0E8
:10B9800012484069072807D11149D1F83C024FF409
:10B990000061F7F76BFF0AE00C4840690D2806D1FB
:10B9A0000B49D1F850044FF40061F7F75FFF00E056
:10B9B00000BF00BF10BD00005080FF1F5480FF1F5C
:10B9C0005880FF1F5C80FF1F4C80FF1F708AFF1F85
:10B9D000E082FF1F704770477047000010B54FF4BA
:10B9E00000310248FAF7EAFE10BD0000708AFF1F1E
:10B9F00070B504460CB1E06800B970BDE06800683D
:10BA000094F8251000EB8105A978204600F0D6F8BF
:10BA1000FBF7AEF9A06200BFEFE770B504460CB1CA
:10BA2000E06808B9002070BDE06A401CE062E1688F
:10BA3000C988206B0844206304F11005287820B1E0
:10BA400001280AD002282AD118E0002084F8250015
:10BA50002046FFF7CDFF0120E5E7E06A69688842EC
:10BA600004D3204600F09AF80020DCE7002084F898
:10BA700025002046FFF7BCFF0120D4E7206B696852
:10BA8000884204D3204600F089F80020CBE700204C
:10BA900084F825002046FFF7ABFF0120C3E72046CE
:10BAA00000F07CF80020BEE710B586B0044601A87F
:10BAB000F8F774FB0220ADF80600607A08B901209F
:10BAC00000E00020ADF80E002188A07901AAF8F767
:10BAD0007DF86188E07901AAF8F778F8A188207AE2
:10BAE00001AAF8F773F806B010BD10B504461CB1F2
:10BAF00094F82400012801D0002010BDD4E90712D9
:10BB0000A069C4E90412E0600020A061E061206245
:10BB1000022084F82400204600F01CF80120ECE705
:10BB200010B504460CB1E06808B9002010BD0C3413
:10BB3000607E401C6076607E54F80C19097988425A
:10BB400003DB2046FFF769FFF0E72046FFF750FFD1
:10BB50000120EBE710B5044604B910BD01201834EC
:10BB600060772077002060736061A061A077032078
:10BB7000207354F80C0C183C38B1E06800790028A8
:10BB800003DD2046FFF734FF06E00021204600F0E9
:10BB900015F8002084F8350000BFDEE710B5044634
:10BBA00004B910BD002024346074207404F8240902
:10BBB0000021204600F002F800BFF2E72DE9F04135
:10BBC00004460D460CB1072D01DBBDE8F0811A4893
:10BBD0004619677A337803F001030BB13B4603E063
:10BBE0000FB9012300E000231A462188A07900F054
:10BBF00075F83378C3F340030BB13B4603E00FB94C
:10BC0000012300E000231A466188E07900F066F81D
:10BC10003378C3F380030BB13B4603E00FB9012334
:10BC200000E000231A46A188207A00F057F884F833
:10BC3000375000BFC9E70000D0E3000070B586B000
:10BC400005460C4623480078854200DA0CB906B058
:10BC500070BD04F0020030B12846F9F72FFBFF2039
:10BC60001D494855F3E704F0040030B12846F9F7C0
:10BC700025FBFF2018494855E9E704F0010018B1F9
:10BC80002846F9F7FDFAE2E71348405DB0EB147F70
:10BC90001DD3200F1049485524F0704403A92046B5
:10BCA000F9F764FA90B19DF80C00F9F79BFA064693
:10BCB0005EB100969DF80D008DF804000499029184
:10BCC00069462846F9F71AFA00BF00BF00BF00BF57
:10BCD000BDE70000D7E300007480FF1F70B5054684
:10BCE0000E46144624B131462846F8F7CBF903E056
:10BCF00031462846F8F7B2F870BD0000C720F9F7C2
:10BD000039FBF5F793F901F04FFDF9F7BFFB00BFE1
:10BD10000BA20DA10020FAF71FF900BF4FF47A70B3
:10BD2000FBF73CF8FBF796FC62B6C720F9F76AFB15
:10BD300005E0FBF71DF80446FBF778F800BFF8E7CD
:10BD40004D41494E000000001B5B33366D5B25738F
:10BD50005D204D41494E2829207374617274696ECB
:10BD6000672E2E2E1B5B306D0D0A0000F0B50B30D8
:10BD7000154D20F007010024144A0FE003688B42A0
:10BD80000BD38B4205D95E1A43184768C3E9006795
:10BD900000E04368136002C004E0021D1068002840
:10BDA000ECD12046002802D1286808B10020F0BD5F
:10BDB000064A07481060074A121A22F00702C0E933
:10BDC000002401202860D7E7DC82FF1FD882FF1FF4
:10BDD00064BD002060DD00202DE9FC470446FEF72D
:10BDE00095FA01909DF804A0002000900026C34819
:10BDF00090F83C00002870D0C04991F83C0001F058
:10BE0000D9FA0646BD4991F83C006A463146FCF72E
:10BE100097FD0546002D5ED1B948BDF8001000EB36
:10BE20008107B81C005D00F00308B8F1000F06D0D0
:10BE3000B8F1020F04D0B8F1030F4AD11CE049E079
:10BE4000AE4991F83C00314602F06EF801212046DF
:10BE5000FEF788FA04EB840000EBC411A7484430D5
:10BE600000EB8100D0ED0A0AB0EE600A2046FEF732
:10BE700091FA01F0B7FF2DE004EB840000EBC41150
:10BE80009E48443000EB810090ED0A0ADFED9D0AE8
:10BE9000B4EEE00AF1EE10FA1ADD984991F83C0090
:10BEA000314602F041F801212046FEF75BFA04EB2F
:10BEB000840000EBC4119148443000EB8100D0EDC8
:10BEC0000A0AB0EE600A2046FEF764FA01F08AFF23
:10BED00000E000BF00BFCCE0FFE79DF8050000F0E8
:10BEE0000F07864991F83D0001F064FA0646B74213
:10BEF0006AD0824991F83D006A463146FCF720FD40
:10BF00000546002D5FD17E48BDF8001000EB81088A
:10BF100008F10200005D00F00309B9F1000F06D03E
:10BF2000B9F1020F04D0B9F1030F4AD11CE049E086
:10BF3000724991F83D00314601F0F6FF012120469B
:10BF4000FEF710FA04EB840000EBC4116B48443098
:10BF500000EB8100D0ED0A0AB0EE600A2046FEF741
:10BF600019FA01F03FFF2DE004EB840000EBC4114F
:10BF70006248443000EB810090ED0A0ADFED610A6F
:10BF8000B4EEE00AF1EE10FA1ADD5C4991F83D00DA
:10BF9000314601F0C9FF01212046FEF7E3F904EB29
:10BFA000840000EBC4115548443000EB8100D0ED13
:10BFB0000A0AB0EE600A2046FEF7ECF901F012FF23
:10BFC00000E000BF00BF53E004EB840000EBC411AD
:10BFD0004A48443000EB810090F82D00012815D12B
:10BFE00001212046FEF7BEF904EB840000EBC411EA
:10BFF0004248443000EB8100D0ED0A0AB0EE600AFE
:10C000002046FEF7C7F901F0EDFE31E004EB8400B5
:10C0100000EBC4113948443000EB810090F82D004A
:10C02000022825D104EB840000EBC41133484430CE
:10C0300000EB810090ED0A0ADFED320AB4EEE00A6F
:10C04000F1EE10FA14DD01212046FEF78BF904EB26
:10C05000840000EBC4112948443000EB8100D0ED8E
:10C060000A0AB0EE600A2046FEF794F901F0BAFE23
:10C0700000BF04EB840000EBC4112048443000EB07
:10C08000810090F82D00A8B904EB840101EBC412E3
:10C090001A49443101EB8201D1F8B8010221F7F7C6
:10C0A000E5FB04212046FFF7C9FD00212046FDF7EE
:10C0B0004DFF20E004EB840101EBC4120F49443131
:10C0C00001EB8201D1F8B8010121F7F7CFFB042180
:10C0D0002046FFF7B3FD01212046FDF737FF012180
:10C0E00004EB840000EBC4120448443000EB8200EF
:10C0F00000F5CE704161BDE8FC870000E082FF1FC3
:10C1000060F3000000001C4270470000194890F8DE
:10C11000411002292DDA01EB810202EBC11300F17B
:10C12000440202EB830202F14C00C26A062A1DD2CD
:10C13000DFE802F003070B101418002202754270AA
:10C1400015E001220275427011E0022202750122FF
:10C1500042700CE000220275427008E00022027575
:10C16000427004E000220275427000E000BF00BF90
:10C1700000BF7047E082FF1F10B5FAF7F9FD10BD50
:10C18000F0B504460D461746002614B1606900B1AB
:10C1900015B94FF0FF30F0BD6169B1F80404B84241
:10C1A00001DD384601E0B1F804040646002219E03A
:10C1B000B1F8020401EB800090ED000A05EB82006B
:10C1C00080ED000AB1F802C40CF101004FEAE07CF6
:10C1D00000EB1C6C4FEA2C2CA0EB0C2CA1F802C439
:10C1E000501C82B2B242E3DBB1F80404801BA1F818
:10C1F000040403B11E800020CDE702460AB1506955
:10C2000010B94FF0FF3070475169B1F8000401EBED
:10C21000800080ED000AB1F80034581CC31700EB11
:10C2200013631B12A0EB0323A1F80034B1F804043C
:10C23000FF2804DCB1F80404401CA1F80404002029
:10C24000E1E7000070B586B004460E4604B11EB9A1
:10C250004FF0FF3006B070BD26603568002060608A
:10C26000A060E06020611A48844207D119486061EB
:10C2700019A000686060002121720CE01848844217
:10C2800007D11848606118A0006860600121217220
:10C2900001E017486061606920B14FF48161606915
:10C2A000F4F743F801A8F7F779FF4FF40040ADF831
:10C2B0001400E988287901AAF7F788FC2A7A697AB4
:10C2C00001232868F4F744F9012020760020C1E713
:10C2D00018A0002050A00020504F53310000000053
:10C2E00034A0002058A40020504F5332000000001A
:10C2F00060A8002070B52DED028B05469FED180A51
:10C30000B0EE408A15B9BDEC028B70BD2868046898
:10C31000217A2068F4F7BAF90646D4ED060A00EE51
:10C32000106AB8EE400A60EE800A217F0120884042
:10C3300000EE100AB8EEC00A80EE801AD4ED040AAE
:10C3400094ED050A01EE200AB0EE408A85ED038ADD
:10C35000B0EE480A2846FFF750FF00BFD3E70000C1
:10C36000000000007CB505460C461248854204D109
:10C3700001210846F7F77CFB06E00F48854203D110
:10C3800001210220F7F774FB6846F4F79DFA208E2E
:10C39000ADF80000608EADF80200A08EADF804008C
:10C3A00069462846F4F7A6F910B14FF0FF307CBD7E
:10C3B0000020FCE7000004400004044070B505467E
:10C3C0000E46144604B970BD01214804F7F77EFA01
:10C3D00021896068F4F72CFB228831462846F4F75F
:10C3E000D1FA00BFEFE7F0B504460D461646002728
:10C3F00014B1606900B115B94FF0FF30F0BD61694B
:10C40000B1F80808B04201DD304601E0B1F8080893
:10C41000074600221EE0B1F8040801EB800090ED11
:10C42000000A05EB820080ED000AB1F804C80CF1A7
:10C4300001004FEAE07C00EB1C6C4FEA2C2CA0EBD7
:10C440000C2CA1F804C8B1F80808401EA1F808088F
:10C45000501C82B2BA42DEDB03B11F800020CDE760
:10C4600002460AB1506910B94FF0FF307047516968
:10C47000B1F8000801EB800080ED000AB1F8003847
:10C48000581CC31700EB13631B12A0EB0323A1F886
:10C490000038B1F80808FF2804DCB1F80808401C8F
:10C4A000A1F80808B1F8023801F5806000EB8300BC
:10C4B000C0ED000AB1F80238581CC31700EB136333
:10C4C0001B12A0EB0323A1F80238B1F80A08FF28D9
:10C4D00004DCB1F80A08401CA1F80A080020C5E7EE
:10C4E00070B505460C4604B970BD607A30B9227A41
:10C4F000012300212846F4F72BF805E0227A0123D6
:10C5000019462846F4F724F800BFEDE710B586B0C9
:10C5100004460CB906B010BD01A8F7F73FFE4FF472
:10C520000040ADF81400E188207901AAF7F74EFB2E
:10C5300000BFEFE770B505460E4615B10EB1306885
:10C5400010B94FF0FF3070BD2E6000206876686033
:10C55000A860E86028614748854209D1464868617B
:10C5600046A00188A9808078A871002129721BE06B
:10C570004348854209D14348686143A00188A980A6
:10C580008078A871012129720EE04048854209D1C6
:10C590003F4868613FA00188A9808078A871022186
:10C5A000297201E03C486861686920B140F60C01DD
:10C5B0006869F3F7BAFE3468207A18B104F10C0008
:10C5C000FFF7A4FF607A18B104F11800FFF79EFF8F
:10C5D000A07A18B104F12400FFF798FF21466068A3
:10C5E000FFF7C0FE10B16FF00100ACE7207A20B178
:10C5F00004F10C016068FFF773FF607A20B104F169
:10C6000018016068FFF76CFFA07A20B104F12401E3
:10C610006068FFF765FF94F8360028B104F138022E
:10C6200000216068FFF7CAFE94F8370028B104F1D2
:10C63000440201216068FFF7C1FE94F8500030B158
:10C6400004F154024FF4E0716068FDF70BFB94F8BD
:10C65000510030B104F15C0240F2C1116068FDF795
:10C6600001FB4E20005D08B100F0D6FE0120687687
:10C67000002068E77CE2FF1FD0E2FF1F564D00005C
:10C6800098E2FF1FDCEAFF1F4D310000B4E2FF1FFC
:10C69000E8F2FF1F4D3200006497002010B52DED29
:10C6A000048B044604EB840000EBC411434800EB08
:10C6B000810090ED5B0ADFED420AB4EEE00AF1EE94
:10C6C00010FA78DD3F480088B0F5FA7F6EDD3E480D
:10C6D00000EB840090ED000A04EB840000EBC41230
:10C6E000364800EB8200D0ED290A30EE600A10EEE9
:10C6F000101A0846F3F761FE41EC190BB0EE490A37
:10C70000F0EE690AFCF710FBB0EE408AF0EE608AAA
:10C710009FED2E0B53EC102B51EC180BF3F780FE12
:10C720002ED22C480088401C2A49088008460088E0
:10C7300005282ADD0020088004EB840000EBC411EA
:10C740001E4800EB810090F82C0002280DD104EB6C
:10C75000840101EBC412194901EB8201D1F8F801FF
:10C760004FF40051F7F782F80FE0012104EB840049
:10C7700000EBC412114800EB820080F8101204E0B4
:10C7800014480088401E1349088000200D49088085
:10C7900004EB840000EBC411084800EB810090ED2D
:10C7A000290A094800EB840080ED000A054800884A
:10C7B000401C04490880BDEC048B10BD2483FF1F7E
:10C7C00000800945D080FF1FD480FF1F9A99999956
:10C7D0009999B93FD280FF1F2DE9F0412DED068BCD
:10C7E00004469FEDFE0AB0EE409A9FEDFC0AB0EEC3
:10C7F000408A0CB1607E18B9BDEC068BBDE8F081B3
:10C8000020680568287A00B3297D6868F3F73EFF41
:10C8100008EE900A95ED1D0AF8EE680A20EE201A3F
:10C8200095F878100120884000EE100AB8EEC00A92
:10C83000C1EE000A95ED191A95ED1A0A00EE810A6B
:10C84000B0EE409A84ED039A00BF687A00287CD04D
:10C850002022515D6868F3F719FF09EE900A95ED03
:10C860001D0AF8EE690A20EE201A95F878100120CA
:10C87000884000EE100AB8EEC00AC1EE000A95ED3D
:10C880001B1A95ED1C0A00EE810AB0EE408ABCEE40
:10C89000C80A10EE100A2082207A012802D0207ADD
:10C8A00002287DD1207A401E00EB800101EBC011EF
:10C8B000CB4800EB810090F84D00002871D0207A21
:10C8C000401E00EB800101EBC011C54800EB810068
:10C8D00090F8540100287DD0207A401EC7B20FB9CD
:10C8E000C04800E0C0480646307D06EB800080ED81
:10C8F000008A307D401C052190FBF1F201FB120003
:10C900003075707D052802DA707D401C7075DFED92
:10C91000B38A002009E006EB800191ED000A30EEB9
:10C92000280AF0EE408A411CC8B2717D8142F2DCD7
:10C93000707D00EE100AB8EE400A88EE80AA07EB80
:10C94000870000EBC711A64800E00AE300EB810076
:10C9500080ED57AA227A521E02EB820303EBC21328
:10C960009F4A02EB830292ED571AF0EE410A227AB7
:10C97000521E02EB820303EBC213994A02EB8302BD
:10C9800092ED561AB0EE410A227A521E02EB820351
:10C9900003EBC213924A02EB830202F5AA7101E093
:10C9A000BAE2BAE2227A521E02EB820303EBC2130E
:10C9B0008B4A02EB830202F5A070F8F777FF207A2A
:10C9C000401E00EB800101EBC011854800EB8100A7
:10C9D000816900E087E2207A401E00EB800202EBD2
:10C9E000C0127F4800EB8200C06981422AD2207ABF
:10C9F000401E00EB800101EBC011794800EB810083
:10CA00008069401C217A491E01EB810202EBC112B0
:10CA1000734901EB820188610021207A401E00EBFE
:10CA2000800202EBC0126E4800EB82008160207A27
:10CA3000401E00EB800202EBC012694800EB82004E
:10CA40000161FAE0207A401E00EB800101EBC01189
:10CA5000634800EB810090ED310A207A401E00EB24
:10CA6000800101EBC0115E4800EB8100D0ED350A7A
:10CA7000B4EEE00AF1EE10FA1CDC207A401E00EB66
:10CA8000800101EBC011564800EB810090ED310AA6
:10CA9000207A401E00EB800101EBC011504800EBF2
:10CAA0008100D0ED350AF1EE600AB4EEE00AF1EE55
:10CAB00010FA7DD2207A401E00EB800101EBC011FC
:10CAC000474800EB810090ED570A207A401E00EBAA
:10CAD000800101EBC011424800EB8100D0ED640AF7
:10CAE000B4EEE00AF1EE10FA62DD207A401E00EBAF
:10CAF000800101EBC0113A4800EB81008168207A87
:10CB0000401E00EB800202EBC012354800EB8200B1
:10CB1000C06881424AD30021207A401E00EB800287
:10CB200002EBC0122E4800EB820080F86010207AE1
:10CB3000401E00EB800202EBC012294800EB82008D
:10CB400080F84D10207A401E00EB800101EBC011EF
:10CB5000234800EB810090F82C0002280FD1217AA5
:10CB6000491E01EB810202EBC1121D4901EB82015A
:10CB7000D1F8F8014FF40051F6F778FE0BE00121EF
:10CB8000207A401E00EB800202EBC012144800EB3A
:10CB9000820080F810120021207A401E00EB8002F3
:10CBA00002EBC0120E4800EB82008160207A00E0A8
:10CBB0001CE0401E00EB800101EBC011084800EBB7
:10CBC00081008068401C217A491E01EB810202EB42
:10CBD000C112034901EB8201886027E000000000D8
:10CBE0002483FF1FF4FAFF1F0CFBFF1F207A401E57
:10CBF00000EB800101EBC011DE4800EB8100806892
:10CC0000A0B1207A401E00EB800101EBC011D94891
:10CC100000EB81008068401E217A491E01EB8102F1
:10CC200002EBC112D34901EB82018860217A491ECF
:10CC3000C8B2FFF733FDFCF76DF9207A401E00EB18
:10CC4000800101EBC011CB4800EB810090ED280A78
:10CC5000207A401E00EB800101EBC011C54800EBBB
:10CC60008100D0ED290A30EE600AB0EEC00A207AC9
:10CC7000401E00EB800101EBC011BE4800EB8100BB
:10CC8000D0ED350AB4EEE00AF1EE10FA7ED2207A49
:10CC9000401E00EB800101EBC011B64800EB8100A3
:10CCA0000169207A401E00EB800202EBC012B148FD
:10CCB00000EB8200406981421BD3207A401E00EBCA
:10CCC000800101EBC011AB4800EB810090F82C0013
:10CCD00002280FD1217A491E01EB810202EBC11219
:10CCE000A44901EB8201D1F8F8014FF48041F6F735
:10CCF000BDFDC1E00021207A401E00EB800202EB66
:10CD0000C0129C4800EB820080F86010207A401E20
:10CD100000EB800202EBC012964800EB820080F824
:10CD20004D10217A491E01EB810202EBC11291499B
:10CD300001EB8201D1F884001021F6F797FD002164
:10CD4000207A401E00EB800202EBC012894800EB03
:10CD5000820080F85411207A401E00EB800202EB22
:10CD6000C012844800EB820080F8F810207A401E40
:10CD700000EB800202EBC0127E4800EB820080F8DC
:10CD80009C10217A491E01EB810200E08AE002EB4F
:10CD9000C112784901EB820101F5AA70F8F76EFE25
:10CDA000207A401E00EB800101EBC011714800EBBE
:10CDB0008100D0F8AC010A2819D0207A401E00EB7F
:10CDC000800101EBC0116B4800EB8100D0F8AC0191
:10CDD0000B280CD0207A401E00EB800101EBC01123
:10CDE000644800EB8100D0F8AC010C280FD1217A07
:10CDF000491E01EB810202EBC1125E4901EB820187
:10CE0000D1F8B8014FF48051F6F730FD34E0207AC4
:10CE1000401E00EB800101EBC011564800EB810081
:10CE2000D0F8AC01022819D0207A401E00EB800116
:10CE300001EBC0114F4800EB8100D0F8AC01032892
:10CE40000CD0207A401E00EB800101EBC011494854
:10CE500000EB8100D0F8AC0104280DD1217A491EE5
:10CE600001EB810202EBC112424901EB8201D1F8D0
:10CE7000B8014021F6F7FAFC207A401E00EB800151
:10CE800001EBC0113B4800EB81000069401C217A96
:10CE9000491E01EB810202EBC112364901EB82010E
:10CEA00008611FE0207A401E00EB800101EBC011F9
:10CEB000304800EB81000069A0B1207A401E00EBF1
:10CEC000800101EBC0112B4800EB81000069401E7E
:10CED000217A491E01EB810202EBC112254901EBC7
:10CEE000820108610BE00021207A401E00EB8002E5
:10CEF00002EBC0121F4800EB820080F86010217A1C
:10CF0000491E01EB810202EBC1121A4901EB8201B9
:10CF100001F14C00FEF73EF822E00021207A401E8D
:10CF200000EB800202EBC012124800EB820080F896
:10CF30006010207A401E00EB800202EBC0120D4808
:10CF400000EB82008161217A491E01EB810202EB34
:10CF5000C112084901EB820101F14C00FEF71AF8F9
:10CF600000BFF0EE480AB0EE490A2046FFF778FA13
:10CF700000BF41E42483FF1F10B50023102208499D
:10CF80002020F8F751FB0023102206492020F8F753
:10CF90004BFB0023102204492020F8F745FB10BD6D
:10CFA0008C80FF1F9C80FF1FAC80FF1F10B52DEDF4
:10CFB000028BAAB0044601ABA02202A92046FFF7CB
:10CFC000DFF810B9BDF8040018B92AB0BDEC028B27
:10CFD00010BD9FED0F8A00200AE002A901EB80013D
:10CFE00091ED000A30EE080AB0EE408A411CC8B24A
:10CFF000BDF804108842F0DBBDF8040000EE100A12
:10D00000B8EE400AC8EE000AC4ED030A00BFDCE730
:10D010000000000010B52DED028B8CB09FED160ABC
:10D02000B0EE408A01AB142202A91448FFF7DBF9E5
:10D03000BDF8040000281BDD00240AE002A800EB74
:10D04000840090ED000A30EE080AB0EE408A601CC1
:10D05000C4B2BDF804008442F0DBBDF8040000EE69
:10D06000100AB8EE400AC8EE000A0448C0ED030AF0
:10D070000CB0BDEC028B10BD000000007CE2FF1F75
:10D0800070B50646002E2FD1314C04F12005A07E4C
:10D0900018B90120A0760020E061E069401CE06141
:10D0A000A07A20B921892079F6F7ECFF03E02189E5
:10D0B0002079F6F7D3FEA87A20B929892879F6F7DE
:10D0C000E1FF03E029892879F6F7C8FEE069022824
:10D0D00009D90320E0610121084600F03BF8012155
:10D0E000002000F037F832E0012E30D1184C4034E7
:10D0F00004F12005A07E18B90120A0760020E0618F
:10D10000E069401CE061A07A20B921892079F6F716
:10D11000B9FF03E021892079F6F7A0FEA87A20B9AB
:10D1200029892879F6F7AEFF03E029892879F6F7EF
:10D1300095FEE069022809D90320E061012102205F
:10D1400000F008F80121032000F004F800BF70BDD2
:10D15000DC81FF1F70B505460E46082D00DB70BD53
:10D160000A4800EB4514207868B936B94FF440728C
:10D17000D4E90401FBF730FA05E04FF40072D4E97A
:10D180000401FBF729FA00BFE9E700005C81FF1FFB
:10D1900070B500210C20F6F7A5FE0220F5F782FD00
:10D1A00000211020F6F79EFE002407E0054800EB62
:10D1B0004415284600F064F8601CC4B2082CF5DB66
:10D1C00070BD00005C81FF1F70B506460D46082E3D
:10D1D00000DB70BD174800EB46142078012818D1F9
:10D1E0005DB9A07A20B921892079F6F74BFF0FE0CD
:10D1F00021892079F6F732FE0AE0A07A20B9218948
:10D200002079F6F72BFE03E021892079F6F73AFF23
:10D21000DFE740F6C310854200D905462A46D4E927
:10D220000401FBF73BFA6A0800210348FBF736FAD2
:10D2300000BFCEE75C81FF1F0050014070B505467E
:10D24000082D00DB70BD0D4800EB45140020A076D2
:10D25000207828B90022D4E90401FBF7BDF90AE0DF
:10D26000A07A20B921892079F6F7F8FD03E0218919
:10D270002079F6F707FF00BFE4E700005C81FF1F9D
:10D2800010B5044604B910BD201D00F012F8207836
:10D2900018B9204600F050F809E02078012806D19E
:10D2A000208B20B1228B21892079F6F773FE00BFF5
:10D2B000E9E710B586B004460CB906B010BD01A868
:10D2C000F6F76CFF0220ADF806002020ADF80A004A
:10D2D0000020ADF81400A07918B10020ADF80400CA
:10D2E00002E00120ADF80400A188207801AAF6F739
:10D2F0006DFC00BFE1E7000070B50546064800EB95
:10D30000451414B94FF0FF3070BD0122D4E9040177
:10D31000FBF706F90020F7E75C81FF1F10B501213C
:10D320000348FBF793FA0348FBF748FA002010BDC7
:10D33000006401400050014010B586B004460CB9AD
:10D3400006B010BD0121E068F6F750FB228B218961
:10D350002079F6F71FFE00208DF80C0030208DF8A4
:10D360000D0000218DF80E1002218DF80F1040F6EF
:10D37000C310059003A92069FAF750FF0120ADF80A
:10D380000400ADF80600ADF808000020ADF80A0072
:10D390006A46D4E90401FBF713F84FF44072D4E96C
:10D3A0000401FBF719F900BFCAE710B5F8F76EF8EA
:10D3B00010BD00000146002031291FD008DC1029D3
:10D3C0000DD011290CD023290BD024291FD109E01D
:10D3D000A12908D0A22907D0A72918D105E000BFAC
:10D3E00000BF00BF00BF00BF00BF0A4A92F83E2046
:10D3F000012A01D1012000E0002009E0054A92F84D
:10D400003F20012A01D1012000E0002000E000BF00
:10D4100000BF7047E082FF1F0EB501210420F6F720
:10D42000E5FA00208DF8000030208DF80100002181
:10D430008DF8021002218DF8031040F6C3100290FF
:10D4400069460748FAF7EAFE4FF49672002104484D
:10D45000FBF724F9012211460148FAF77DFE0EBDC3
:10D460000050014010B50446084890F8380030B12B
:10D470004FF40031D4F8B801F6F7F8F905E04FF4AD
:10D480008021D4F8B801F6F7F1F910BDE082FF1F52
:10D4900010B5044605488069242102680348904776
:10D4A000A06A01682046884710BD0000B482FF1FB3
:10D4B00070B504460F488069C1680E488847064623
:10D4C0000C48806924232246314685680948A847CC
:10D4D0000949206888420BD024212046F2F725FF15
:10D4E000054820604FF47A702081204600F044F80F
:10D4F000002070BDB482FF1FA55AA55A70B504461E
:10D500000D46242229462046F2F7F6FE70BD02465B
:10D51000022901DB0020704701EB410302F10C00FE
:10D5200050F82300F7E708B501464868009008BDA9
:10D53000022902DB9FED050A704701EB410300F170
:10D540000C0202EB830292ED010AF5E700000000F5
:10D55000022902DB9FED050A704701EB410300F150
:10D560000C0202EB830292ED020AF5E700000000D4
:10D570000146088970470000F0B589B00546174894
:10D580008069C16815488847074614488069242384
:10D590006A46394686681148B047242269462846BB
:10D5A000F2F7EFFE10B9002009B0F0BD0C4828607A
:10D5B0000A48806901690948884704460748806924
:10D5C00024232A46214646680448B0470348C460DD
:10D5D00004F12400014908610020E5E7B482FF1F3F
:10D5E000A55AA55A70B504460D461646022D02DB13
:10D5F0004FF0FF3070BD05EB450104F10C0040F821
:10D600002160A06A416820468847F3E713B50446C5
:10D6100001986060A06A4168204688471CBD0000F0
:10D6200070B52DED048B82B004460D46B0EE409AE5
:10D63000022D05DB4FF0FF3002B0BDEC048B70BD56
:10D64000B5EEC09AF1EE10FA06D39FED2C0AB4EEB7
:10D65000C09AF1EE10FA02DD6FF00100ECE705EB85
:10D66000450104F10C0000EB810080ED029A606836
:10D6700001900DF10600405D00F0030605EB450149
:10D6800004F10C0000EB810090ED028AF0EE488A74
:10D690009EB1022E02D0032E0ED106E0B3EE060A92
:10D6A00038EE000AF0EE408A0AE0B3EE060A38EEE1
:10D6B000400AF0EE408A03E000BFF0EE488A00BF67
:10D6C00000BFF5EEC08AF1EE10FA06D39FED0B0A0B
:10D6D000F4EEC08AF1EE10FA02DD6FF00100ABE764
:10D6E00005EB450104F10C0000EB8100C0ED018A5F
:10D6F000A06A4168204688479EE7000000401C461B
:10D7000070B504460D462581A06A416820468847C9
:10D7100070BD70477047000010B500241EE004EB98
:10D72000840000EBC4110F4800EB810090F82D003D
:10D7300098B104EB840101EBC4120A4901EB8201A8
:10D74000D1F8B8010121F6F791F8E0B20121FEF716
:10D7500075FAE0B20121FCF7F9FB641C022CDEDB58
:10D7600010BD00002483FF1F10B50E49D1F8FC0145
:10D770000221F6F77BF80B49D1F810040221F6F7E5
:10D7800075F802210020FEF759FA02210120FEF768
:10D7900055FA00210846FCF7D9FB00210120FCF7CF
:10D7A000D5FB10BDE082FF1F00B585B000210C2025
:10D7B000F6F798FB00211020F6F794FB6846F6F781
:10D7C000EDFC0220ADF802002020ADF8060000209C
:10D7D000ADF80000ADF810006A4680210120F6F790
:10D7E000F5F96A464FF400410020F6F7EFF9684674
:10D7F000F6F7D4FC0220ADF802002020ADF80600B8
:10D800000020ADF80000ADF810006A4608210120A4
:10D81000F6F7DCF96A4610210120F6F7D7F905B0D2
:10D8200000BD000010B5044604EB840000EBC411F9
:10D83000FE4800EB810090F8FC01012803D1FC496F
:10D8400001F8340003E00020F94901F8340004EB4A
:10D85000840000EBC411F54800EB810090F82C0027
:10D8600002287DD104EB840000EBC411EF4800EBEB
:10D870008100D0F8EC0105282BD104EB840000EBEB
:10D88000C411EA4800EB810090F82D0001280AD16C
:10D890000320E74901EBC40148700020E44901EB93
:10D8A000C40188714BE004EB840000EBC411DF4835
:10D8B00000EB810090F82D00022840D10420DC49C3
:10D8C00001EBC40148700020D94901EBC401887103
:10D8D00035E004EB840000EBC411D44800EB810078
:10D8E000D0F8EC0106282AD104EB840000EBC41127
:10D8F000CE4800EB810090F82D0001280AD10420C9
:10D90000CB4901EBC40148700020C94901EBC401B7
:10D91000887114E004EB840000EBC411C34800EBF1
:10D92000810090F82D00022809D10320C04901EBA5
:10D93000C40148700020BE4901EBC401887104EBAA
:10D94000840000EBC411B94800EB8100D0F8EC0171
:10D9500008280CD004EB840000EBC411B34800E0AD
:10D9600013E000EB8100D0F8EC0109280CD1012074
:10D97000AF4901F83400062001EBC40148700020D3
:10D98000AB4901EBC40188710CE204EB840000EBAD
:10D99000C411A64800EB810090F82C000128F3D1B7
:10D9A00004EB840000EBC411A04800EB810090F868
:10D9B000FE01012809D100209D4901EBC4014870F6
:10D9C0009B4901EBC4018871ECE104EB840000EB9E
:10D9D000C411964800EB810090F8FC0148B9002082
:10D9E000934901EBC4014870914901EBC40188716E
:10D9F000D8E104EB840000EBC4118C4800EB8100FB
:10DA0000D0F8AC0109280AD004EB840000EBC41163
:10DA1000864800EB8100D0F8AC01072817D104EB51
:10DA2000840101EBC412814901EB8201D1F8B801F4
:10DA30004FF48031F5F71AFF07207D4901EBC4014F
:10DA4000487001207A4901EBC4018871AAE104EB16
:10DA5000840000EBC411754800EB8100D0F8AC01E4
:10DA600011280AD004EB840000EBC4116F4800EBCE
:10DA70008100D0F8AC010F2817D104EB840101EB31
:10DA8000C4126A4901EB8201D1F8B8014FF4803128
:10DA9000F5F7ECFE0820664901EBC401487002204E
:10DAA000634901EBC40188717CE104EB840000EB65
:10DAB000C4115E4800EB8100D0F8AC0116280AD1F1
:10DAC00009205B4901EBC40148700320584901EB70
:10DAD000C401887166E104EB840000EBC411534873
:10DAE00000EB8100D0F8AC0118280AD10A20504977
:10DAF00001EBC401487004204D4901EBC401887159
:10DB000050E104EB840000EBC411484800EB8100B5
:10DB1000D0F8AC0119280AD10B20454901EBC4010A
:10DB200048700520424901EBC40188713AE104EBD9
:10DB3000840000EBC4113D4800EB8100D0F8AC013B
:10DB4000082817D104EB840101EBC412374901EB1B
:10DB50008201D1F8B8014FF48031F5F787FE052036
:10DB6000334901EBC40148700020314901EBC40185
:10DB7000887117E104EB840000EBC4112B4800EB23
:10DB80008100D0F8AC01102817D104EB840101EB1F
:10DB9000C412264901EB8201D1F8B8014FF480315B
:10DBA000F5F764FE0620224901EBC401487000200D
:10DBB0001F4901EBC4018871F4E004EB840000EB21
:10DBC000C4111A4800EB8100D0F8AC0102282BD018
:10DBD00004EB840000EBC411144800EB8100D0F882
:10DBE000AC01032820D004EB840000EBC4110F48E3
:10DBF00000EB8100D0F8AC01042815D004EB8400C0
:10DC000000EBC411094800EB8100D0F8AC010528F5
:10DC10000AD004EB840000EBC411044800EB81003F
:10DC2000D0F8AC0106280FD1012003E02483FF1FA8
:10DC3000F89F0020694901EBC40148700020674942
:10DC400001EBC4018871ADE004EB840000EBC4116A
:10DC5000634800EB8100D0F8AC010A282BD004EB1C
:10DC6000840000EBC4115E4800EB8100D0F8AC01E9
:10DC70000B2820D004EB840000EBC411584800EBC3
:10DC80008100D0F8AC010C2815D004EB840000EB27
:10DC9000C411534800EB8100D0F8AC010D280AD024
:10DCA00004EB840000EBC4114D4800EB8100D0F878
:10DCB000AC010E280AD10220484901EBC40148708A
:10DCC0000020464901EBC40188716BE004EB84003D
:10DCD00000EBC411424800EB8100D0F8AC010128F0
:10DCE00015D004EB840000EBC4113D4800EB81002B
:10DCF000D0F8AC0115280AD004EB840000EBC41165
:10DD0000374800EB8100D0F8AC0117284AD104EB6A
:10DD1000840000EBC411324800EB8100D0F8B00160
:10DD200009283FD004EB840000EBC4112C4800EB21
:10DD30008100D0F8B001112834D004EB840000EB4E
:10DD4000C411274800EB810090F82E0001280AD169
:10DD50000520224901EBC401487000201F4901EB56
:10DD6000C40188711EE004EB840000EBC4111C4860
:10DD700000EB810090F82E0002280AD106201749F6
:10DD800001EBC40148700020144901EBC401887103
:10DD900008E00020114901EBC40148700F4901EB74
:10DDA000C401887104EB840000EBC4110C4800EB43
:10DDB0008100B0F81202094901EBC401488004EB6C
:10DDC000840000EBC411064800EB8100B0F80202A9
:10DDD000024901EBC401888010BD0000F89F0020BB
:10DDE0002483FF1FFEB5FCF791FA02909DF80850BE
:10DDF0009DF8090000F00F0700200190FF2D00DDC5
:10DE00000025474880F83D5001AA39462846FAF7D0
:10DE100097FD0646002E46D14248BDF8042000EB8F
:10DE2000820100203CE08B1C1B5C03F0030222B14A
:10DE3000022A0ED0032A24D117E0002400EB80032D
:10DE400003EBC01C364B443303EB8C0383F82D40AB
:10DE500023E0012400EB800303EBC01C304B443370
:10DE600003EB8C0383F82D4017E0022400EB8003C2
:10DE700003EBC01C2A4B443303EB8C0383F82D4087
:10DE80000BE0002400EB800303EBC01C244B443365
:10DE900003EB8C0383F82D4000BF00BF421CD0B2BF
:10DEA0000228C0DB0BE001211D4880F8711002211F
:10DEB00080F885121B48806C0090FCF761FA002402
:10DEC0002BE02046FCF716FA012824D1012104EBAF
:10DED000840000EBC4121248443000EB820080F84A
:10DEE000FC112046FCF728FA04EB840000EBC41177
:10DEF0000B48443000EB810080ED090A2046FCF716
:10DF00000FFA04EB840000EBC4110548443000EB29
:10DF1000810080ED080A601CC4B2022CD1DBFEBD7A
:10DF2000E082FF1F60F300007CB504460D46002030
:10DF3000019001AA29462046FAF702FD064666B975
:10DF40000648BDF8041000EB8100006800900098BE
:10DF5000FCF716FAFFF746FF00BF7CBD60F3000038
:10DF6000000100000000000002000000C8000000E6
:10DF70002000000050F6000000000000000000003B
:10DF8000020000000200000001000000000000008C
:10DF90000200000002000000030000000300000077
:10DFA000010000000000000000000000D5B90000E2
:10DFB0000000000001000000C5B7000000000000E4
:10DFC00002000000D9B900000000000003000000BA
:10DFD000D7B90000000000000100000000020000AE
:10DFE0000000C80001000000000100000000C8009F
:10DFF00001000000000400000000C8000100000053
:10E00000040000000000C800010000000200000041
:10E010000000C80001000000010000000000C8006E
:10E0200000000000010000000100000001000000ED
:10E0300002000000020000000200000004000000D6
:10E0400003000000020000000800000001000000C2
:10E0500002000000000002000100000003000000B8
:10E06000080000000400000003000000000002009F
:10E070000100000004000000400000000700000054
:10E080000400000010000000050000000400000073
:10E090002000000006000000040000000000020054
:10E0A00001000000070000008000000001000000E7
:10E0B000070000000001000004000000070000004D
:10E0C0000000020001000000050000004000000008
:10E0D000070000000500000000010000040000002F
:10E0E0000500000000000200010000000600000022
:10E0F00040000000070000000600000000010000D2
:10E100000400000006000000000002000100000002
:10E1100001000000000200000800000008000000EC
:10E1200000040000090000000800000000080000D2
:10E1300001000000080000000000020001000000D3
:10E1400009000000000800000A00000009000000AB
:10E1500000000200010000000A0000000040000072
:10E160000D0000000A000000001000000B0000007D
:10E170000A000000002000000C0000000A0000005F
:10E1800000000200010000000D00000000800000FF
:10E19000010000000D000000000001000A00000066
:10E1A0000D00000000000200010000000B00000054
:10E1B000004000000D0000000B0000000000010006
:10E1C0000A0000000B000000000002000100000037
:10E1D0000C000000004000000D0000000C000000DA
:10E1E000000001000A0000000C0000000000020016
:10E1F000010000000000000025B900000000000040
:10E200000100000025B9000000000000020000002D
:10E21000C9B700000000000003000000C9B70000FB
:10E220000000000004000000C9B70000000000006A
:10E2300005000000C9B70000000000000600000053
:10E24000C9B700000000000007000000C9B70000C7
:10E250000000000008000000C9B700000000000036
:10E2600009000000C9B70000000000000A0000001B
:10E27000C9B70000000000000B000000C9B7000093
:10E28000000000000C000000C9B700000000000002
:10E290000D000000C9B700000000000002000000EF
:10E2A0000300000000000000040000000300000064
:10E2B0000000000008000000000000000000000056
:10E2C000100000000100000000000000200000001D
:10E2D0000200000000000000000200000200000038
:10E2E00000000000400000000400000000000000EA
:10E2F0008000000005000000000000000001000098
:10E3000006000000000000000804080007000000EC
:10E3100000000000100408000800000000000000D9
:10E32000200408000900000000000000080420008C
:10E330000A00000000000000100420000B00000094
:10E3400000000000200420000C000000000000007D
:10E35000080440000D000000000000001004400010
:10E360000E00000000000000200440000F0000002C
:10E370000000000008048000100000000000000001
:10E380001004800011000000000000002004800044
:10E390001200000000000000808000001300000058
:10E3A0000000000040800000140000000000000099
:10E3B0000081000015000000000000000040008007
:10E3C0000020020202010004000204000000050116
:10E3D0000001020405030602000001000000020023
:10E3E0000000030000000000000004000000050021
:10E3F00000000600FA000100FA000000FA00020026
:10E40000FA000000FA000300FA00000032000100E8
:10E41000320000003200020032000000320003002F
:10E4200032000000C8000100C8000000C800010060
:10E4300084030000C8000200C8000000C8000200F9
:10E4400084030000C8000300C8000000C8000300E7
:10E4500084030000C8000100C8000000C8000100DB
:10E46000C8000000C8000100F4010000C80002005C
:10E47000C8000000C8000200C8000000C800020078
:10E48000F4010000C8000300C8000000C800030039
:10E49000C8000000C8000300F4010000FA000100F9
:10E4A000FA000200FA000100FA000300FA0002007C
:10E4B000FA000300D8E30000010000007CF6000031
:10E4C000DCE3000001000000B4F60000E0E300001F
:10E4D00001000000E4F60000E4E300000100000099
:10E4E00088F60000E8E300000100F401C0F6000037
:10E4F000ECE300000100F40194F60000F0E30000FA
:10E500000100F401F4F60000F4E300000200F4015D
:10E510001CF70000FCE300000200F4012CF70000EF
:10E5200004E400000200F4013CF700000CE40000E9
:10E530000200C80050F7000014E400000200C80008
:10E5400060F700001CE400000200C80070F7000043
:10E5500024E400000400C80050F7000034E4000088
:10E560000400C80060F7000044E400000400C80094
:10E5700070F7000054E400000600C80050F70000E7
:10E580006CE400000600C80060F7000084E40000AE
:10E590000600C80070F700009CE400000200F401CF
:10E5A000A4F60000A4E400000200F401D4F6000088
:10E5B000ACE400000200F40108F700000000004293
:10E5C000000000410000000000000040B80B000007
:10E5D000000000000000000000000000000000003B
:10E5E00000000000000000000000204100000000CA
:10E5F000000000000000000000000000000000001B
:10E6000000000000000000000000000000002041A9
:10E6100000000000000000000000000000000000FA
:10E62000000000000000000040E60000BCE5000023
:10E63000BCE60000E0E5000038E7000004E600006A
:10E640000000000000000440010000000000044041
:10E650000000200005000000000000000000000095
:10E6600000000000000000000000000000000000AA
:10E670000200000000000000000000000000000098
:10E68000000000000000000000000000000000008A
:10E690000100000000000F00E10300000000000086
:10E6A00000000000000080410000000000000000A9
:10E6B00000000000333353400C0000000000000055
:10E6C0000000044000010000000000000000000005
:10E6D00000000000000004400000010000010000F4
:10E6E0000000000000000000000000000200000028
:10E6F0000000000100000000000000000000000019
:10E700000100000058080140020101000001000062
:10E7100000000000000000000100010029050000C9
:10E72000000000000000000000409C4500000000C8
:10E73000333353400C000000000000000000044090
:10E7400000010000000000000000000000000000C8
:10E750000000044000000200010100000000000071
:10E7600000000000000000000200000000000000A7
:10E770000000000000000000000000000000000099
:10E780000000000000000000000000000000000089
:10E790000000000000000000000000000000000079
:10E7A0000000000000409C4500000000333353404F
:10E7B0000C0000000000000001000000010000004B
:10E7C0000100000002000000120000000100000033
:10E7D0000400000002000000010000000001000031
:10E7E0000A000000010000000040000013000000CB
:10E7F0000100000000800000140000000200000082
:10E80000000100000A0000000200000040000000BB
:10E8100008000000020000002000000005000000C9
:10E820000200000000400000130000000200000091
:10E830000080000014000000020000000200000040
:10E840001200000005000000000100000A000000A6
:10E8500005000000040000000300000005000000A7
:10E8600000400000130000000500000000800000D0
:10E87000140000000500000002000000120000006B
:10E8800003000000000100000A0000000300000077
:10E89000200000000600000003000000004000000F
:10E8A00013000000030000000080000014000000BE
:10E8B000030000000200000012000000030000003E
:10E8C00040000000080000000600000000010000F9
:10E8D0000A00000006000000040000000400000020
:10E8E00006000000004000001300000006000000C9
:10E8F000008000001400000006000000020000007C
:10E900001200000004000000000100000A000000E6
:10E9100004000000200000000700000004000000C8
:10E920000040000013000000040000000080000010
:10E9300014000000040000000200000012000000AB
:10E940000400000040000000080000000700000074
:10E95000000100000A0000000700000004000000A1
:10E960000900000007000000004000001300000044
:10E9700007000000008000001400000007000000F5
:10E9800002000000120000000A0000000400000065
:10E99000020000000A00000000100000100000004B
:10E9A0000A000000000800000D0000000A0000003E
:10E9B00000400000130000000A000000008000007A
:10E9C000140000000A000000020000001200000015
:10E9D0000D00000004000000020000000D00000017
:10E9E000000100000B0000000D00000000400000CE
:10E9F000130000000D000000008000001400000063
:10EA00000D00000002000000120000000B000000DA
:10EA100004000000020000000B00000000080000DD
:10EA20000E0000000B00000000400000130000007A
:10EA30000B00000000800000140000000B0000002C
:10EA400002000000120000000B0000000010000097
:10EA5000100000000E000000040000000200000092
:10EA60000E000000000100000C0000000E0000007D
:10EA700000400000130000000E00000000800000B5
:10EA8000140000000E000000020000001200000050
:10EA90000C00000004000000020000000C00000058
:10EAA000000800000F0000000C0000000040000003
:10EAB000130000000C0000000080000014000000A3
:10EAC0000C00000002000000120000000C0000001A
:10EAD00000100000100000000F0000000400000003
:10EAE000020000000F000000000100001100000003
:10EAF0000F00000000400000130000000F000000A5
:10EB000000800000140000000F0000000200000060
:10EB100012000000130000000100000001000000CE
:10EB200014000000000001000000000012000000BE
:10EB300001000000010000001000000000000100C2
:10EB400001000000080000000000010001000000BA
:10EB50000900000000000100010000001100000099
:10EB600000000100010000000100000000000200A0
:10EB70001500000002000000000002001600000066
:10EB80000500000000000200160000000300000065
:10EB90000000020016000000060000000000020055
:10EBA0001600000004000000000002001600000033
:10EBB0000700000000000200160000000A0000002C
:10EBC00000000200160000000D000000000002001E
:10EBD000160000000B0000000000020016000000FC
:10EBE0000E00000000000200160000000C000000F3
:10EBF00000000200160000000F00000000000200EC
:10EC000016000000150000000400000016000000BF
:10EC100015000000000100001600000015000000B3
:10EC200000000400010000001600000000000800C1
:10EC30001500000001000000000020001700000087
:10EC40000100000000001000190000001900000081
:10EC50000000800001000000190000000001000019
:10EC60000A00000017000000000080000100000002
:10EC7000170000000400000018000000170000004A
:10EC8000000100000A000000020000000000200057
:10EC90001800000003000000000020001800000021
:10ECA0000400000000002000180000000500000023
:10ECB00000002000180000000600000000002000F6
:10ECC00018000000070000000000200018000000ED
:10ECD0001800000000000001170000000000000004
:10ECE0005D93000000000000010000005D93000043
:10ECF00000000000020000009D94000000000000E1
:10ED0000030000009D9400000000000004000000CB
:10ED10009D94000000000000050000009D9400008C
:10ED200000000000060000009D94000000000000AC
:10ED3000070000009D940000000000000800000093
:10ED40005D93000000000000090000005D930000DA
:10ED5000000000000A0000009D9400000000000078
:10ED60000B0000009D940000000000000C0000005B
:10ED70009D940000000000000D0000009D94000024
:10ED8000000000000E0000009D9400000000000044
:10ED90000F0000009D940000000000001000000023
:10EDA0005D93000000000000110000005D93000072
:10EDB000000000001200000085920000000000002A
:10EDC0001300000085920000000000001400000005
:10EDD00085920000000000001700000085920000EE
:10EDE000F99A00001800000085920000F99A0000CE
:10EDF0001900000085920000F99A0000150000003B
:10EE000085920000F99A000016000000859200002B
:10EE1000F99A00000000000001000000010000005D
:10EE200001000000080000000200000001000000D6
:10EE30000010000008000000020000002000000098
:10EE400003000000020000001000000001000000AC
:10EE500003000000000004000400000004000000A3
:10EE600040000000050000000400000080000000D9
:10EE7000060000000400000000020000070000007F
:10EE80000400000000080000010000000400000071
:10EE900000800000010000000400000000000100EC
:10EEA0000100000004000000001000000800000045
:10EEB0000500000000010000040000000500000043
:10EEC00000800000010000000500000000000100BB
:10EED0000100000005000000001000000800000014
:10EEE000050000000008000001000000050000000F
:10EEF0000002000007000000060000000001000002
:10EF00000400000006000000008000000100000076
:10EF100006000000000001000100000006000000E3
:10EF200000100000080000000600000000080000BB
:10EF300001000000060000000002000007000000C1
:10EF400007000000000400000400000007000000AB
:10EF50000008000001000000080000000020000080
:10EF6000090000000900000000400000010000004E
:10EF700000000000ADA5000000000000010000003E
:10EF80004DA4000000000000020000004DA400009D
:10EF90000000000003000000CDA5000000000000FC
:10EFA00004000000CDA500000000000005000000E6
:10EFB000CDA500000000000006000000CDA5000067
:10EFC0000000000007000000CDA5000000000000C8
:10EFD00008000000CDA500000000000009000000AE
:10EFE000CDA50000000000000000000004000000AB
:10EFF0000100000000000000080000000200000006
:10F0000000000000400000000500000001000000BA
:10F0100008000000020000000100000010000000D5
:10F0200003000000010000002000000004000000B8
:10F030000100000040000000050000000200000088
:10F0400004000000010000000200000010000000A9
:10F050000300000002000000200000000400000087
:10F060000200000040000000050000000300000056
:10F070000400000001000000030000000800000080
:10F080000200000003000000200000000400000057
:10F090000300000040000000050000000400000024
:10F0A000040000000100000004000000080000004F
:10F0B0000200000004000000100000000300000037
:10F0C00004000000400000000500000005000000F2
:10F0D00080000000000000000000000009C10000E6
:10F0E00000000000010000000DC100000000000051
:10F0F000020000000DC1000000000000040000003C
:10F100000DC1000000000000030000000DC1000060
:10F1100000000000050000000DC10000000000001C
:10F1200000000000010000000100000001000000DC
:10F13000800000000200000001000000020000004A
:10F1400003000000010000000400000004000000B3
:10F150000100000000200000050000000100000088
:10F16000200000000300000001000000400000003B
:10F170000300000002000000020000000300000085
:10F180000200000004000000040000000200000073
:10F190000020000005000000020000002000000028
:10F1A0000300000002000000400000000300000017
:10F1B00005000000800000000200000005000000C3
:10F1C000080000000100000003000000080000002B
:10F1D0000100000003000000080000000100000022
:10F1E0000400000008000000010000000000000012
:10F1F00015D70000000000000100000013D7000038
:10F20000000000000200000019D70000000000000C
:10F210000500000069D700000000000003000000A6
:10F2200069D70000000000000400000069D700005A
:10F2300000000000010080000100000000800100CB
:10F2400000004000010000008000010034F20000D6
:10F250003AF2000040F2000046F200000000000018
:10F26000000407400101010000403300010000805C
:10F27000320001000000000000000000000000005B
:10F280000000000000100000080A000080000000DC
:10F29000F200000002000700519D00000000000085
:10F2A000000000000000000000000000F09DFF18BA
:10F2B000000000000000000060C0FF180000000017
:10F2C000000000001880FF1800000000000000008F
:10F2D00018ECFF180000000000000000F017FF18F5
:10F2E0000000000000000000F931FF1800000000DD
:10F2F000000000001888FF18000000000000000057
:10F30000F0FDFF18000200000000000021002100B5
:10F3100020F300000CF3000040F300000EF30000A7
:10F32000000004400000080003010000000000008D
:10F330000000803F00000000333353400C00000009
:10F340000000044000001000040100000000000064
:10F350000000803F00000000333353400C000000E9
:10F360001000030211000302230003022400030221
:10F37000A1000302A2000302A70003021001030080
:10F38000110103002301030024010300A101030074
:10F39000A2010300A70103008E0002023400020351
:10F3A00035000203B5000203B60002032D0002037C
:10F3B0002E0002032F0002033C0002032900030277
:10F3C0003A0003022A000203BE000203BB0002024D
:10F3D000310002033200020333000203B7000203CC
:10F3E000B800020331010202300002023B000202B7
:10F3F00024000000A8F90000A16600000000000041
:10F40000000001000000000001000000B8F9000049
:10F41000D9A1000089A2000001000A00000000003C
:10F420000100000044F9000051A3000000000000AA
:10F4300001000A00000000000100000024F90000A3
:10F440003D9D0000659F000001000A0000000000D3
:10F45000010000001CF90000D1A200000000000023
:10F4600001000A00000000000100000058F900003F
:10F4700019A100004DA100000100010000000000E2
:10F4800001000000C0F900007D2600006D2700008B
:10F490000100050000000000010000002CF9000040
:10F4A000B5290000AD2A00000100010000000000A5
:10F4B000010000009CF900004D2500000000000044
:10F4C000010001000000000001000000CCF9000074
:10F4D000795500000000000002000000000000005C
:10F4E0000100000090F90000E5DD000000000000D0
:10F4F000020064000000000001000000D8F90000D4
:10F50000614D0000454F00000200010000000000B6
:10F510000100000078F90000314E0000E94E0000C3
:10F520000200010000000000010000003CF90000A2
:10F5300001520000E552000002000100000000003E
:10F540000100000068F9000065680000196D000006
:10F5500002000100000000000100000084F900002A
:10F56000E5DD0000000000000400000000000000D5
:10F5700001000000000101010102020202303132EB
:10F58000333435363738394142434445460000006C
:10F590000000005454522052454747455300303133
:10F5A000323334353637383941424344454600001A
:10F5B0006576656E745F63616C69625F310000003F
:10F5C0006576656E745F63616E5F31006576656E4A
:10F5D000745F6163745F31006576656E745F6D6F33
:10F5E000745F31006576656E745F63616C69625F3C
:10F5F000320000006576656E745F63616E5F320095
:10F600006576656E745F6163745F32006576656E02
:10F61000745F6D6F745F320073797374656D5F65CD
:10F6200076656E745F0000006576656E745F6B656D
:10F63000795F000073797374656D5F6576656E74CC
:10F64000000000006576656E745F6B6579000000F0
:10F650004B4559302B4B4559315F4C4F4E470000BD
:10F6600052656400426C61636B000000477265651F
:10F670006E00000059656C6C6F770000536F6C6909
:10F68000645F526564000000536F6C69645F426C94
:10F6900061636B00536F6C69645F5265645F4772AE
:10F6A00065656E00416C745F5265645F47726565A5
:10F6B0006E000000536F6C69645F477265656E0091
:10F6C000536F6C69645F5265645F59656C6C6F77EA
:10F6D00000000000416C745F5265645F59656C6C9A
:10F6E0006F770000536F6C69645F59656C6C6F775E
:10F6F00000000000536F6C69645F477265656E5F60
:10F7000059656C6C6F770000416C745F477265657A
:10F710006E5F59656C6C6F7700000000426C696E1B
:10F720006B5F5265645F32487A000000426C696E1C
:10F730006B5F477265656E5F32487A00426C696E36
:10F740006B5F59656C6C6F775F32487A0000000020
:10F75000426C696E6B5F5265645F35487A000000E9
:10F76000426C696E6B5F477265656E5F35487A0003
:10F77000426C696E6B5F59656C6C6F775F35487A68
:10F78000000000001B5B33336D5B25735D206D79DA
:10F7900053797374656D2E617869735B25645D2E92
:10F7A0006D6F746F722E6576745F6D6F742C20456B
:10F7B00056545F4D4F545F464F52574152441B5B66
:10F7C000306D0D0A000000001B5B33336D5B257349
:10F7D0005D206D7953797374656D2E617869735B03
:10F7E00025645D2E6D6F746F722E6576745F6D6F1C
:10F7F000742C204556545F4D4F545F524556455228
:10F8000053451B5B306D0D0A000000001B5B33335A
:10F810006D5B25735D204D73672053756273637252
:10F820006962653A206475706C6963617465207300
:10F8300075627363726962652028746F7069633AD8
:10F84000307825303458291B5B306D0D0A000000DC
:10F850001B5B33316D5B25735D204D7367205375E2
:10F86000627363726962653A207375627363726969
:10F870006265206C6973742066756C6C2028746FE7
:10F880007069633A307825303458291B5B306D0D30
:10F890000A0000001B5B33336D5B25735D204D73E5
:10F8A00067205075626C6973683A20696E76616C86
:10F8B0006964207072696F2028746F7069633A30D0
:10F8C00078253034582C207072696F3A2564291BD2
:10F8D0005B306D0D0A0000001B5B33316D5B2573DF
:10F8E0005D204D7367205075626C6973683A2063C0
:10F8F000616C6C6261636B204E554C4C2028746FB8
:10F900007069633A3078253034582C206964783A2D
:10F910002564291B5B306D0D0A0000002250574DF5
:10F92000220000002243414E220000002243747254
:10F930006C5F53706565642200000000226C656492
:10F94000220000002273746F726167655F6D6F64DF
:10F95000756C65220000000022706F735F6D6F642C
:10F96000756C6522000000002273746174655F6D20
:10F97000616368696E652200226B65795F737461EB
:10F980007465220022776F726B5F636667220000E6
:10F9900022636F6E66696722000000002263757241
:10F9A0005F6C6F6F7022000022736F66745F746902
:10F9B0006D6572220000000022706F776572220070
:10F9C000224374726C5F506F73220000226D736764
:10F9D0005F62757322000000226B657922000000CF
:10F9E00000FA00000880FF1FD8020000D0040000C9
:10F9F000FCFA0000E082FF1F807A01004C8D0000BD
:10FA00002334F61A180433CCF519081AD8081A0C3E
:10FA1000081AC0081AF4041AB0041AE4041A4414A8
:10FA20001A280401281A642C1A60041A6C045A74E7
:10FA30003843FFFF5340402480BB44438C43E3568C
:10FA40004D234D31AA0110223202170200092CCD9C
:10FA5000CC4C3DD007E8032391D4230DD61B27D5EA
:10FA60006822D71A71081AE5041A0F041A21181A05
:10FA700051081A31041AFD281AB1041A790C01240C
:10FA80004009FC80FF1F2881FF1F29C02A08E74189
:10FA90003564014004B20529209A1020291CE92070
:10FAA0009A20200A1106209A40209A0720291C2912
:10FAB000043A8006011279160A1C80200A1D404073
:10FAC000091660DD504F5331100A14322AA1237DEC
:10FAD000B52389B61A43041A710C1A77041A5D0CFF
:10FAE0001A25041A0F0C1A3504111AC0E62220C573
:0CFAF000A55AA55A1E9082FF1FA404C155
:040000050000028174
:00000001FF
