:020000040001F9
:10A0000050F6012095A20100CDA20100CFA20100CF
:10A01000D1A20100D3A20100D5A2010000000000DE
:10A02000000000000000000000000000D7A20100B6
:10A03000D9A2010000000000DBA20100291E0200DD
:10A0400071F2010085F2010099F20100ADF2010008
:10A05000C1F20100D5F20100E9F20100FDF20100B8
:10A0600011F3010025F3010039F301004DF3010064
:10A0700061F3010075F3010089F301009DF3010014
:10A08000B1F30100C5F30100D9F30100EDF30100C4
:10A0900001F4010015F4010029F401003DF4010070
:10A0A00051F4010065F4010079F401008DF4010020
:10A0B000A1F40100B5F40100C9F40100DDF40100D0
:10A0C000F1F4010005F5010019F501002DF501007D
:10A0D00041F5010055F5010069F501007DF501002C
:10A0E00091F50100A5F50100B9F50100CDF50100DC
:10A0F000E1F50100F5F5010009F601001DF601008A
:10A1000031F6010045F6010059F601006DF6010037
:10A1100081F6010095F60100A9F60100BDF60100E7
:10A12000D1F60100E5F60100F9F601000DF7010096
:10A1300021F7010035F7010049F701005DF7010043
:10A1400071F7010085F7010099F70100ADF70100F3
:10A15000C1F70100D5F70100E9F70100FDF70100A3
:10A1600011F8010025F8010039F801004DF801004F
:10A1700061F8010075F8010089F801009DF80100FF
:10A18000B1F80100C5F80100D9F80100EDF80100AF
:10A1900001F9010015F9010029F901003DF901005B
:10A1A00051F9010065F9010079F901008DF901000B
:10A1B000A1F90100B5F90100C9F90100DDF90100BB
:10A1C000F1F9010005FA010019FA01002DFA010068
:10A1D00041FA010055FA010069FA01007DFA010017
:10A1E00091FA0100A5FA0100B9FA0100CDFA0100C7
:10A1F000E1FA0100F5FA010009FB01001DFB010075
:10A2000031FB010045FB010059FB01006DFB010022
:10A2100081FB010095FB0100A9FB0100BDFB0100D2
:10A22000D1FB0100E5FB0100F9FB01000DFC010081
:10A2300021FC010035FC010049FC01005DFC01002E
:10A24000DFA20100DFA20100DFA20100DFA2010006
:10A25000DFA20100DFA20100DFA20100DFA20100F6
:10A26000DFA20100DFA20100DFA20100DFA20100E6
:10A27000DFA20100DFA20100DFA20100DFA20100D6
:10A28000DFF80CD000F03AF900480047A98A020034
:10A2900050F6012012484FF01F01016011484FF0A5
:10A2A0007701016010484FF0770101600F484FF4CB
:10A2B000885101600B484FF0760101600A484FF069
:10A2C000760101600A4880470A480047FEE7FEE73A
:10A2D000FEE7FEE7FEE7FEE7FEE7FEE7FEE7FEE756
:10A2E00010080540040805400C080540000805401A
:10A2F0004124020081A201002DE9F05F0546002003
:10A3000092469B4688460646814640241BE02846E6
:10A3100041464746224600F0E0F853465A46C01AE6
:10A32000914110D311461846224600F0C7F82D1A65
:10A3300067EB01084F4622460120002100F0BEF8DD
:10A3400017EB00094E41201EA4F10104DFDC484652
:10A3500031462A464346BDE8F09F40EA01039B0789
:10A3600003D009E008C9121F08C0042AFAD203E08A
:10A3700011F8013B00F8013B521EF9D27047D2B2EE
:10A3800001E000F8012B491EFBD270470022F6E7DE
:10A3900010B513460A4604461946FFF7F0FF20465B
:10A3A00010BD421E12F8013F002BFBD111F8013BFA
:10A3B00002F8013B002BF9D1704710B5044604E0C8
:10A3C0000B7800F8013B03B1491C521EF8D220461D
:10A3D00010BD421C10F8011B0029FBD1801A7047E8
:10A3E00010B5002200E0521C835C8C5CA34201D1BA
:10A3F000002BF8D1D8B2E1B2401A10BD30B50446F6
:10A400000020034600E05B1C934203D2E05CCD5C7D
:10A41000401BF8D030BD30B505460020034600E0B3
:10A420005B1C934205D2EC5CC85C201A01D1002C65
:10A43000F6D130BD00F0004230F000400AD0C10D2E
:10A4400001F56071C0F3160042EA0151C2084007ED
:10A4500011437047002001467047000030B5041ECC
:10A4600071F1000404DB4FF00044404264EB010151
:10A47000141E73F1000405DB1C464FF000435242EA
:10A4800063EB04038B4208BF824230BD30B5041E2B
:10A4900071F1000404DB4FF00044404264EB010121
:10A4A000141E73F1000405DB1C464FF000435242BA
:10A4B00063EB0403994208BF904230BD202A04DBBD
:10A4C000203A00FA02F1002070479140C2F12003C7
:10A4D00020FA03F3194390407047202A04DB203A06
:10A4E00021FA02F00021704721FA02F3D040C2F1B4
:10A4F000200291400843194670470000064C074D62
:10A5000006E0E06840F0010394E807009847103443
:10A51000AC42F6D3FFF7B8FE28FB020048FB02006E
:10A5200070B58C1810F8015B15F0070301D110F815
:10A53000013B2A1106D110F8012B03E010F8016B42
:10A5400001F8016B5B1EF9D12B0705D40023521EC5
:10A550000DD401F8013BFAE710F8013BCB1A921C2D
:10A5600003E013F8015B01F8015B521EF9D5A1422B
:10A57000D8D3002070BD000010B50121034800F0C1
:10A580007DF803480FF00EF810BD000000000440F5
:10A59000D8E2FF1F10B50221054800F06FF805480A
:10A5A0000FF000F804480EF0FDFF0BF003F810BDAB
:10A5B00000000440F4E2FF1F10E3FF1F2DE9F0410B
:10A5C00007460C461546984600BF1F48874201D1F2
:10A5D000102D04D91D48874202D1082D00D804E06F
:10A5E00040F265111AA002F039FF00BF00BF0CB1A4
:10A5F000012C00D104E04FF4B37115A002F02EFF3E
:10A6000000BF00BFB8F1000F02D0B8F1010F00D1B8
:10A6100004E040F267110EA002F020FF00BF07F136
:10A620000C0000EB8406B8F1010F05D13068012160
:10A63000A9400843306004E030680121A940884304
:10A640003060BDE8F08100000000044000040440D8
:10A650002E2E5C647269766572735C686333325F58
:10A660006C6C5F6472697665725C7372635C68635C
:10A6700033325F6C6C5F6164632E630070B50546B6
:10A680000C4600BF0F48854202D00F48854200D1DA
:10A6900004E040F2AB210DA002F0E0FE00BF00BFDD
:10A6A00024B144F00300032800D104E04FF42B71DF
:10A6B00006A002F0D3FE00BF84F0030085F8460038
:10A6C00070BD000000000440000404402E2E5C64B5
:10A6D0007269766572735C686333325F6C6C5F6459
:10A6E00072697665725C7372635C686333325F6C47
:10A6F0006C5F6164632E630070B505460C4600BF55
:10A700000A48854201D1102C04D90948854202D15A
:10A71000082C00D804E040F2762106A002F09EFE4C
:10A7200000BF05F1500030F8140070BD0000044077
:10A73000000404402E2E5C647269766572735C6856
:10A740006333325F6C6C5F6472697665725C7372DE
:10A75000635C686333325F6C6C5F6164632E6300BB
:10A7600070B505460C466FF0020600BF21488542D1
:10A7700002D02148854200D103E0E5211FA002F06C
:10A780006DFE00BF002C33D000BF208840B1208870
:10A79000012805D02088022802D02088032800D173
:10A7A00003E0E82115A002F059FE00BF00BF608859
:10A7B000202804D06088102801D0608800B903E008
:10A7C000E9210EA002F04AFE00BF00BFA08810B130
:10A7D000A088802800D103E0EA2108A002F03EFE14
:10A7E00000BF208861880843A1880843688000264C
:10A7F000304670BD00000440000404402E2E5C640E
:10A800007269766572735C686333325F6C6C5F6427
:10A8100072697665725C7372635C686333325F6C15
:10A820006C5F6164632E630070B504460D46164686
:10A8300000BF1948844202D01848844200D104E085
:10A8400040F23B2116A002F009FE00BF00BF25B177
:10A8500045F00300032800D104E04FF40F7110A06D
:10A8600002F0FCFD00BF00BF0EB1012E00D104E0DC
:10A8700040F23D210AA002F0F1FD00BF012E05D1FA
:10A8800094F84700284384F8470004E094F8470010
:10A89000A84384F8470070BD000004400004044051
:10A8A0002E2E5C647269766572735C686333325F06
:10A8B0006C6C5F6472697665725C7372635C68630A
:10A8C00033325F6C6C5F6164632E630070B5044665
:10A8D000002500BF0A48844202D00A48844200D1C1
:10A8E00004E040F2532108A002F0B8FD00BF207838
:10A8F000012801D1C51F01E001202070284670BD4C
:10A9000000000440000404402E2E5C6472697665E9
:10A9100072735C686333325F6C6C5F647269766516
:10A92000725C7372635C686333325F6C6C5F61642A
:10A93000632E630001466FF0020021B100220A80FD
:10A940004A808A800020704770B504460D4616463E
:10A9500000BF1A48844202D01948844200D104E062
:10A9600040F2222117A002F079FD00BF00BF0DB117
:10A97000012D00D104E040F2232112A002F06EFD6F
:10A9800000BF00BF0EB1012E00D104E04FF40971E9
:10A990000CA002F063FD00BF012E07D16089EA0020
:10A9A0008021914089B20843608105E06089EA0016
:10A9B000802191408843608170BD00000000044008
:10A9C000000404402E2E5C647269766572735C68C4
:10A9D0006333325F6C6C5F6472697665725C73724C
:10A9E000635C686333325F6C6C5F6164632E630029
:10A9F00070B506460C46154600BF1B48864202D07D
:10AA00001A48864200D104E040F20B2118A002F05F
:10AA100025FD00BF00BF0CB1012C00D104E04FF4B4
:10AA2000037113A002F01AFD00BF00BF2DB1012D6C
:10AA300003D0022D01D0032D00D104E040F20D21FE
:10AA40000BA002F00BFD00BFE006040E708903218D
:10AA5000A140884305FA04F10322A24092B21140BA
:10AA60000843708170BD00000000044000040440F1
:10AA70002E2E5C647269766572735C686333325F34
:10AA80006C6C5F6472697665725C7372635C686338
:10AA900033325F6C6C5F6164632E630070B5044693
:10AAA0000D4600BF0A48844207D3094868308442F3
:10AAB00003D804F0030000B903E08F2105A002F0E1
:10AAC000CDFC00BF206865F30800206070BD000069
:10AAD000040801402E2E5C647269766572735C68AE
:10AAE0006333325F6C6C5F6472697665725C73723B
:10AAF000635C686333325F6C6C5F616F732E6300FD
:10AB000070B5044625462B4828606E20A8802A4848
:10AB1000A8601A20A8810120A861284606F09EFEA0
:10AB200006F026FE2549086006F022FE244908604A
:10AB300006F01EFE2349086006F01AFE224908604E
:10AB400006F016FE2149086006F012FE2049086052
:10AB50001A48006820B11F491848006806F03CFEFA
:10AB60001748006820B11C491548006806F034FEFB
:10AB70001448006820B119491248006806F02CFEFC
:10AB80001148006820B116490F48006806F024FEFD
:10AB90000E48006820B113490C48006806F01CFEFE
:10ABA0000B48006820B110490948006806F014FEFF
:10ABB00070BD00008CDE0200B4E30200DC80FF1FE9
:10ABC000E480FF1FE080FF1FE880FF1FEC80FF1F75
:10ABD000F080FF1F1BB001001DB001001FB001007D
:10ABE00021B0010025B0010061B0010070B504463C
:10ABF000207800EB800101EBC011FE4800EB8100E2
:10AC000090F82D0020B9207804210DF0EDFE70BDE4
:10AC100020460AF05BFA94F82C00022804D04FF486
:10AC2000F6700059022800D1F1E794F8FE010128DE
:10AC300008D12078F0490DF0D7FE94F8FE0184F891
:10AC4000FF01E4E794F8FE0194F8FF11884207D071
:10AC5000207804210DF0C8FE94F8FE0184F8FF016D
:10AC600094F8FC0140B92078E4490DF0BDFE94F859
:10AC7000FC0184F8FD01CAE70121207800EB800285
:10AC800002EBC012DB4800EB820080F82C1020465B
:10AC90000CF008FC20460FF03BFB94F8FC0194F804
:10ACA000FD11884207D0207804210DF09DFE94F814
:10ACB000FC0184F8FD01D4F8B80103F0A1F900F417
:10ACC000001018B3207800EB800101EBC011C948D7
:10ACD00000EB8100D0F8AC01012817D1207800EBFF
:10ACE000800101EBC011C34800EB810090F82E00F9
:10ACF00001280BD14FF40011D4F8B80103F02AF861
:10AD00004FF48011D4F8B80103F004FAD4F8B80174
:10AD100003F076F9054605F0020058B1022104F56A
:10AD2000CE7006F0A1FD0221D4F8B80103F012F8AC
:10AD30000020607005F0010058B1012104F5CE70CB
:10AD400006F092FD0121D4F8B80103F003F80120C8
:10AD5000607005F4004058B14FF4004104F5CE7026
:10AD600006F082FD4FF40041D4F8B80102F0F2FF82
:10AD700005F4804058B14FF4804104F5CE7006F0E0
:10AD800073FD4FF48041D4F8B80102F0E3FF05F4FD
:10AD9000803058B14FF4803104F5CE7006F064FD78
:10ADA0004FF48031D4F8B80102F0D4FF05F400303C
:10ADB00058B14FF4003104F5CE7006F055FD4FF454
:10ADC0000031D4F8B80102F0C5FF05F4802058B175
:10ADD0004FF4802104F5CE7006F046FD4FF480213B
:10ADE000D4F8B80102F0B6FF05F4002058B14FF4D2
:10ADF000002104F5CE7006F037FD4FF40021D4F8A1
:10AE0000B80102F0A7FF05F4801058B14FF480118B
:10AE100004F5CE7006F028FD4FF48011D4F8B80187
:10AE200002F098FF05F4001058B14FF4001104F53A
:10AE3000CE7006F019FD4FF40011D4F8B80102F0FD
:10AE400089FF05F4800058B14FF4800104F5CE70FD
:10AE500006F00AFD4FF48001D4F8B80102F07AFF41
:10AE600005F4000058B14FF4000104F5CE7006F06F
:10AE7000FBFC4FF40001D4F8B80102F06BFF05F0C1
:10AE8000807058B14FF0807104F5CE7006F0ECFC84
:10AE90004FF08071D4F8B80102F05CFF05F080003B
:10AEA00048B1802104F5CE7006F0DEFC8021D4F894
:10AEB000B80102F04FFF05F4005058B14FF40051B3
:10AEC00004F5CE7006F0D0FC4FF40051D4F8B80170
:10AED00002F040FF05F4807058B14FF4807104F522
:10AEE000CE7006F0C1FC4FF48071D4F8B80102F0C6
:10AEF00031FF05F0040048B1042104F5CE7006F0DE
:10AF0000B3FC0421D4F8B80102F024FF05F00800D6
:10AF100048B1082104F5CE7006F0A6FC0821D4F84B
:10AF2000B80102F017FF05F0100048B1102104F538
:10AF3000CE7006F099FC1021D4F8B80102F00AFF97
:10AF400005F0200048B1202104F5CE7006F08CFCFD
:10AF50002021D4F8B80102F0FDFE05F0400048B110
:10AF6000402104F5CE7006F07FFC4021D4F8B801F2
:10AF700002F0F0FE05F0800048B1802104F5CE70AB
:10AF800006F072FC8021D4F8B80102F0E3FE05F46B
:10AF9000007058B14FF4007104F5CE7006F064FCF7
:10AFA0004FF40071D4F8B80102F0D4FE05F48060CB
:10AFB00058B14FF4806104F5CE7006F055FC4FF4A3
:10AFC0008061D4F8B80102F0C5FE05F4006058B104
:10AFD0004FF4006104F5CE7006F046FC4FF40061BA
:10AFE000D4F8B80102F0B6FE05F4805090B14FF4E9
:10AFF000805105E08083FF1F4000002080800030EA
:10B0000004F5CE7006F030FC4FF48051D4F8B8014E
:10B0100002F0A0FE00BF00BFF9E57047704770471F
:10B020007047000010B504460C48D0F8F00116280F
:10B0300006D10A49D1F8FC014FF4002103F06AF867
:10B040000648D0F8F001182806D10449D1F8FC01CF
:10B050004FF0807103F05EF810BD00003C83FF1FCD
:10B0600010B504460C48D0F80404162806D10A4945
:10B07000D1F810044FF4002103F04CF80648D0F842
:10B080000404182806D10449D1F810044FF0807147
:10B0900003F040F810BD00003C83FF1F00B595B0E1
:10B0A00007A808F073FD1D490798884201D015B024
:10B0B00000BD0D990898CDE9000119A21A49002098
:10B0C000079B05F095FF0D9811281DD114A217A11B
:10B0D000002005F08DFF182101A8FFF757F920483F
:10B0E000019001208DF8080008208DF80C00042044
:10B0F0008DF80D0051218DF80E1001218DF80F10E3
:10B1000001A801F0FFFC00BF08F03AFD04A215A160
:10B11000002005F06DFF00BFC9E700000053445553
:10B120004D41494E00000000C4F102001B5B333664
:10B130006D5B25735D2053656E64696E6720706575
:10B140006E64696E672031312030312041434B20DD
:10B15000283531203031290D0A1B5B306D0D0A0076
:10B1600003F1DA181B5B33366D5B25735D205544A4
:10B170005320536861726564207374617465206341
:10B180006C65617265640D0A1B5B306D0D0A000011
:10B190001FB501220321052003F086FC02A801F05F
:10B1A0007DF9684601F022F82F49304801F047F850
:10B1B00000208DF80A0030208DF8090000208DF85D
:10B1C000080005208DF80C0002A801F0C5F8002049
:10B1D0000190019820F01F0001903121019861F346
:10B1E00010200190019820F0704000F180500190F3
:10B1F000019820F0706000F180700190019820F4B7
:10B20000700000F58010019000208DF8000001987A
:10B2100020F080000190684600F096FE00BF2020DC
:10B2200000F0FEFD0128FAD100221146042005F0AD
:10B23000F5FF012211460B2005F0F0FF502002F02F
:10B24000B5FC4FF4404003F03BFF05F087FC0520C0
:10B2500000F0FFFF012002F02FFA002002F02CFA8C
:10B26000012002F0F3F91FBD102211007777770754
:10B2700010B586B004460C48009001208DF80400FB
:10B2800000208DF805008DF806008DF807000820D5
:10B290008DF808008DF8094000200590684601F0FF
:10B2A00031FC06B010BD00005555EF182DE9F041F6
:10B2B00005460C4600BF1448854200D104E040F228
:10B2C000723112A002F0CAF800BF00BF2CB11A48B8
:10B2D00020431949884200D104E040F273310BA0A9
:10B2E00002F0BCF800BF15480440C4F307474FEA1A
:10B2F000146805F8A57F6E7806F0EA0646EA0806A7
:10B300006E70A53DBDE8F081000407402E2E5C6400
:10B310007269766572735C686333325F6C6C5F640C
:10B3200072697665725C7372635C686333325F6CFA
:10B330006C5F63616E2E63002701FFD50000FF156F
:10B3400010B5044600BF0848844200D104E040F232
:10B35000FA2106A002F082F800BF94F8A00000F0E5
:10B360007F0084F8A00010BD000407402E2E5C640E
:10B370007269766572735C686333325F6C6C5F64AC
:10B3800072697665725C7372635C686333325F6C9A
:10B390006C5F63616E2E63002DE9F04704460E4634
:10B3A00015464FF0000900BF3D48844200D104E03B
:10B3B00040F26A213BA002F051F800BF00BF0EB17D
:10B3C000012E00D104E040F26B2136A002F046F8D5
:10B3D00000BF002D5ED000BF2879C0F3401000B937
:10B3E00004E040F26E212FA002F038F800BF3EB911
:10B3F00094F8A10000F01000B8B16FF0050914E056
:10B4000094F8A10000F0060010B16FF005090CE0FF
:10B4100094F8A47094F8A28007F0010018B908F01D
:10B420000300032801D16FF00909B9F1000F33D1EE
:10B4300000BF2879C0F3C01030B1286860F06040C8
:10B440006FF06041884209D02879C0F3C01030B94C
:10B4500040F2FF7128680843884200D104E040F2BE
:10B46000852110A001F0FAFF00BF04F1A10A1C2100
:10B4700001EB4A1000F1844006602946204600F0A6
:10B48000A7FC012E08D194F8A20040F0400084F8F7
:10B49000A20001E06FF002094846BDE8F087000015
:10B4A000000407402E2E5C647269766572735C68D6
:10B4B0006333325F6C6C5F6472697665725C737261
:10B4C000635C686333325F6C6C5F63616E2E630034
:10B4D0002DE9F04706460F4614464FF000080025B8
:10B4E0006FF0020900BF3448864200D104E04FF4F7
:10B4F000967132A001F0B2FF00BF002F59D0002C8E
:10B5000057D053E007F0010000284AD000BF05EBF8
:10B51000450004EB8000806878B105EB450004EB42
:10B5200080008068B0F1804F07D005EB450004EB48
:10B5300080008068B0F1C04F00D104E040F23111CA
:10B540001EA001F08BFF00BF00BF05EB450004EB20
:10B550008000406860F060406FF06041884200D138
:10B5600004E04FF4997115A001F078FF00BF06F8D0
:10B57000B48F05EB450054F820007060307840F03F
:10B580002000307005EB450004EB8000406805EBBF
:10B59000450104EB8101896808437060B43E681C72
:10B5A000C5B27F1008F1010000F0FF08002FA9D1FB
:10B5B000B9464846BDE8F087000407402E2E5C647B
:10B5C0007269766572735C686333325F6C6C5F645A
:10B5D00072697665725C7372635C686333325F6C48
:10B5E0006C5F63616E2E630010B5044600BF0748B0
:10B5F000844200D104E040F2F53105A001F02EFFB5
:10B6000000BF94F8A30000F0030010BD0004074041
:10B610002E2E5C647269766572735C686333325F88
:10B620006C6C5F6472697665725C7372635C68638C
:10B6300033325F6C6C5F63616E2E630070B50446DD
:10B640000D466FF0080600BF0F48844200D104E0A9
:10B6500040F2D2210DA001F001FF00BF15B96FF03B
:10B6600002060FE094F8A30000F0030050B1294651
:10B67000204600F045FA94F8A30040F0100084F84A
:10B68000A3000026304670BD000407402E2E5C64E7
:10B690007269766572735C686333325F6C6C5F6489
:10B6A00072697665725C7372635C686333325F6C77
:10B6B0006C5F63616E2E63002DE9F05F05460C46FA
:10B6C0004FF0000B00BF2048854200D104E04FF44A
:10B6D0004F711EA001F0C2FE00BF00BF2CB1264872
:10B6E00020432549884200D104E040F23D3117A0B3
:10B6F00001F0B4FE00BF04F0070604F02007C4F315
:10B700000728C4F307494FEA146A15F8A00F06404A
:10B71000E8780740287900EA0808687900EA09090A
:10B72000A879A03D00EA0A0A4EB947B9B8F1000F5E
:10B7300005D1B9F1000F02D1BAF1000F01D04FF0DD
:10B74000010B5846BDE8F09F000407402E2E5C64B4
:10B750007269766572735C686333325F6C6C5F64C8
:10B7600072697665725C7372635C686333325F6CB6
:10B770006C5F63616E2E63002701FFD52DE9F047F2
:10B78000044600BF1048844200D104E040F2A731D3
:10B790000EA001F063FE00BF14F8A05FE67806F08B
:10B7A000200694F80480677994F80690A03C46EA55
:10B7B000082040EA074040EA096005430E4805407A
:10B7C0002846BDE8F0870000000407402E2E5C6488
:10B7D0007269766572735C686333325F6C6C5F6448
:10B7E00072697665725C7372635C686333325F6C36
:10B7F0006C5F63616E2E63002701FFD570B505464F
:10B800000C466FF00206002C4FD02146284600F06F
:10B810004FF815F8A00F40F0800028706068801E77
:10B82000A168491E40EA0121A089401E41EA004169
:10B830002078401E41EA0060A860A87800F0DF0090
:10B84000617E01F020010843A870A03DA18A28462E
:10B850002269FFF73DFE95F8A00000F07F0085F813
:10B86000A000A17D284600F07BF9E07D217E084301
:10B8700000F0180015F8A01F01F0E7010843287038
:10B88000E07EA17E40EA0110E871207F617F0843DD
:10B89000A17F0843E870207DA875A03D206A18B1FB
:10B8A0002846216A00F0DEF90026304670BD00000F
:10B8B00070B505460C4600BF5648854200D103E0EE
:10B8C000D52155A001F0CAFD00BF00BFA07D04280E
:10B8D00000D803E0D62150A001F0C0FD00BF00BF9A
:10B8E000E07D10B1E07D102800D103E0D7214AA00F
:10B8F00001F0B4FD00BF00BF207E10B1207E0828FB
:10B9000000D103E0D82144A001F0A8FD00BF00BF92
:10B91000607E10B1607E202800D103E0D9213EA0D6
:10B9200001F09CFD00BF00BFA07E18B1A07E0A28D8
:10B9300000D803E0DA2138A001F090FD00BF00BF7D
:10B94000E07E102800D203E0DB2133A001F086FD69
:10B9500000BF00BFA08A28B1A08A40F0FF00FF28E6
:10B9600000D103E0DC212CA001F078FD00BF00BF76
:10B97000207F10B1207F082800D103E0DD2126A020
:10B9800001F06CFD00BF00BF607F10B1607F4028F8
:10B9900000D103E0DE2120A001F060FD00BF00BF68
:10B9A000A07F10B1A07F802800D103E0DF211AA082
:10B9B00001F054FD00BF00BF206820B12068B0F541
:10B9C000807F00D803E0E12113A001F047FD00BF14
:10B9D00000BF6068022816D36068412813D8A068A9
:10B9E00088B1A06808280ED8E06860B1E06808282F
:10B9F00009D8D4E90110401C814204D3D4E90201E2
:10BA0000884200D303E0E22103A001F027FD00BF3C
:10BA100070BD0000000407402E2E5C6472697665DC
:10BA200072735C686333325F6C6C5F6472697665F5
:10BA3000725C7372635C686333325F6C6C5F63610A
:10BA40006E2E63002DE9F04104460D46164600BFF8
:10BA50001F48844200D104E040F243211DA001F0C0
:10BA6000FDFC00BF00BF3DB142F6FE20284342F678
:10BA7000FE21884200D104E04FF4117115A001F0BD
:10BA8000EDFC00BF00BF0EB1012E00D104E040F27A
:10BA9000452110A001F0E2FC00BFEFB2C5F307287A
:10BAA000012E09D114F8A40F38432070A07840EA81
:10BAB0000800A070A43C08E014F8A40FB84320705C
:10BAC000A07820EA0800A070A43CBDE8F081000046
:10BAD000000407402E2E5C647269766572735C68A0
:10BAE0006333325F6C6C5F6472697665725C73722B
:10BAF000635C686333325F6C6C5F63616E2E6300FE
:10BB0000F0B5024601F10805144626680E60666825
:10BB10004E600E79C6F3C01626B90E88C6F30A0623
:10BB20000E6003E00E6826F060460E600E7906F0A7
:10BB30000F060A4FBB5D0E79C6F3401616B9022BED
:10BB400000D90223002006E0861C54F8266045F840
:10BB50002060461CF0B29842F6DBF0BD28EC0200F3
:10BB600030B50022002305290DD2DFE801F00D03D6
:10BB700005070900402308E0202206E0402204E0F7
:10BB80004023402201E000BF00BF00BF10F8A04FDB
:10BB900004F09F0402F060052C430470447804F024
:10BBA000BF0403F040052C434470A03830BD0000B2
:10BBB00070B504460D4600BF0E48844200D104E033
:10BBC00040F2A9210CA001F049FC00BF00BF25B143
:10BBD00045F01600162800D104E040F2AA2106A084
:10BBE00001F03CFC00BF94F8A100284384F8A100B8
:10BBF00070BD0000000407402E2E5C6472697665FB
:10BC000072735C686333325F6C6C5F647269766513
:10BC1000725C7372635C686333325F6C6C5F636128
:10BC20006E2E630001466FF00200D1B104220A605B
:10BC300010224A6004228A600222CA6000220A613D
:10BC40008A828A75CA750A764A760A228A76072215
:10BC5000CA7600220A7740224A7700228A770A624F
:10BC6000002070472DE9F04105460C466FF00207B1
:10BC700000BF4B48854200D104E040F25F4149A03B
:10BC800001F0ECFB00BF002C7DD000BF607A10B14A
:10BC9000607A102800D104E040F2624141A001F036
:10BCA000DDFB00BF00BF207A40B1207A022805D01A
:10BCB000207A042802D0207A062800D104E040F23D
:10BCC000634138A001F0CAFB00BF00BF60680128D3
:10BCD00006D1206860F060406FF06041884207D074
:10BCE000606830B940F2FF7120680843884200D193
:10BCF00004E040F264412BA001F0B0FB00BF00BFA4
:10BD0000608978B16089B0F5807F0BD06089B0F52B
:10BD1000007F07D06089B0F5407F03D06089B0F51F
:10BD2000806F00D104E040F265411EA001F096FB57
:10BD300000BF00BFA08918B1A089102800D804E076
:10BD400040F2664117A001F089FB00BF206820F097
:10BD5000004615F8A20F00F0EF00617A01F0100123
:10BD6000084328706189207B401E41EA00306884C6
:10BD7000207946EAC070C5F81E00E089A884208AB0
:10BD8000E884687F00E008E000F0F900217A01F023
:10BD9000060108436877A23D00273846BDE8F081D8
:10BDA000000407402E2E5C647269766572735C68CD
:10BDB0006333325F6C6C5F6472697665725C737258
:10BDC000635C686333325F6C6C5F63616E2E63002B
:10BDD000F0B5034601F1080503F150020E68166044
:10BDE0004E6856600E7906F00F060C4FBC5D0E795A
:10BDF000C6F3401616B9022C00D902240E79C6F3F8
:10BE0000801656B9002006E055F82070861C42F8CE
:10BE10002670461CF0B2A042F6DBF0BD28EC020012
:10BE200010B5044600BF24B144F06900692800D170
:10BE300004E040F28B5106A001F010FB00BF0F4858
:10BE40000078204008B1012010BD0020FCE7000070
:10BE50002E2E5C647269766572735C686333325F40
:10BE60006C6C5F6472697665725C7372635C686344
:10BE700033325F6C6C5F636C6B2E63003C4005403B
:10BE800070B50446002500BF0CB1012C00D104E0C0
:10BE900040F2E5411FA001F0E1FA00BF00BF2848D1
:10BEA000008800F0010000B104E040F2E64119A072
:10BEB00001F0D4FA00BF64B92248007800F007000E
:10BEC000052801D1C54322E001201E49091D087043
:10BED0001DE01C48DA300068C0F3C01030B94FF4E0
:10BEE0008051082000F0BDF9054605E04FF480516F
:10BEF000012000F0B6F905464DB900201149091D91
:10BF000008704FF48051202000F0ABF90546284618
:10BF100070BD00002E2E5C647269766572735C6879
:10BF20006333325F6C6C5F6472697665725C7372E6
:10BF3000635C686333325F6C6C5F636C6B2E6300B1
:10BF4000FE430540264005402DE9F041044614B962
:10BF50006FF002061FE100BF2079C0F3C01018B1D6
:10BF60002079C0F3C01000B104E04FF497618BA0BA
:10BF700001F074FA00BF00BF207900F01F00401CE0
:10BF8000182805D8207900F01F00401C00B104E0FB
:10BF900040F2B94181A001F061FA00BF00BF6068C2
:10BFA000C0F30820401CB0F5F07F06D86068C0F3ED
:10BFB0000820401C142800D304E040F2BA4177A0C6
:10BFC00001F04CFA00BF00BF0121606801EB107066
:10BFD000102805D8606801EB1070022800D304E037
:10BFE00040F2BB416DA001F039FA00BF2079C0F3E7
:10BFF000C01008B9744901E074480168207900F064
:10C000001F00401CB1FBF0F76068C0F30820401C23
:10C0100000FB07F500BF6E48874203D86D48874292
:10C0200000D304E04FF498615CA001F017FA00BF60
:10C0300000BF6948854203D84010854200D304E020
:10C0400040F2C14155A001F009FA00BF00BF012133
:10C05000606801EB1070B5FBF0F06049884209D8C8
:10C060000121606801EB1070B5FBF0F05C4988427B
:10C0700000D304E040F2C24148A001F0EFF900BF54
:10C0800000BF6068C0F30360401C102806D86068D9
:10C09000C0F30360401C022800D304E040F2C34117
:10C0A0003EA001F0DBF900BF00BF6068C0F30350A1
:10C0B000401C102806D86068C0F30350401C0228BA
:10C0C00000D304E040F2C44134A001F0C7F900BF3E
:10C0D00000BF6068C0F30350401CB5FBF0F03F495F
:10C0E000884209D86068C0F30350401CB5FBF0F0EB
:10C0F0003B49884200D304E040F2C54127A001F04B
:10C10000ADF900BF00BF6068C0F30360401CB5FB21
:10C11000F0F03249884209D86068C0F30360401CDF
:10C12000B5FBF0F02E49884200D304E040F2C6414E
:10C130001AA001F093F900BF00BF2078012801D0B8
:10C14000207800B904E04FF4996114A001F086F959
:10C1500000BF00BF2348008800F0010000B104E0E8
:10C1600040F2C9410DA001F079F900BF2079C10961
:10C170001D48006861F3C7101B49086060680860CB
:10C18000207820B90120FFF77BFE064603E000205F
:10C19000FFF776FE06463046BDE8F0812E2E5C6441
:10C1A0007269766572735C686333325F6C6C5F646E
:10C1B00072697665725C7372635C686333325F6C5C
:10C1C0006C5F636C6B2E630000127A000480FF1FAB
:10C1D00040787D0140420F0000389C1C00C2EB0BF0
:10C1E000C0E1E400FE430540004105400146002057
:10C1F00009B9C01E22E000224A604A6822F080028B
:10C200004A604A6822F01F024A6013234A6863F3B7
:10C2100010224A604A6822F0704202F180524A605D
:10C220004A6822F0706202F180724A604A6822F421
:10C23000700202F580124A6001220A70704770B5E0
:10C2400004460D462946204605F068F806F092F8A7
:10C2500070BD10B50446204605F0F6F906F08AF8E0
:10C2600010BDF8B505460C46002000906FF007069B
:10C2700009E02846FFF7D4FD012801D1002605E09A
:10C280000098401C00900098A042F2D900BF3046B0
:10C29000F8BD000070B50446002500BF0CB1012CAC
:10C2A00000D104E04FF467711EA001F0D7F800BF81
:10C2B00000BF2748008800F0010000B104E040F210
:10C2C0009D3118A001F0CAF800BFFCB921480078E0
:10C2D00000F00700032802D16FF0050520E01D489B
:10C2E000DA300068C0F3C01058B91A48001D007851
:10C2F00010B96FF0050513E0012016490C310870E4
:10C300000EE0012013490C31087009E000201149AA
:10C310000C3108704FF480510820FFF7A2FF05464A
:10C32000284670BD2E2E5C647269766572735C68F7
:10C330006333325F6C6C5F6472697665725C7372D2
:10C34000635C686333325F6C6C5F636C6B2E63009D
:10C35000FE4305402640054070B5044614B96FF011
:10C3600002057FE000BF2078012801D0207800B9C5
:10C3700004E04FF45F713CA001F070F800BF00BF13
:10C38000607840B16078102805D06078202802D00D
:10C390006078302800D104E040F27D3132A001F015
:10C3A0005DF800BF00BFA07810B1A078402800D190
:10C3B00004E040F27E312CA001F050F800BF00BF35
:10C3C000E078802801D0E07800B904E040F27F31C5
:10C3D00025A001F043F800BF00BF2079012817D045
:10C3E0002079022814D02079032811D0207904283C
:10C3F0000ED0207905280BD02079062808D0207986
:10C40000072805D02079082802D02079092800D1F2
:10C4100004E04FF4607114A001F020F800BF00BFE9
:10C420001C48008800F0010000B104E040F28131B6
:10C430000DA001F013F800BF207917490870E078CB
:10C4400061780843A17808431249123108702078B6
:10C4500020B90120FFF71EFF054603E00020FFF78B
:10C4600019FF0546284670BD2E2E5C6472697665FC
:10C4700072735C686333325F6C6C5F64726976659B
:10C48000725C7372635C686333325F6C6C5F636CA5
:10C490006B2E6300FE430540A2400540014600208C
:10C4A00009B9C01E08E001220A7000228A704A7091
:10C4B0008022CA7005220A717047000070B50446D8
:10C4C0002546074828602120A8800648A8600A2041
:10C4D000A8810120A861284605F0C0F970BD0000C0
:10C4E000ECE4020078E6020070B50446D4F8F801E6
:10C4F00001F086FD054605F4807050B125F4807684
:10C5000026B13146D4F8F80101F024FC4FF48075CF
:10C5100000BFB5F5007F76D015DC102D5DD008DCAE
:10C52000012D2ED0022D37D0042D40D0082D6BD1F7
:10C5300048E0202D5CD0402D68D0802D74D0B5F51A
:10C54000807FF4D17FE0B5F5804F6BD00CDCB5F582
:10C55000806F68D0B5F5006F71D0B5F5805F6FD092
:10C56000B5F5005FE3D1B0E0B5F5004F69D0B5F5A2
:10C57000803F67D0B5F5003F72D0B5F5802FD6D19A
:10C58000E4E0012104F5EE7005F06EF90121D4F824
:10C59000F80101F0DFFBE7E0022104F5EE7005F0A1
:10C5A00063F90221D4F8F80101F0D4FBDCE00421A6
:10C5B00004F5EE7005F058F90421D4F8F80101F003
:10C5C000C9FBD1E0082104F5EE7005F04DF9082112
:10C5D000D4F8F80101F0BEFBC6E0102104F5EE70BE
:10C5E00005F042F91021D4F8F80101F0B3FBBBE0EB
:10C5F000202104F5EE7005F037F92021D4F8F80178
:10C6000001F0A8FBB0E02CE0ADE0FFE7402104F52D
:10C61000EE7005F029F94021D4F8F80101F09AFBF9
:10C62000A2E001E05EE029E0802104F5EE7005F073
:10C630001BF98021D4F8F80101F08CFB94E02AE08A
:10C6400036E05CE068E04FF4807104F5EE7005F0D0
:10C650000BF94FF48071D4F8F80101F07BFB83E013
:10C6600067E04FF4007104F5EE7005F0FDF84FF44B
:10C670000071D4F8F80101F06DFB75E04FF48061B2
:10C6800004F5EE7005F0F0F84FF48061D4F8F8018D
:10C6900001F060FB68E04FF4006104F5EE7005F016
:10C6A000E3F84FF40061D4F8F80101F053FB5BE0CC
:10C6B0004FF4805104F5EE7005F0D6F84FF4805138
:10C6C000D4F8F80101F046FB4EE04FF4005104F5B8
:10C6D000EE7005F0C9F84FF40051D4F8F80101F0FC
:10C6E00039FB41E04FF4804104F5EE7005F0BCF8F1
:10C6F0004FF48041D4F8F80101F02CFB34E04FF402
:10C70000004104F5EE7005F0AFF84FF40041D4F8A5
:10C71000F80101F01FFB27E04FF4803104F5EE70C3
:10C7200005F0A2F84FF48031D4F8F80101F012FBC3
:10C730001AE04FF4003104F5EE7005F095F84FF46F
:10C740000031D4F8F80101F005FB0DE04FF4802131
:10C7500004F5EE7005F088F84FF48021D4F8F80164
:10C7600001F0F8FA00E000BF00BF70BD10B51B4833
:10C77000FFF704F8044604F00100002822D018480E
:10C78000007858B917A219A1002004F031FC01204B
:10C790001349087005F042FB2449086005F03EFB90
:10C7A00022490968401AB0F5FA7F16D30DA220A1DC
:10C7B000002004F01DFC0948FEF7C2FD00200849D6
:10C7C00008700AE00648007838B106A226A10020C9
:10C7D00004F00EFC00200249087010BD0004074060
:10C7E000F082FF1F43414E49460000001B5B33337C
:10C7F0006D5B25735D204275732D4F666620646501
:10C8000074656374656421205374617274696E6722
:10C81000207265636F766572792074696D65722E1A
:10C820002E2E1B5B306D0D0A00000000EC82FF1FF6
:10C830001B5B33326D5B25735D204275732D4F6634
:10C8400066207265636F766572793A2065786974DF
:10C85000696E67206C6F63616C2072657365741B11
:10C860005B306D0D0A0000001B5B33326D5B25737E
:10C870005D204275732D4F6666207265636F766525
:10C880007265641B5B306D0D0A00000000B101B9D8
:10C89000704702680A60027A0A7342790AB101227B
:10C8A00000E000224A7302790AB1012200E000226E
:10C8B0008A73D0F809204A60D0F80D208A6000BF42
:10C8C000E6E7000010B5044618A21AA1002004F003
:10C8D0008FFB23480460234809F0A4FD13A222A182
:10C8E000002004F085FB4FF440712948FDF74EFD10
:10C8F000002028490870284908704FF480712748A3
:10C90000FDF744FD002026490870264908602649A5
:10C9100008602649087000F0C9F901202449087010
:10C9200002A224A1002004F063FB10BD43414E4944
:10C93000460000001B5B33326D5B25735D203D3D7F
:10C940003D2043616E496620496E697420537461CD
:10C950007274203D3D3D1B5B306D0D0A00000000F0
:10C96000E882FF1F11CD01001B5B33366D5B257321
:10C970005D2054582063616C6C6261636B2072654A
:10C9800067697374657265641B5B306D0D0A000026
:10C99000B8BD0020E082FF1FE182FF1FB8C0002069
:10C9A000E282FF1FE482FF1FEC82FF1FF082FF1F65
:10C9B000F182FF1F1B5B33326D5B25735D203D3DB4
:10C9C0003D2043616E496620496E697420446F6E54
:10C9D00065203D3D3D1B5B306D0D0A0010B50948DB
:10C9E000007800B910BDFFF7C1FE09F037FC38B977
:10C9F0000548007805490978884201D000F088F997
:10CA000000BFEFE7F182FF1FE082FF1FE182FF1FFF
:10CA10007CB504461A48007800B10CB900207CBDF2
:10CA2000E06830B917A219A1002004F0E1FA002053
:10CA3000F5E723480078102807D3102311A221A17D
:10CA4000002004F0D5FA0020E9E72C481C490978B9
:10CA500000EB011094E82E002EC019480078401C0D
:10CA600017490870084601786068CDE9000105A201
:10CA700023490020236804F0BBFA0120CFE700001F
:10CA8000F182FF1F43414E49460000001B5B3333D8
:10CA90006D5B25735D2052656769737465722066EE
:10CAA000696C7465723A2063616C6C6261636B20BF
:10CAB0006973204E554C4C1B5B306D0D0A00000015
:10CAC000E282FF1F1B5B33336D5B25735D20526574
:10CAD0006769737465722066696C7465723A207454
:10CAE00061626C652066756C6C20286D61783D25EF
:10CAF00064291B5B306D0D0A00000000B8C00020E7
:10CB00003CF10200F0B585B00446002734480078B7
:10CB100000B114B9002005B0F0BD207A082807D96B
:10CB2000237A30A231A1002004F062FA0020F2E75B
:10CB300001A92046FFF7AAFE72B609F08FFB00BBE1
:10CB40009DF81200012807D19DF8102002A9019834
:10CB500009F096FC054606E09DF8102002A9019810
:10CB600009F0C4FC0546012D0BD162B69DF81000FA
:10CB700000901CA225A10020019B04F039FA01209D
:10CB8000C9E72E480078401C00F01F062C480078AA
:10CB900086421BD02949097801EB4101294A02EB61
:10CBA000C10018222146FDF7D8FB24480670012752
:10CBB000007823490978401A00F01F00009009A26C
:10CBC00021A10020236804F013FA05E005A22AA1A0
:10CBD0000020236804F00CFA62B638469BE7000098
:10CBE000F182FF1F43414E49460000001B5B333179
:10CBF0006D5B25735D20496E76616C696420444CE1
:10CC0000433A2025641B5B306D0D0A001B5B3336F5
:10CC10006D5B25735D205458206469726563743AB6
:10CC20002049443D3078253038582C206C656E3DC5
:10CC300025641B5B306D0D0A00000000E082FF1FC1
:10CC4000E182FF1FB8BD00201B5B33366D5B25738F
:10CC50005D205458207175657565643A2049443DDE
:10CC60003078253038582C2071756575653D256400
:10CC70001B5B306D0D0A00001B5B33336D5B25734E
:10CC80005D2054582071756575652066756C6C2142
:10CC90002049443D3078253038582064726F7070D8
:10CCA00065641B5B306D0D0A0000000010B5044682
:10CCB000064804600CB106A000E006A0034607A2E7
:10CCC00008A1002004F094F910BD0000E482FF1FC9
:10CCD000594553004E554C4C0000000043414E490D
:10CCE000460000001B5B33366D5B25735D20446599
:10CCF0006661756C742063616C6C6261636B207338
:10CD000065743A2025731B5B306D0D0A000000002E
:10CD100030B58BB000252148007821490978884238
:10CD200012D01F48007800EB40001E4A02EBC00101
:10CD3000182205A8FDF711FB19480078401C00F0E7
:10CD40001F001749087001250DB90BB030BD01A9AE
:10CD500005A8FFF79BFD9DF81200012807D19DF85B
:10CD6000102002A9019809F08BFB044606E09DF80B
:10CD7000102002A9019809F0B9FB0446012C0BD040
:10CD800007480078401E00F01F000549087006A201
:10CD90000749002004F02CF900BFD6E7E082FF1F0E
:10CDA000E182FF1FB8BD002043414E49460000000C
:10CDB00080F1020010B5002481E004EB840202EB54
:10CDC000C413414A02EB830202F5AA7104EB840208
:10CDD00002EBC4133C4A02EB830202F5A07003F09D
:10CDE0001AFE012104EB840000EBC412364800EB6C
:10CDF000820080F84011B6EE000A04EB840000EBDC
:10CE0000C411314800EB810080ED510A9FED2F0ADB
:10CE100004EB840000EBC4112B4800EB810080ED93
:10CE2000520A9FED2B0A04EB840000EBC411264844
:10CE300000EB810080ED530A9FED250A04EB84008E
:10CE400000EBC411204800EB810080ED540A9FEDF7
:10CE5000210A04EB840000EBC4111B4800EB8100A5
:10CE600080ED5D0A9FED1A0A04EB840000EBC4110B
:10CE7000154800EB810080ED5E0A9FED170A04EB78
:10CE8000840000EBC411104800EB810080ED630AC0
:10CE90009FED120A04EB840000EBC4110A4800EB7A
:10CEA000810080ED640A9FED0E0A04EB840000EB24
:10CEB000C411054800EB810080ED650A641C022C5A
:10CEC000FFF67BAF10BD00008083FF1FCDCC4C3D33
:10CED0000000000000401C4500002F440080BB44BF
:10CEE0000000FA4410B500246BE004EB840202EB6E
:10CEF000C413354A02EB830202F19C0104EB840265
:10CF000002EBC413304A02EB830202F1880003F003
:10CF100082FD012104EB840000EBC4122A4800EBDF
:10CF2000820080F88810B7EE000A04EB840000EB62
:10CF3000C411254800EB810080ED230A9FED230AF0
:10CF400004EB840000EBC4111F4800EB810080ED6E
:10CF5000240A9FED1F0A04EB840000EBC4111A4859
:10CF600000EB810080ED250A9FED190A04EB840097
:10CF700000EBC411144800EB810080ED260AB2EEEC
:10CF8000000A04EB840000EBC4110F4800EB8100A1
:10CF900080ED2F0ABAEE000A04EB840000EBC41106
:10CFA000094800EB810080ED300AB6EE000A04EB80
:10CFB000840000EBC411044800EB810080ED350AC9
:10CFC000641C022C91DB10BD8083FF1F0AD7233C19
:10CFD0000000000010B52DED048B002408E104EBE7
:10CFE000840000EBC411854800EB810090F89C00A0
:10CFF000002876D004EB840202EBC4137F4A02EBD4
:10D00000830292ED291AF0EE410A04EB840202EB4E
:10D01000C4137A4A02EB830292ED281AB0EE410A59
:10D0200004EB840202EBC413744A02EB830202F1A4
:10D030009C0104EB840202EBC413704A02EB8302EE
:10D0400002F1880003F07AFC84BB6D480088022856
:10D050002DDB00206A4908806A480088B0F5C87F47
:10D060002ADA04EB840000EBC411644800EB810071
:10D0700090ED2D0A64486349098800EB810080ED3A
:10D08000000A04EB840000EBC4115C4800EB810053
:10D0900090ED310A5D485B49098800EB810080ED25
:10D0A000000A58480088401C5649088004E054484B
:10D0B0000088401C5249088004EB840000EBC41136
:10D0C0004E4800EB810090ED310AF0EEC08AB2EEDE
:10D0D000040AF4EEC08AF1EE10FA03DDB1EE048A20
:10D0E00016E084E0B1EE040AF4EEC08AF1EE10FA24
:10D0F00002DDB0EE088A0BE0B0EE000AF4EEC08A62
:10D10000F1EE10FA02DDB7EE088A01E09FED408AE9
:10D1100004EB840000EBC411384800EB810090ED73
:10D120002D0AB0EEC09A04EB840000EBC411334822
:10D1300000EB810090F8600001281CD104EB840012
:10D1400000EBC4112D4800EB810090ED2D0AB5EEE7
:10D15000C00AF1EE10FA09DD04EB840000EBC41103
:10D16000264800EB810090ED2D9A2DE09FED290AD5
:10D17000B0EE409A28E004EB840000EBC4111F4895
:10D1800000EB810090F8600002281DD104EB8400C0
:10D1900000EBC411194800EB810090ED2D0AB5EEAB
:10D1A000C00AF1EE10FA0BD204EB840000EBC411BC
:10D1B000124800EB810090ED2D0AB1EE409A03E099
:10D1C0009FED140AB0EE409AB4EEC89AF1EE10FA50
:10D1D00000DD00BF104890ED000A04EB840000EB76
:10D1E000C411064800EB810080ED3F0A00BF641CBB
:10D1F000022CFFF6F4AEBDEC048B10BD8083FF1F44
:10D200007E80FF1F7C80FF1F588BFF1FD897FF1F5A
:10D21000CDCC4C3F000000007880FF1F10B50024EB
:10D220006BE004EB840202EBC413354A02EB830289
:10D2300002F1F80104EB840202EBC413304A02EB62
:10D24000830202F1E40003F0E6FB012104EB840019
:10D2500000EBC4122A4800EB820080F8E410B3EE21
:10D26000040A04EB840000EBC411254800EB8100A4
:10D2700080ED3A0A9FED230A04EB840000EBC41111
:10D280001F4800EB810080ED3B0A9FED1F0A04EB75
:10D29000840000EBC4111A4800EB810080ED3C0AC9
:10D2A0009FED1A0A04EB840000EBC411144800EB54
:10D2B000810080ED3D0A9FED160A04EB840000EB2F
:10D2C000C4110F4800EB810080ED460A9FED0E0A65
:10D2D00004EB840000EBC411094800EB810080EDF1
:10D2E000470AB6EE000A04EB840000EBC4110448C0
:10D2F00000EB810080ED4C0A641C022C91DB10BD18
:10D300008083FF1F0AD7A33C000000000000FA44FE
:10D3100000007A4510B500248EE004EB840000EB99
:10D32000C411474800EB810090F8F80000287CD039
:10D3300004EB840202EBC413414A02EB830292ED38
:10D34000401AF0EE410A04EB840202EBC4133C4A9B
:10D3500002EB830292ED3F1AB0EE410A04EB840225
:10D3600002EBC413364A02EB830202F1F80104EB2C
:10D37000840202EBC413324A02EB830202F1E4009E
:10D3800003F0DCFA002C56D12E48008805284DDB2E
:10D3900000202C4908802C480088B0F57A7F4ADAB2
:10D3A00004EB840000EBC411254800EB810090EDF4
:10D3B0003F0A26482449098800EB810080ED000AD5
:10D3C00004EB840000EBC4111D4800EB810090EDDC
:10D3D000400A1F481C49098800EB810080ED000AC3
:10D3E00004EB840000EBC411154800EB810090EDC4
:10D3F000440A18481449098800EB810080ED000AAE
:10D4000004EB840000EBC4110D4800EB810090EDAB
:10D41000480A11480C49098800EB810080ED000A98
:10D4200009480088401C0849088004E00548008835
:10D43000401C04490880641C022CFFF66EAF10BD2E
:10D440008083FF1F8A80FF1F8880FF1F58A4FF1F53
:10D45000F8B3FF1F98C3FF1F38D3FF1F04460D46C4
:10D460002A46214602A006F0A1FD00BFFEE700000B
:10D4700057726F6E6720706172616D65746572734B
:10D480002076616C75653A2066696C65202573208D
:10D490006F6E206C696E652025640D0A0000000027
:10D4A00038B50246002300250095D81E00BF0D4D5B
:10D4B0002D682C4600BF0C4D2D68294689B105E02A
:10D4C0000D6805F08003009D6D1C0095009DA54230
:10D4D00001D8002BF4D013B18A80002001E06FF056
:10D4E000070038BD9482FF1F9082FF1F08B50D49C9
:10D4F000096AC1F302630C490968D94041F27073AB
:10D500001944491EB1FBF3F206E0009200BF0099F6
:10D510004B1E00930029FAD1011EA0F10100F4D1A5
:10D5200008BD0000004005400080FF1F08B50C4901
:10D53000096AC1F302630B490968D9400A4B1944CF
:10D54000491EB1FBF3F206E0009200BF00994B1EAA
:10D5500000930029FAD1011EA0F10100F4D108BD09
:10D56000004005400080FF1F808D5B0030B587B014
:10D5700004460121084600F08DFE03A805F04EFE8A
:10D580000020039010200490002005904CF24F30B2
:10D59000ADF8180003AA0121274805F005FD012276
:10D5A0001146254805F0AAFC01229104224805F005
:10D5B000A5FD4120ADF804000620ADF806001F4887
:10D5C000029001A801F0E2FDBDF90600002807DB8A
:10D5D00000F01F0101228A401949430941F8232024
:10D5E00000BFBDF906000F21002804DB0A07130E57
:10D5F000144A135406E00A07150E134A00F00F03ED
:10D600001B1FD55400BFBDF9060000280DDB00BF6D
:10D6100000BF00F01F02012191404209920002F177
:10D62000E022C2F8001100BF00BF00BF0121024884
:10D6300005F0B6FD07B030BD00400240E52E020007
:10D6400080E200E000E400E018ED00E010B50446E0
:10D6500000BF0CB1012C00D104E040F2711109A00F
:10D66000FFF7FCFE00BF00BF11480068012800D191
:10D6700004E04FF4B97103A0FFF7F0FE00BF0D48BE
:10D68000046010BD2E2E5C647269766572735C68EE
:10D690006333325F6C6C5F6472697665725C73725F
:10D6A000635C686333325F6C6C5F65666D2E63002C
:10D6B000000401404081204210B5044600BF0CB177
:10D6C000012C00D104E040F2631109A0FFF7C6FE6F
:10D6D00000BF00BF11480068012800D104E04FF4EA
:10D6E000B27103A0FFF7BAFE00BF0D48046010BD81
:10D6F0002E2E5C647269766572735C686333325F88
:10D700006C6C5F6472697665725C7372635C68638B
:10D7100033325F6C6C5F65666D2E63000004014000
:10D720006081204210B5044600BF0F480068012800
:10D7300000D104E040F21E210CA0FFF78FFE00BFD5
:10D7400000BF40F23F10204340F23F11884200D119
:10D7500004E040F21F2105A0FFF780FE00BF024851
:10D760001430046010BD0000000401402E2E5C64E3
:10D770007269766572735C686333325F6C6C5F6488
:10D7800072697665725C7372635C686333325F6C76
:10D790006C5F65666D2E630010B5044600BF0CB16A
:10D7A000012C00D104E04FF4747103A0FFF756FE82
:10D7B00000BF0C48046010BD2E2E5C647269766553
:10D7C00072735C686333325F6C6C5F647269766538
:10D7D000725C7372635C686333325F6C6C5F656646
:10D7E0006D2E63008081204210B5044600BF40F2D8
:10D7F0003F10204340F23F11884200D104E04FF433
:10D80000047106A0FFF72AFE00BF0F480068204001
:10D81000A04201D1012010BD0020FCE72E2E5C6447
:10D820007269766572735C686333325F6C6C5F64D7
:10D8300072697665725C7372635C686333325F6CC5
:10D840006C5F65666D2E6300100401402DE9F041A8
:10D8500004460D4600BF37480068012800D104E0A7
:10D8600040F2D22134A0FFF7F9FD00BF00BF3D48D0
:10D870000068012800D104E040F2D3212EA0FFF778
:10D88000EDFD00BF00BFB4F5002F0BD33648844236
:10D8900002D33648844205D93548844203D3B4F1D3
:10D8A000467F00D204E04FF4357123A0FFF7D6FD88
:10D8B00000BF00BF04F0030000B904E040F2D5212E
:10D8C0001DA0FFF7CBFD00BF40F23F10FFF72AFF7E
:10D8D000184808300068274900EA01061548083052
:10D8E0000068C94308401349083108600027081D33
:10D8F000006820F0700040F02000091D08602560DD
:10D90000384600F0E9F980460A480C30006820F0FB
:10D91000700008490C310860081F00681549C943A8
:10D920000840C94331400843024908310860404675
:10D93000BDE8F081000401402E2E5C6472697665BA
:10D9400072735C686333325F6C6C5F6472697665B6
:10D95000725C7372635C686333325F6C6C5F6566C4
:10D960006D2E630080812042000C0003FB0F00033A
:10D97000E0FF1703000001012DE9F05F04460E46A9
:10D9800015466FF002092746A8464FF4807A00BF7B
:10D99000B4F5002F0BD32B48844202D32A4884428B
:10D9A00005D92A48844203D3B4F1467F00D204E06B
:10D9B00040F2462126A0FFF751FD00BF00BF6019CD
:10D9C000401EB0F5002F13D36019401E1D49884238
:10D9D00004D36019401E1C49884209D96019401EB1
:10D9E0001A49884205D36019401EB0F1467F00D223
:10D9F00004E040F2472116A0FFF730FD00BFF6B16A
:10DA00001E48006AC0F302611D480068C84044F621
:10DA10002061B0FBF1FB5946504600F044F960B973
:10DA200005E017F8010B06F8010BA8F10108B8F1A1
:10DA3000000FF6D14FF0000901E06FF004094846ED
:10DA4000BDE8F09F000C0003FB0F0003E0FF17038D
:10DA50002E2E5C647269766572735C686333325F24
:10DA60006C6C5F6472697665725C7372635C686328
:10DA700033325F6C6C5F65666D2E6300004005405D
:10DA80000080FF1F2DE9F041044600BFB4F5002FD0
:10DA900000D204E040F2633134A0FFF7DFFC00BFA6
:10DAA00000BF04F0030000B904E04FF459712FA047
:10DAB000FFF7D4FC00BF00BF37480068012800D141
:10DAC00004E040F2653129A0FFF7C8FC00BF00BFA9
:10DAD00032480068012800D104E040F2663123A0FA
:10DAE000FFF7BCFC00BF40F23F10FFF71BFE2A48C7
:10DAF000083000682A4900EA010627480830006813
:10DB0000C94308402449083108600027081D0068FF
:10DB100020F0700040F04000091D086000202060E7
:10DB20002048006AC0F302611F480068C8403221E3
:10DB3000B0FBF1F84146384600F094F80546164827
:10DB40000C30006820F0700013490C310860081F89
:10DB500000681349C9430840C943314008430E498E
:10DB6000083108602846BDE8F08100002E2E5C6474
:10DB70007269766572735C686333325F6C6C5F6484
:10DB800072697665725C7372635C686333325F6C72
:10DB90006C5F65666D2E6300000401408081204249
:10DBA00000000101004005400080FF1F70B50446E1
:10DBB000002500BF1D480068012800D104E040F2A4
:10DBC0004F111BA0FFF74AFC00BF00BFF02C00D88C
:10DBD00004E04FF4A87116A0FFF740FC00BF134803
:10DBE0000830006820F0F00004F0F00108430F490D
:10DBF0000831086010E06D1C1848006AC0F302612B
:10DC000017480068C84044F62061B0FBF1F0A84214
:10DC100002D26FF0070070BD04480830006800F0C1
:10DC2000F000A042E7D10020F5E700000004014029
:10DC30002E2E5C647269766572735C686333325F42
:10DC40006C6C5F6472697665725C7372635C686346
:10DC500033325F6C6C5F65666D2E6300004005407B
:10DC60000080FF1F70B504460E4600254FF48071FA
:10DC700001FA04F0314600F016F810F1080F00D157
:10DC80006D1F75B9102101FA04F0FFF7ADFD0128F1
:10DC900005D1102101FA04F0FFF744FD01E04FF037
:10DCA000FF35284670BDF8B505460C4600200090AB
:10DCB000002608E00098401C00900098A04202D97D
:10DCC0006FF0070604E02846FFF78EFD0128F1D12A
:10DCD00000BF3046F8BD000070B5044600251B4863
:10DCE000006AC0F302611A480068C84044F6206127
:10DCF000B0FBF1F64FF4807101FA04F03146FFF702
:10DD0000D2FF10F1080F00D16D1FEDB9082101FA03
:10DD100004F0FFF769FD012806D1082101FA04F09B
:10DD2000FFF700FD4FF0FF3575B9102101FA04F03F
:10DD3000FFF75AFD012805D1102101FA04F0FFF781
:10DD4000F1FC01E04FF0FF35284670BD0040054072
:10DD50000080FF1F70B504460D460CB1207B38B91A
:10DD600000BF06A207A1002003F042F900BF70BD6A
:10DD70002068A843206000BFF9E700004552524FD9
:10DD8000520000001B5B33316D5B25735D204576CF
:10DD9000656E7447726F757020636C6561723A20AE
:10DDA000696E76616C69642067726F75701B5B3099
:10DDB0006D0D0A0010B504460CB1207B38B900BFC8
:10DDC00005A207A1002003F013F900BF10BD002039
:10DDD000206000BFFAE700004552524F5200000099
:10DDE0001B5B33316D5B25735D204576656E744733
:10DDF000726F757020636C65617220616C6C3A2083
:10DE0000696E76616C69642067726F75701B5B3038
:10DE10006D0D0A0038B505461DB12846FCF7D9FA44
:10DE200040B900BF27A229A1002003F0E1F800BFFC
:10DE3000002038BD284600F0BDF848B100BF2B4691
:10DE400020A22EA1002003F0D3F800BF0020F0E7AD
:10DE500000242CE0384800EB4410007B002825D13A
:10DE6000354901EB44102021FCF790FA012032499A
:10DE700001EB44110873304901EB441101F10D002D
:10DE80000F222946FCF799FA00212B4800EB441099
:10DE9000017700BF234629A22AA10020009503F0A4
:10DEA000A7F800BF244800EB4410C2E7641C202CF4
:10DEB000D0DB00BF03A231A1002003F099F800BF1E
:10DEC0000020B6E74552524F520000001B5B333131
:10DED0006D5B25735D204576656E7447726F757056
:10DEE000206372656174653A206E616D65206973A7
:10DEF000204E554C4C1B5B306D0D0A001B5B3331C3
:10DF00006D5B25735D204576656E7447726F757025
:10DF1000206372656174653A206E616D6520616C85
:10DF2000726561647920657869737473202825733C
:10DF3000291B5B306D0D0A00C4AC0020494E464FD2
:10DF4000000000001B5B33326D5B25735D2045765E
:10DF5000656E7447726F75702063726561746520B9
:10DF60004F4B20286964783A25642C206E616D65DA
:10DF70003A2573291B5B306D0D0A00001B5B3331A2
:10DF80006D5B25735D204576656E7447726F7570A5
:10DF900020637265617465206661696C65643A200E
:10DFA0006E6F20667265652067726F75701B5B30DF
:10DFB0006D0D0A0070B505461DB12846FCF709FA3B
:10DFC00008B9002070BD002413E00C4800EB441099
:10DFD000007B68B1094901EB441101F10D001022E9
:10DFE0002946FCF718FA18B9044800EB4410E9E791
:10DFF000641C202CE9DB0020E4E70000C4AC002016
:10E0000010B504460CB1207B40B900BF04A206A1A4
:10E01000002002F0EDFF00BF002010BD2068FCE7EB
:10E020004552524F520000001B5B33316D5B25732C
:10E030005D204576656E7447726F757020676574F4
:10E040003A20696E76616C69642067726F75701B27
:10E050005B306D0D0A0000002DE9F04704460E46C6
:10E060001746984614B1207B00B14EB900BF1BA2E1
:10E070001CA1002002F0BCFF00BF0020BDE8F0871B
:10E08000207A20B90AF05EFF606001212172D4F885
:10E09000009009EA0605012F06D17DB129462046E8
:10E0A000FFF758FE2846E9E7022F07D1B54205D110
:10E0B00031462046FFF74EFE2846DFE708F1010013
:10E0C00050B10AF03FFF82466068AAEB000040456D
:10E0D00001D30020D2E700BF0020CFE74552524FC6
:10E0E000520000001B5B33316D5B25735D2045766C
:10E0F000656E7447726F757020726563763A206939
:10E100006E76616C696420706172616D1B5B306D4D
:10E110000D0A000070B504460D460CB1207B38B9DD
:10E1200000BF06A207A1002002F062FF00BF70BD81
:10E1300020682843206000BFF9E700004552524F95
:10E14000520000001B5B33316D5B25735D2045760B
:10E15000656E7447726F75702073656E643A2069DE
:10E160006E76616C69642067726F75701B5B306DD1
:10E170000D0A000070B504460D4600BF2CB11748CB
:10E1800020431649884200D103E0712114A0FFF713
:10E1900065F900BF00BF0DB1012D00D103E0722170
:10E1A0000FA0FFF75BF900BF00BF1848006900F03F
:10E1B000010000B103E0732109A0FFF74FF900BF90
:10E1C000012D05D111480068A0431049086004E002
:10E1D0000E48006820430D49086070BD11C5F38FDB
:10E1E0002E2E5C647269766572735C686333325F8D
:10E1F0006C6C5F6472697665725C7372635C686391
:10E2000033325F6C6C5F6663672E6300008004408E
:10E2100070B504460D4600BF2CB11148204310498B
:10E22000884200D103E084210EA0FFF717F900BF58
:10E2300000BF0DB1012D00D103E0852109A0FFF73A
:10E240000DF900BF012D05D111484068A0431049C8
:10E25000486004E00E48406820430D49486070BDA6
:10E2600079FD0F0F2E2E5C647269766572735C689F
:10E270006333325F6C6C5F6472697665725C737273
:10E28000635C686333325F6C6C5F6663672E630048
:10E290000080044070B504460D4600BF2CB1114803
:10E2A00020431049884200D103E096210EA0FFF7D9
:10E2B000D5F800BF00BF0DB1012D00D103E09721BB
:10E2C00009A0FFF7CBF800BF012D05D111488068E8
:10E2D000A0431049886004E00E48806820430D493F
:10E2E000886070BDFF8707002E2E5C6472697665BA
:10E2F00072735C686333325F6C6C5F6472697665FD
:10E30000725C7372635C686333325F6C6C5F66630C
:10E31000672E63000080044070B504460D4600BFC0
:10E320003CB141F20310204341F20311884200D175
:10E3300003E0A8210DA0FFF791F800BF00BF0DB1C9
:10E34000012D00D103E0A92108A0FFF787F800BF45
:10E35000012D05D11048C068A0430F49C86004E0F2
:10E360000D48C06820430C49C86070BD2E2E5C6407
:10E370007269766572735C686333325F6C6C5F647C
:10E3800072697665725C7372635C686333325F6C6A
:10E390006C5F6663672E63000080044070B50446BE
:10E3A0000E46154605B10EB9012070BD09498C42D3
:10E3B00002D14FF4D03106E0B4F1904F02D14FF4C6
:10E3C000882100E021460846314608F0EAFE286030
:10E3D0000020EAE70000018810B500200BF01AFFCA
:10E3E0000020044981F8280003A204A102F000FEE5
:10E3F00010BD0000B8C10020465700001B5B33323F
:10E400006D5B25735D20446F776E6C6F6164206374
:10E41000616E63656C6C65641B5B306D0D0A00009A
:10E4200070B504460D46104A944202D14FF4D032E2
:10E4300006E0B4F1904F02D14FF4882200E022466A
:10E440002A44511E084A944202D14FF4D03206E0C9
:10E45000B4F1904F02D14FF4882200E022461046DA
:10E4600008F0A0FD70BD00000000018808B504227E
:10E4700069460020FFF780FA009880B208BD08B511
:10E48000042269464FF48820FFF776FA009808BD09
:10E4900008B5042269464FF48820FFF76DFA00980A
:10E4A00080B208BD0148407870470000B8C1002024
:10E4B00000B970470C49896801600B49C96841601F
:10E4C0000949496881600849896849B10649C968AC
:10E4D00064225143044A9268B1FBF2F1C9B200E0F0
:10E4E0000021017300BFE4E7B8C1002001480078B3
:10E4F00070470000B8C100201CB5044630211948FF
:10E50000FBF744FF4FF42830164948614FF400519F
:10E51000144881614FF48821C161134901620121CE
:10E5200080F824104CB1206810B10E492068486171
:10E53000606810B10B486168816100200BF06AFED1
:10E5400001200A4908700748806906494969CDE9F0
:10E550000010044806A20749C369002002F048FDE4
:10E560001CBD0000B8C10020FFDF0600F282FF1FC3
:10E570004657000014F20200014890F82800704746
:10E58000B8C10020F8B506460C463348007808B9F3
:10E590000820F8BD3148007840B13048037830A2F7
:10E5A00030A1002002F024FD0720F2E73548864222
:10E5B00002D14FF4D03006E0B6F1904F02D14FF4C3
:10E5C000882000E030460546B5F5882F02D3B5F522
:10E5D000DC2F08D3334622A22BA10020009502F0A5
:10E5E00007FD0120D5E71D484069A04200D33CB992
:10E5F00023461BA233A1002002F0FAFC0220C8E748
:10E600002819B0F5DC2F08D92B4615A236A1002019
:10E61000009402F0EDFC0120BBE72819411E2846BA
:10E6200008F0C0FC07460FB13846B2E70B4845601A
:10E63000846000200949C86001200874801EC862F7
:10E640002B4607A238A10020009402F0D1FC022042
:10E650000BF0E0FD00209CE7F282FF1FB8C1002014
:10E66000465700001B5B33336D5B25735D2042759D
:10E6700073792C2073746174653D25641B5B306D68
:10E680000D0A0000000001881B5B33316D5B2573B0
:10E690005D20446F776E6C6F6164206164647265A5
:10E6A000737320696E76616C69643A203078253026
:10E6B0003858202D3E203078253038581B5B306D7F
:10E6C0000D0A00001B5B33316D5B25735D205369C0
:10E6D0007A6520696E76616C69643A2025641B5BFB
:10E6E000306D0D0A000000001B5B33316D5B25733C
:10E6F0005D2052616E676520696E76616C69643A6F
:10E7000020307825303858202B2025642065786308
:10E710006565647320415050322077696E646F776D
:10E720001B5B306D0D0A00001B5B33326D5B257384
:10E730005D20446F776E6C6F6164207265616479EF
:10E740003A20616464723D3078253038582C20734B
:10E75000697A653D25641B5B306D0D0A0000000081
:10E760002DE9FE430546884614463C48007810B91A
:10E770000820BDE8FE833A48007802280CD03848CB
:10E780000078032808D03648037836A236A1002046
:10E7900002F02EFC0620ECE70CB90020E9E7304837
:10E7A000007CA8420ED02E480095037C2DA237A1F4
:10E7B000002002F01DFC0620294948700BF02AFDBC
:10E7C0000620D6E7264880682549C968401AA04235
:10E7D00001D20220CDE703200BF01CFD204949683F
:10E7E0001F4AD2688818224641460EF0C5FE0646EA
:10E7F00036B11B48467006200BF00CFD3046B8E7DA
:10E80000002709E018F80710154AD06A08F012F836
:10E810001349C862781C87B2A742F3DB1048C0686E
:10E8200020440F49C8600846007CFF2802D101201F
:10E83000087404E00A48007C401C09490874084830
:10E840008168C0682B4607A2CDE9004002911AA159
:10E85000002002F0CDFB00208BE70000F282FF1FBA
:10E86000B8C10020465700001B5B33336D5B257336
:10E870005D204E6F742072656164792C2073746121
:10E8800074653D25641B5B306D0D0A001B5B3331E5
:10E890006D5B25735D20536571206D69736D6174C7
:10E8A00063683A2065787020256420676F7420259E
:10E8B000641B5B306D0D0A001B5B33366D5B25738B
:10E8C0005D20426C6F636B2025643A2025642062D2
:10E8D000797465732C20746F74616C3D25642F25E9
:10E8E000641B5B306D0D0A001CB52B48007808B91D
:10E8F00008201CBD2948C06AC0432849C862084690
:10E90000C06A8968CDE90010244825A225A1C36802
:10E91000002002F06DFB2148C068204989688842C8
:10E9200009D21E48806800901C481DA22CA1C36813
:10E93000002002F05DFB194890F82400002820D048
:10E9400004200BF067FC154A9168506808F029FC18
:10E9500004461248C06A234611A22AA10090002052
:10E9600002F046FB0D48C06AA04209D00CA233A1B8
:10E97000002002F03DFB06200BF04CFC0520B8E720
:10E9800000BF05200BF046FC05A234A1002002F0D8
:10E990002FFB0020ADE70000F282FF1FB8C100206E
:10E9A000465700001B5B33326D5B25735D2054724C
:10E9B000616E7366657220657869743A207265636A
:10E9C00065697665643D25642F25642C2043524398
:10E9D0003D3078253038581B5B306D0D0A00000043
:10E9E0001B5B33336D5B25735D20496E636F6D7008
:10E9F0006C6574653A202564203C2025641B5B30DF
:10EA00006D0D0A001B5B33326D5B25735D2056650F
:10EA1000726966793A20666C6173685F6372633D00
:10EA20003078253038582C2072785F6372633D301F
:10EA300078253038581B5B306D0D0A001B5B333175
:10EA40006D5B25735D20435243206D69736D617466
:10EA50006368211B5B306D0D0A0000001B5B3332C5
:10EA60006D5B25735D20466C61736820646F776E03
:10EA70006C6F616420636F6D706C657465211B5BE6
:10EA8000306D0D0A0000000010B530210348FBF77F
:10EA90007DFC00200249087010BD0000B8C10020B4
:10EAA000F282FF1F704700002DE9F04104460D4639
:10EAB000904600BF2548008800F0010000B104E046
:10EAC00040F2812122A0FEF7C9FC00BF00BF4CB17B
:10EAD000012C07D0022C05D0032C03D0042C01D02C
:10EAE000052C00D104E040F2822119A0FEF7B6FC0B
:10EAF00000BF00BF15B1A8B200B104E040F283210D
:10EB000013A0FEF7ABFC00BF002719E005F00100E1
:10EB100088B10E48001D00EB841000EB8706B8F1A9
:10EB2000010F04D1308840F40040308003E0308889
:10EB3000C0F30E0030806D1005B903E0781CC7B239
:10EB4000102FE3D300BFBDE8F0810000FC3B05407F
:10EB50002E2E5C647269766572735C686333325F13
:10EB60006C6C5F6472697665725C7372635C686317
:10EB700033325F6C6C5F6770696F2E63000000005A
:10EB80002DE9F05F05460E4614464FF0000B14B910
:10EB90006FF0020BD9E000BF6D48008800F0010063
:10EBA00000B104E04FF480716AA0FEF757FC00BF8B
:10EBB00000BF4DB1012D07D0022D05D0032D03D08C
:10EBC000042D01D0052D00D104E040F2011161A017
:10EBD000FEF744FC00BF00BF16B1B0B200B104E0C4
:10EBE0004FF481715BA0FEF739FC00BF00BF2088A5
:10EBF00010B12088012800D104E040F2031155A093
:10EC0000FEF72CFC00BF00BF608810B160880228AE
:10EC100000D104E04FF482714EA0FEF71FFC00BF4C
:10EC200000BFA08810B1A088042800D104E040F201
:10EC3000051148A0FEF712FC00BF00BFE08828B114
:10EC4000E088102802D0E088202800D104E04FF4AA
:10EC5000837140A0FEF702FC00BF00BF208918B1FD
:10EC60002089B0F5804F00D104E040F2071139A0AF
:10EC7000FEF7F4FB00BF00BF608910B16089402837
:10EC800000D104E04FF4847132A0FEF7E7FB00BF2F
:10EC900000BFA08918B1A089B0F5007F00D104E0C1
:10ECA00040F209112BA0FEF7D9FB00BF00BFE0899D
:10ECB00018B1E089B0F5805F00D104E04FF48571B0
:10ECC00024A0FEF7CBFB00BF00BF208A18B1208A2A
:10ECD000B0F5004F00D104E040F20B111DA0FEF78B
:10ECE000BDFB00BF00272DE006F0010028B32088FF
:10ECF00061880843A1880843E18808436189084383
:10ED0000A1890843E1890843218940EA010A45F2C3
:10ED10007728208A40EA0A0A48F400480C48001D77
:10ED200000EB851000EB8709B9F8000020EA080025
:10ED30000AEA08010843A9F80000761006B903E0C2
:10ED4000781CC7B2102FCFD300BF5846BDE8F09F44
:10ED5000FC3B05402E2E5C647269766572735C68BC
:10ED60006333325F6C6C5F6472697665725C737278
:10ED7000635C686333325F6C6C5F6770696F2E63CE
:10ED80000000000070B504460D4600BF4CB1012CD8
:10ED900007D0022C05D0032C03D0042C01D0052C65
:10EDA00000D104E04FF4FF710CA0FEF757FB00BF49
:10EDB00000BF15B1A8B200B104E040F2FF1107A0F6
:10EDC000FEF74CFB00BF114901EB0410B0F800083E
:10EDD000284008B1012070BD0020FCE72E2E5C64A5
:10EDE0007269766572735C686333325F6C6C5F6402
:10EDF00072697665725C7372635C686333325F6CF0
:10EE00006C5F6770696F2E63000000000030054082
:10EE100070B504460D4600BF4CB1012C07D0022C42
:10EE200005D0032C03D0042C01D0052C00D104E024
:10EE300040F24A210BA0FEF711FB00BF00BF15B145
:10EE4000A8B200B104E040F24B2106A0FEF706FB99
:10EE500000BF1048102101FB040630882843308091
:10EE600070BD00002E2E5C647269766572735C68FA
:10EE70006333325F6C6C5F6472697665725C737267
:10EE8000635C686333325F6C6C5F6770696F2E63BD
:10EE9000000000000A38054070B504460D4600BF6A
:10EEA00024B144F01F001F2800D104E04FF4B271D8
:10EEB00018A0FEF7D3FA00BF00BF0DB1012D00D19D
:10EEC00004E040F2651113A0FEF7C8FA00BF00BFCE
:10EED0001C48008800F0010000B104E04FF4B37159
:10EEE0000CA0FEF7BBFA00BF012D09D11548083868
:10EEF000008804F01F01084312490839088008E01F
:10EF000010480838008804F01F0188430D4908396B
:10EF1000088070BD2E2E5C647269766572735C68C1
:10EF20006333325F6C6C5F6472697665725C7372B6
:10EF3000635C686333325F6C6C5F6770696F2E630C
:10EF400000000000FC3B05402DE9F04104460D4661
:10EF5000164600BF4CB1012C07D0022C05D0032C63
:10EF600003D0042C01D0052C00D104E04FF4BE7175
:10EF700024A0FEF773FA00BF00BF15B1A8B200B11C
:10EF800004E040F27D111FA0FEF768FA00BF00BF49
:10EF90000F2E03D9202E02D33B2E00D804E04FF4CD
:10EFA000BF7118A0FEF75AFA00BF00BF21480088C1
:10EFB00000F0010000B104E040F27F1111A0FEF763
:10EFC0004DFA00BF002717E005F0010078B119489D
:10EFD000801D00EB841000EB8708B8F800004FF6A6
:10EFE000C071084006F03F010843A8F800006D100A
:10EFF00005B903E0781CC7B2102FE5D300BFBDE808
:10F00000F08100002E2E5C647269766572735C6814
:10F010006333325F6C6C5F6472697665725C7372C5
:10F02000635C686333325F6C6C5F6770696F2E631B
:10F0300000000000FC3B054070B504460D4600BFD3
:10F040004CB1012C07D0022C05D0032C03D0042C8A
:10F0500001D0052C00D104E04FF40E710BA0FEF797
:10F06000FDF900BF00BF15B1A8B200B104E040F245
:10F07000392106A0FEF7F2F900BF1048102101FB6C
:10F08000040630882843308070BD00002E2E5C645A
:10F090007269766572735C686333325F6C6C5F644F
:10F0A00072697665725C7372635C686333325F6C3D
:10F0B0006C5F6770696F2E630000000008380540C0
:10F0C00010B5044600BF44B1B4F5804F05D0B4F587
:10F0D000004F02D0B4F5404F00D104E04FF4ED7181
:10F0E0000EA0FEF7BBF900BF00BF1848008800F073
:10F0F000010000B104E040F2DB1108A0FEF7AEF918
:10F1000000BF1248001F0088C0F30D0004F4404106
:10F1100008430E49091F088010BD00002E2E5C64B4
:10F120007269766572735C686333325F6C6C5F64BE
:10F1300072697665725C7372635C686333325F6CAC
:10F140006C5F6770696F2E6300000000FC3B054038
:10F150000146002009B9C01E09E000220A804A8049
:10F16000CA800A820A814A818A81CA818A8070475C
:10F1700070B505460C461DB92046FEF7F7F901E0CB
:10F18000002070BD00BF0120FBE7000070B5044601
:10F1900000260CB9F61E4BE000BF2088B0F5007FBA
:10F1A00000DA03E0CD2123A0FEF758F900BF208844
:10F1B000400900EB4000202101EB4000B4F90210AF
:10F1C00088420AD82088400900EB4000252101EB45
:10F1D0004000B4F90210884206D2B4F90200202897
:10F1E00002D36FF0020623E060881F49042212FB5D
:10F1F00000152868C0F3080040F2FF11884208D1CA
:10F2000020882860B4F90210184A606842F821008A
:10F210000EE020882968C1F30801884206D1B4F9BC
:10F220000210124A606842F8210001E06FF0010606
:10F23000304670BD2E2E5C647269766572735C68B0
:10F240006333325F6C6C5F6472697665725C737293
:10F25000635C686333325F6C6C5F696E7465727295
:10F26000757074732E6300005C10054070B500204B
:10F2700010B5034908688047BFF34F8F10BD0000E9
:10F2800070B5002010B5034948688047BFF34F8F21
:10F2900010BD000070B5002010B503498868804794
:10F2A000BFF34F8F10BD000070B5002010B50349AB
:10F2B000C8688047BFF34F8F10BD000070B50020B5
:10F2C00010B5034908698047BFF34F8F10BD000098
:10F2D00070B5002010B5034948698047BFF34F8FD0
:10F2E00010BD000070B5002010B503498869804743
:10F2F000BFF34F8F10BD000070B5002010B503495B
:10F30000C8698047BFF34F8F10BD000070B5002063
:10F3100010B50349086A8047BFF34F8F10BD000046
:10F3200070B5002010B50349486A8047BFF34F8F7E
:10F3300010BD000070B5002010B50349886A8047F1
:10F34000BFF34F8F10BD000070B5002010B503490A
:10F35000C86A8047BFF34F8F10BD000070B5002012
:10F3600010B50349086B8047BFF34F8F10BD0000F5
:10F3700070B5002010B50349486B8047BFF34F8F2D
:10F3800010BD000070B5002010B50349886B8047A0
:10F39000BFF34F8F10BD000070B5002010B50349BA
:10F3A000C86B8047BFF34F8F10BD000070B50020C1
:10F3B00010B50349086C8047BFF34F8F10BD0000A4
:10F3C00070B5002010B50349486C8047BFF34F8FDC
:10F3D00010BD000070B5002010B50349886C80474F
:10F3E000BFF34F8F10BD000070B5002010B503496A
:10F3F000C86C8047BFF34F8F10BD000070B5002070
:10F4000010B50349086D8047BFF34F8F10BD000052
:10F4100070B5002010B50349486D8047BFF34F8F8A
:10F4200010BD000070B5002010B50349886D8047FD
:10F43000BFF34F8F10BD000070B5002010B5034919
:10F44000C86D8047BFF34F8F10BD000070B500201E
:10F4500010B50349086E8047BFF34F8F10BD000001
:10F4600070B5002010B50349486E8047BFF34F8F39
:10F4700010BD000070B5002010B50349886E8047AC
:10F48000BFF34F8F10BD000070B5002010B50349C9
:10F49000C86E8047BFF34F8F10BD000070B50020CD
:10F4A00010B50349086F8047BFF34F8F10BD0000B0
:10F4B00070B5002010B50349486F8047BFF34F8FE8
:10F4C00010BD000070B5002010B50349886F80475B
:10F4D000BFF34F8F10BD000070B5002010B5034979
:10F4E000C86F8047BFF34F8F10BD000070B500207C
:10F4F00010B50349D1F880008047BFF34F8F10BD8E
:10F5000070B5002010B50349D1F884008047BFF3DF
:10F510004F8F10BD70B5002010B50349D1F8880099
:10F520008047BFF34F8F10BD70B5002010B5034961
:10F53000D1F88C008047BFF34F8F10BD70B500200D
:10F5400010B50349D1F890008047BFF34F8F10BD2D
:10F5500070B5002010B50349D1F894008047BFF37F
:10F560004F8F10BD70B5002010B50349D1F8980039
:10F570008047BFF34F8F10BD70B5002010B5034911
:10F58000D1F89C008047BFF34F8F10BD70B50020AD
:10F5900010B50349D1F8A0008047BFF34F8F10BDCD
:10F5A00070B5002010B50349D1F8A4008047BFF31F
:10F5B0004F8F10BD70B5002010B50349D1F8A800D9
:10F5C0008047BFF34F8F10BD70B5002010B50349C1
:10F5D000D1F8AC008047BFF34F8F10BD70B500204D
:10F5E00010B50349D1F8B0008047BFF34F8F10BD6D
:10F5F00070B5002010B50349D1F8B4008047BFF3BF
:10F600004F8F10BD70B5002010B50349D1F8B80078
:10F610008047BFF34F8F10BD70B5002010B5034970
:10F62000D1F8BC008047BFF34F8F10BD70B50020EC
:10F6300010B50349D1F8C0008047BFF34F8F10BD0C
:10F6400070B5002010B50349D1F8C4008047BFF35E
:10F650004F8F10BD70B5002010B50349D1F8C80018
:10F660008047BFF34F8F10BD70B5002010B5034920
:10F67000D1F8CC008047BFF34F8F10BD70B500208C
:10F6800010B50349D1F8D0008047BFF34F8F10BDAC
:10F6900070B5002010B50349D1F8D4008047BFF3FE
:10F6A0004F8F10BD70B5002010B50349D1F8D800B8
:10F6B0008047BFF34F8F10BD70B5002010B50349D0
:10F6C000D1F8DC008047BFF34F8F10BD70B500202C
:10F6D00010B50349D1F8E0008047BFF34F8F10BD4C
:10F6E00070B5002010B50349D1F8E4008047BFF39E
:10F6F0004F8F10BD70B5002010B50349D1F8E80058
:10F700008047BFF34F8F10BD70B5002010B503497F
:10F71000D1F8EC008047BFF34F8F10BD70B50020CB
:10F7200010B50349D1F8F0008047BFF34F8F10BDEB
:10F7300070B5002010B50349D1F8F4008047BFF33D
:10F740004F8F10BD70B5002010B50349D1F8F800F7
:10F750008047BFF34F8F10BD70B5002010B503492F
:10F76000D1F8FC008047BFF34F8F10BD70B500206B
:10F7700010B50349D1F800018047BFF34F8F10BD8A
:10F7800070B5002010B50349D1F804018047BFF3DC
:10F790004F8F10BD70B5002010B50349D1F8080196
:10F7A0008047BFF34F8F10BD70B5002010B50349DF
:10F7B000D1F80C018047BFF34F8F10BD70B500200A
:10F7C00010B50349D1F810018047BFF34F8F10BD2A
:10F7D00070B5002010B50349D1F814018047BFF37C
:10F7E0004F8F10BD70B5002010B50349D1F8180136
:10F7F0008047BFF34F8F10BD70B5002010B503498F
:10F80000D1F81C018047BFF34F8F10BD70B50020A9
:10F8100010B50349D1F820018047BFF34F8F10BDC9
:10F8200070B5002010B50349D1F824018047BFF31B
:10F830004F8F10BD70B5002010B50349D1F82801D5
:10F840008047BFF34F8F10BD70B5002010B503493E
:10F85000D1F82C018047BFF34F8F10BD70B5002049
:10F8600010B50349D1F830018047BFF34F8F10BD69
:10F8700070B5002010B50349D1F834018047BFF3BB
:10F880004F8F10BD70B5002010B50349D1F8380175
:10F890008047BFF34F8F10BD70B5002010B50349EE
:10F8A000D1F83C018047BFF34F8F10BD70B50020E9
:10F8B00010B50349D1F840018047BFF34F8F10BD09
:10F8C00070B5002010B50349D1F844018047BFF35B
:10F8D0004F8F10BD70B5002010B50349D1F8480115
:10F8E0008047BFF34F8F10BD70B5002010B503499E
:10F8F000D1F84C018047BFF34F8F10BD70B5002089
:10F9000010B50349D1F850018047BFF34F8F10BDA8
:10F9100070B5002010B50349D1F854018047BFF3FA
:10F920004F8F10BD70B5002010B50349D1F85801B4
:10F930008047BFF34F8F10BD70B5002010B503494D
:10F94000D1F85C018047BFF34F8F10BD70B5002028
:10F9500010B50349D1F860018047BFF34F8F10BD48
:10F9600070B5002010B50349D1F864018047BFF39A
:10F970004F8F10BD70B5002010B50349D1F8680154
:10F980008047BFF34F8F10BD70B5002010B50349FD
:10F99000D1F86C018047BFF34F8F10BD70B50020C8
:10F9A00010B50349D1F870018047BFF34F8F10BDE8
:10F9B00070B5002010B50349D1F874018047BFF33A
:10F9C0004F8F10BD70B5002010B50349D1F87801F4
:10F9D0008047BFF34F8F10BD70B5002010B50349AD
:10F9E000D1F87C018047BFF34F8F10BD70B5002068
:10F9F00010B50349D1F880018047BFF34F8F10BD88
:10FA000070B5002010B50349D1F884018047BFF3D9
:10FA10004F8F10BD70B5002010B50349D1F8880193
:10FA20008047BFF34F8F10BD70B5002010B503495C
:10FA3000D1F88C018047BFF34F8F10BD70B5002007
:10FA400010B50349D1F890018047BFF34F8F10BD27
:10FA500070B5002010B50349D1F894018047BFF379
:10FA60004F8F10BD70B5002010B50349D1F8980133
:10FA70008047BFF34F8F10BD70B5002010B503490C
:10FA8000D1F89C018047BFF34F8F10BD70B50020A7
:10FA900010B50349D1F8A0018047BFF34F8F10BDC7
:10FAA00070B5002010B50349D1F8A4018047BFF319
:10FAB0004F8F10BD70B5002010B50349D1F8A801D3
:10FAC0008047BFF34F8F10BD70B5002010B50349BC
:10FAD000D1F8AC018047BFF34F8F10BD70B5002047
:10FAE00010B50349D1F8B0018047BFF34F8F10BD67
:10FAF00070B5002010B50349D1F8B4018047BFF3B9
:10FB00004F8F10BD70B5002010B50349D1F8B80172
:10FB10008047BFF34F8F10BD70B5002010B503496B
:10FB2000D1F8BC018047BFF34F8F10BD70B50020E6
:10FB300010B50349D1F8C0018047BFF34F8F10BD06
:10FB400070B5002010B50349D1F8C4018047BFF358
:10FB50004F8F10BD70B5002010B50349D1F8C80112
:10FB60008047BFF34F8F10BD70B5002010B503491B
:10FB7000D1F8CC018047BFF34F8F10BD70B5002086
:10FB800010B50349D1F8D0018047BFF34F8F10BDA6
:10FB900070B5002010B50349D1F8D4018047BFF3F8
:10FBA0004F8F10BD70B5002010B50349D1F8D801B2
:10FBB0008047BFF34F8F10BD70B5002010B50349CB
:10FBC000D1F8DC018047BFF34F8F10BD70B5002026
:10FBD00010B50349D1F8E0018047BFF34F8F10BD46
:10FBE00070B5002010B50349D1F8E4018047BFF398
:10FBF0004F8F10BD70B5002010B50349D1F8E80152
:10FC00008047BFF34F8F10BD70B5002010B503497A
:10FC1000D1F8EC018047BFF34F8F10BD70B50020C5
:10FC200010B50349D1F8F0018047BFF34F8F10BDE5
:10FC300070B5002010B50349D1F8F4018047BFF337
:10FC40004F8F10BD70B5002010B50349D1F8F801F1
:10FC50008047BFF34F8F10BD70B5002010B503492A
:10FC6000D1F8FC018047BFF34F8F10BD70B5002065
:10FC70001FB50020009001908DF808000E480390F9
:10FC8000002411E00D4850F8240000906846FCF76D
:10FC9000BFFE38B9094850F8243009A20A490020AB
:10FCA00001F0A6F9601CC4B2042CEBD304A207A196
:10FCB000002001F09DF91FBD05FD0100ACEC020024
:10FCC0004D41494E00000000E0FA02001B5B333654
:10FCD0006D5B25735D2049534F54503A20342043C7
:10FCE000414E2049442052582066696C74657273F5
:10FCF00020726567697374657265640D0A1B5B30F9
:10FD00006D0D0A003EB504460020029002A80A4983
:10FD1000CDE90010237A04F109020020216808F0DF
:10FD20005BF8054635B9BDF80830034A0020216864
:10FD30000CF0ACFD3EBD00004806012070B5044645
:10FD4000002512E0665D062E01DB002070BD06EB8B
:10FD5000860101EBC601074A02EB810000F022F8A0
:10FD600008B90020F2E7681CC5B2207AA842E9DC95
:10FD70000120EBE79489FF1F10B586B0044601A867
:10FD8000FFF7E6F90020ADF80600207A10B9402010
:10FD9000ADF80E00A28891B2207801AAFEF7F0FE1D
:10FDA00006B010BD30B501464868037A0022002035
:10FDB0000CE00C7804EB8404084D05EB4404245C4F
:10FDC0009C4201D1541CE2B2441CE0B20A28F0DB90
:10FDD0000A2A01DB012030BD0020FCE75889FF1F03
:10FDE00070B500253DE005EB850000EBC5001E4920
:10FDF00001EB8004257005EB45001C4901EB8000F8
:10FE00006060002084F82600206384F8240084F8D1
:10FE100025006068FFF7B0FF1548A0600421A181AC
:10FE2000144921610421A1820021216204F108000A
:10FE300001F014FD00200DE06168097A09B9012183
:10FE400000E0002105EB85020B4B03EB420211544D
:10FE5000411CC8B20A28EFDB002008494855681C3D
:10FE6000C5B2062DBFDB70BD9489FF1F90D602007E
:10FE700030D6020060D602005889FF1F4080FF1F65
:10FE80007FB504460D461646002000900190029072
:10FE90000390009401958DF8086001F0BFFF039076
:10FEA0000223102269463D2000F006FC7FBD0000C1
:10FEB00010B5214C214820602720A0802048A06058
:10FEC0000E20A0810120A061204601F0C7FC01F0B6
:10FED0004FFC1C49086001F04BFC1B49086001F015
:10FEE00047FC1A49086001F043FC194908601548AD
:10FEF000006820B117491348006801F06DFC1248F2
:10FF0000006820B114491048006801F065FC0F48F2
:10FF1000006820B111490D48006801F05DFC0C48F3
:10FF2000006820B10E490A48006801F055FC0D49EF
:10FF30003D2000F053FC10BDCC8AFF1FD8D6020034
:10FF4000ACD802005080FF1F5480FF1F5880FF1F55
:10FF50005C80FF1FD1390200E5390200F939020047
:10FF60000D3A0200011B020010B51448047C052C58
:10FF700006D0062C05D00B2C0FD00C2C1AD10DE07E
:10FF800000BF0F48007838B90D48407820B94FF4C9
:10FF900080710A4801F068FC0DE000BF0848007855
:10FFA00038B90748407820B94FF48031034801F050
:10FFB0005BFC00E000BF00BF10BD0000CC8AFF1F4B
:10FFC0004C80FF1FF8B501F029FF064600270024EA
:10FFD00028E004EB840202EBC402634B03EB8202D1
:10FFE0005268928891B204EB840202EBC40203EBE4
:10FFF000820252681078FEF7C5FE054604EB8400C5
:020000040002F8
:100000005A4901EB40005A49095D45545848005D82
:10001000401C0A21B0FBF1F201FB120054490855C3
:10002000601CC4B2062CD4DB002427E004EB44009F
:10003000504901EBC0052846FFF780FEC0B10127FB
:100040004D4850F82400E968884207D24A4850F8E1
:100050002400401C484941F824000DE00222D5E963
:100060000401FFF70DFF0020434941F8240003E09D
:100070000020414941F82400601CC4B2002CD5D0B6
:10008000002000906AE09DF8000000EB800101EB89
:10009000C000354901EB80042046FFF783FE84F859
:1000A00024001FB1012084F8260002E0002084F81B
:1000B000260094F8240094F8251088422BD014F8D8
:1000C000240F607014F8240940B1A6620020206358
:1000D000002104F1080001F0C7FB1CE0E6620121E9
:1000E00004F1080001F0C0FB94F8260068B9D4E9D7
:1000F0000A10451A60684089A84205D9012269465C
:100100009DF80000FFF7BCFE00BF032269469DF882
:100110000000FFF7B5FEA06902281AD194F8240068
:10012000B8B194F82600A0B9206B401C2063616828
:100130004989206B88420CD3022104F1080001F0A8
:1001400093FB00202063022269469DF80000FFF720
:1001500097FE9DF80000401CC0B200909DF8000082
:10016000062890DBF8BD00009489FF1F5889FF1F07
:100170004080FF1F18D602004880FF1F30B503469D
:1001800018480078834200DA09B9002030BD0868B9
:1001900010B10868007908B90020F7E7C3EBC30085
:1001A000114C04EBC00292F8350088B192F824009B
:1001B00003280DD1D0680C68A04209D1107C0C79BD
:1001C000A04205D154698868844201D10120DDE74D
:1001D00091E83100C2E907459061012082F82400CE
:1001E00000BFD3E79BDA0200E88AFF1F70B505461F
:1001F0000C460CB9002070BD0DB90020FBE70020B3
:1002000020606060A06000211EE001EB4100144A04
:1002100052F820002840A84214D101EB410002EB23
:1002200080000079207001EB410002EB80004079F2
:10023000607001EB410002EB80008068606001208B
:100240002072D8E7481CC1B21929DED321462846BE
:1002500006F02AFF08B10120CDE70020CBE700001F
:1002600054D902000146172901DB0020704701EB39
:100270004100024A02EB8000F8E7000080DB020048
:1002800070B500F059F800252EE0C5EBC5001949FE
:1002900001EBC00405EB8500174901EB4000016844
:1002A000216041686160008920810020E060206158
:1002B0006061A061E061206284F8240084F8250078
:1002C000A062E062206384F8340084F8350084F88A
:1002D000360084F83700204608F0BCFA002120469A
:1002E00008F042FB681CC5B2044800788542CCDBAC
:1002F00070BD0000E88AFF1F80DA02009BDA02006E
:1003000070B505460A480078854200DB70BDC5EB34
:10031000C500084901EBC004002084F83600012024
:1003200084F8340001F07AFDA06200BFEEE700001F
:100330009BDA0200E88AFF1F7047000010B50446F0
:1003400006480078844200DB10BDC4EBC401044AB7
:1003500002EBC10008F0F8FA00BFF5E79BDA0200F3
:10036000E88AFF1F2DE9F04101F058FD05461E48BF
:100370000068281A0A2801D2BDE8F0811A480560F1
:1003800000262AE0C6EBC600184901EBC00494F829
:100390002400012802D1204608F07DFA94F83500A7
:1003A00028B194F8340010B194F8360000B112E08E
:1003B000E06800B90FE0E068006894F8251000EBF1
:1003C0008108A06A2F1AB8F80000B84202D8204667
:1003D00008F07CFA00BF701CC6B20548007886425F
:1003E000D0DB00BFC8E700007080FF1FE88AFF1F56
:1003F0009BDA020010B5044604F0010048B100BFCA
:1004000040F223101A49086043F21020086000BF30
:1004100000BF04F0020028B100BF16481649086169
:1004200000BF00BF04F0040030B100BF4AF2015029
:100430001249088000BF00BF04F0100018B14AF252
:10044000085000F0D3FB04F0400018B14AF203500A
:1004500000F0CCFB04F0800040B100BF77200849D9
:10046000086007490831086000BF00BF10BD0000E8
:10047000000401400100A5A500800440FC3B0540AC
:100480000408054010B5044604F0010028B100BF7F
:1004900000201949086000BF00BF04F0020028B125
:1004A00000BF16481649086100BF00BF04F00400F1
:1004B00030B100BF4FF425401249088000BF00BF93
:1004C00004F0100018B14AF2085000F081FB04F06B
:1004D000400018B14AF2035000F07AFB04F08000AB
:1004E00040B100BF7620084908600749083108601C
:1004F00000BF00BF10BD0000000401400000A5A522
:1005000000800440FC3B05400408054010B500F0A5
:1005100003FD10BD70B50446254607482860142029
:10052000A8800648A8600620A8810020A861284667
:1005300001F094F970BD0000F0E60200E0E702006F
:1005400070B5044684210859FDF75AFD054605F0AB
:10055000100000B11025202D22D006DC042D09D07A
:10056000082D12D0102D47D125E0402D2ED0802D02
:1005700042D136E0042104F1680001F075F98421CC
:1005800008590421FDF7E6FB37E0082104F1680073
:1005900001F06AF9842108590821FDF7DBFB2CE002
:1005A000202104F1680001F05FF98421085920211D
:1005B000FDF7D0FB21E0102104F1680001F054F9AF
:1005C000842108591021FDF7C5FB16E0402104F1F4
:1005D000680001F049F9842108594021FDF7BAFB70
:1005E0000BE0802104F1680001F03EF984210859F4
:1005F0008021FDF7AFFB00E000BF00BF8421085958
:10060000FDF7D8FB70BD000010B500200749A1F828
:10061000C000C4210548F9F7B9FE00BF102304A2A9
:1006200005A1002000F0E4FC00BF10BDC4B0002014
:10063000494E464F000000001B5B33326D5B257353
:100640005D204D73672050756253756220696E6935
:1006500074204F4B2C206D61782073756273637228
:100660006962653A2025641B5B306D0D0A0000004D
:1006700010B502460B46002117E001EB41000D4C7E
:1006800004EB8000007A70B101EB410054F82000C7
:10069000904208D101EB410004EB80004068984291
:1006A00001D1012010BD481C81B21029E5DB0020DA
:1006B000F8E70000C4B000202DE9F84305460F46D6
:1006C00090461E464FF00009022E09DD00BF2B4662
:1006D0002AA22C490020009600F08AFC00BF0226C6
:1006E00000243BE004EB4400274901EB8000007A42
:1006F00088B304EB440051F82000A8422BD14FF0FE
:10070000010904EB440001EB80004068B8B900BF68
:100710002B461EA21F490020009400F069FC00BF78
:10072000002004EB4401184A02EB810108721046D4
:10073000B0F8C000401E1146A1F8C0000CE004EB68
:100740004400114901EB8000334642463946D0F857
:1007500004C02846E04700BF601C84B2102CC1DBF7
:10076000B9F1000F07D100BF2B460BA20CA100204E
:1007700000F03EFC00BFBDE8F88300005741524E38
:1007800000000000F0EF0200C4B000204552524FBC
:100790005200000034F0020044454255470000007A
:1007A0001B5B33366D5B25735D204D736720507581
:1007B000626C6973683A206E6F207375627363723E
:1007C000696265722028746F7069633A30782530E9
:1007D0003458291B5B306D0D0A000000F8B5054642
:1007E0000E464EB900BF2B462CA22EA1002000F0D1
:1007F000FFFB00BF0120F8BD31462846FFF738FF58
:1008000048B100BF2B4637A23849002000F0F0FB6A
:1008100000BF0120EFE73648B0F8C000102809DB20
:1008200000BF2B461DA23349002000F0E1FB00BFB2
:100830000120E0E700242DE004EB44002C4901EB0B
:100840008000007A20BB04EB440041F8205004EB08
:10085000440001EB80004660012004EB4401244A7F
:1008600002EB810108721046B0F8C000401C11462E
:10087000A1F8C00000BF0846B0F8C0002B461EA279
:100880001FA10090002000F0B3FB00BF0020B2E7E2
:10089000601C84B2102CCFDB0120ACE74552524FD4
:1008A000520000001B5B33316D5B25735D204D737F
:1008B00067205375627363726962653A2063616C85
:1008C0006C6261636B206973204E554C4C20287418
:1008D0006F7069633A307825303458291B5B306D6E
:1008E0000D0A00005741524E0000000068EF020060
:1008F000C4B00020ACEF0200494E464F000000009B
:100900001B5B33326D5B25735D204D736720537520
:10091000627363726962653A20746F706963203034
:100920007825303458204F4B2028746F74616C3A0E
:100930002564291B5B306D0D0A00000070B52DED9C
:10094000028B05460C46B0EE408AF0EE608A84EDDC
:10095000018AC4ED028A38EE680A84ED0A0A287812
:1009600010B101280ED106E02146284600F059F8C2
:1009700084ED060A0BE02146284600F029F884EDB4
:10098000060A04E09FED110ABDEC028B70BD00BFAA
:1009900094ED060AD4ED090AB4EEE00AF1EE10FA7D
:1009A00004D294ED090A84ED060A0CE094ED060ADF
:1009B000D4ED080AB4EEE00AF1EE10FA03DD94ED8E
:1009C000080A84ED060A94ED060ADDE7000000003F
:1009D00091ED0A0A91ED0B1A30EE410A90ED011AE1
:1009E00020EE010A90ED021AD1ED0A1A01EE210A59
:1009F000F0EE400A91ED060A30EE200A81ED060A7B
:100A000091ED0B0A81ED0C0A91ED0A0A81ED0B0ABA
:100A100091ED060A704700B50246084600F05AF804
:100A200000BD70B52DED068B05460C4694ED0D0A04
:100A3000D4ED0A0A30EE200A84ED0D0A95ED040A81
:100A400010EE101A0846F9F7F5FC41EC180B94ED7E
:100A50000D0A10EE101A0846F9F7ECFC41EC1A0BDF
:100A6000B0EE4A0AF0EE6A0A03F0D8FAB0EE409A05
:100A7000F0EE609A53EC182B51EC190BF9F706FDC8
:100A800014D2D5ED040A94ED0D0AB5EEC00AF1EECC
:100A900010FA01DD012001E04FF0FF3000EE100AF6
:100AA000B8EEC00A20EE800A84ED0D0A95ED010A29
:100AB000D4ED0A0A20EE200AD5ED020A94ED0D1AB3
:100AC00000EE810A84ED060A94ED060ABDEC068B61
:100AD00070BD00009FED0C0A80ED010A9FED0A0A2F
:100AE00080ED020A9FED080A80ED0A0A9FED060AD2
:100AF00080ED0B0A9FED040A80ED0D0A9FED020ABE
:100B000080ED060A70470000000000009FED0C0A0F
:100B100080ED0A0A9FED0A0A80ED0B0A9FED080A94
:100B200080ED0C0A9FED060A80ED0D0A9FED040A88
:100B300080ED060A9FED020A80ED020A7047000070
:100B40000000000000B9704780ED010AD0ED020AF4
:100B500070EE600AC0ED0A0A00BFF4E710B500BFEE
:100B60000F48008800F00200022800D104E040F2A3
:100B7000AD410CA0FCF772FC00BF0948001D0078D5
:100B800000F0C00040F00F000549091D087010205A
:100B90000349113108701E20FCF7C8FC002010BD6D
:100BA000FE4305402E2E5C647269766572735C6844
:100BB0006333325F6C6C5F6472697665725C73720A
:100BC000635C686333325F6C6C5F7077632E6300C5
:100BD00004490988814341F42541034AA2F8FE13E0
:100BE00070470000FE430540004005400349098866
:100BF0000143034AA2F8FE1370470000FE4305407C
:100C000000400540014600224A810A8170470000E9
:100C10002DE9F04706460F4690469946DDF820A09C
:100C20002E4890F86002082802D3FF20BDE8F08724
:100C300037B1B8F1020F03DBB9F1000F00D00EB9E4
:100C4000FF20F3E700250BE005EB450000EB051066
:100C5000224901EB8000007F00B903E0681CC5B2A7
:100C6000082DF1D300BF05EB450000EB05101B4933
:100C700001EB80042760A4F8048084F8069000202B
:100C80006081208184F81DA00F22314604F10C0000
:100C9000F9F793FB0021E17601202077104860628C
:100CA0001048A0621048E06210482063104860635A
:100CB0001048E0631048A063104820641048606446
:100CC0001048A0642046FFF79DFF044890F860029A
:100CD000401C024981F860022846A7E70CB30020B7
:100CE000B70E0200710E0200050C02004F0E02004A
:100CF0003B0E0200170E0200650D0200D90D020026
:100D00007D0D0200B10E020070B505460DB9002040
:100D100070BD00241FE004EB440000EB04101049F8
:100D200001EB8000007FA0B104EB440101EB041152
:100D30000B4A02EB810101F10C002946F9F750FB47
:100D400038B904EB440000EB0410054901EB8000C6
:100D5000DEE7601CC4B2082CDDD30020D8E7000019
:100D60000CB3002070B5044625462846E96B884739
:100D7000A988491E081A80B270BD00002DE9F04113
:100D80002DED028B044625469FED120AB0EE408AF7
:100D90006E892846E96B88470746D5F80080002011
:100DA00010E008EB860191ED000A30EE080AB0EE83
:100DB000408AAA88711C91FBF2F302FB13118EB2D8
:100DC000411C88B2B842ECDBB0EE480ABDEC028BA5
:100DD000BDE8F081000000002DE9F04704462546FB
:100DE00000266F892846E96B88478046D5F8009031
:100DF00000200BE019F807100E44AA88791C91FB1B
:100E0000F2F302FB13118FB2411C88B24045F1DBB3
:100E10003046BDE8F0870246114608894B89984262
:100E200004DB08894B89C01A80B2704788884B89D7
:100E3000C01A0B89184480B2F7E701460A461089A8
:100E40005389984201D1012070470020FCE710B57A
:100E500001460A461089401C938890FBF3F403FB7B
:100E600014005389984201D1012010BD0020FCE7F5
:100E70002DE9F04105460E462C462046616B884719
:100E800010B10220BDE8F0816189A279206801FBE0
:100E90000207A27939463046F9F75FFA6089401CAB
:100EA000A18890FBF1F201FB120060810020E9E7CC
:100EB0000246517770472DE9F04105460E462C4613
:100EC00016B90420BDE8F081607F28B92046216B67
:100ED000884768B10120F5E72046216B884738B183
:100EE0006089401CA18890FBF1F201FB1200608137
:100EF0002189A279206801FB0207A2793146384690
:100F0000F9F72BFA2089401CA18890FBF1F201FB34
:100F1000120020810020D5E710B502F085FE10BD3B
:100F20002DE9F04104460D46164600BF0E4F3878B5
:100F3000532801D002F078FE00BFEFF3118007467E
:100F4000202080F3118800BF00BF3246294620468A
:100F500000F00CF88046F8B280F3118800BF00BFA3
:100F60004046BDE8F081000070B800202DE9F04750
:100F7000074688461646C24607EB47011B4800EB6A
:100F8000C109D9F8140020B1012811D0022826D1B6
:100F90001EE0484602F086FE0546B54201D2002416
:100FA00005E0344632465146484602F0D2FF18E08A
:100FB000484602F077FE0546B54201D2284600E0D9
:100FC0003046044622465146484602F0C2FF08E039
:100FD00032465146484602F081FF044601E00024B3
:100FE00000BF00BF2046BDE8F087000088B80020A1
:100FF0000FB438B5044606A800906A462046059905
:1010000000F007F8054600200090284638BC5DF83F
:1010100014FB2DE9F04F99B082460D46144603A803
:1010200014904020159000201690CDF860A01790E5
:1010300000BF2E786D1C06B9DDE0252E79D1002782
:101040004FF0010900BF2E78232E12D02B2E0CD08A
:101050002D2E02D0302E10D103E047F001076D1C79
:101060000EE047F002076D1C0AE047F004076D1C14
:1010700006E047F008076D1C02E04FF0000900BFD2
:1010800000BFB9F1000FDED14FF0000800BF2E788D
:10109000302E01DB392E00DD07E06D1CA6F130009B
:1010A00008EB880100EB4108F1E700BF0020139036
:1010B0002E782E2E12D16D1C00BF2E78302E01DB23
:1010C000392E00DD09E06D1CA6F13000139901EB0B
:1010D000810100EB41001390EFE700BF2E7800BFC5
:1010E0006C2E01D0682E02D16D1C2E7800E000E03D
:1010F000F6E700BF702E5DD008DC252E6AD0582E92
:1011000035D0632E09D0642E69D113E0732E3CD004
:10111000752E1DD0782E62D128E02168081D206030
:10112000D1F8009009F0FF0B594614A802F0B4FE64
:1011300056E058E02168081D2060D1F80090CDE904
:1011400000870A22494614A8139B02F0B9FD47E024
:101150002168081D2060D1F80090CDE900870A229F
:10116000494614A8139B02F021FE39E000BF216814
:10117000081D2060D1F80090CDE900871022494673
:1011800014A8139B02F012FE2AE02168081D2060BB
:10119000D1F800B000BF9BF800600BF1010B06B95D
:1011A00006E0314614A802F077FE17980028F2DA1C
:1011B00000BF15E02168081D2060D1F800900020D4
:1011C00008210B461022CDE90010494614A802F070
:1011D000EDFD05E0252114A802F05EFE00E000BF51
:1011E00000BF6D1C03E0314614A802F055FE1798AD
:1011F0000028BFF61EAF00BF179800280ADD16981A
:1012000020B103A95046169AFFF78AFEDDE91610B1
:1012100008441790179819B0BDE8F08F2DE9F047F2
:1012200004460F4690464FF0000900BF24B144F039
:101230000F000F2800D103E0C72126A0FCF70EF90C
:1012400000BF00BF072F00D803E0C82121A0FCF792
:1012500005F900BF00BFB8F1070F00D803E0C921AE
:101260001CA0FCF7FBF800BF00BF264800687728E9
:1012700000D103E0CA2117A0FCF7F0F800BF24E07A
:1012800004F00100E0B14FEAC960050E281DC6B2A6
:1012900007FA06F008FA05F108430721B1400722D2
:1012A000AA40114308400721B1400722AA40114338
:1012B000144A121F12688A4310431249091F08601A
:1012C000640809F1010000F0FF09002CD8D1BDE845
:1012D000F08700002E2E5C647269766572735C681C
:1012E0006333325F6C6C5F6472697665725C7372D3
:1012F000635C686333325F6C6C5F7372616D2E6325
:10130000000000000408054040F223100249086074
:1013100043F2102008607047089404407FB50546EA
:101320000C460026B84800680390B7484068029011
:10133000B54880680190B448C068009000BF04F0D0
:10134000E060E8B104F0E060B0F1807F18D004F014
:10135000E060B0F1007F13D004F0E060B0F1407FB6
:101360000ED004F0E060B0F1806F09D004F0E060CE
:10137000B0F1A06F04D004F0E060B0F1C06F00D114
:1013800004E040F2A121A1A0FCF768F800BF00BF73
:1013900004F07000B8B104F07000102813D004F00D
:1013A000700020280FD004F0700030280BD004F01B
:1013B0007000402807D004F07000502803D004F0DB
:1013C0007000602800D104E040F2A2218FA0FCF759
:1013D00045F800BF00BF04F4E020E8B104F4E020C9
:1013E000B0F5803F18D004F4E020B0F5003F13D0F2
:1013F00004F4E020B0F5403F0ED004F4E020B0F556
:10140000802F09D004F4E020B0F5A02F04D004F41C
:10141000E020B0F5C02F00D104E040F2A3217BA072
:10142000FCF71CF800BF00BF04F4E000E8B104F4CE
:10143000E000B0F5801F18D004F4E000B0F5001F04
:1014400013D004F4E000B0F5401F0ED004F4E00027
:10145000B0F5800F09D004F4E000B0F5A00F04D07F
:1014600004F4E000B0F5C00F00D104E04FF429719E
:1014700066A0FBF7F3FF00BF00BF04F00700B8B1A0
:1014800004F00700012813D004F0070002280FD051
:1014900004F0070003280BD004F00700042807D04D
:1014A00004F00700052803D004F00700062800D147
:1014B00004E040F2A52155A0FBF7D0FF00BF00BF1C
:1014C00004F4E060E8B104F4E060B0F5807F18D087
:1014D00004F4E060B0F5007F13D004F4E060B0F5F0
:1014E000407F0ED004F4E060B0F5806F09D004F4C2
:1014F000E060B0F5A06F04D004F4E060B0F5C06F18
:1015000000D104E040F2A62140A0FBF7A7FF00BFF6
:1015100000BF04F4E040E8B104F4E040B0F5805FBF
:1015200018D004F4E040B0F5005F13D004F4E040BC
:10153000B0F5405F0ED004F4E040B0F5804F09D024
:1015400004F4E040B0F5A04F04D004F4E040B0F55E
:10155000C04F00D104E040F2A7212CA0FBF77EFF92
:1015600000BF00BF3448284000B104E04FF42A71A6
:1015700026A0FBF773FF00BF00BF3048008800F0D3
:10158000010000B104E040F2A92120A0FBF766FFB2
:1015900000BF2B48007800F00700052817D101266E
:1015A00000BF1948006900F0010000B104E04FF4E9
:1015B0002C7116A0FBF752FF00BF224812490860A9
:1015C000C01248608860C8601E20FBF7AFFF1C484F
:1015D0002638006AA84304EA050108431849263959
:1015E00008621E20FBF7A2FF012E0BD106490398CB
:1015F000086002984860019888600098C8601E20C2
:10160000FBF794FF7FBD0000008004402E2E5C6439
:101610007269766572735C686333325F6C6C5F64A9
:1016200072697665725C7372635C686333325F6C97
:101630006C5F636C6B2E630077777707FE43054022
:1016400026400540EEFAFFFF7FB5044600253048EE
:10165000006803902E48406802902D4880680190F1
:101660002B48C068009000BF4CB1012C07D0022C61
:1016700005D0032C03D0042C01D0052C00D104E0AC
:1016800040F2372123A0FBF7E9FE00BF00BF2C4842
:10169000008800F0010000B104E04FF40E711DA0BD
:1016A000FBF7DCFE00BF2748007800F007000528A4
:1016B00001D0052C17D1012500BF1548006900F0A5
:1016C000010000B104E04FF4107112A0FBF7C6FE58
:1016D00000BF1D480E490860C01248608860C8609D
:1016E0001E20FBF723FF174804701E20FBF71EFF88
:1016F000012D0BD1064903980860029848600198B3
:1017000088600098C8601E20FBF710FF7FBD0000B6
:10171000008004402E2E5C647269766572735C688A
:101720006333325F6C6C5F6472697665725C73728E
:10173000635C686333325F6C6C5F636C6B2E630059
:10174000FE43054026400540EEFAFFFF10B507486E
:10175000007800B110BD01210020FDF709FD00B99E
:10176000F8E701200149087000BFF3E79882FF1FE6
:101770001748007808B900207047002124E0154878
:1017800000EB01100078E8B90120124A02EB0112C7
:10179000107000200F4A02EB011250700D4A02EB4C
:1017A000011290700B4A02EB01125060094A02EBE1
:1017B00001129060074A02EB0112D060054800EB6D
:1017C0000110D9E7481CC1B21029D8D30020D3E7B3
:1017D0009882FF1F70B7002000B97047C16000BF3A
:1017E000FBE710B1037803B102B970478170426022
:1017F000002383600123437000BFF6E700B9704700
:1018000000214170816000BFF9E7000070B501263A
:1018100000251EE0104800EB0514207808B1607820
:1018200000B914E0A0683044A060D4E901108842F7
:101830000CD3E06810B12046E1688847A07818B959
:1018400000206070A06001E00020A06000BF681C64
:10185000C5B2102DDED370BD70B7002000B970473F
:101860008169016100BFFAE72DE9F041044688462D
:101870000CB9BDE8F0812669002500BF0FE005EB3B
:101880004502216801EB820001682269914204D17E
:101890004168414501D1866804E0681C85B2A08892
:1018A000A842ECDC00BF2069B04200D1E1E700258E
:1018B0000FE005EB4501A06800EB8107386821695E
:1018C000884204D1B86810B1B868804704E0681C49
:1018D00085B2A089A842ECDC00BF20696061266166
:1018E00000250FE005EB4501A06800EB8107386893
:1018F0002169884204D1786810B17868804704E093
:10190000681C85B2A089A842ECDC00BF00BFB0E72C
:1019100070B586B06A4800F069FC6A490868FCF74F
:1019200079FA6749C86101A8FDF712FC0220ADF8F9
:1019300006000020042332226349009063A0FFF7D1
:1019400067F90020042332226249009062A0FFF769
:101950005FF9002599E005EB850000EBC5115848BB
:10196000443000EB8104257000206070A06041F6D7
:101970004C50E06000202061606140F6C410E061DE
:101980009FED570A84ED810A9FED560A84ED820A85
:101990006420C4F80C0225B94CA0FFF7B5F96064C7
:1019A00005E0012D03D14CA0FFF7AEF960649FED77
:1019B0004E0A84ED0C0A9FED4C0A84ED0D0AB2EE3E
:1019C000000A84ED0E0A142121643E49083151F8C1
:1019D0002500FCF71FFAC4F8B80104F5CE70F9F73A
:1019E0008FF884F84C5000214D20015535491031B5
:1019F00051F82500FCF70EFA8421085104F1680023
:101A0000FEF788FD05EB850000EBC5112C4844303E
:101A100000EB810000F14C06344800EBC500B061DA
:101A2000B0690068007918B10020ADF80E0002E03E
:101A30000120ADF80E00B26912685188B2691268CF
:101A4000107801AAFDF79CF8B0694068007918B1D8
:101A50000020ADF80E0002E00120ADF80E00B269E2
:101A600052685188B2695268107801AAFDF788F867
:101A70001449203151F82500FCF7CCF9C4F8F801DD
:101A800004F5EE70FAF71AFD6D1C022DFFF663AF38
:101A900017493020FEF7A2FE16492020FEF79EFED1
:101AA00015493E20FEF79AFE14493D20FEF796FEAA
:101AB0000349C8698121FCF72DFB06B070BD000009
:101AC0003C83FF1F0880FF1FA887FF1F56617869AE
:101AD000735F31007088FF1F56617869735F320051
:101AE0000000AA4200000C420000000054E902007D
:101AF000FD280200992C020089240200852702009B
:101B00002DE9F04781460E4690469A46B8F1100FEF
:101B100001D0BDE8F0873446206800283BD1207A08
:101B2000012802D0207A022803D101209F490870A1
:101B30009CE0207A0328FBD100209C490870887023
:101B40009B480068FFF75AFE9A48057C022D01D099
:101B5000032D03D108219748FFF786FE072D0BD1EF
:101B600000209249887094480068FFF747FE4FF4C0
:101B700080719048FFF778FE0D2D0BD100208B4926
:101B800088708E480068FFF739FE4FF4803189482D
:101B9000FFF76AFE6AE0206801283CD1207A01281C
:101BA00002D0207A022803D10120804948705DE0EC
:101BB000207A03285AD100207C49487088708048D8
:101BC0000068FFF71BFE7B48057C082D01D0092D1E
:101BD00004D14FF400617748FFF746FE072D0BD183
:101BE00000207249887074480068FFF707FE4FF4C0
:101BF00080717048FFF738FE0D2D0BD100206B4926
:101C000088706E480068FFF7F9FD4FF4803169482D
:101C1000FFF72AFE2AE02068202827D1207A012811
:101C200002D0207A022803D10120604988701DE08B
:101C3000207A03281AD100205C4988705E48006829
:101C4000FFF7DCFD5D480068FFF7D8FD5948057CCB
:101C5000072D03D14FF48071FFF706FE0D2D04D13F
:101C60004FF480315348FFF7FFFD00BF5148077C18
:101C70000D2F75D2DFE807F0960796962B757696AE
:101C800096964E8586004948007868B14748407866
:101C900050B902214748FFF7E7FD41F288320021A1
:101CA00043480068FFF79DFD4048407870B13F48C9
:101CB000007858B94FF400713E48FFF7D5FD41F266
:101CC000883200213E480068FFF78BFD6BE0374803
:101CD000007830B13548407818B910213548FFF701
:101CE000C3FD3248407830B13048007818B920211F
:101CF0003048FFF7B9FD2D48807850B140212D487C
:101D0000FFF7B2FD41F2883200212B480068FFF74F
:101D100068FD48E02548407838B12448007820B96B
:101D20004FF400512348FFF79FFD2048007838B159
:101D30001E48407820B94FF480511E48FFF794FDAB
:101D40001A48807858B14FF480411A48FFF78CFD4B
:101D500041F28832002119480068FFF742FD22E075
:101D600020E000BF1148807850B140211148FFF7B2
:101D70007BFD41F2883200210F480068FFF731FDFA
:101D800000BF00BF0948807858B14FF4804109482E
:101D9000FFF76AFD41F28832002108480068FFF72A
:101DA00020FD00BF00BF00BF00BFB2E64C80FF1F98
:101DB0005080FF1FCC8AFF1F5480FF1F5C80FF1FD5
:101DC0005880FF1F10B500F027FA002421E01249C7
:101DD00081F8414004EB840101EBC4120E49443107
:101DE00001EB8200FAF780FB04EB840101EBC412E3
:101DF0000949443101EB8200F8F7F8FE04EB840155
:101E000001EBC4120449443101EB8200FEF798FB58
:101E1000641C022CDBDB10BD3C83FF1F0148006803
:101E2000704700008C82FF1F10B500F001F810BD54
:101E3000034800680349096808440149086070477D
:101E40008C82FF1F8882FF1FF0B501464FF0FF34E0
:101E5000A9B3B1F57A7F32D84FF47A70B0FBF1F0C4
:101E6000184A10601848006AC0F3026317480068F7
:101E7000D840B0FBF1F2501EB0F1807F01D30120B9
:101E80001BE0501E4FF0E023586158170F23002825
:101E900004DB1D072E0E0E4D2E5406E01D072F0EDF
:101EA0000C4D00F00F06361FAF5500BF00204FF05D
:101EB000E023986107201861002000B90024204623
:101EC000F0BD00008882FF1F004005400080FF1F1A
:101ED00000E400E018ED00E070B5FFF79FFF064654
:101EE00000251BE005EB45000F4901EBC004207DF8
:101EF00008B1A06800B90FE0E08920B12069301A6C
:101F0000E189884207D3A0688047E08908B126614B
:101F100001E00020207500BF681C85B20248B0F8BF
:101F20008001A842DEDC70BD88B1002010B54FF4FE
:101F3000C2710A48F8F72AFA00BF102308A20AA1C2
:101F40000020FFF755F800BF00BF102314A216A110
:101F50000020FFF74DF800BF10BD000088B1002041
:101F6000494E464F000000001B5B33326D5B25730A
:101F70005D20537973205363686564756C657220C6
:101F8000696E6974204F4B20286D6178206D6F64F5
:101F9000756C65733A2564291B5B306D0D0A000072
:101FA0004D41494E000000001B5B33366D5B2573CD
:101FB0005D20537973205363686564756C65722086
:101FC000696E6974204F4B20286D6178206D6F64B5
:101FD000756C65733A2564291B5B306D0D0A000032
:101FE0007CB5044624B13048B0F88001102808DBE5
:101FF00000BF2EA22FA10020FEF7FAFF00BF012094
:102000007CBD002514E005EB4502274B53F8320058
:102010002168F8F7E5F948B900BF34A235A10020DE
:102020002368FEF7E5FF00BF0120E9E7681C85B2E1
:102030001D48B0F88001A842E5DC1B49B1F88011C9
:1020400001EB4101184A02EBC10018222146F8F7C2
:1020500084F91548B0F88001401C1349A1F88001AB
:102060000846B0F88001401E00EB400001EBC000C4
:10207000406848B1B1F88011491E01EB41010A4A9C
:1020800002EBC1014868804700F070F800BFE089AA
:10209000217BCDE9001024A225A100202368FEF7B2
:1020A000A7FF00BF0020ABE788B100204552524F88
:1020B000520000001B5B33316D5B25735D20536361
:1020C0006865642072656769737465723A20696E29
:1020D00076616C6964206D6F64756C65206F722029
:1020E00066756C6C1B5B306D0D0A00005741524EDB
:1020F000000000001B5B33336D5B25735D20536371
:102100006865642072656769737465723A206475E6
:10211000706C6963617465206D6F64756C652025F2
:10212000731B5B306D0D0A00494E464F00000000E6
:102130001B5B33326D5B25735D20536368656420E0
:1021400072656769737465723A202573202870720E
:10215000696F3A25642C20706572696F643A256452
:102160006D73291B5B306D0D0A00000030B587B020
:10217000012532E005EB45001B4A02EBC0011822A5
:1021800001A8F8F7EAF8681E04B20EE004EB440276
:10219000154B03EBC201621C02EB420203EBC200CF
:1021A0001822F8F7DAF8601E04B2002C09DB04EB01
:1021B00044000D4901EBC000007B9DF810108842DF
:1021C000E4DC611C01EB4101074A02EBC10018226B
:1021D00001A9F8F7C2F8681C85B20348B0F880017D
:1021E000A842C7DC07B030BD88B1002070B50446F6
:1021F0002546074828601120A8800648A8600620C8
:10220000A8810020A8612846FFF728FB70BD0000C8
:1022100028E80200F4E8020010B55549C869FBF748
:10222000EFFE044652490A230222C8698121FBF7C6
:1022300013FF38B101214E48FFF716FB80214C48AF
:10224000FFF712FB4A490A230222C8690121FBF762
:1022500003FF38B101214648FFF706FB012144483E
:10226000FFF702FB42490A230222C8698821FBF7D3
:10227000F3FE38B108213E48FFF7F6FA80213C48CA
:10228000FFF7F2FA102C45D008DC012C10D0022CFC
:1022900022D0042C48D0082C66D15BE0202C25D01D
:1022A000402C2DD0802C0DD0B4F5005F5CD145E0E2
:1022B00001212F48FFF7D8FA2D49C8690121FBF702
:1022C00049FD52E080212A48FFF7CEFA2849C86923
:1022D0008021FBF73FFD48E002212548FFF7C4FAC3
:1022E0002349C8690221FBF735FD3EE02021204843
:1022F000FFF7BAFA1E49C8692021FBF72BFD34E02D
:1023000040211B48FFF7B0FA1949C8694021FBF783
:1023100021FD2AE010211648FFF7A6FA1449C869E2
:102320001021FBF717FD20E004211148FFF79CFA6C
:102330000F49C8690421FBF70DFD16E04FF4005169
:102340000B48FFF791FA0A49C8694FF40051FBF7AF
:1023500001FD0AE008210648FFF786FA0449C8692A
:102360000821FBF7F7FC00E000BF00BF10BD000034
:102370003C83FF1F70B52B4D2D6805F001051DB185
:10238000294D2A4E356002E0294D284E3560294DF1
:102390002D7805F00700062840D2DFE800F003089A
:1023A0000C11151A214D2D68234E356037E0234D51
:1023B000214E356033E04FF400451F4E35602EE06E
:1023C0001E4D1D4E35602AE04FF400451A4E356013
:1023D00025E0184DDA352D68C5F30822154D263D48
:1023E000D5F800512B0F134DDA352D6805F01F0479
:1023F000104D263DD5F8005105F080050DB90F4967
:1024000001E00A4D2968651CB1FBF5F5561C7543C2
:102410005E1CB5FBF6F5084E356000E000BF00BF5E
:1024200070BD0000840601400024F4000480FF1FFA
:10243000002D3101264005400080FF1F00127A0068
:1024400000B54FF425400E490880401C08800C4818
:102450000838008820F00800094908390880002061
:10246000074908800748006840F470000549086083
:10247000FFF780FF4FF4D03002498039086000BD7B
:10248000FC3B054088ED00E02DE9F04780460E4614
:10249000174699460EB10E2F01D0BDE8F087A4482B
:1024A0000069022800D0F8E734466079012840D15D
:1024B00003F054FE06F068F99D4890F840000028AB
:1024C0007BD12079B0BB002531E005EB850000EB26
:1024D000C5119748443000EB810090F82C0001288A
:1024E0000AD005EB850000EBC5119148443000EBA4
:1024F000810090F82C0038B901208D4981F8400006
:10250000284606F04BFB10E00120894981F8400085
:10251000D1F83C024FF40031FBF7FCFD8449D1F8BF
:1025200050044FF40031FBF7F5FD681CC5B2022DD5
:10253000CBDB50E0FFE7207901284CD17C4981F8C2
:102540004000084690F83C0060B1002591F83C003E
:1025500007F086FE0546764991F83C0029460AF0C8
:10256000EFFF00BF002524E005EB850000EBC5115F
:102570006F48443000EB810090F82D00C0B101217C
:1025800005EB850000EBC5126948443000EB820082
:1025900080F8FC1105EB850101EBC512644944315B
:1025A00001EB8201D1F8F8014FF48051FBF7B2FD45
:1025B0006D1C022DD8DB0EE0FFE75D49D1F83C022F
:1025C0004FF40061FBF7A6FD5949D1F850044FF4D0
:1025D0000061FBF79FFDA078012802D0A07A0528B2
:1025E00004D10120524981F8360003E0002050490F
:1025F00081F83600E0880F2802DC20890F2804DDEE
:1026000001204B4981F8380003E00020484981F857
:1026100038002078032818D1002003F0A5FD444895
:1026200090F87000022809D106F0AEF84049D1F8C0
:102630003C024FF40041FBF76DFD22E03C49D1F82C
:10264000FC010421FBF766FD1BE02078042818D16B
:10265000002003F089FD364890F87000022809D167
:1026600006F092F83249D1F83C024FF48031FBF782
:1026700051FD06E02E49D1F8FC014FF48071FBF7C3
:1026800049FD6078032818D1012003F06DFD28482A
:1026900090F88402022809D106F076F82449D1F88E
:1026A00050044FF40041FBF735FD22E02049D1F8FA
:1026B00010040421FBF72EFD1BE06078042818D1DC
:1026C000012003F051FD1A4890F88402022809D134
:1026D00006F05AF81649D1F850044FF48031FBF750
:1026E00019FD06E01249D1F810044FF48071FBF790
:1026F00011FDE07A18B1E07A0D4981F83C00207BA9
:10270000012803D10A4981F83F0003E0002008496D
:1027100081F83F00E078012803D1054981F83E00A7
:1027200003E00020024981F83E0000BFB5E600004A
:102730003C83FF1F10B507F069FDFFF7F7FB00F0C2
:10274000FBFA00BF03A205A10020FEF751FC00BF69
:1027500010BD0000494E464F000000001B5B3332A5
:102760006D5B25735D2053797374656D20696E69A7
:102770007420636F6D706C6574651B5B306D0D0A42
:10278000000000002DE9F04107460D461646984628
:102790000DB1102E01D0BDE8F0815748006900B995
:1027A000F9E72C46206802281DD1207A02280DD195
:1027B0000120514981F83400084690F8341080F81F
:1027C000441290F8341080F858140CE000204A4964
:1027D00081F83400084690F8341080F8441290F8DC
:1027E000341080F858142068052829D1207A02284E
:1027F00011D10120404981F83500D1F8FC014FF496
:102800000011FBF787FC3C49D1F810044FF400118C
:10281000FBF780FC14E00020374981F835000846BA
:1028200090F8360060B9D1F8FC014FF40001FBF7D5
:1028300071FC3149D1F810044FF40001FBF76AFC38
:102840002068032828D1207A012825D12A4890F829
:102850007000022807D12849D1F83C024FF400410A
:10286000FBF758FC05E02449D1F8FC010421FBF7F3
:1028700051FC214890F88402022807D11E49D1F862
:1028800050044FF40041FBF745FC05E01A49D1F82C
:1028900010040421FBF73EFC206804282AD1207A8A
:1028A000012827D1144890F87000022807D1124956
:1028B000D1F83C024FF48031FBF72CFC06E00E49C6
:1028C000D1F8FC014FF48071FBF724FC0A4890F822
:1028D0008402022807D10849D1F850044FF480310E
:1028E000FBF718FC06E00449D1F810044FF480719E
:1028F000FBF710FC00BF4EE73C83FF1F2DE9F047BC
:102900002DED028B80460D46164699460DB1102ED0
:1029100003D0BDEC028BBDE8F0872C46207B01285C
:102920000BD10121207900EB800202EBC012D648C6
:1029300000EB820080F8FE110AE00021207900EB14
:10294000800202EBC012D04800EB820080F8FE113A
:10295000207902287EDA207B00287BD1217901EBC7
:10296000810303EBC113C84901EB8301486C217952
:1029700001EB810303EBC113C34901EB8301496CF4
:102980004A6A04F1080190470128E6D1FFF746FAA8
:102990000746227902EB820303EBC213BA4A02EB29
:1029A0008302506C227902EB820303EBC213B64A16
:1029B00002EB8302526C516C8847B0EE408A9FED67
:1029C000B30AC8EE000A207900EB800101EBC011C8
:1029D000AD4800EB8100C0ED0A0A207900EB8001D0
:1029E00001EBC011A84800EB810090ED290A207985
:1029F00000EB800101EBC011A34800EB810080EDEA
:102A00002B0A207900EB800101EBC0119E4800EBFE
:102A10008100D0F8A810207900EB800202EBC012F0
:102A2000994800EB8200C0F8B010207900EB8001DB
:102A300001EBC011944800EB810090ED0A0ADFED34
:102A4000940A20EE200AF2EE040A20EE200ABCEEE0
:102A5000C00A00E000E110EE100A80B208EE900A11
:102A6000B0EE680AB8EE400AF2EE040A80EE201AD0
:102A7000207900EB800101EBC011834800EB81005D
:102A800080ED0A1A207900EB800101EBC0117E482D
:102A900000EB810090ED0A0A207900EB800101EB48
:102AA000C011794800EB810080ED290A207900EB04
:102AB000800101EBC011744800EB8100C0F8A870E0
:102AC000207900EB800101EBC0116F4800EB810021
:102AD00090ED080A207900EB800101EBC0116A48F3
:102AE00000EB8100D0ED350A30EE200A207900EBB2
:102AF000800101EBC011644800EB8100D0ED290A90
:102B0000B4EEE00AF1EE10FA30DD207900EB80013E
:102B100001EBC0115C4800EB810090ED080A2079C0
:102B200000EB800101EBC011574800EB8100D0EDB4
:102B3000350A30EE600A207900EB800101EBC0110C
:102B4000514800EB8100D0ED290AB4EEE00AF1EE25
:102B500010FA0BD20121207900EB800202EBC012A7
:102B6000494800EB820080F82E1060E0207900EBED
:102B7000800101EBC011444800EB810090ED090A8F
:102B8000207900EB800101EBC0113F4800EB810090
:102B9000D0ED350A30EE200A207900EB800101EB00
:102BA000C011394800EB8100D0ED290AB4EEE00AEB
:102BB000F1EE10FA30DD207900EB800101EBC0115D
:102BC000314800EB810090ED090A207900EB80018B
:102BD00001EBC0112C4800EB8100D0ED350A30EE3E
:102BE000600A207900EB800101EBC011264800EB60
:102BF0008100D0ED290AB4EEE00AF1EE10FA0BD212
:102C00000221207900EB800202EBC0121E4800EB8B
:102C1000820080F82E100AE00021207900EB80026B
:102C200002EBC012184800EB820080F82E102279C7
:102C300002EB820303EBC213134A02EB8302506CD4
:102C4000227902EB820303EBC2130F4A02EB8302E9
:102C5000526CD16A884700BF94ED020ADFED0D0A7D
:102C600020EE200ABCEEC00A10EE100A81B22079D4
:102C700000EB800202EBC012034800EB8200A0F8D8
:102C8000121200BF45E600008083FF1F000044428F
:102C90003333054200007A442DE9F04107460D46E2
:102CA000164698460DB1102E01D0BDE8F08121489E
:102CB000006900B9F9E72C4694ED020A1D4880ED41
:102CC000090A207900BB1B4890F8340028B919493B
:102CD000C8690221FBF71EFA16E0A07B012805D186
:102CE0001449C8692021FBF715FA0DE0A07B0228E2
:102CF00005D11049C8694021FBF70CFA04E00D49E1
:102D0000C8698821FBF706FA2079012802D02079CA
:102D100002280CD1A1892079401E00EB800202EB31
:102D2000C0120448443000EB8200A0F8021200BF39
:102D3000BBE700003C83FF1F00B5E1B01822474904
:102D40005BA8F7F70AFB5BA8FFF74AF9182243498B
:102D5000183155A8F7F701FB55A8FFF741F91822DC
:102D60003E4930314FA8F7F7F8FA4FA8FFF738F986
:102D700018223A49483149A8F7F7EFFA49A8FFF76E
:102D80002FF918223549603143A8F7F7E6FA43A82E
:102D9000FFF726F91822314978313DA8F7F7DDFA17
:102DA0003DA8FFF71DF918222C49903137A8F7F7F5
:102DB000D4FA37A8FFF714F918222849A83131A806
:102DC000F7F7CBFA31A8FFF70BF918222349C031E6
:102DD0002BA8F7F7C2FA2BA8FFF702F918221F4910
:102DE000D83125A8F7F7B9FA25A8FFF7F9F818227E
:102DF0001A49F0311FA8F7F7B0FA1FA8FFF7F0F84B
:102E00001822174919A8F7F7A8FA19A8FFF7E8F840
:102E100018221349183113A8F7F79FFA13A8FFF7E0
:102E2000DFF818220E4930310DA8F7F796FA0DA8F1
:102E3000FFF7D6F818220A49483107A8F7F78DFAA4
:102E400007A8FFF7CDF818220549603101A8F7F768
:102E500084FA01A8FFF7C4F861B000BDA8EA020037
:102E6000B0EB020070B504460D4600BF0F48844227
:102E700002D00F48844200D104E040F261210DA04D
:102E8000FAF7ECFA00BF00BF2DB145F00110B0F128
:102E9000011F00D104E040F2622106A0FAF7DEFA39
:102EA00000BF4FF00110A843606170BD00400240B8
:102EB000004402402E2E5C647269766572735C6811
:102EC0006333325F6C6C5F6472697665725C7372D7
:102ED000635C686333325F6C6C5F746D72302E6359
:102EE0000000000010B5FEF791FC4FF4803102485D
:102EF000FFF7B8FF10BD00000040024070B5044667
:102F00000D46164600BF1A48844202D01948844232
:102F100000D104E040F2FD1117A0FAF79FFA00BFBC
:102F200000BF0DB1012D00D104E04FF4FF7112A0DC
:102F3000FAF794FA00BF00BF0EB1012E00D104E0F1
:102F400040F2FF110CA0FAF789FA00BF012E06D15A
:102F500020692A01710391400843206106E020693D
:102F60002A014FF4005191408843206170BD000058
:102F700000400240004402402E2E5C647269766577
:102F800072735C686333325F6C6C5F647269766520
:102F9000725C7372635C686333325F6C6C5F746D18
:102FA00072302E63000000002DE9F04706460D4602
:102FB00014464FF0000914B96FF002097FE000BF1A
:102FC0004048864202D04048864200D103E0C321F7
:102FD0003EA0FAF743FA00BF00BF0DB1012D00D1AA
:102FE00003E0C42139A0FAF739FA00BF00BF206816
:102FF00058B12068B0F5007F07D02068B0F5807F19
:1030000003D02068B0F5A06F00D103E0C5212FA048
:10301000FAF724FA00BF00BF6068E8B160681028C2
:103020001AD06068202817D06068302814D06068F3
:10303000402811D0606850280ED0606860280BD0FE
:103040006068702808D06068802805D06068902883
:1030500002D06068A02800D103E0C6211BA0FAF7C7
:10306000FDF900BF00BFA06820B148F20201A068CE
:10307000884200D103E0C72114A0FAF7EFF900BF9E
:1030800006EB85070020386006F1080000EB850894
:10309000A089C8F8000030692A0148F2F271914015
:1030A0008843D4E900121143A26811432A019140D8
:1030B0002B0148F2F2729A401140084330614846B1
:1030C000BDE8F08700400240004402402E2E5C64C0
:1030D0007269766572735C686333325F6C6C5F64CF
:1030E00072697665725C7372635C686333325F6CBD
:1030F0006C5F746D72302E630000000070B5044682
:103100000D46164600BF1848844202D01748844234
:1031100000D104E04FF40C7115A0FAF79FF900BF3D
:1031200000BF2DB145F00410B0F1041F00D104E040
:1031300040F231210EA0FAF791F900BF00BF0EB1A5
:10314000012E00D104E040F2322109A0FAF786F9FD
:1031500000BF012E03D120692843206102E02069CD
:10316000A843206170BD00000040024000440240BE
:103170002E2E5C647269766572735C686333325FAD
:103180006C6C5F6472697665725C7372635C6863B1
:1031900033325F6C6C5F746D72302E630000000020
:1031A00070B504460D4600BF0E48844202D00E485A
:1031B000844200D103E0F8210CA0FAF74FF900BFD8
:1031C00000BF0DB1012D00D103E0F92107A0FAF7EE
:1031D00045F900BF20692A0101219140084320617F
:1031E00070BD000000400240004402402E2E5C648E
:1031F0007269766572735C686333325F6C6C5F64AE
:1032000072697665725C7372635C686333325F6C9B
:103210006C5F746D72302E63000000000146002068
:1032200009B9C01E06E000220A604A608A604FF6B3
:10323000FF728A817047000070B504460D4616463D
:1032400000BF1C4884420ED01B4884420BD01B4850
:10325000844208D01A48844205D01A48844202D0D9
:103260001948844205D125B145F0FF00FF2800D15F
:1032700004E040F2434115A0FAF7F0F800BF00BFA8
:103280000EB1012E00D104E040F244410FA0FAF744
:10329000E5F800BF012E06D1B4F89400A9B20843A6
:1032A000A4F8940004E0B4F89400A843A4F89400AF
:1032B00070BD000000500140005401400058014022
:1032C000005C014000600140006401402E2E5C64FF
:1032D0007269766572735C686333325F6C6C5F64CD
:1032E00072697665725C7372635C686333325F6CBB
:1032F0006C5F746D72612E630000000070B505464E
:103300000C466FF0020600BF534885420ED053486A
:1033100085420BD05248854208D05248854205D09C
:103320005148854202D05148854200D104E04FF413
:103330008B714FA0FAF792F800BF002C77D000BF36
:10334000207810B12078012800D104E04FF48C716E
:1033500047A0FAF783F800BF2078002849D100BFC2
:10336000A07810B1A078042800D104E040F21B112D
:103370003FA0FAF773F800BF00BFE07810B1E07823
:10338000022800D104E04FF48E7139A0FAF766F8F4
:1033900000BF00BF6078E8B1607810281AD060786C
:1033A000202817D06078302814D06078402811D0B9
:1033B000607850280ED0607860280BD06078702834
:1033C00008D06078802805D06078902802D0607896
:1033D000A02800D104E040F21D1125A0FAF73EF824
:1033E00000BFA078E17808436178084385F8800041
:1033F0002AE000BFA08828B1A08841F6FF710843E9
:10340000884201D0A08800B904E040F2231118A03E
:10341000FAF724F800BF00BFE08828B1E08841F641
:10342000FF710843884201D0E08808B905E010E048
:1034300040F225110EA0FAF711F800BFA088A5F8F8
:103440008800E088A5F88C002846A16800F0E2F921
:103450000026304670BD000000500140005401407D
:1034600000580140005C01400060014000640140E0
:103470002E2E5C647269766572735C686333325FAA
:103480006C6C5F6472697665725C7372635C6863AE
:1034900033325F6C6C5F746D72612E6300000000EC
:1034A0002DE9F04705460E4614466FF0020900BFAD
:1034B000414885420ED0414885420BD04048854264
:1034C00008D04048854205D03F48854202D03F4859
:1034D000854202D1072E00D804E04FF4ED713CA0E4
:1034E000F9F7BCFF00BF002C62D000BFA08828B154
:1034F000A088012802D0A088022800D104E040F270
:10350000DD1133A0F9F7AAFF00BF00BFE08828B1A2
:10351000E088012802D0E088022800D104E04FF4BE
:10352000EF712BA0F9F79AFF00BF00BF208940B1CF
:103530002089012805D02089022802D0208903286B
:1035400000D104E040F2DF1121A0F9F787FF00BFAE
:1035500000BF608940B16089012805D060890228D8
:1035600002D06089032800D104E04FF4F07118A064
:10357000F9F774FF00BF05F1400000EB86082088D2
:10358000A8F8000005F5A07000EB86072079A17966
:1035900040EA8100217A40EA0110A17A40EA8110D4
:1035A000C0B2398801F47F41084338804FF00009E8
:1035B0004846BDE8F087000000500140005401403B
:1035C00000580140005C014000600140006401407F
:1035D0002E2E5C647269766572735C686333325F49
:1035E0006C6C5F6472697665725C7372635C68634D
:1035F00033325F6C6C5F746D72612E63000000008B
:103600002DE9F04104460D46164600BF1848844295
:103610000ED0184884420BD01748844208D017486F
:10362000844205D01648844202D01648844202D112
:10363000072D00D804E04FF4067113A0F9F70EFF30
:1036400000BF00BF0EB1012E00D104E040F21921ED
:103650000DA0F9F703FF00BF04F5A07000EB85078C
:10366000302101EB471000F184400660BDE8F08195
:10367000005001400054014000580140005C0140EE
:1036800000600140006401402E2E5C647269766522
:1036900072735C686333325F6C6C5F647269766509
:1036A000725C7372635C686333325F6C6C5F746D01
:1036B00072612E63000000002DE9F04104460E46C1
:1036C000154600BF1B4884420ED01B4884420BD0D5
:1036D0001A48844208D01A48844205D019488442C6
:1036E00002D01948844202D1072E00D804E04FF4DA
:1036F000127116A0F9F7B2FE00BF00BF2DB1B5F5EB
:10370000007F02D0B5F5407F00D104E040F24921AE
:103710000EA0F9F7A3FE00BF04F5A07000EB86072A
:1037200038884FF6FF41084005F44071084338805F
:10373000BDE8F081005001400054014000580140B4
:10374000005C014000600140006401402E2E5C647A
:103750007269766572735C686333325F6C6C5F6448
:1037600072697665725C7372635C686333325F6C36
:103770006C5F746D72612E63000000002DE9F041F2
:1037800004460D46164600BF104884420ED010482D
:1037900084420BD00F48844208D00F48844205D0A1
:1037A0000E48844202D00E48844202D1072D00D830
:1037B00004E04FF462710BA0F9F750FE00BF04F172
:1037C000400000EB85073E80BDE8F08100500140DD
:1037D0000054014000580140005C0140006001407D
:1037E000006401402E2E5C647269766572735C68B9
:1037F0006333325F6C6C5F6472697665725C73729E
:10380000635C686333325F6C6C5F746D72612E63EE
:103810000000000070B504460D4600BF0D4884420C
:103820000ED00D4884420BD00C48844208D00C487E
:10383000844205D00B48844202D00B48844200D118
:1038400004E04FF4517109A0F9F708FE00BFA5800C
:1038500070BD00000050014000540140005801407C
:10386000005C014000600140006401402E2E5C6459
:103870007269766572735C686333325F6C6C5F6427
:1038800072697665725C7372635C686333325F6C15
:103890006C5F746D72612E630000000010B5044609
:1038A00000BF104884420ED00F4884420BD00F480E
:1038B000844208D00E48844205D00E48844202D08B
:1038C0000D48844200D104E040F256410BA0F9F7C4
:1038D000C5FD00BF94F8800040F0010084F880002E
:1038E00010BD00000050014000540140005801404C
:1038F000005C014000600140006401402E2E5C64C9
:103900007269766572735C686333325F6C6C5F6496
:1039100072697665725C7372635C686333325F6C84
:103920006C5F746D72612E630000000070B5044618
:103930000D4600BF144884420BD01448844208D07E
:103940001348844205D01348844202D0124884426E
:1039500000D104E04FF46B7110A0F9F77FFD00BFB8
:1039600000BF0DB1012D00D104E040F2AD310BA03C
:10397000F9F774FD00BF04F180060C2101EB46103D
:1039800000F18440056070BD0054014000580140C2
:10399000005C014000600140006401402E2E5C6428
:1039A0007269766572735C686333325F6C6C5F64F6
:1039B00072697665725C7372635C686333325F6CE4
:1039C0006C5F746D72612E63000000007047000030
:1039D00010B5044604210248FDF746FF10BD000063
:1039E000CC8AFF1F10B5044680210248FDF73CFF3A
:1039F00010BD0000CC8AFF1F10B504464FF4806153
:103A00000148FDF731FF10BDCC8AFF1F10B50446F9
:103A10004FF400410148FDF727FF10BDCC8AFF1F7E
:103A200010B5F7F73BFB10BD10B50BA20CA10020A1
:103A3000FDF7DEFA002003F0C3FDFCF719F90020C2
:103A4000FAF75AFD06F0FCFE08F026FD02A210A1CE
:103A50000020FDF7CDFA10BD4D41494E0000000099
:103A60001B5B33366D5B25735D203D3D3D2055442A
:103A70005320537461636B20496E697420537461E1
:103A80007274203D3D3D0D0A1B5B306D0D0A000038
:103A90001B5B33366D5B25735D203D3D3D205544FA
:103AA0005320537461636B20496E697420446F6EB8
:103AB00065203D3D3D0D0A1B5B306D0D0A00000089
:103AC00070B5FEF7ABF9002504461A48007858B1E6
:103AD00018480678002017490870334616A218497E
:103AE000FDF786FA00F086FA164903C9604069407E
:103AF000084319D0134830C01348006870B1124809
:103B00000068401E104908600846006830B90AA2E3
:103B10000EA10020FDF76CFA00F06CFA03F0ACFD8A
:103B200008F08AFD04F0C6FCFAF7BCFFF8F756FF70
:103B300070BD00002483FF1F4D41494E000000006E
:103B400090FA02002883FF1F2083FF1F1B5B333680
:103B50006D5B25735D2044656C61796564207265D9
:103B600073657420646F6E652C2072657365747460
:103B7000696E672E2E2E0D0A1B5B306D0D0A00003C
:103B800010B54FF4803003F06BFA10BD70B50546E8
:103B900005B970BD2E46002408E04FF4803101EBDA
:103BA000840006F00AFB46F82400641C0E2CF4D3B3
:103BB00000BFEEE770B5054605B970BD4FF4803023
:103BC00003F04EFA2E46002408E056F824104FF475
:103BD000803202EB840006F039F9641C0E2CF4D319
:103BE00000BFEAE730B503460C460AB9012030BDF4
:103BF00000210FE00A4800EB81052878984207D1A0
:103C0000687800F00F00A04202D111800020EEE79A
:103C1000481C81B2034800888142EBDB0120E6E7C3
:103C200014EA0200A4EA020070B5174C4FF49C712C
:103C30002046F6F7ABFB06202061606113A0A0616F
:103C40001549E1614FF4806121620021A162616246
:103C5000E1620EA0C4F8A8001049AC200151102167
:103C6000B02001510021B8200151B4200151BC20E5
:103C70000151002505E0C5F10F000949085C6055B8
:103C80006D1C102DF7D370BD70B800205465726D97
:103C9000696E616C00000000A8B90020A8BD00207A
:103CA00041EC020010B501460A69CB689A4204D87B
:103CB0008C68641EE41AA01801E0D41A601E10BDBE
:103CC0002DE9FC5F06460F4692469846DDE90C4515
:103CD000002F01DA784200E0384683464FF00109B0
:103CE00003E09BFBFAFB09F10109D345F9DAC8456A
:103CF00000D9C14634B1002F03DB05F004000428CD
:103D000000D1641E05F0020010B1B8F1000F11D00F
:103D100005F0010070B96CB108E0641E2021304646
:103D200000F0BAF8F068002800DA02E00CB1A14512
:103D3000F3D300BFF068002836DB002F05DA7F429E
:103D40002D21304600F0A8F807E005F00400042813
:103D500003D12B21304600F09FF8F068002823DBC8
:103D600005F00200022814D105F0010088B9B8F16D
:103D7000000F0ED16CB108E0641E3021304600F017
:103D80008BF8F068002800DA02E00CB1A145F3D30B
:103D900000BFF068002807DB4346524639463046EC
:103DA000CDE9004500F002F8BDE8FC9F2DE9FC5F7D
:103DB0008046894615461E460C9CCDF80490012786
:103DC000BB4605E00198B0FBF5F001900BF1010B4B
:103DD0000198A842F6D25E4500D9B3460D9800F08E
:103DE0000100D0B9CCB10D9800F00200022803D137
:103DF00016B93020009001E02020009009E0641EF8
:103E00004046009900F048F8D8F80C00002800DA85
:103E100002E00CB1A345F2D300BFD8F80C00002893
:103E200035DB09E0012E01D9761E04E0B9FBF7FA73
:103E3000AA4500D201E06F43F4E700BF00BFB9FB21
:103E4000F7FA0AFB1799134810F80A10404600F0D9
:103E500023F8D8F80C00002800DA03E0B7FBF5F7E8
:103E6000002FECD100BF0D9800F0010078B174B1C3
:103E700009E0641E2021404600F00EF8D8F80C003E
:103E8000002800DA02E00CB1A345F2D300BFBDE880
:103E9000FC9F000052EC020070B504460E46A56877
:103EA000681C6168814206D320684655681CA06082
:103EB000E068401CE060D4E9011088420DD1A2689E
:103EC00021682069FDF72CF8A168884203D04FF0E3
:103ED000FF30E06001E00020A06070BD2DE9F05FE0
:103EE0000446894617464FF0000AE56800BFD4F83B
:103EF0001080A84503D9A8EB0500461E04E0A5EBF9
:103F00000800401CA1680E1AA068401BB04201D9ED
:103F1000304601E0A068401B0646BE4201D2304652
:103F200000E038460646606800EB050B324649461D
:103F30005846F6F712FAB244B144BF1B3544A068A4
:103F4000A84200D10025E560002FD0D15046BDE841
:103F5000F09F2DE9F047044689461546E668A068BB
:103F6000871BAF420AD9606800EB060A2A46494619
:103F70005046F6F7F2F97019E06014E0B846606850
:103F800000EB060A424649465046F6F7E6F9A5EB2D
:103F90000708D4F804A009EB070142465046F6F79B
:103FA000DCF9C4F80C80BDE8F08700000FB4054BC5
:103FB00010B503A9044A029800F04AF810BC5DF855
:103FC00014FB00003B7402003083FF1F0FB4084B4A
:103FD00010B504A902AA039800F03AF8044602A911
:103FE000002000F066FA204610BC5DF814FB0000CB
:103FF000B3440200BFF34F8F0648006800F4E0604E
:1040000005490843001D03490860BFF34F8F00BFF7
:1040100000BFFDE70CED00E00000FA052DED020BFE
:10402000019820F0004001909DED000B02B0704718
:1040300002E008C8121F08C1002AFAD17047704771
:10404000002001E001C1121F002AFBD170470000CF
:104050002DE9FF4F8DB00F460546002606E02528C6
:104060000BD0DDE90F1290476D1C761C28780028D4
:10407000F5D111B03046BDE8F08F0024A246A1462C
:104080000122EC4900E0044315F8013F203B02FA0D
:1040900003F00842F7D128782A2810D06FF02F02B9
:1040A0002878A0F13001092914D80AEB8A0102EB23
:1040B000410144F0020400EB010A6D1CF0E701CF5E
:1040C0005FEA000A03D544F40054CAF1000A44F040
:1040D00002046D1C28782E2817D115F8010F44F022
:1040E00004042A280ED06FF02F022878A0F13001A6
:1040F00009290AD809EB890102EB410100EB01090A
:104100006D1CF2E757F8049B6D1C28786C280FD0C3
:1041100006DC4C2817D068280DD06A2814D104E09A
:10412000742810D07A280FD10DE044F400140AE06E
:1041300044F4801401E044F440146978814202D1CF
:1041400004F580146D1C6D1C2A786E2A1FD00CDCBF
:10415000632A31D004DC002A8BD0582A11D1A3E085
:10416000642A68D0692A0CD165E0732A2ED004DC59
:104170006F2A73D0702A04D19BE0752A6FD0782AF9
:104180006ED01046DDE90F129047761C50E1C4F363
:104190000250022806D0032809D0042801CF09D0F4
:1041A000066045E101CFF117C0E9006140E101CFB0
:1041B00006803DE106703BE117F8040B8DF8000026
:1041C00000208DF80100EB46012003E057F804BB06
:1041D0004FF0FF3061074FF0000102D40DE008F10D
:1041E0000101884649450FDA8045F8DB1BF80810C5
:1041F0000029F4D108E008F1010188468142FADB88
:104200001BF808100029F6D1DDE90F23AAEB0800FE
:104210008146214600F036F9304400EB080604E000
:10422000DDE90F121BF8010B9047B8F10108F7D236
:1042300021464846F7E00A21C4F302534FF0000B31
:104240000891022B04D001CFC117032B09D00AE03B
:10425000FF1D27F00707F7E8020108E032E01FE042
:1042600020E000B2C117042B01D140B2C117031ED8
:1042700071F1000307DA4FF0000CD0EB0C006CEB8F
:1042800001012D2302E0230504D52B238DF82430D2
:10429000012303E0E30701D02023F7E7984658E025
:1042A0000A2110E010210EE010204FF0000B0890C2
:1042B0000CE010214FF0000B44F004044FF008090B
:1042C000089103E008214FF0000B0891C4F302535A
:1042D000022B04D001CF0021032B06D006E0FF1DE6
:1042E00027F00707F7E8020103E080B2042B00D1B2
:1042F000C0B24FF0000823072BD5702A07D0DDF895
:1043000020C08CF0100C5CEA0B0C05D00EE04023B2
:104310008DF82430012308E050EA010306D0302351
:104320008DF824308DF8252002239846DDF820C032
:104330008CF0080C5CEA0B0C0BD150EA010301D1A4
:10434000630706D530238DF824304FF00108A9F11A
:104350000109582A04D038A20B9208AA0A920BE04D
:104360003AA2F9E75B46089AF5F7C6FF0B9B9B5C00
:104370000A9A521E0A92137050EA0102F2D10A9868
:10438000ADEB000000F1200B600702D524F480346F
:1043900001E04FF00109D94502DDA9EB0B0000E077
:1043A000002000EB0B0141440890AAEB010AE00356
:1043B00006D4DDE90F232146504600F063F8064499
:1043C0004FF0000908E009A911F80900DDE90F1212
:1043D000904709F10109761CC145F4DBE0030CD5D7
:1043E000DDE90F232146504600F04CF8064404E076
:1043F000DDE90F1230209047761C0899481E08907E
:104400000029F5DC08E00A980A990078491C0A910D
:10441000DDE90F129047761CBBF10001ABF1010BF7
:10442000F1DC21465046DDE90F2300F019F806447F
:104430006D1C1BE609280100303132333435363724
:1044400038396162636465660000000030313233E0
:104450003435363738394142434445460000000080
:104460002DE9F041044600251E461746880404D471
:1044700005E039462020B0476D1C641EF9D528465A
:10448000BDE8F0812DE9F041044600251E46904626
:10449000C80301D5302700E02027880404D505E0B3
:1044A00041463846B0476D1C641EF9D52846BDE824
:1044B000F0810A68531C0B601070704770B50024BF
:1044C000ACE104EB840000EBC411D64800EB8100A2
:1044D00090F81002002865D004EB840000EBC411B2
:1044E000D04800EB8100D0F8AC010A2815D004EBCD
:1044F000840000EBC411CB4800EB8100D0F8AC0184
:104500000B280AD004EB840000EBC411C54800EB73
:104510008100D0F8AC010C2812D104EB840101EB2E
:10452000C412C04901EB8201D1F8B8014FF4006117
:10453000F9F7F0FDFDF772FCBB4941F8240031E0CA
:1045400004EB840000EBC411B64800EB8100D0F806
:10455000AC01022815D004EB840000EBC411B14873
:1045600000EB8100D0F8AC0103280AD004EB8400F2
:1045700000EBC411AB4800EB8100D0F8AC0104287B
:1045800010D104EB840101EBC412A64901EB8201B6
:10459000D1F8B8012021F9F7BDFDFDF73FFCA24994
:1045A00041F8240004EB840000EBC4119D4800EBAB
:1045B0008100D0F8AC010D2815D004EB840000EB8D
:1045C000C411984800EB8100D0F8AC010E280AD045
:1045D00004EB840000EBC411924800EB8100D0F89A
:1045E000AC010F287CD1FDF719FC05468E4850F828
:1045F0002400281AB0F5966F59D804EB840000EB1C
:10460000C411884800EB810090ED080A04EB840097
:1046100000EBC411834800EB8100D0ED350A30EE89
:10462000200A04EB840000EBC4117E4800EB8100FB
:10463000D0ED290AB4EEE00AF1EE10FA0ADD04EB3F
:10464000840000EBC411774800EB810090F82D0046
:1046500002282CD004EB840000EBC411714800EB5D
:10466000810090ED080A04EB840000EBC4116D4852
:1046700000EB8100D0ED350A30EE600A04EB8400D7
:1046800000EBC411674800EB8100D0ED290AB4EEBD
:10469000E00AF1EE10FA21D204EB840000EBC41121
:1046A000604800EB810090F82D00012816D104EB42
:1046B000840101EBC4125B4901EB8201D1F8B8011E
:1046C0004FF48071F9F726FD002104EB840000EB24
:1046D000C412544800EB820080F810129CE0FFE7FF
:1046E00004EB840000EBC4114E4800EB8100D0F8CD
:1046F000AC01052815D004EB840000EBC411494837
:1047000000EB8100D0F8AC0106280AD004EB84004D
:1047100000EBC411434800EB8100D0F8AC0107283E
:104720007AD1FDF77BFB05463F4850F82400281A54
:10473000B0F5966F59D804EB840000EBC4113948EA
:1047400000EB810090ED090A04EB840000EBC4113A
:10475000344800EB8100D0ED350A30EE200A04EB3E
:10476000840000EBC4112F4800EB8100D0ED290A32
:10477000B4EEE00AF1EE10FA0ADD04EB840000EB7F
:10478000C411284800EB810090F82D0001282CD09E
:1047900004EB840000EBC411224800EB810090ED93
:1047A000090A04EB840000EBC4111E4800EB8100F1
:1047B000D0ED350A30EE600A04EB840000EBC41142
:1047C000184800EB8100D0ED290AB4EEE00AF1EEC2
:1047D00010FA20D204EB840000EBC411114800EB66
:1047E000810090F82D00022815D104EB840101EB23
:1047F000C4120C4901EB8201D1F8B8010421F9F788
:1048000089FC002104EB840000EBC412054800EB96
:10481000820080F8101200BF601CC4B2022CFFF6A8
:1048200050AE70BD8083FF1FF480FF1F10B532486B
:1048300090F84140022C5EDA04EB840000EBC411D6
:104840002D48443000EB81004078002853D004EB21
:10485000840101EBC4122849443101EB8201D1F8F3
:1048600084001021F9F756FC002104EB840000EBD2
:10487000C4122148443000EB820080F89C1004EB05
:10488000840000EBC4121C48443000EB820080F826
:10489000F81004EB840000EBC4121748443000EB1E
:1048A000820080F8541104EB840000EBC41112481C
:1048B000443000EB8100D0F8AC01162804D0182851
:1048C00003D0192815D113E000BF3CB941F288325A
:1048D00000210A480068FCF784FF08E0012C06D19B
:1048E00041F28832002106480068FCF77AFF01E0B7
:1048F00000E000BF00BF10BD3C83FF1FEC80FF1F26
:10490000F080FF1F10B5384890F84140022C69DA5A
:1049100004EB840000EBC4113348443000EB810009
:10492000407800285ED004EB840000EBC4112E48D0
:10493000443000EB8100D0F8AC0110283AD004EBF1
:10494000840000EBC4112848443000EB8100D0F80B
:10495000AC0111282ED004EB840000EBC4112248D6
:10496000443000EB8100D0F8AC01082822D004EBE1
:10497000840000EBC4111C48443000EB8100D0F8E7
:10498000AC01092816D004EB840000EBC4111648D2
:10499000443000EB8100D0F8AC0158B104EB840046
:1049A00000EBC4111048443000EB8100D0F8AC019A
:1049B000012817D104EB840101EBC4120A494431E8
:1049C00001EB8201D1F884001021F9F7A3FB04EB7D
:1049D000840101EBC4120449443111F8220004217E
:1049E00004F002F810BD00003C83FF1F10B52DED50
:1049F000048B82B000BFEFA2F0A10020FCF7F8FA10
:104A000000BFFE4890F84140022C7CDA04EB8400A1
:104A100000EBC411F948443000EB810040780028D5
:104A200071D0012104EB840000EBC412F348443040
:104A300000EB820080F89C1004EB840000EBC412B1
:104A4000EE48443000EB820080F8F81004EB84005C
:104A500000EBC412E948443000EB820080F85411A6
:104A600004EB840101EBC412E449443101EB8201FF
:104A700001F5AA70FCF74AF8E04890F83D003428A8
:104A80000DD0DE4890F83D00352808D0DB4890F87E
:104A90003D00B52803D0D94890F83D0098B904EB03
:104AA000840101EBC412D549443101EB820101F5C7
:104AB000AA709FEDD30AFCF745F89FEDD20A204675
:104AC00001F0E8FE12E004EB840101EBC412CB49D3
:104AD000443101EB820101F5AA709FEDCB0AFCF78E
:104AE00031F89FEDCA0A204601F0D4FE04EB8400A1
:104AF00000EBC411C148443000EB8100D0F8AC0198
:104B000002283DD000E0A6E204EB840000EBC411D3
:104B1000BA48443000EB8100D0F8AC0103282FD014
:104B200004EB840000EBC411B448443000EB810076
:104B3000D0F8AC01042823D004EB840000EBC411AE
:104B4000AE48443000EB8100D0F8AC010D2817D0FE
:104B500004EB840000EBC411A848443000EB810052
:104B6000D0F8AC010E280BD004EB840000EBC4118C
:104B7000A248443000EB8100D0F8AC010F2879D175
:104B800000BF04EB840000EBC4119C48443000EBF0
:104B90008100D0F8AC01234686A29DA100900020A0
:104BA000FCF726FA00BF04EB840000EBC412934824
:104BB000443000EB820090ED0A0A04EB840000EB25
:104BC000C4128E48443000EB8200D0ED080A30EE6B
:104BD000600A10EE101A0846F5F72CFC41EC190B90
:104BE000B0EE490AF0EE690AFFF718FAB0EE408A13
:104BF000F0EE608A9FED950B53EC102B51EC180BE7
:104C0000F5F72CFC10D204EB840101EBC4127B49B4
:104C1000443101EB8201D1F8B8014021F9F77AFA69
:104C200002B0BDEC048B10BD04EB840000EBC4119A
:104C30007248443000EB810090ED0A0A04EB8400D6
:104C400000EBC4116D48443000EB8100D0ED080A40
:104C5000B4EEE00AF1EE10FA0DDDBFEE000A04EB4F
:104C6000840000EBC4116548443000EB810080ED06
:104C70002E0A0CE06DE0B7EE000A04EB840000EBB6
:104C8000C4115E48443000EB810080ED2E0A04EB35
:104C9000840000EBC4115948443000EB810090EDD2
:104CA000080A04EB840000EBC4115448443000EBC4
:104CB000810080ED280A04EB840000EBC4114F480A
:104CC000443000EB810090ED2E0AF7EE000AB4EEBE
:104CD000600AF1EE10FA15D100BF234635A25D49F6
:104CE0000020FCF785F900BF04EB840101EBC4123E
:104CF0004249443101EB8201D1F884000421F9F7E3
:104D000009FA9EE104EB840000EBC4113B484430F7
:104D100000EB810090ED2E0AFFEE000AB4EE600A6F
:104D2000F1EE10FAEDD100BF234622A24A4900203D
:104D3000FCF75EF900BF04EB840101EBC4122F49BC
:104D4000443101EB8201D1F884000821F9F7E2F93E
:104D500077E104EB840000EBC4112848443000EBF9
:104D60008100D0F8AC010A2878D004EB840000EB75
:104D7000C4112248443000EB8100D0F8AC010B286C
:104D80006CD004EB840000EBC4111C48443000EBF1
:104D90008100D0F8AC010C2877D004EB840000EB44
:104DA000C4111648443000EB8100D0F8AC0105284E
:104DB0006BD054E05741524E000000001B5B333370
:104DC0006D5B25735D202D2D6163745F656E746569
:104DD000725F6D6F76696E673A2073746172746981
:104DE0006E672D2D2D2D2D2D2D2D2D2D2D2D2D2D78
:104DF0002D2D1B5B306D0D0A000000003C83FF1F52
:104E000000007A4500C073450080BB440000AF44F9
:104E10001B5B33336D5B25735D206D795379737440
:104E2000656D2E617869735B25645D2E736D5F61BE
:104E300063742E6375725F7374617465203D3D20E9
:104E400025641B5B306D0D0A0000000000000000AF
:104E50000000F03FE0EE020024EF020015E004EB5A
:104E6000840000EBC4117D4800EB8100D0F8AC0158
:104E700006280AD004EB840000EBC411774800EB4D
:104E80008100D0F8AC01072872D100BF04EB840088
:104E900000EBC411714800EB8100D0F8AC0123464F
:104EA000AFF2F002AFF2980100900020FCF7A0F8FA
:104EB00000BF04EB840000EBC412684800EB8200E2
:104EC00090ED0A0A04EB840000EBC412634800EB87
:104ED0008200D0ED090A30EE600A10EE101A084682
:104EE000F5F7A8FA41EC190BB0EE490AF0EE690AA1
:104EF000FFF794F8B0EE408AF0EE608A1FED2D0BBC
:104F000053EC102B51EC180BF5F7A8FA0DD804EB65
:104F1000840101EBC412514901EB8201D1F8B801BF
:104F20004FF48051F9F7F6F87AE604EB840000EBD1
:104F3000C4114A4800EB810090ED0A0A04EB84009A
:104F400000EBC411454800EB8100D0ED090AB4EE36
:104F5000E00AF1EE10FA0CDDBFEE000A04EB84006B
:104F600000EBC4113D4800EB810080ED2E0A0BE000
:104F700067E0B7EE000A04EB840000EBC411374889
:104F800000EB810080ED2E0A04EB840000EBC411DD
:104F9000324800EB810090ED090A04EB840000EB3D
:104FA000C4112E4800EB810080ED280A04EB840038
:104FB00000EBC411294800EB810090ED2E0AF7EEBA
:104FC000000AB4EE600AF1EE10FA15D100BF2346D4
:104FD000AFF2202222490020FCF70AF800BF04EBC0
:104FE000840101EBC4121D4901EB8201D1F8840058
:104FF0000421F9F78FF824E004EB840000EBC411DE
:10500000164800EB810090ED2E0AFFEE000AB4EE88
:10501000600AF1EE10FA14D100BF2346AFF26C2201
:1050200010490020FBF7E4FF00BF04EB840101EB13
:10503000C4120A4901EB8201D1F884000821F9F772
:1050400069F804EB840101EBC412044911F8220051
:10505000042103F0C9FC00BFE2E500008083FF1FCC
:10506000E0EE020024EF020010B5002429E004EB7A
:10507000840000EBC411144800EB81004078F0B1CB
:1050800004EB840000EBC4110F4800EB8100D0F862
:10509000AC01162804D0182803D019280DD101E03E
:1050A00000BF00BF04EB840101EBC412064911F8F4
:1050B0002200042103F098FC00E000BF00BF601C48
:1050C000C4B2022CD3DB10BD8083FF1F10B5044691
:1050D00094F82C00012803D094F82C0000287DD1EE
:1050E0004FF4D67000591A285FD2DFE800F05E0D49
:1050F00050515258594A0E5E55565753544B0F5EF5
:105100005E5E5E104311444500BF00BF00BF00BF9C
:105110004FF4D8700059092804D04FF4D8700059C2
:10512000112804D12078314903F05EFC21E094F885
:105130000002B8B194F82E00012804D120782C493F
:1051400003F052FC15E094F82E00022805D12078D7
:105150002749103103F048FC0BE02078254903F083
:1051600043FC06E094F8000218B92078022103F00D
:105170003BFC1BE000BF00BF20781C4903F034FC5F
:1051800014E000BF2078194903F02EFC0EE000BFA8
:1051900000BF00BF00BF00BF00BF00BF00BF00BF17
:1051A0002078154903F020FC00E000BF00BF4FF459
:1051B000D6700059162809D04FF4D6700059182817
:1051C00004D04FF4D6700059192803D1207807492C
:1051D00003F00AFC4FF4F670005900E005E00228E5
:1051E00003D12078054903F0FFFB10BD080480407F
:1051F0001000005008048050100408504004201093
:105200002DE9FC4106460D4614460CB9BDE8FC816B
:10521000294886424DD1ADF800502088ADF80200F3
:10522000606801906846F9F7B1FFB4F90000002802
:1052300007DB00F01F0101228A402049430941F8A1
:10524000232000BFB4F90000A178002804DB0A077E
:10525000130E1B4A135406E00A07170E194A00F0F2
:105260000F031B1FD75400BFB4F9000000280DDB4B
:1052700000BF00BF00F01F020121914042099200CF
:1052800002F1E022C2F8001100BF00BF00BFB5F577
:10529000E07F05D1012211463046F5F7C5FA08E056
:1052A00040F2C110854204D1012202213046F5F7B7
:1052B000BBFA00BFAAE700000000044080E200E063
:1052C00000E400E018ED00E010B50248F5F7FEFA42
:1052D00010BD00000000044010B50549054800F06D
:1052E000C3FF0448F7F7EEFAFEF79EFB10BD00007F
:1052F00064E90200D89F002000B589B005A93D48A7
:1053000001F06EF8012873D1002001900290039003
:10531000049005980190069800F00F008DF8110098
:105320009DF8112007A902A8F5F717F8324A01994C
:10533000881A914221D010DC3048084480B3A0F58F
:10534000D050A0F1090060B3A0F59C40A0F11F006F
:10535000D0B1B0F5006F3ED136E0A0F508507038FE
:1053600060B1A0F52C50B838A0B1A0F58850D8385D
:10537000F0B1B0F5007F2ED127E000BF9DF81110ED
:1053800002A801F0C7FA2FE09DF8111002A801F061
:10539000A7FA29E09DF8111002A801F0D7FA23E03E
:1053A00000E00BE09DF8111002A801F07FFA1BE06D
:1053B0009DF8111002A801F0D5FA15E09DF8111022
:1053C00002A801F07FFA0FE000BF9DF8111002A8BB
:1053D00001F092FA08E09DF8112002A9019807F067
:1053E000BDFB09B000BD03E000BF00F0EFFF00BF50
:1053F00000BFF6E7F49F0020F09DFF1810E800E7DB
:1054000010B9044A517203E0012801D1014A917296
:1054100070470000CC9F002010B5FFF76DFF00F033
:1054200001F810BD1CB5FCF7F9FC0446002007F09C
:10543000F9FC012007F0F6FC3D48007A70B93C48C1
:105440000068201AB0F5FA7F07D3394804600120BC
:10545000374908720846446000E01CBD3448406883
:10546000A04200D9F9E73248007A06284CD2DFE89A
:1054700000F04B03101F2D3C2D48407A40B12D49C0
:10548000684600F014FA082269462B4800F0F8FF3D
:105490003BE02748807A50B126490831684600F041
:1054A00006FA082269462448401C00F0E9FF2CE077
:1054B0001F48407A48B11F49684600F0D9F90822D0
:1054C00069461D48001F00F0DBFF1EE01848807A87
:1054D00050B118490831684600F0CAF908226946F7
:1054E0001548C01E00F0CCFF0FE01148407A10B9FB
:1054F0000F48807A38B1684600F0F8F9082269460A
:105500000E4800F0BDFF00E000BF00BF0848007A71
:10551000401C074908720846007A052803DD002070
:105520000872486002E0601C0149486000BF94E7CF
:10553000CC9F002054A000200801FF180811FF187C
:105540001A4890ED030AF0EE0A0AB4EEE00AF1EE12
:1055500010FA08DC90ED030AF5EE000AB4EEE00A5A
:10556000F1EE10FA03D201211048017402E000218B
:105570000E4801740E4890ED030AF0EE0A0AB4EEEC
:10558000E00AF1EE10FA08DC90ED030AF5EE000AED
:10559000B4EEE00AF1EE10FA03D2012104480174DE
:1055A00002E00021024801747047000074A000204E
:1055B00090A0002010B5034803F082FD024803F0DC
:1055C0007FFD10BD74A0002090A0002010B50749F9
:1055D000074803F01DFD0749074803F019FD0122A4
:1055E00011460648F5F7B0F910BD0000C4E9020005
:1055F00074A00020CCE9020090A00020000004402C
:1056000010B500F0B3F8FFF79BFF00F011F800238E
:10561000102206493020FBF74FF8002310220349DF
:1056200010313020FBF748F810BD00006882FF1FE2
:105630000A4890ED030A0A4880ED020A0748007CF8
:1056400007490873074890ED030A084680ED060AEB
:105650000448017C024801777047000074A00020D4
:105660006882FF1F90A0002010B5054800F0A8FF39
:10567000044800F071FF044800F06EFF10BD000008
:10568000D8E2FF1FF4E2FF1F10E3FF1F10B5064929
:10569000064803F035FE0649064803F031FE064988
:1056A000064803F02DFE10BD00DD0200D8E2FF1F0A
:1056B00008DD0200F4E2FF1F10DD020010E3FF1F0F
:1056C000184890ED030A184880ED020A1548008A30
:1056D000154988811348807C88731248C07CC87340
:1056E000124890ED030A124880ED020A0F48008A22
:1056F0000F4988810D48807C88730C48C07CC87332
:105700000C4890ED030A0C4880ED020A0948008A13
:10571000094988810748807C88730648C07CC87323
:1057200070470000D8E2FF1F8C80FF1FF4E2FF1FCC
:105730009C80FF1F10E3FF1FAC80FF1F10B5FCF71C
:105740006DFB0446FFF7C0FD07480068201A1428C7
:1057500003D30548046004F043FBFFF785FFFFF720
:10576000AFFF04F0EFFA10BDC480FF1F10B503486F
:1057700004F002FB024804F0FFFA10BD74A0002000
:1057800090A0002010B504F00BFC04F0CFFC00202A
:1057900004F0BAFC012004F0B7FC022004F0B4FCD1
:1057A000032004F0B1FC10BD10B504460348406A64
:1057B000214682690148904710BD00003081FF1FDB
:1057C00008B50348406A816801488847009008BDD1
:1057D0003081FF1F10B504460348406A2146426AE3
:1057E0000148904710BD00003081FF1F10B50446EE
:1057F0000348406A2146026A0148904710BD0000F4
:105800003081FF1F10B50348406A0168014888478E
:1058100010BD00003081FF1F70B504460D460448DE
:10582000406A2A46214643690148984770BD0000F6
:105830003081FF1F01B50348406A42680148009962
:10584000904708BD3081FF1F10B52DED028B044637
:10585000B0EE408A0548406AB0EE480A2146C26967
:1058600002489047BDEC028B10BD00003081FF1F45
:105870000B78027863F3010202704B78027863F3CD
:1058800085020270027822F0C0020270002242708B
:10589000002383700A79C2708A88121202718A7892
:1058A00042714A88121282718A79C27170470B78EC
:1058B000027863F3010202704B78027863F3850289
:1058C0000270027822F0C00202708A7842704A8820
:1058D000121282700A79C2708A8812120271002232
:1058E0004271002383718A79C2717047002101607F
:1058F00041600170417081700221C17070470000E9
:1059000070B50120634981F82000084690F84140B5
:10591000022C7DDA04EB840000EBC4115D484430B6
:1059200000EB810000F5EE75012104EB840000EB33
:10593000C4125848443000EB820080F82C102869CB
:10594000012802D0022878D195E00421204603F0F6
:105950004BF804EB840000EBC4114E48443000EBDC
:105960008100D0F8F8010068B0F5003F0DD004EBDD
:10597000840000EBC4114748443000EB8100D0F8AC
:10598000F8010068B0F5804F10D104EB840101EB01
:10599000C4124049443101EB8201D1F88400102146
:1059A000F8F7B8FB204603F0F9F863E004EB840055
:1059B00000EBC4113748443000EB8100D0F8F80107
:1059C0000068B0F5006F0DD104EB840101EBC41247
:1059D0003049443101EB8201D1F884001021F8F7FD
:1059E00099FB47E004EB840000EBC41129484430E4
:1059F00000EB8100D0F8F801006810283AD004EBE1
:105A0000840000EBC4112348443000EB810000E027
:105A10003FE0D0F8F8010068B0F5004F0ED104EB7C
:105A2000840101EBC4121B49443101EB8201D1F81E
:105A3000B8010421F8F76EFB1CE028E004EB8400B9
:105A400000EBC4111348443000EB8100D0F8F8019A
:105A50000068B0F5803F0DD104EB840101EBC41266
:105A60000C49443101EB8201D1F8B8014FF4807147
:105A7000F8F750FB0BE00849204602F0B5FF0CB1E7
:105A8000012000E00020034981F83B0000BF00BF77
:105A900000BF70BD3C83FF1F4004200010B50649C5
:105AA000D1F83C020121F8F735FB0349D1F8500445
:105AB0000121F8F72FFB10BD3C83FF1F70B5FE4896
:105AC00090F83B0020B90220FB4981F8200008E053
:105AD000F94890F83B00012803D10320F64981F8EA
:105AE0002000F54890F84140022C71DA04EB840064
:105AF00000EBC411F048443000EB810000F5EE7576
:105B0000022104EB840000EBC412EB48443000EBAC
:105B1000820080F82C102869C01E072809D2DFE80F
:105B200000F004091B8CFCFBFA002021204602F047
:105B30005BFF68E204EB840101EBC412DE494431EF
:105B400001EB8201D1F884001021F8F7E3FADB4978
:105B5000204602F049FF56E2012104EB840000EBED
:105B6000C412D548443000EB820080F8541104EB95
:105B7000840000EBC412D048443000EB820080F86F
:105B80009C10CD4890F83D0034280DD0CA4890F8BC
:105B90003D00352808D0C84890F83D00B52803D00E
:105BA000C54890F83D00A0B904EB840101EBC41294
:105BB000C149443101EB820101F5AA709FEDC00A91
:105BC000FAF7C0FF9FEDBF0A204600F063FE13E026
:105BD0001BE204EB840101EBC412B749443101EB31
:105BE000820101F5AA709FEDB80AFAF7ABFF9FEDAD
:105BF000B70A204600F04EFE04EB840101EBC4120C
:105C0000AD49443101EB820101F19C009FEDB00AE6
:105C1000FAF798FF04EB840101EBC412A649443162
:105C200001EB8201D1F884000421F8F773FAA3494B
:105C30001039204602F0D8FEE5E1012104EB840092
:105C400000EBC4129C48443000EB820080F85411F1
:105C500004EB840000EBC4129748443000EB820050
:105C600080F89C10944890F83D0034280DD092485C
:105C700090F83D00352808D08F4890F83D00B528B1
:105C800003D08D4890F83D0098B904EB840101EBF6
:105C9000C4128949443101EB820101F5AA709FEDDC
:105CA000880AFAF74FFF9FED870A204600F0F2FDC1
:105CB00012E004EB840101EBC4127F49443101EB93
:105CC000820101F5AA709FED800AFAF73BFF9FED74
:105CD0007F0A204600F0DEFD04EB840101EBC412D4
:105CE0007549443101EB820101F19C009FED790A75
:105CF000FAF728FF04EB840101EBC4126E4944312A
:105D000001EB8201D1F884000821F8F703FA6B490E
:105D10001039204602E0B0E015E002E002F064FE37
:105D200071E104EB840101EBC4126349443101EBDE
:105D30008201D1F884001021F8F7ECF95F49204680
:105D400002F052FE5FE104205B4981F8200001214E
:105D500004EB840000EBC4125748443000EB82008F
:105D600080F8541104EB840000EBC4125248443014
:105D700000EB820080F89C104F4890F83D003428DA
:105D80000DD04D4890F83D00352808D04A4890F88D
:105D90003D00B52803D0484890F83D0098B904EB81
:105DA000840101EBC4124449443101EB820101F545
:105DB000AA709FED430AFAF7C5FE9FED420A2046FE
:105DC00000F068FD12E004EB840101EBC4123A49D3
:105DD000443101EB820101F5AA709FED3B0AFAF70D
:105DE000B1FE9FED3A0A204600F054FD04EB840119
:105DF00001EBC4123049443101EB820101F19C00F6
:105E00009FED330AFAF79EFE04EB840000EBC41109
:105E10002948443000EB810090F82D0001280DD175
:105E200004EB840101EBC4122349443101EB8201EC
:105E3000D1F884000821F8F76DF918E004EB84002C
:105E400000EBC4111C48443000EB810090F82D0099
:105E500002280CD104EB840101EBC4121649443131
:105E600001EB8201D1F884000421F8F753F91349BA
:105E70001039204602F0B8FDC5E0012104EB840092
:105E800000EBC4120C48443000EB820080F854113F
:105E900004EB840000EBC4120748443000EB82009E
:105EA00080F89C10044890F83D0034281ED0024829
:105EB00090F83D0035280FE03C83FF1F20040800C8
:105EC00000007A4500C073450080BB440000AF4429
:105ED0000000C8420000000008D04C4890F83D0087
:105EE000B52803D0494890F83D0070B904EB84010F
:105EF00001EBC4124549443101EB820101F5AA705E
:105F00001FED110AFAF71EFE0DE004EB840101EB10
:105F1000C4123E49443101EB820101F5AA701FED24
:105F2000160AFAF70FFE04EB840000EBC4113748A1
:105F3000443000EB810090F82D00012829D104EBBA
:105F4000840101EBC4123149443101EB8201D1EDEE
:105F50000A0AB0EE001A70EE810AB0EE600A04EB95
:105F6000840101EBC4122949443101EB820101F1A2
:105F70009C00FAF7E7FD04EB840101EBC41223490E
:105F8000443101EB8201D1F884000421F8F7C2F812
:105F900034E004EB840000EBC4111C48443000EBF7
:105FA000810090F82D00022828D104EB840101EB38
:105FB000C4121649443101EB8201D1ED0A0AB0EE58
:105FC000001A70EEC10AB0EE600A04EB840101EB26
:105FD000C4120E49443101EB820101F19C00FAF731
:105FE000B1FD04EB840101EBC4120849443101EB1B
:105FF0008201D1F884000821F8F78CF80449204682
:1060000002F0F2FC00BF00BF00BF70BD3C83FF1F69
:106010001004080070B5044604B112B94FF0FF3007
:1060200070BD21600120207100206071A071E071BD
:10603000082B01D9082000E018462072002005E056
:10604000165C04F109052E54451CE8B2257A8542F8
:10605000F6DC0020606100BFE2E770B505460C4643
:10606000164614B94FF0FF3070BD2046F6F74AFDD2
:106070000020F9E702B9704750B901B9FBE70B6896
:1060800013604B6853608B689360CB68D3601CE0EF
:10609000012807D104231360062353600223936071
:1060A000D36012E0022807D1022313600623536055
:1060B00002239360D36008E0032806D10123136014
:1060C0000623536002239360D36000BFD3E7000030
:1060D00030B58DB005460C4601210846F8F798F812
:1060E00004A8F5F79FFD1C4A07CA01AB07C3A07DB2
:1060F00004AA04F11801FFF7BDFF94F828008DF8F9
:1061000026000120ADF8240001A8089094F8290089
:106110008DF827002A20005D8DF828002B20005DD7
:106120008DF8290094F82C008DF82A002D20005DB0
:106130008DF82B002E20005D8DF82C002F20005DA7
:106140008DF82D003020005D8DF82E0004A9284622
:10615000F5F754FB0DB030BDB4E902000020014951
:106160004871704764A0002018B90021044A1170DA
:1061700004E0012802D10021014A5170704700005B
:1061800064A0002010B5044604B910BDA28861883F
:106190002078F8F7D9FE00BFF7E700002DE9FC41B1
:1061A00005460E4614460CB9BDE8FC8106B9FBE76E
:1061B0002648854248D14FF4F370ADF8000020889E
:1061C000ADF80200606801906846F8F7DFFFB4F9A7
:1061D0000000002807DB00F01F0101228A401C4953
:1061E000430941F8232000BFB4F90000A17800283A
:1061F00004DB0A07130E174A135406E00A07170EAA
:10620000154A00F00F031B1FD75400BFB4F900005C
:1062100000280DDB00BF00BF00F01F0201219140EC
:106220004209920002F1E022C2F8001100BF00BF53
:1062300000BF002242F6FE212846F5F703FC0122AA
:1062400031462846F5F7FEFB00BFADE700040740E6
:1062500080E200E000E400E018ED00E00148007892
:10626000704700006082FF1F70B504460D4604B100
:1062700015B94FF0FF3070BD04F11C0010490860E3
:10628000256000202071582104F11C00F4F77EF8ED
:1062900005F11000FFF776FF05F10A00FFF772FF26
:1062A00021684868FFF714FF236803F13802596B2F
:1062B0005868FFF773FF0120207100BFDBE7000083
:1062C0006482FF1F7FB53D4D00244FF40001284636
:1062D000F5F7F2F9012817D144F400040EE007E0C5
:1062E0003748006820B169463548006800F0A0F8DA
:1062F00069463248F5F7A2F90028F1D02846F5F7AB
:1063000073F90028EBD100BF4FF480012846F5F760
:10631000D3F9012801D144F480044FF40011284638
:10632000F5F7CAF9012801D144F400144FF48011A3
:106330002846F5F7C1F9012801D144F480144FF43F
:1063400000212846F5F7B8F901280AD144F40024C1
:1063500000201C4908701C48006810B11A480068E9
:1063600080474FF480212846F5F7A6F9012801D18E
:1063700044F480244FF400312846F5F79DF90128B4
:106380000CD101212846F5F797F9012804D12846B8
:10639000F4F7D6FF44F0010444F400344FF0807168
:1063A0002846F5F789F9012801D144F080741CB121
:1063B00021462846F4F77AFF7FBD0000000407401D
:1063C0006482FF1F6082FF1F5C82FF1F10B50023E5
:1063D0000E2202493E20FAF76FF910BD64A000209A
:1063E00030B5024602B111B96FF0010030BD90889E
:1063F00010B96FF00200F9E7138802F1080000EB12
:10640000031539CD81E839001088401C052390FB25
:10641000F3F403FB140010809088401E908001204C
:10642000E4E7000001490860704700005C82FF1F3C
:1064300070B5024602B111B96FF0010070BD53880A
:1064400002F1080000EB031091E8780078C0508852
:10645000401C052390FBF3F403FB1400508090884C
:10646000052803DA9088401C908007E01088401CC3
:10647000052390FBF3F403FB140010800120DDE7FB
:106480007FB506460D461446082C03DD6FF001006B
:1064900004B070BD002001900096019820F04000EB
:1064A0000190019820F0800080300190019864F301
:1064B00003000190002005E02A7802A90A546D1C0F
:1064C000411CC8B2A042F7DB6A4600210548F4F738
:1064D00063FF10210348F5F76BFB012002490870A8
:1064E00000BFD5E7000407406082FF1F7FB5064666
:1064F0000D461446082C03DD6FF0010004B070BD9A
:10650000002001900096019820F040000190019831
:1065100020F080000190019864F3030001900020B6
:1065200005E02A7802A90A546D1C411CC8B2A04299
:10653000F7DB6A4600210648F4F72EFF10210448D5
:10654000F5F736FB01200349087000BFD6E70000CD
:10655000000407406082FF1F70B50268516813682D
:106560005D7A35B1D1ED020AF5EEC00AF1EE10FA0E
:1065700004D10026C6740025057670BD058A00EE9C
:10658000905AB8EE600A0D7D002D01DD0D7D00E012
:1065900003252C46D1ED020AF4EEC00AF1EE10FA02
:1065A00008D2057E6D1C0576057EA54206DB032616
:1065B000C67403E0002505760026C67400BFDCE73C
:1065C0002DE9F05F2DED028B05462E687468D6F834
:1065D0000080FBF723FC074698F8080050B900211B
:1065E000A97400204A4908704A490870BDEC028B22
:1065F000BDE8F09F95ED038A94ED000AB4EEC80A59
:10660000F1EE10FA01D2012000E00020814694ED65
:10661000010AB4EEC80AF1EE10FA01DD012000E033
:106620000020824694ED030AB5EEC00AF1EE10FA9E
:1066300002DD94ED030A01E0B0EE000AF0EE408ABC
:10664000206908B1206901E040F6B830834630483F
:10665000007890B32E49097802290CD194ED000AF4
:1066600030EE680AB4EEC80AF1EE10FA01DD01213D
:106670000DE000210BE094ED010A30EE280AB4EEA3
:10668000C80AF1EE10FA01D2012100E0002108460B
:10669000A0B12049097829B901211E4A11701E496B
:1066A0000F600EE01C490968791A594509D3002189
:1066B000174A1170174A117003E003E00021154AD0
:1066C000117012E0B9F1000F06D0022010490870D5
:1066D00000201049087008E0BAF1000F05D0012031
:1066E0000B49087000200B490870094800780228FF
:1066F00002D10121A97408E005480078012802D1DF
:106700000221A97401E00021A97400BF6EE7000016
:10671000C180FF1FC080FF1FBC80FF1F7FB50546E3
:106720000C46002603E0A85D02A98855761C062EBB
:10673000F9DB062102A800F08FF88DF800009DF823
:1067400000008DF80800062102A800F085F88DF8F9
:106750000100002603E0A85D02A98855761C062EDC
:10676000F9DB28788DF808009DF801008DF8090004
:10677000062102A800F070F88DF8020068788DF804
:1067800009009DF802008DF80A00062102A800F019
:1067900063F88DF80300A8788DF80A009DF80300CF
:1067A0008DF80B00062102A800F056F88DF80400C1
:1067B000E8788DF80B009DF804008DF80C00062198
:1067C00002A800F049F88DF8050028798DF80C0032
:1067D0009DF805008DF80D00062102A800F03CF898
:1067E0008DF806009DF80300A8B99DF8040090B943
:1067F0009DF8050078B99DF8060060B99DF8010084
:1068000020709DF8020060709DF80300A0709DF854
:106810000400E0700BE09DF8030020709DF8040078
:1068200060709DF80500A0709DF80600E0700120E2
:1068300004B070BD4840002209E000F001031BB124
:10684000044B83EA500300E043081846521C082A10
:10685000F3DB70472083B8ED30B503460C46FF21CB
:10686000002211E0985C414000250AE001F0800020
:1068700020B14806010E81F01D0101E04806010E1D
:106880006D1C082DF2DB521CA242EBDBC843C0B2E8
:1068900030BD000000EB800101EBC012024901EBAA
:1068A000820181ED640A70478083FF1F082900DAA6
:1068B0007047827802F00702014B9A7200BFF7E737
:1068C00064A0002010B5082900DA10BD03784478D0
:1068D00043EA0422014B1A8100BFF6E764A00020BE
:1068E000082900DA70478278C2F38102014B1A71DD
:1068F00000BFF7E764A00020082900DA704782781B
:10690000034BDA72027902F001021A7300BFF5E755
:1069100064A00020082900DA7047027802F00F0214
:10692000094B1A70027812095A70427802F001027B
:106930009A70827802F00302DA708278C2F38102E0
:106940001A7100BFE8E7000064A00020082900DAFF
:106950007047427802F00102014B5A7100BFF7E71D
:1069600064A0002010B5082900DA10BD037944792D
:1069700043EA0422014BDA8000BFF6E764A000205E
:106980000146092918D2DFE801F00507090B0D0FB0
:1069900011131500002070470120FCE70220FAE7E0
:1069A0000320F8E70420F6E70520F4E70620F2E7E5
:1069B0000720F0E70820EEE70A20ECE70146072968
:1069C00011D2DFE801F0041006080A0C0E000020C6
:1069D00070470120FCE70220FAE70320F8E70420D3
:1069E000F6E70520F4E70020F2E72DE9F041044640
:1069F0000D461646324629462046F7F7CFFC074695
:106A0000FFF7BEFFBDE8F08110B5F7F7E5FC10BD5C
:106A100070B504460D4629462046F7F701FD0646A7
:106A2000FFF7AEFF70BD10B5F7F73CFD0446FFF76A
:106A3000A7FF10BD1FB504466846F7F739FD44B1FE
:106A400000982060019860600298A0609DF80C009A
:106A500020731FBD10B5F7F749FD0446FFF7AEFFE1
:106A600010BD70B504460D460020F7F745FD002027
:106A700070BD10B5F7F780FD10BD70B504460D462A
:106A800029462046F7F77EFD0646FFF779FF70BDE1
:106A90002DE9F04104460D46164632462946204669
:106AA000F7F75EFE0746FFF76BFFBDE8F08110B514
:106AB000F7F71AFF0446FFF763FF10BD70B50546F0
:106AC0000C460CB9002070BDB5F5704F06D06FF4C0
:106AD0007040284438B101280FD109E0F7F7D8FCFD
:106AE00020600120EFE7F7F7C1FC20600120EAE712
:106AF000F7F7C5FC20600120E5E70020E3E710B5CB
:106B0000F7F7C2FF10BD10B5F7F7CCFF10BD0000BE
:106B100070B505462E460024FE48864200D105E0A9
:106B2000FD48864201D1012400E070BD287D012886
:106B30007ED1687D297D88422ED0012104EB84001E
:106B400000EBC412F3484C3800EB820080F8981137
:106B500004EB840000EBC412EE484C3800EB8200DA
:106B600080F89911E0B203F093F9002104EB84005E
:106B700000EBC412E7484C3800EB8200C17004EB14
:106B8000840101EBC412E3494C3901EB820101F5A8
:106B9000AA70F9F7BBFFFFE1002101EB4401C8B285
:106BA000002103F0DFF9012104EB840000EBC412A3
:106BB000D8484C3800EB820080F89911052101EB90
:106BC0004401C8B200F088FC04EB840000EBC4115F
:106BD000D0484C3800EB8100807848B9012104EBA3
:106BE000840000EBC412CB484C3800EB820081706B
:106BF00004EB840000EBC411C6484C3800EB810064
:106C00008078F8B104EB840000EBC411C1484C3823
:106C100000EB8100C078B0B9012104EB840000EBE7
:106C2000C412BC484C3800EB8200C170002100E067
:106C30008BE004EB840000EBC412B6484C3800EB48
:106C40008200416012E004EB840000EBC411B14803
:106C50004C3800EB81004068401C04EB840101EBE0
:106C6000C412AC494C3901EB8201486004EB84004A
:106C700000EBC411A7484C3800EB810040680328A2
:106C800089D9032104EB840000EBC412A1484C38DD
:106C900000EB82004160042101EB4401C8B200F026
:106CA00035FC04EB840000EBC4119A484C3800EB2F
:106CB000810090ED5B0ADFED990AB4EEE00AF1EE97
:106CC00010FA11DD012104EB840000EBC41291489D
:106CD0004C3800EB820080F8981101EB4401C8B2F7
:106CE000012103F03FF957E104EB840000EBC411EC
:106CF00088484C3800EB810090F8980180B1012160
:106D000001EB4401C8B203F0A1F9002104EB8400B7
:106D100000EBC4127F484C3800EB820080F89811D9
:106D200004EB840202EBC4137A4A4C3A02EB83026E
:106D300092ED5B0ABCEEC00A10EE101A012202EBC3
:106D40004402D0B203F048F926E1287D02287BD125
:106D5000687D297D884222D0012104EB840000EB6C
:106D6000C4126C484C3800EB820080F8981104EB98
:106D7000840000EBC41267484C3800EB820080F8B6
:106D80009911E0B203F084F8002104EB840000EBD9
:106D9000C41260484C3800EB8200C170FCE0012155
:106DA00001EB4401C8B2002103F0DCF8012104EB3F
:106DB000840000EBC41257484C3800EB820080F886
:106DC0009911042101EB4401C8B200F085FB04EBEA
:106DD000840000EBC4114F484C3800EB81008078F0
:106DE00048B9012104EB840000EBC41249484C3837
:106DF00000EB8200817004EB840000EBC411454875
:106E00004C3800EB8100807890B304EB840000EBF9
:106E1000C41140484C3800EB8100C078A8B901216A
:106E200004EB840000EBC4123A484C3800EB8200BB
:106E3000C170002104EB840000EBC41235484C38CB
:106E400000EB8200416013E087E004EB840000EB7C
:106E5000C41130484C3800EB81004068401C04EB02
:106E6000840101EBC4122B494C3901EB82014860CB
:106E700004EB840000EBC41126484C3800EB810081
:106E80004068032832D9032104EB840000EBC412CC
:106E900020484C3800EB82004160052101EB4401A1
:106EA000C8B200F033FB04EB840000EBC4111948B6
:106EB0004C3800EB810090ED5B0ADFED180AB4EE70
:106EC000E00AF1EE10FA12DD012104EB840000EB80
:106ED000C41210484C3800EB820080F89811002151
:106EE00001EB4401C8B2012103F03CF854E004EB8B
:106EF000840000EBC41107484C3800EB810090F887
:106F00009801B0B1002101EB4401C8B203F09EF832
:106F1000002105E0CC83FF1FE085FF1F00301C45EA
:106F200004EB840000EBC4121D4800EB820080F8E3
:106F3000981104EB840202EBC413194A02EB83029A
:106F400092ED5B0ABCEEC00A10EE101A002202EBB2
:106F50004402D0B203F040F81EE0012104EB8400AB
:106F600000EBC4120E4800EB820080F8981104EB8D
:106F7000840000EBC4120A4800EB820080F89911EB
:106F8000E0B202F085FF002104EB840000EBC412A4
:106F9000034800EB8200C170287D687500BFC4E51E
:106FA0008083FF1F2DE9F84306460D461548876983
:106FB000284603F00BF90446304603F007F98046F3
:106FC000434611A211A100200094FAF711F83046AF
:106FD00003F0FCF804460DE0204600F01FF940B134
:106FE000234609A215A10020FAF702F80320BDE804
:106FF000F8833C44284603F0E9F8A042ECD2002094
:10700000F5E70000B8C10020465700001B5B333293
:107010006D5B25735D2045726173696E67207261D7
:107020006E67653A20307825303858202D2030782A
:10703000253038581B5B306D0D0A00001B5B333167
:107040006D5B25735D204572617365206661696CB7
:10705000203078253038581B5B306D0D0A00000059
:1070600010B504460120F9F7C5F90120F6F794FBA5
:1070700000BF4FF48070F6F7B7FB0128F9D140F25A
:107080003F10F6F74FFB2046F6F7FCFC00BF4FF42D
:107090008070F6F7A9FB0128F9D10020F6F77CFBF8
:1070A0000120F9F7EFF910BD30B502460B4600217B
:1070B000032502F0080010B101210A2516E002F0B4
:1070C000100010B102210B2510E002F0200010B1D9
:1070D00003210C250AE002F0400010B104210D2527
:1070E00004E002F4007008B103210C2521B902F478
:1070F000806008B101210A2521B902F4806008B935
:10710000002030BD2C4602F48020002841D102F43A
:10711000002058B1012901D107243AE0022901D108
:10712000082436E0032934D1092432E002F4801027
:1071300000BB02F4001078B1012901D10A2428E033
:10714000022901D10B2424E0032901D10C2420E0E1
:1071500004291ED10D241CE002F4800058B101293D
:1071600001D10E2415E0022901D10F2411E00329D9
:107170000FD110240DE002F4000050B1012901D11B
:10718000112406E0022901D1122402E0032900D1D2
:1071900013241C700020587058600120187200BF22
:1071A000AFE72DE9F041C0B007460C464FF0FF387D
:1071B0001AE0B4F5807F02D94FF4807000E02046D9
:1071C00005462A4669463846F6F7D6FB002606E00D
:1071D0001DF806104046FFF72DFB8046761CAE4298
:1071E000F6D32F44641B00BF002CE2D16FEA0800E5
:1071F00040B0BDE8F08110B50446E0690168204662
:10720000884740F23F10F6F78DFA2068F6F73AFC0F
:10721000E069416820468847002010BD70B50446EB
:107220000120F9F7E7F80120F6F7B6FA00BF4FF4AE
:107230008070F6F7D9FA0128F9D140F23F10F6F73D
:1072400071FA2046F6F71EFC054600BF4FF4807029
:10725000F6F7CAFA0128F9D10020F6F79DFA0120C5
:10726000F9F710F9284670BDF8B504460E462568B2
:1072700000270FE0A06904236A462946D0F808C019
:107280002046E047A0680099884200D007E02F46DA
:10729000354400BFD4E900010844A842EAD800BF41
:1072A0003846F8BD0146C86870470146086970470E
:1072B0002DE9F84304460D46E0692946C268204698
:1072C0009047E060E068A8B9E06981682046884797
:1072D000A06800902168A06904236A46D0F804C021
:1072E0002046E0472068E0602068284420610020B4
:1072F000BDE8F8836068B0FBF5F62168E068401AE5
:10730000B0FBF5F0471CB74221D3A846404601F038
:107310000FFC8146E168A0692B464A46D0F808C0B8
:107320002046E047E0698168204688472168A069D7
:107330002B464A46D0F804C02046E0472068E0606B
:10734000206828442061484600F084F802E0E068A4
:10735000284420610020CBE710B504460020F6F752
:107360001BFA0120F9F78EF800BF606980F31088DE
:1073700000BF00BF10BD2DE9F04107460C46154681
:107380001E46324629462046F6F7F6FABDE8F08159
:1073900010B5044600BF00BFEFF31080606172B605
:1073A00000BF0120F9F726F800BF4FF48070F6F710
:1073B0001BFA0128F9D1F6F7EFF910BD2DE9F047D6
:1073C00005460E4617469846E869016828468847EC
:1073D000002406E057F8049030194946F6F736FACB
:1073E000241D4445F6D3E869416828468847BDE82E
:1073F000F08770B504460D460120F8F7FBFF012029
:10740000F6F7CAF900BF4FF48070F6F7EDF90128DE
:10741000F9D129462046F6F719FA064600BF4FF47F
:107420008070F6F7E1F90128F9D10020F6F7B4F9F8
:107430000120F9F727F8304670BD70B504460D46B7
:10744000E0B2F6F72DF808B9204670BD4FF0FF30D6
:10745000FBE7000010B5002821D0114B0022001FCF
:10746000196803E0814203D80A4649680029F9D126
:1074700052B11368841A9C4204D100681844106009
:10748000104602E0506000E0186039B102680B1A43
:10749000934203D10B681A4402604968416010BDF1
:1074A0003483FF1F10B504460A4890F8350018B918
:1074B000084890F8360030B14FF40011D4F8B80104
:1074C000F6F728FE05E04FF40001D4F8B801F6F70E
:1074D00021FE10BD3C83FF1F70B50546082D00DB63
:1074E00070BD094800EB4514207801280AD1A07A24
:1074F00020B921892079F7F79FFD03E021892079C0
:10750000F7F786FC00BFEBE75C81FF1F70B505460F
:10751000082D00DB70BD094800EB451420780128D8
:107520000AD1A07A20B921892079F7F771FC03E00C
:1075300021892079F7F780FD00BFEBE75C81FF1F11
:1075400001460848814208D00748814205D00748D3
:10755000814202D00648814201D1012070470020BB
:10756000FCE70000F103DA1803F1DA18F0FFDB188A
:107570001881FF1810B503460C460F48007E0128FD
:1075800000D010BD73B90C4880F82C4080F82D2035
:107590000020094981F829000220087601200749C6
:1075A000087006E0012B00D103E0022B01D100F0AE
:1075B000E3FD00BFE5E70000E8010120F582FF1FC1
:1075C0001CB5044638211048F2F7E0FE4FF4005194
:1075D0000E48F2F7DBFE0D480B49C8604FF6FF700E
:1075E0004886084680F8344000F0A2FD00200521BE
:1075F000074B08A2CDE9001007A1F9F7F9FC01201B
:10760000134908701CBD0000E8010120E8E10020DA
:1076100003F1DA184F5441001B5B33366D5B257361
:107620005D20494E49543A20726573706F6E7365E0
:107630005F69643D3078253038582073746D696E09
:107640003D25642062733D25641B5B306D0D0A008F
:10765000F482FF1F0246002108E0064850F821008E
:10766000904201D101207047481CC1B20429F4DBCB
:107670000020F8E764EC020010B52248007800B959
:1076800010BD2148007801280FD11F48C08A00286A
:107690000BDD1D48C08A401E1B49C8820846C08AAF
:1076A00018B90420087000F043FD1748C08D002869
:1076B0000EDD1548C08D401E1349C8850846C08D93
:1076C00030B90846007E022802D101200F49087017
:1076D0000D48007E98B10C48007E03280FD00A4860
:1076E000408D00280BDD0848408D401E0649488526
:1076F0000846408D18B90420087600F03DFD00BF13
:10770000BEE70000F482FF1FE8010120F582FF1FA1
:1077100030B50446087800F0F0023848844208D1B9
:107720000878012803D1487808B935A030BD37A0C2
:10773000FCE7302A01D136A0F8E7202A01D136A093
:10774000F4E7102A01D1887800E048780546102A2D
:107750000AD1312D02D0362D04D101E030A0E5E769
:1077600035A0E3E739A0E1E7002A44D1312D36D036
:107770000CDC222D24D004DC102D10D0112D38D19A
:107780001CE0272D1ED02E2D33D126E0342D28D0FD
:10779000362D28D0372D28D03E2D2AD127E08B78C2
:1077A000012B01D12BA0C1E7022B01D12EA0BDE7F7
:1077B000032B01D131A0B9E734A0B7E738A0B5E772
:1077C0003BA0B3E78B78012B01D13DA0AEE7022BA4
:1077D00001D13EA0AAE740A0A8E744A0A6E747A0A1
:1077E000A4E74BA0A2E74FA0A0E753A09EE757A0B5
:1077F0009CE706A09AE705A098E700001881FF180B
:107800003C2D2D20456E61626C650000000000007B
:107810003C2D2D20464300003C2D2D2043460000EA
:107820003C2D2D20464620526F7574696E65436F5E
:107830006E74726F6C0000003C2D2D204646205463
:1078400072616E7366657244617461003C2D2D2017
:10785000464600003C2D2D2053657373696F6E3AC8
:1078600044454641554C54003C2D2D2053657373BF
:10787000696F6E3A50524F47000000003C2D2D209A
:1078800053657373696F6E3A455854003C2D2D2033
:1078900053657373696F6E436F6E74726F6C000023
:1078A0003C2D2D2045435552657365740000000042
:1078B0003C2D2D205265616442794964000000002E
:1078C0003C2D2D2052657153656564003C2D2D20A3
:1078D00053656E644B6579003C2D2D2053656375AF
:1078E0007269747941636365737300003C2D2D20C8
:1078F0005772697465427949640000003C2D2D205F
:10790000526F7574696E65436F6E74726F6C0000B0
:107910003C2D2D2052657175657374446F776E6CC4
:107920006F6164003C2D2D205472616E7366657228
:1079300044617461000000003C2D2D205472616E82
:107940007366657245786974000000003C2D2D2037
:1079500054657374657250726573656E74000000CF
:107960002DE9F04F8DB006460C462C480068401CAF
:107970002A490860FAF752FA4FF0000807464FF418
:107980007A72002338464146F2F7B6FC81464FF43E
:107990007A72002338464146F2F7AEFC9246204800
:1079A000864201D11FA50FE02048864201D120A5C3
:1079B0000AE02148864201D11AA505E01F48864207
:1079C00001D118A500E01EA56878522804D12146EF
:1079D0003046FFF79DFE00E013A08346E079A179D1
:1079E0006279CDE90B0BCDE909212179E078A27804
:1079F0006378CDE90532CDE907012078CDE9009A19
:107A0000CDE90256049005480FA2104903680020F2
:107A1000F9F7EEFA0DB0BDE8F08F00000C83FF1F00
:107A2000F103DA185B52585D0000000003F1DA1828
:107A30005B54585D000000001881FF18F0FFDB1850
:107A40005B2D2D5D000000004F544100A8F20200A4
:107A50002DE9F04F9FB082460D461646287800F07B
:107A6000F007287800F00F0840210AA8F2F78EFCF2
:107A700000240AE02A5D52A108A8FCF7A7FA08A989
:107A80000AA8F2F78EFC601CC4B2B44201DA082CDA
:107A9000F0DB37B1102F09D0202F0CD0302F14D1AC
:107AA0000EE049A11AA8FCF791FA13E048A11AA820
:107AB000FCF78CFA0EE048A11AA8FCF787FA09E057
:107AC00048A11AA8FCF782FA04E049A11AA8FCF719
:107AD0007DFA00BF00BFBFB9012E6DDD20216846D1
:107AE000F2F754FC01240AE02A5D35A108A8FCF74E
:107AF0006DFA08A96846F2F754FC601CC4B2B4429F
:107B000001DA082CF0DB57E0102F26D1687840EA24
:107B1000082BBBF1060F01DD062000E0584600F0FF
:107B2000FF09B9F1000F17DD20216846F2F72EFC9E
:107B300002240AE02A5D22A108A8FCF747FA08A956
:107B40006846F2F72EFC601CC4B209F10200A042A4
:107B500001DD082CEEDB00BF2EE0202F17D1012E17
:107B60002ADD20216846F2F711FC01240AE02A5D93
:107B700013A108A8FCF72AFA08A96846F2F711FC35
:107B8000601CC4B2B44201DA082CF0DB14E0302FE0
:107B900012D141466A78AB7821B1012904D002297B
:107BA00006D103E014A005E014A003E015A001E055
:107BB0000FA000BF00BF00BF1FB0BDE8F08F0000E6
:107BC000253032582000000053494E474C450000F4
:107BD0004649525354000000434F4E5345435554B9
:107BE00049564500464C4F575F4354524C000000E5
:107BF000554E4B4E4F574E00435453005741495436
:107C0000000000004F564552464C4F570000000000
:107C10002DE9F04F9FB082460D461646287800F0B9
:107C2000F007287800F00F0840210AA8F2F7AEFB11
:107C300000240AE02A5D54A108A8FCF7C7F908A9A6
:107C40000AA8F2F7AEFB601CC4B2B44201DA082CF9
:107C5000F0DB37B1102F09D0202F0CD0302F14D1EA
:107C60000EE04BA11AA8FCF7B1F913E04AA11AA83B
:107C7000FCF7ACF90EE04AA11AA8FCF7A7F909E055
:107C80004AA11AA8FCF7A2F904E04BA11AA8FCF734
:107C90009DF900BF00BF324629465046FFF760FEFF
:107CA000BFB9012E6DDD20216846F2F76FFB01247C
:107CB0000AE02A5D34A108A8FCF788F908A96846FB
:107CC000F2F76FFB601CC4B2B44201DA082CF0DB9F
:107CD00057E0102F26D1687840EA082BBBF1060F39
:107CE00001DD062000E0584600F0FF09B9F1000F61
:107CF00017DD20216846F2F749FB02240AE02A5DDD
:107D000021A108A8FCF762F908A96846F2F749FB27
:107D1000601CC4B209F10200A04201DD082CEEDBB8
:107D200000BF2EE0202F17D1012E2ADD202168462A
:107D3000F2F72CFB01240AE02A5D13A108A8FCF746
:107D400045F908A96846F2F72CFB601CC4B2B4429E
:107D500001DA082CF0DB14E0302F12D141466A78AA
:107D6000AB7821B1012904D0022906D103E014A087
:107D700005E014A003E015A001E00FA000BF00BFC4
:107D800000BF1FB0BDE8F08F253032582000000042
:107D900053494E474C450000464952535400000099
:107DA000434F4E534543555449564500464C4F5753
:107DB0005F4354524C000000554E4B4E4F574E00FF
:107DC0004354530057414954000000004F56455258
:107DD000464C4F57000000002DE9FF4F83B0884606
:107DE00014461D46DDE910A79E48007808B1012D14
:107DF00004DA4FF0FF3007B0BDE8F08F4046FFF7E0
:107E000029FC28B12A462146404600F049F902E003
:107E10004FF0FF30EFE79448804518D1082D16DB6E
:107E20002078242813D16078D22810D1A078042893
:107E30000DD1E07858B92079B52808D16079D228D9
:107E400005D1A079042802D1E07900B900BF2A4603
:107E500021464046FFF7FCFD207800F0F00920782D
:107E600000F00F06B9F1300F0BD1B34660780290E5
:107E7000A07801905846DDE90121FFF77BFB012046
:107E8000B9E77A48007800287DD1B9F1000F15D103
:107E9000B346681E584501DA00F0FF0BBBF1000F36
:107EA0000ADDBAF1000F07D037B15A46611C5046BF
:107EB000F2F753FAA7F800B000209CE7B9F1100FD1
:107EC00062D1607840EA0620684908820846008A44
:107ED000B0F5005F0CDD00200346022264490090EB
:107EE000039800F005FA00F023F94FF0FF3082E725
:107EF00001205E4908700846C0F8048000204882CE
:107F000001200875002048750846408EC882084642
:107F1000008A062801DD062001E05448008A00F0AE
:107F2000FF0B52495A46C868A11CF2F716FA4F488F
:107F3000A0F812B0408A4D49098A884213DB032019
:107F40004A490870BAF1000F09D047B10846028AC1
:107F5000C1685046F2F701FA4448008A388000F0C0
:107F6000E7F8002047E7424B42A243A10020F9F77F
:107F70003FF8052000231A463D490090039800F081
:107F8000B7F9012037E702E04FF0FF3033E7374819
:107F90000078012862D135484068404504D000F09F
:107FA000C7F84FF0FF3026E7B9F1200F04D000F0FA
:107FB000BFF84FF0FF301EE702962C48007D029E6E
:107FC000B04204D000F0B4F84FF0FF3013E7681E61
:107FD00000F0FF0B2548008A2449498A401A80B2E4
:107FE00001900198834502DD019800F0FF0B1F49C5
:107FF000C9681E4A528A88185A46611CF2F7ADF9C0
:108000001A48408A5844194948820846007D401C55
:1080100000F00F0008750846407D401C4875084672
:10802000408EC8820846408A098A884214DB0320B1
:108030000E490870BAF1000F0AD04FB10846028A03
:10804000C1685046F2F789F90848008A388000BFB5
:1080500000F06EF80020CEE60120CCE64FF0FF30B5
:10806000C9E60000F482FF1FF103DA18E8010120DD
:1080700003F1DA184F5441001B5B33366D5B2573F7
:108080005D2046463A20726573706F6E73655F6956
:10809000643D3078253038581B5B306D0D0A000088
:1080A0002DE9F04105460F4616461B481B49098835
:1080B00000EB01142560082E01DD082000E03046A9
:1080C0002073227B3946201DF2F747F914480560DA
:1080D000082E01DD082000E03046124908700846ED
:1080E000027839461048F2F738F910480068401C09
:1080F0000E49086009480088401C08490880084665
:108100000088402801DB0020088032463946284696
:10811000FFF726FCBDE8F08120020120F682FF1F58
:10812000FC82FF1F0883FF1F0083FF1FF882FF1FD1
:1081300000200F49087048600882488201200875B5
:1081400000204875C8820876C86108628884C8849F
:10815000012081F82800002081F82900488581F855
:108160002C0081F82D00C885024908707047000076
:10817000E8010120F582FF1F0020074908764885A5
:108180000862C884012081F82800002081F82900B5
:10819000C885024908707047E8010120F582FF1F79
:1081A0002DE9F04188B007460E46182102A8F2F7E3
:1081B000EDF82A48808C2949C98C401A1FFA80F8AA
:1081C000B8F1070F01DD072000E04046C5B20024EA
:1081D00004E0AA200DF80400601CC4B2082CF8DBEF
:1081E0001E4890F8280000F00F0040F020008DF8A5
:1081F0000000002409E01948006A1849C98C21448C
:10820000415C601C0DF80010C4B2AC42F3DB0822E4
:1082100069463046FFF7FCFC08236A46314602A84F
:10822000FDF7F8FE012202A93846FDF716FF0B48BC
:10823000C08C28440949C884084690F82800401C8E
:1082400000F00F0081F82800084690F82900401C33
:1082500081F82900002008B0BDE8F081E801012084
:108260002DE9F04389B081460E4617461D46182178
:1082700003A8F2F78BF8B5F5805F04DB4FF0FF3011
:1082800009B0BDE8F083002404E0AA2001A9085544
:10829000601CC4B2082CF8DBC5F3032040F01000CA
:1082A0008DF80400E8B28DF80500062D01DD0620EA
:1082B00000E0284600F0FF08002405E0395DA01C1E
:1082C00001AA1154601CC4B24445F7DB082201A97D
:1082D0003046FFF79DFC082301AA314603A8FDF7AD
:1082E00099FE012203A94846FDF7B7FE0020C7E723
:1082F0002DE9F0438BB081460C4617461D46DDF84C
:108300004880182105A8F2F741F847F030008DF8B1
:108310000C008DF80D508DF80E80032604E0AA2085
:1083200003A98855701CC6B2082EF8DB23460DA29F
:108330000DA10020CDE90058F8F75AFE082203A944
:108340002046FFF765FC082303AA214605A8FDF790
:1083500061FE012205A94846FDF77FFE0BB0BDE88E
:10836000F08300004F5441001B5B33366D5B257377
:108370005D2046433A206473745F69643D3078251C
:108380003038582062733D25642073746D696E3DEA
:1083900025641B5B306D0D0A000000002DE9F041E3
:1083A00080460F4615461C462448007818B94FF001
:1083B000FF30BDE8F0812248007E08B10120F8E7D7
:1083C00005B114B94FF0FF30F3E7002001E0411C84
:1083D00088B2A04201DA1028F9DB102C00DD00BFC2
:1083E000072C06DCE3B22A463946404600F02AF85C
:1083F000DFE7134805628484C761012010490876CD
:108400000846408E488523462A4639464046FFF7AF
:1084100027FF06461EB1FFF7AFFE3046C9E7062C20
:1084200001DD062000E020460549C884012081F8CE
:108430002800002081F829000120BAE7F482FF1FFC
:10844000E80101202DE9F04188B080460E4617462C
:108450001D46182102A8F1F799FF072D04DD4FF002
:10846000FF3008B0BDE8F081002404E0AA200DF838
:108470000400601CC4B2082CF8DB8DF80050002406
:1084800004E0395D601C0DF80010C4B2AC42F8DBAA
:10849000082269463046FFF7BBFB08236A4631468F
:1084A00002A8FDF7B7FD012202A94046FDF7D5FD60
:1084B0000020D6E710B52B48007800B910BD2A4837
:1084C000007800284CD02948007E022848D100209E
:1084D000254908702548C08C2449898C884205DBD1
:1084E000032022490876FFF747FEE7E71F4AD169D4
:1084F00092F83400FFF754FE044614B1FFF73CFE37
:10850000DCE71A48C08C1949898C884205DB0320B6
:1085100016490876FFF730FED0E7144890F82C0093
:1085200000280EDD114890F82900104991F82C1010
:10853000884206DB01200D490876002081F82900D9
:10854000BCE70A4890F82D00002805DD074890F8A0
:108550002D000649C88502E001200349087000BFCC
:1085600000BFABE7F482FF1FF582FF1FE801012087
:108570007047000010B55448047CA01E0C2879D226
:10858000DFE800F0060D143C434A52596089909789
:108590004E49D1F83C020821F5F7BCFD92E04B4969
:1085A000D1F83C022021F5F7B5FD8BE04648406943
:1085B000032807D14549D1F83C024FF48021F5F753
:1085C000A9FD1AE040484069072807D13F49D1F882
:1085D0003C024FF48061F5F79DFD0EE03A4840699A
:1085E000052803D038484069062806D13749D1F814
:1085F0003C024FF48071F5F78DFD63E03349D1F80B
:108600003C024021F5F786FD5CE03049D1F83C02A0
:108610008021F5F77FFD55E02C49D1F83C024FF45D
:108620000071F5F777FD4DE02849D1F85004082195
:10863000F5F770FD46E02549D1F850042021F5F703
:1086400069FD3FE020484069092807D11F49D1F85A
:1086500050044FF48021F5F75DFD1BE01A48406996
:108660000D2808D11949D1F850044FF48061F5F76D
:1086700051FD0FE025E0144840690B2803D0124853
:1086800040690C2806D11149D1F850044FF480718B
:10869000F5F740FD16E00D49D1F850044021F5F7FB
:1086A00039FD0FE00949D1F850048021F5F732FD7A
:1086B00008E00649D1F850044FF40071F5F72AFD9F
:1086C00000E000BF00BF10BDCC8AFF1F3C83FF1F2E
:1086D00010B524480068F9F791F823480068F9F7C5
:1086E0008DF822480068F9F789F821480068F9F701
:1086F00085F820480021018081701F48047C012CEE
:108700002CD14069022806D11C49D1F83C02102125
:10871000F5F700FD21E018484069082806D11749FF
:10872000D1F850041021F5F7F5FC16E01248406925
:10873000072807D11149D1F83C024FF40031F5F771
:10874000E9FC0AE00C4840690D2806D10B49D1F834
:1087500050044FF40031F5F7DDFC00E000BF00BF2E
:1087600010BD00005080FF1F5480FF1F5880FF1F66
:108770005C80FF1F4C80FF1FCC8AFF1F3C83FF1FC4
:10878000704770477047000010B54FF40031024841
:10879000F9F76AF810BD0000CC8AFF1F70B50446D7
:1087A0000CB1E06800B970BDE068006894F825106D
:1087B00000EB8105A978204600F0D6F8F9F72EFBEA
:1087C000A06200BFEFE770B504460CB1E06808B9DD
:1087D000002070BDE06A401CE062E168C988206B3F
:1087E0000844206304F11005287820B101280AD03C
:1087F00002282AD118E0002084F825002046FFF73F
:10880000CDFF0120E5E7E06A6968884204D320468D
:1088100000F09AF80020DCE7002084F825002046CC
:10882000FFF7BCFF0120D4E7206B6968884204D3BE
:10883000204600F089F80020CBE7002084F82500CE
:108840002046FFF7ABFF0120C3E7204600F07CF88D
:108850000020BEE710B586B0044601A8F6F778FC04
:108860000220ADF80600607A08B9012000E000207F
:10887000ADF80E002188A07901AAF6F781F9618888
:10888000E07901AAF6F77CF9A188207A01AAF6F727
:1088900077F906B010BD10B504461CB194F8240059
:1088A000012801D0002010BDD4E90712A069C4E955
:1088B0000412E0600020A061E0612062022084F8E0
:1088C0002400204600F01CF80120ECE710B5044617
:1088D0000CB1E06808B9002010BD0C34607E401C6B
:1088E0006076607E54F80C190979884203DB2046D3
:1088F000FFF769FFF0E72046FFF750FF0120EBE7A5
:1089000010B5044604B910BD0120183460772077F3
:10891000002060736061A061A0770320207354F889
:108920000C0C183C38B1E0680079002803DD2046C3
:10893000FFF734FF06E00021204600F015F8002084
:1089400084F8350000BFDEE710B5044604B910BD59
:10895000002024346074207404F824090021204687
:1089600000F002F800BFF2E72DE9F04104460D46A1
:108970000CB1072D01DBBDE8F0811A484619677A72
:10898000337803F001030BB13B4603E00FB9012339
:1089900000E000231A462188A07900F075F83378AA
:1089A000C3F340030BB13B4603E00FB9012300E0E2
:1089B00000231A466188E07900F066F83378C3F343
:1089C00080030BB13B4603E00FB9012300E0002315
:1089D0001A46A188207A00F057F884F8375000BF73
:1089E000C9E7000094DA020070B586B005460C466F
:1089F00023480078854200DA0CB906B070BD04F057
:108A0000020030B12846F7F799FCFF201D49485570
:108A1000F3E704F0040030B12846F7F78FFCFF209D
:108A200018494855E9E704F0010018B12846F7F75E
:108A300067FCE2E71348405DB0EB147F1DD3200FC5
:108A40001049485524F0704403A92046F7F7CEFB9F
:108A500090B19DF80C00F7F705FC06465EB1009654
:108A60009DF80D008DF8040004990291694628468E
:108A7000F7F784FB00BF00BF00BF00BFBDE70000E9
:108A80009BDA02007480FF1F70B505460E4614463F
:108A900024B131462846F6F7CFFA03E0314628469E
:108AA000F6F7B6F970BD0000C720F7F7A3FCF2F7A0
:108AB0006FFB01F0CFFDF7F729FD00BF10A212A157
:108AC0000020F8F795FA00BF4FF47A70F9F7BCF977
:108AD000F9F730FE62B6FAF7A3FFC720F7F7D2FC2A
:108AE0000CE01248007808B9F8F70EFCF9F796F98F
:108AF0000446F9F7F1F9FAF7E3FF00BFF1E70000E8
:108B00004D41494E000000001B5B33366D5B257301
:108B10005D204D41494E2829207374617274696E3D
:108B2000672E2E2E1B5B306D0D0A00002583FF1F64
:108B3000F0B50B30154D20F007010024144A0FE06A
:108B400003688B420BD38B4205D95E1A43184768E2
:108B5000C3E9006700E04368136002C004E0021D3F
:108B600010680028ECD12046002802D1286808B1FE
:108B70000020F0BD064A07481060074A121A22F08A
:108B80000702C0E9002401202860D7E73883FF1FCF
:108B90003483FF1F54260120506601202DE9FC4735
:108BA0000446FCF70DFE01909DF804A00020009003
:108BB000002604EB840000EBC411C34800EB8100E5
:108BC00090F8FE0108B1BDE8FC87BF48443890F832
:108BD0003C00002871D0BC49443991F83C0001F0B8
:108BE0003FFB0646B849443991F83C006A46314695
:108BF000FAF7F8FF0546002D5DD1B448BDF8001026
:108C000000EB8107B81C005D00F00308B8F1000F0D
:108C100006D0B8F1020F04D0B8F1030F49D11CE01F
:108C200048E0A949443991F83C00314604F088FCF9
:108C300001212046FCF7F0FD04EB840000EBC41199
:108C4000A14800EB8100D0ED0A0AB0EE600A204690
:108C5000FCF7FAFD04F0D2FB2CE004EB840000EBFF
:108C6000C411994800EB810090ED0A0ADFED980AE3
:108C7000B4EEE00AF1EE10FA1ADD9349443991F8A6
:108C80003C00314604F05CFC01212046FCF7C4FDA9
:108C900004EB840000EBC4118B4800EB8100D0EDA5
:108CA0000A0AB0EE600A2046FCF7CEFD04F0A6FBEF
:108CB00000E000BF00BFC8E0FFE79DF8050000F03E
:108CC0000F078149443991F83D0001F0C9FA064681
:108CD000B7426AD07C49443991F83D006A46314632
:108CE000FAF780FF0546002D5ED17848BDF80010E8
:108CF00000EB810808F10200005D00F00309B9F102
:108D0000000F06D0B9F1020F04D0B9F1030F49D119
:108D10001CE048E06C49443991F83D00314604F0CC
:108D20000FFC01212046FCF777FD04EB840000EBEB
:108D3000C411654800EB8100D0ED0A0AB0EE600A6C
:108D40002046FCF781FD04F059FB2CE004EB840085
:108D500000EBC4115C4800EB810090ED0A0ADFEDE6
:108D60005C0AB4EEE00AF1EE10FA1ADD5649443915
:108D700091F83D00314604F0E3FB01212046FCF769
:108D80004BFD04EB840000EBC4114F4800EB810065
:108D9000D0ED0A0AB0EE600A2046FCF755FD04F05B
:108DA0002DFB00E000BF00BF4EE004EB840000EBB1
:108DB000C411454800EB810090F82D00012814D122
:108DC00001212046FCF728FD04EB840000EBC411D0
:108DD0003D4800EB8100D0ED0A0AB0EE600A204663
:108DE000FCF732FD04F00AFB2EE004EB840000EBFC
:108DF000C411354800EB810090F82D00022823D1E2
:108E000004EB840000EBC4112F4800EB810090EDCF
:108E10000A0ADFED2F0AB4EEE00AF1EE10FA13DDD4
:108E200001212046FCF7F8FC04EB840000EBC411A0
:108E3000254800EB8100D0ED0A0AB0EE600A20461A
:108E4000FCF702FD04F0DAFA00BF04EB840000EB4B
:108E5000C4111D4800EB810090F82D00A0B904EB6F
:108E6000840101EBC412184901EB8201D1F8B80169
:108E70000221F5F74FF904212046FFF7B5FD002147
:108E80002046FCF7BDFA1DE004EB840101EBC4129F
:108E90000D4901EB8201D1F8B8010121F5F73AF94A
:108EA00004212046FFF7A0FD01212046FCF7A8FA87
:108EB000012104EB840000EBC412034800EB8200A4
:108EC000C0F8B01100BF7EE68083FF1F14EA0200E5
:108ED00000001C4270470000194890F84110022918
:108EE0002DDA01EB810202EBC11300F1440202EB27
:108EF000830202F14C00C26A062A1DD2DFE802F0AA
:108F000003070B10141800220275427015E00122AD
:108F10000275427011E002220275012242700CE0DB
:108F200000220275427008E000220275427004E0DF
:108F300000220275427000E000BF00BF00BF704712
:108F40003C83FF1F10B5F8F769FF10BDF0B504466C
:108F50000D461746002614B1606900B115B94FF0EF
:108F6000FF30F0BD6169B1F80404B84201DD384654
:108F700001E0B1F804040646002219E0B1F8020449
:108F800001EB800090ED000A05EB820080ED000A05
:108F9000B1F802C40CF101004FEAE07C00EB1C6C5C
:108FA0004FEA2C2CA0EB0C2CA1F802C4501C82B26E
:108FB000B242E3DBB1F80404801BA1F8040403B15E
:108FC0001E800020CDE702460AB1506910B94FF06B
:108FD000FF3070475169B1F8000401EB800080ED6B
:108FE000000AB1F80034581CC31700EB13631B12BE
:108FF000A0EB0323A1F80034B1F80404FF2804DC3B
:10900000B1F80404401CA1F804040020E1E70000CA
:1090100070B586B004460E4604B11EB94FF0FF305D
:1090200006B070BD2660356800206060A060E0601A
:1090300020611A48844207D11948606119A000686C
:109040006060002121720CE01848844207D1184862
:10905000606118A0006860600121217201E017487A
:109060006061606920B14FF481616069F1F78EF948
:1090700001A8F6F76DF84FF40040ADF81400E98848
:10908000287901AAF5F77CFD2A7A697A01232868F4
:10909000F1F794FA012020760020C1E774A00020A7
:1090A000ACA00020504F53310000000090A00020E1
:1090B000B4A40020504F533200000000BCA8002090
:1090C00070B52DED028B05469FED180AB0EE408A73
:1090D00015B9BDEC028B70BD28680468217A206840
:1090E000F1F70AFB0646D4ED060A00EE106AB8EE68
:1090F000400A60EE800A217F0120884000EE100ABD
:10910000B8EEC00A80EE801AD4ED040A94ED050A88
:1091100001EE200AB0EE408A85ED038AB0EE480ADF
:109120002846FFF750FF00BFD3E700000000000013
:109130007CB505460C461248854204D101210846FB
:10914000F5F7EAF806E00F48854203D10121022035
:10915000F5F7E2F86846F1F7EDFB208EADF8000078
:10916000608EADF80200A08EADF804006946284676
:10917000F1F7F6FA10B14FF0FF307CBD0020FCE7AC
:10918000000004400004044070B505460E46144635
:1091900004B970BD01214804F4F7ECFF218960682F
:1091A000F1F77CFC228831462846F1F721FC00BF0C
:1091B000EFE7F0B504460D461646002714B1606986
:1091C00000B115B94FF0FF30F0BD6169B1F8080882
:1091D000B04201DD304601E0B1F808080746002240
:1091E0001EE0B1F8040801EB800090ED000A05EBE9
:1091F000820080ED000AB1F804C80CF101004FEACA
:10920000E07C00EB1C6C4FEA2C2CA0EB0C2CA1F8A2
:1092100004C8B1F80808401EA1F80808501C82B222
:10922000BA42DEDB03B11F800020CDE702460AB15F
:10923000506910B94FF0FF3070475169B1F800081C
:1092400001EB800080ED000AB1F80038581CC3170C
:1092500000EB13631B12A0EB0323A1F80038B1F855
:109260000808FF2804DCB1F80808401CA1F8080829
:10927000B1F8023801F5806000EB8300C0ED000A10
:10928000B1F80238581CC31700EB13631B12A0EB94
:109290000323A1F80238B1F80A08FF2804DCB1F86A
:1092A0000A08401CA1F80A080020C5E770B5054669
:1092B0000C4604B970BD607A30B9227A01230021CE
:1092C0002846F1F77BF905E0227A01231946284662
:1092D000F1F774F900BFEDE710B586B004460CB99C
:1092E00006B010BD01A8F5F733FF4FF40040ADF80C
:1092F0001400E188207901AAF5F742FC00BFEFE7EE
:1093000070B505460E4615B10EB1306810B94FF074
:10931000FF3070BD2E60002068766860A860E8604D
:1093200028614748854209D14648686146A00188BE
:10933000A9808078A871002129721BE043488542EA
:1093400009D14348686143A00188A9808078A87149
:10935000012129720EE04048854209D13F486861E9
:109360003FA00188A9808078A8710221297201E0BC
:109370003C486861686920B140F60C016869F1F702
:1093800005F83468207A18B104F10C00FFF7A4FF47
:10939000607A18B104F11800FFF79EFFA07A18B1A7
:1093A00004F12400FFF798FF21466068FFF7C0FE34
:1093B00010B16FF00100ACE7207A20B104F10C018C
:1093C0006068FFF773FF607A20B104F118016068EC
:1093D000FFF76CFFA07A20B104F124016068FFF769
:1093E00065FF94F8360028B104F138020021606866
:1093F000FFF7CAFE94F8370028B104F144020121B6
:109400006068FFF7C1FE94F8500030B104F15402D7
:109410004FF4E0716068FBF7F3FE94F8510030B14F
:1094200004F15C0240F2C1116068FBF7E9FE4E20D6
:10943000005D08B100F046FF01206876002068E773
:10944000D8E2FF1F2CE3FF1F564D0000F4E2FF1F80
:1094500038EBFF1F4D31000010E3FF1F44F3FF1FE7
:109460004D320000C097002010B52DED048B04464E
:1094700004EB840000EBC411434800EB810090ED45
:109480005B0ADFED420AB4EEE00AF1EE10FA78DD95
:109490003F480088B0F5FA7F6EDD3E4800EB84005F
:1094A00090ED000A04EB840000EBC412364800EB98
:1094B0008200D0ED290A30EE600A10EE101A08463C
:1094C000F0F7B8FF41EC190BB0EE490AF0EE690A6B
:1094D000FAF7A4FDB0EE408AF0EE608A9FED2E0B05
:1094E00053EC102B51EC180BF0F7B8FF2ED22C4890
:1094F0000088401C2A490880084600880A282ADD7E
:109500000020088004EB840000EBC4111E4800EB2F
:10951000810090F82C0002280DD104EB840101EBAE
:10952000C412194901EB8201D1F8F8014FF400513E
:10953000F4F7F0FD0FE0012104EB840000EBC4120E
:10954000114800EB820080F8101204E014480088F3
:10955000401E1349088000200D49088004EB840058
:1095600000EBC411084800EB810090ED290A09487E
:1095700000EB840080ED000A05480088401C044987
:109580000880BDEC048B10BD8083FF1F008009455F
:10959000D080FF1FD480FF1F9A9999999999B93F5C
:1095A000D280FF1F2DE9F0412DED068B04469FED83
:1095B000FE0AB0EE409A9FEDFC0AB0EE408A0CB174
:1095C000607E18B9BDEC068BBDE8F08120680568A7
:1095D000287A00B3297D6868F1F78EF808EE900AC2
:1095E00095ED1D0AF8EE680A20EE201A95F878101D
:1095F0000120884000EE100AB8EEC00AC1EE000A51
:1096000095ED191A95ED1A0A00EE810AB0EE409A0E
:1096100084ED039A00BF687A00287CD02022515D37
:109620006868F1F769F809EE900A95ED1D0AF8EE01
:10963000690A20EE201A95F878100120884000EE83
:10964000100AB8EEC00AC1EE000A95ED1B1A95ED9E
:109650001C0A00EE810AB0EE408ABCEEC80A10EE89
:10966000100A2082207A012802D0207A02287DD197
:10967000207A401E00EB800101EBC011CB4800EBCB
:10968000810090F84D00002871D0207A401E00EB38
:10969000800101EBC011C54800EB810090F8540136
:1096A00000287DD0207A401EC7B20FB9C04800E024
:1096B000C0480646307D06EB800080ED008A307D94
:1096C000401C052190FBF1F201FB12003075707D0A
:1096D000052802DA707D401C7075DFEDB38A00202A
:1096E00009E006EB800191ED000A30EE280AF0EE69
:1096F000408A411CC8B2717D8142F2DC707D00EE6F
:10970000100AB8EE400A88EE80AA07EB870000EB4B
:10971000C711A64800E00AE300EB810080ED57AADC
:10972000227A521E02EB820303EBC2139F4A02EB22
:10973000830292ED571AF0EE410A227A521E02EB92
:10974000820303EBC213994A02EB830292ED561A8D
:10975000B0EE410A227A521E02EB820303EBC213DF
:10976000924A02EB830202F5AA7101E0BAE2BAE280
:10977000227A521E02EB820303EBC2138B4A02EBE6
:10978000830202F5A070F7F7D9F8207A401E00EBAB
:10979000800101EBC011854800EB8100816900E088
:1097A00087E2207A401E00EB800202EBC0127F4865
:1097B00000EB8200C06981422AD2207A401E00EB71
:1097C000800101EBC011794800EB81008069401CE9
:1097D000217A491E01EB810202EBC112734901EBB0
:1097E000820188610021207A401E00EB800202EB9A
:1097F000C0126E4800EB82008160207A401E00EBB0
:10980000800202EBC012694800EB82000161FAE0BD
:10981000207A401E00EB800101EBC011634800EB91
:10982000810090ED310A207A401E00EB800101EBAF
:10983000C0115E4800EB8100D0ED350AB4EEE00ABD
:10984000F1EE10FA1CDC207A401E00EB800101EBE7
:10985000C011564800EB810090ED310A207A401E7D
:1098600000EB800101EBC011504800EB8100D0ED0E
:10987000350AF1EE600AB4EEE00AF1EE10FA7DD29C
:10988000207A401E00EB800101EBC011474800EB3D
:10989000810090ED570A207A401E00EB800101EB19
:1098A000C011424800EB8100D0ED640AB4EEE00A3A
:1098B000F1EE10FA62DD207A401E00EB800101EB30
:1098C000C0113A4800EB81008168207A401E00EB0D
:1098D000800202EBC012354800EB8200C068814272
:1098E0004AD30021207A401E00EB800202EBC01216
:1098F0002E4800EB820080F86010207A401E00EBBA
:10990000800202EBC012294800EB820080F84D1063
:10991000207A401E00EB800101EBC011234800EBD0
:10992000810090F82C0002280FD1217A491E01EB0A
:10993000810202EBC1121D4901EB8201D1F8F8014D
:109940004FF40051F4F7E6FB0BE00121207A401EB2
:1099500000EB800202EBC012144800EB820080F89A
:1099600010120021207A401E00EB800202EBC01290
:109970000E4800EB82008160207A00E01CE0401E6F
:1099800000EB800101EBC011084800EB810080680A
:10999000401C217A491E01EB810202EBC1120349EE
:1099A00001EB8201886027E0000000008083FF1F38
:1099B00050FBFF1F68FBFF1F207A401E00EB800159
:1099C00001EBC011DE4800EB81008068A0B1207A75
:1099D000401E00EB800101EBC011D94800EB810073
:1099E0008068401E217A491E01EB810202EBC11200
:1099F000D34901EB82018860217A491EC8B2FFF782
:109A000033FDFAF75BFD207A401E00EB800101EB8D
:109A1000C011CB4800EB810090ED280A207A401E4F
:109A200000EB800101EBC011C54800EB8100D0EDD7
:109A3000290A30EE600AB0EEC00A207A401E00EB20
:109A4000800101EBC011BE4800EB8100D0ED350A6A
:109A5000B4EEE00AF1EE10FA7ED2207A401E00EB5E
:109A6000800101EBC011B64800EB81000169207A4A
:109A7000401E00EB800202EBC012B14800EB8200F6
:109A8000406981421BD3207A401E00EB800101EB2C
:109A9000C011AB4800EB810090F82C0002280FD1D8
:109AA000217A491E01EB810202EBC112A44901EBAC
:109AB0008201D1F8F8014FF48041F4F72BFBC1E0AB
:109AC0000021207A401E00EB800202EBC0129C486D
:109AD00000EB820080F86010207A401E00EB8002CC
:109AE00002EBC012964800EB820080F84D10217AFC
:109AF000491E01EB810202EBC112914901EB820187
:109B0000D1F884001021F4F705FB0021207A401ED3
:109B100000EB800202EBC012894800EB820080F863
:109B20005411207A401E00EB800202EBC0128448E0
:109B300000EB820080F8F810207A401E00EB8002D3
:109B400002EBC0127E4800EB820080F89C10217A64
:109B5000491E01EB810200E08AE002EBC112784964
:109B600001EB820101F5AA70F6F7D0FF207A401EC2
:109B700000EB800101EBC011714800EB8100D0F8CF
:109B8000AC010A2819D0207A401E00EB800101EBBD
:109B9000C0116B4800EB8100D0F8AC010B280CD051
:109BA000207A401E00EB800101EBC011644800EBFD
:109BB0008100D0F8AC010C280FD1217A491E01EBAD
:109BC000810202EBC1125E4901EB8201D1F8B801BA
:109BD0004FF48051F4F79EFA34E0207A401E00EBF7
:109BE000800101EBC011564800EB8100D0F8AC01B8
:109BF000022819D0207A401E00EB800101EBC01131
:109C00004F4800EB8100D0F8AC0103280CD0207A3B
:109C1000401E00EB800101EBC011494800EB8100C0
:109C2000D0F8AC0104280DD1217A491E01EB810244
:109C300002EBC112424901EB8201D1F8B801402187
:109C4000F4F768FA207A401E00EB800101EBC011A6
:109C50003B4800EB81000069401C217A491E01EB62
:109C6000810202EBC112364901EB820108611FE05B
:109C7000207A401E00EB800101EBC011304800EB60
:109C800081000069A0B1207A401E00EB800101EB49
:109C9000C0112B4800EB81000069401E217A491E4B
:109CA00001EB810202EBC112254901EB820108613F
:109CB0000BE00021207A401E00EB800202EBC01274
:109CC0001F4800EB820080F86010217A491E01EBEA
:109CD000810202EBC1121A4901EB820101F14C0031
:109CE000FCF716FF22E00021207A401E00EB8002E4
:109CF00002EBC012124800EB820080F86010207A5C
:109D0000401E00EB800202EBC0120D4800EB820007
:109D10008161217A491E01EB810202EBC1120849DF
:109D200001EB820101F14C00FCF7F2FE00BFF0EE06
:109D3000480AB0EE490A2046FFF778FA00BF41E42E
:109D40008083FF1F10B50023102208492020F6F75A
:109D5000B3FC0023102206492020F6F7ADFC0023B7
:109D6000102204492020F6F7A7FC10BD8C80FF1FAD
:109D70009C80FF1FAC80FF1F10B52DED028BAAB099
:109D8000044601ABA02202A92046FFF7DFF810B974
:109D9000BDF8040018B92AB0BDEC028B10BD9FEDD0
:109DA0000F8A00200AE002A901EB800191ED000A70
:109DB00030EE080AB0EE408A411CC8B2BDF804106B
:109DC0008842F0DBBDF8040000EE100AB8EE400A4D
:109DD000C8EE000AC4ED030A00BFDCE70000000083
:109DE00010B52DED028B8CB09FED160AB0EE408AB7
:109DF00001AB142202A91448FFF7DBF9BDF80400F7
:109E000000281BDD00240AE002A800EB840090ED8E
:109E1000000A30EE080AB0EE408A601CC4B2BDF8F9
:109E200004008442F0DBBDF8040000EE100AB8EE36
:109E3000400AC8EE000A0448C0ED030A0CB0BDECAD
:109E4000028B10BD00000000D8E2FF1F70B5044671
:109E50000D460120F6F7CEFA0120F3F79DFC00BF76
:109E60004FF48070F3F7C0FC0128F9D12946204651
:109E7000F3F7ECFC00BF4FF48070F3F7B5FC01285A
:109E8000F9D10020F3F788FC0120F6F7FBFA70BD4A
:109E900070B50646002E2FD1314C04F12005A07E6E
:109EA00018B90120A0760020E061E069401CE06163
:109EB000A07A20B921892079F5F7BEF803E021893D
:109EC0002079F4F7A5FFA87A20B929892879F5F730
:109ED000B3F803E029892879F4F79AFFE0690228AA
:109EE00009D90320E0610121084600F03BF8012177
:109EF000002000F037F832E0012E30D1184C403409
:109F000004F12005A07E18B90120A0760020E061B0
:109F1000E069401CE061A07A20B921892079F5F739
:109F20008BF803E021892079F4F772FFA87A20B931
:109F300029892879F5F780F803E029892879F4F749
:109F400067FFE069022809D90320E06101210220AE
:109F500000F008F80121032000F004F800BF70BDF4
:109F6000DC81FF1F70B505460E46082D00DB70BD75
:109F70000A4800EB4514207868B936B94FF44072AE
:109F8000D4E90401F9F798FB05E04FF40072D4E935
:109F90000401F9F791FB00BFE9E700005C81FF1FB6
:109FA00070B500210C20F4F777FF0220F3F79EFA3A
:109FB00000211020F4F770FF002407E0054800EBB3
:109FC0004415284600F064F8601CC4B2082CF5DB88
:109FD00070BD00005C81FF1F70B506460D46082E5F
:109FE00000DB70BD174800EB46142078012818D11B
:109FF0005DB9A07A20B921892079F5F71DF80FE025
:10A0000021892079F4F704FF0AE0A07A20B9218998
:10A010002079F4F7FDFE03E021892079F5F70CF8AB
:10A02000DFE740F6C310854200D905462A46D4E949
:10A030000401F9F7A3FB6A0800210348F9F79EFB26
:10A0400000BFCEE75C81FF1F0050014070B50546A0
:10A05000082D00DB70BD0D4800EB45140020A076F4
:10A06000207828B90022D4E90401F9F725FB0AE099
:10A07000A07A20B921892079F4F7CAFE03E021896A
:10A080002079F4F7D9FF00BFE4E700005C81FF1FEF
:10A0900010B5044604B910BD201D00F012F8207858
:10A0A00018B9204600F050F809E02078012806D1C0
:10A0B000208B20B1228B21892079F4F745FF00BF46
:10A0C000E9E710B586B004460CB906B010BD01A88A
:10A0D000F5F73EF80220ADF806002020ADF80A00A2
:10A0E0000020ADF81400A07918B10020ADF80400EC
:10A0F00002E00120ADF80400A188207801AAF4F75D
:10A100003FFD00BFE1E7000070B50546064800EBE3
:10A11000451414B94FF0FF3070BD0122D4E9040199
:10A12000F9F76EFA0020F7E75C81FF1F10B50121F7
:10A130000348F9F7FBFB0348F9F7B0FB002010BD1B
:10A14000006401400050014010B586B004460CB9CF
:10A1500006B010BD0121E068F4F79CF8228B21893C
:10A160002079F4F7F1FE00208DF80C0030208DF8F6
:10A170000D0000218DF80E1002218DF80F1040F611
:10A18000C310059003A92069F9F7B8F80120ADF8CC
:10A190000400ADF80600ADF808000020ADF80A0094
:10A1A0006A46D4E90401F9F77BF94FF44072D4E927
:10A1B0000401F9F781FA00BFCAE738B50446042262
:10A1C00069462046F3F7D8FB009838BD014603489E
:10A1D0008069401E21EA000070470000B8C10020DD
:10A1E0007CB505460E46002403E0285D0DF804000A
:10A1F000641C042CF9DBE7208DF8040038208DF86E
:10A20000050031466846FCF789FA7CBD10B5F6F7C3
:10A210007DF910BD38B5044607480078A04209D042
:10A2200005480094037805A205A10020F6F7E0FE9A
:10A230000148047038BD0000B8C100204657000036
:10A240001B5B33326D5B25735D2053746174653A1B
:10A25000202564202D3E2025641B5B306D0D0A00F7
:10A260000146002031291FD008DC10290DD011290A
:10A270000CD023290BD024291FD109E0A12908D013
:10A28000A22907D0A72918D105E000BF00BF00BF51
:10A2900000BF00BF00BF0A4A92F83E20012A01D148
:10A2A000012000E0002009E0054A92F83F20012A41
:10A2B00001D1012000E0002000E000BF00BF704796
:10A2C0003C83FF1F0EB501210420F3F7E3FF0020BC
:10A2D0008DF8000030208DF8010000218DF802106B
:10A2E00002218DF8031040F6C3100290694607481A
:10A2F000F9F704F84FF4967200210448F9F73EFA92
:10A30000012211460148F8F797FF0EBD00500140A9
:10A3100010B50446084890F8380030B14FF40031C9
:10A32000D4F8B801F3F7F6FE05E04FF48021D4F835
:10A33000B801F3F7EFFE10BD3C83FF1F10B50446D4
:10A34000054880692421026803489047A06A016893
:10A350002046884710BD0000C082FF1F70B504462C
:10A360000F488069C1680E48884706460C488069D6
:10A3700024232246314685680948A84709492068B0
:10A3800088420BD024212046F0F700F805482060D1
:10A390004FF47A702081204600F044F8002070BD10
:10A3A000C082FF1FA55AA55A70B504460D46242247
:10A3B00029462046EFF7D1FF70BD0246022901DB96
:10A3C0000020704701EB410302F10C0050F823001C
:10A3D000F7E708B501464868009008BD022902DB8E
:10A3E0009FED050A704701EB410300F10C0202EBFF
:10A3F000830292ED010AF5E700000000022902DB6A
:10A400009FED050A704701EB410300F10C0202EBDE
:10A41000830292ED020AF5E7000000000146088978
:10A4200070470000F0B589B0054617488069C168DB
:10A430001548884707461448806924236A463946E8
:10A4400086681148B047242269462846EFF7D6FFB0
:10A4500010B9002009B0F0BD0C4828600A48806996
:10A4600001690948884704460748806924232A4629
:10A47000214646680448B0470348C46004F12400FC
:10A48000014908610020E5E7C082FF1FA55AA55ACF
:10A4900070B504460D461646022D02DB4FF0FF3024
:10A4A00070BD05EB450104F10C0040F82160A06A85
:10A4B000416820468847F3E713B504460198606079
:10A4C000A06A4168204688471CBD000070B52DED8C
:10A4D000048B82B004460D46B0EE409A022D05DB97
:10A4E0004FF0FF3002B0BDEC048B70BDB5EEC09AEA
:10A4F000F1EE10FA06D39FED2C0AB4EEC09AF1EEFD
:10A5000010FA02DD6FF00100ECE705EB450104F104
:10A510000C0000EB810080ED029A606801900DF163
:10A520000600405D00F0030605EB450104F10C0058
:10A5300000EB810090ED028AF0EE488A9EB1022E77
:10A5400002D0032E0ED106E0B3EE060A38EE000A62
:10A55000F0EE408A0AE0B3EE060A38EE400AF0EE6A
:10A56000408A03E000BFF0EE488A00BF00BFF5EE6E
:10A57000C08AF1EE10FA06D39FED0B0AF4EEC08A02
:10A58000F1EE10FA02DD6FF00100ABE705EB4501DB
:10A5900004F10C0000EB8100C0ED018AA06A416863
:10A5A000204688479EE7000000401C4670B50446E0
:10A5B0000D462581A06A41682046884770BD7047D6
:10A5C0007047000010B500241EE004EB840000EB8F
:10A5D000C4110F4800EB810090F82D0098B104EBF6
:10A5E000840101EBC4120A4901EB8201D1F8B801E0
:10A5F0000121F3F78FFDE0B20121FEF7F5F9E0B29A
:10A600000121FAF7FDFE641C022CDEDB10BD000008
:10A610008083FF1F10B50E49D1F8FC010221F3F72A
:10A6200079FD0B49D1F810040221F3F773FD0221E3
:10A630000020FEF7D9F902210120FEF7D5F900210B
:10A640000846FAF7DDFE00210120FAF7D9FE10BD19
:10A650003C83FF1F00B585B000210C20F4F71CFCE3
:10A6600000211020F4F718FC6846F4F771FD022071
:10A67000ADF802002020ADF806000020ADF8000083
:10A68000ADF810006A4680210120F4F779FA6A4695
:10A690004FF400410020F4F773FA6846F4F758FDD0
:10A6A0000220ADF802002020ADF806000020ADF831
:10A6B0000000ADF810006A4608210120F4F760FAA6
:10A6C0006A4610210120F4F75BFA05B000BD0000D6
:10A6D00030B585B00446200E8DF81000200C8DF8A2
:10A6E0001100200A8DF81200E0B28DF81300234605
:10A6F00020A221A10020F6F77BFC9DF813009DF815
:10A7000012109DF81120CDE9002102909DF8103023
:10A7100018A226A10020F6F76BFC03A904A8FFF7F6
:10A720005FFD9DF80C0000069DF80D1040EA014009
:10A730009DF80E1040EA01209DF80F1040EA010537
:10A740002B460CA225A10020F6F752FC9DF80F1015
:10A750009DF80E009DF80D20CDE9002002919DF896
:10A760000C3004A227A10020F6F742FC284605B0D1
:10A7700030BD0000554453001B5B33366D5B2573C1
:10A780005D2043616C63756C6174696E67206B65F5
:10A79000792066726F6D20736565643A2030782584
:10A7A0003038581B5B306D0D0A0000001B5B3336E0
:10A7B0006D5B25735D2053656564206279746573F4
:10A7C0003A20253032582025303258202530325852
:10A7D00020253032581B5B306D0D0A001B5B333671
:10A7E0006D5B25735D2043616C63756C617465649A
:10A7F000206B65793A203078253038581B5B306DF6
:10A800000D0A00001B5B33366D5B25735D204B65C5
:10A81000792062797465733A2025303258202530CA
:10A820003258202530325820253032581B5B306D8D
:10A830000D0A000001480068704700001883FF1FE0
:10A8400010B507A207A10020F6F7D2FB144800F0CC
:10A8500053F803A213A10020F6F7CAFB10BD0000B5
:10A86000444C00001B5B33326D5B25735D203D3D26
:10A870003D204669726D7761726520446F776E6C1A
:10A880006F616420496E7465726661636520496E0C
:10A890006974203D3D3D1B5B306D0D0A00000000DA
:10A8A00074EC02001B5B33326D5B25735D203D3D14
:10A8B0003D204669726D7761726520446F776E6CDA
:10A8C0006F616420496E7465726661636520496ECC
:10A8D000697420446F6E65203D3D3D1B5B306D0DFE
:10A8E0000A0000000348006808B1012070470020FA
:10A8F000FCE700001883FF1F10B5044634B104487C
:10A90000046004A204A10020F6F772FB10BD000051
:10A910001883FF1F444C00001B5B33326D5B2573B3
:10A920005D20446F776E6C6F616420696E74657230
:10A930006661636520726567697374657265641B1F
:10A940005B306D0D0A00000010B50A480068401C1D
:10A9500008490860084600680749484307494968AC
:10A960004418234606A207A10020F6F741FB204623
:10A9700010BD00001483FF1FB979379E2006012007
:10A98000554453001B5B33366D5B25735D20476573
:10A990006E65726174652073656564202852414E4E
:10A9A000444F4D206D6F6465293A2030782530384A
:10A9B000581B5B306D0D0A002DE9F04104460D4631
:10A9C00017461E460AA20BA10020F6F711FB012D27
:10A9D00006DA21781322002002F04EF9BDE8F0815A
:10A9E0000020307002A20EA1F6F702FB00BFF5E7CF
:10A9F000554453001B5B33366D5B25735D203E3E33
:10AA00003E2048616E646C652030783134202843E4
:10AA10006C65617220445443291B5B306D0D0A0044
:10AA20001B5B33326D5B25735D2044544320636CA4
:10AA300065617265641B5B306D0D0A002DE9F84F8E
:10AA400005460F469046994653A254A10020F6F7BA
:10AA5000CFFA022F0CDA3B464FA260A10020F6F796
:10AA6000C7FA29781322002002F006F9BDE8F88F12
:10AA70006E78334648A264A10020F6F7B9FA012E99
:10AA800004D0022E09D0032E15D10DE0012442A2DC
:10AA900065A10020F6F7ACFA19E002243EA26DA1F0
:10AAA0000020F6F7A5FA12E003243BA275A10020CE
:10AAB000F6F79EFA0BE0334637A27DA10020F6F7A9
:10AAC00097FA29781222002002F0D6F8CEE700BFCC
:10AAD000012C1ED1834803782FA283A10020F6F712
:10AAE00087FA01207F490870002048700874C86008
:10AAF0008860FFF7F7FE002835D0FFF79BFE8246FF
:10AB0000DAF82800804724A283A10020F6F770FA23
:10AB100029E0032C16D17348007801280CD11EA21D
:10AB20008CA10020F6F764FA03206E49087000201B
:10AB300048700874C86016E017A293A10020F6F7C9
:10AB400057FA10E0022C0ED16648037812A29BA19E
:10AB50000020F6F74DFA0220624908700020487084
:10AB60000874C860886088F80060012089F80000D7
:10AB70005C48037808A29EA10020F6F739FA99F8FC
:10AB80000000009098F8003003A2A3A10020F6F77F
:10AB90002FFA00BF6AE70000554453001B5B3332B5
:10ABA0006D5B25735D203E3E3E2048616E646C65A2
:10ABB00020307831302028446961676E6F73746982
:10ABC000632053657373696F6E20436F6E74726F89
:10ABD0006C291B5B306D0D0A000000001B5B3331DC
:10ABE0006D5B25735D204C656E67746820657272BD
:10ABF0006F723A206C656E3D2564203C20321B5BF1
:10AC0000306D0D0A000000001B5B33366D5B257351
:10AC10005D207375625F66756E633D3078253032F6
:10AC2000581B5B306D0D0A001B5B33326D5B257367
:10AC30005D20526571756573743A204445464155EF
:10AC40004C542073657373696F6E1B5B306D0D0A16
:10AC5000000000001B5B33326D5B25735D20526585
:10AC600071756573743A2050524F4752414D4D49AA
:10AC70004E472073657373696F6E1B5B306D0D0AF1
:10AC8000000000001B5B33326D5B25735D20526555
:10AC900071756573743A20455854454E44454420B7
:10ACA00073657373696F6E1B5B306D0D0A00000076
:10ACB0001B5B33336D5B25735D205375622D6675A9
:10ACC0006E6374696F6E206E6F7420737570706F31
:10ACD000727465643A203078253032581B5B306DD1
:10ACE0000D0A0000200601201B5B33326D5B2573CB
:10ACF0005D2053657373696F6E206368616E67656D
:10AD00003A202564202D3E2044454641554C541B95
:10AD10005B306D0D0A0000001B5B33326D5B2573E9
:10AD20005D20446F776E6C6F6164206D6F64756C2D
:10AD300065207265736574206F6E204445464155E9
:10AD40004C542073657373696F6E1B5B306D0D0A15
:10AD5000000000001B5B33326D5B25735D20536583
:10AD60007373696F6E206368616E67653A2044454E
:10AD70004641554C54202D3E20455854454E44459F
:10AD8000441B5B306D0D0A001B5B33366D5B257316
:10AD90005D20416C726561647920696E204558546C
:10ADA000454E4445442073657373696F6E2C206B68
:10ADB0006565701B5B306D0D0A0000001B5B333254
:10ADC0006D5B25735D2053657373696F6E206368D7
:10ADD000616E67653A202564202D3E2050524F4712
:10ADE00052414D4D494E471B5B306D0D0A0000002E
:10ADF0001B5B33326D5B25735D20526573706F6E24
:10AE000073653A2073657373696F6E3D25641B5BD0
:10AE1000306D0D0A000000001B5B33326D5B257343
:10AE20005D20526573706F6E73652064617461207C
:10AE3000746F2073656E643A205B30782530325829
:10AE40005D2C206C656E3D25641B5B306D0D0A002A
:10AE50002DE9F04190B005460F4690461E46374812
:10AE6000036837A238A10020F6F7C2F8022F0CDAE7
:10AE700044A245A10020F6F7BBF829781322002050
:10AE800001F0FAFE10B0BDE8F0816C7823462CA2E8
:10AE900045A10020F6F7ACF8012C0DD0032C0BD007
:10AEA000234638A24AA10020F6F7A2F829781222F8
:10AEB000002001F0E1FEE5E720480068002832D1DB
:10AEC0001FA25049F6F794F802A8F8F75FFE089918
:10AED0000398CDE900011AA24B490020029BF6F726
:10AEE00087F84A49029888420CD11120089002A89C
:10AEF000F8F760FE4FF4803311A245A10020F6F769
:10AF000077F805E00EA252490020029BF6F770F890
:10AF10000020307064230AA24EA1F6F769F864207D
:10AF20005A49086008E006A259490020F6F760F87F
:10AF300088F800400120307000BFA3E708ED00E072
:10AF40004D41494E000000001B5B33366D5B25739D
:10AF50005D203E3E3E2048616E646C652030783155
:10AF6000312028454355205265736574292C20569D
:10AF7000544F523D3078253038580D0A1B5B306DE8
:10AF80000D0A0000554453001B5B33316D5B257384
:10AF90005D204C656E677468206572726F721B5B12
:10AFA000306D0D0A000000001B5B33366D5B2573AE
:10AFB0005D20202072657365745F747970653D3023
:10AFC00078253032580D0A1B5B306D0D0A000000E9
:10AFD0001B5B33336D5B25735D2052657365742095
:10AFE00074797065206E6F7420737570706F7274F1
:10AFF00065643A203078253032581B5B306D0D0A7D
:10B0000000000000ECF3020058F302000053445526
:10B010001B5B33366D5B25735D20202070656E648D
:10B02000696E675F7369643D30783131207772698A
:10B030007474656E20746F20666C6173682061742F
:10B04000203078253038580D0A1B5B306D0D0A0012
:10B0500008F302001B5B33366D5B25735D202020F7
:10B0600044656C61796564207265736574207363EF
:10B07000686564756C656420696E202564206D7355
:10B080000D0A1B5B306D0D0A000000002083FF1FBE
:10B09000A8F302002DE9F84305468846164699466E
:10B0A00025A226A10020F5F7A3FFB8F1030F0CDAC3
:10B0B000434621A22CA10020F5F79AFF29781322FC
:10B0C000002001F0D9FDBDE8F883A878697840EA4E
:10B0D0000124234618A22FA10020F5F789FFB4F51B
:10B0E000704F12D04FF2010084420ED0401C8442B7
:10B0F0000BD0234610A22EA10020F5F779FF297866
:10B100003122002001F0B8FDDDE7204601F06AFBA6
:10B110000746200A30707470380AB070F770042047
:10B1200089F80000234604A22CA100200097F5F71F
:10B130005FFF00BFC7E70000554453001B5B33327D
:10B140006D5B25735D203E3E3E2048616E646C65FC
:10B150002030783232202852656164204461746165
:10B16000291B5B306D0D0A001B5B33316D5B257352
:10B170005D204C656E677468206572726F723A204C
:10B180006C656E3D2564203C20331B5B306D0D0AE1
:10B19000000000001B5B33366D5B25735D20444966
:10B1A000443D3078253034581B5B306D0D0A00006B
:10B1B0001B5B33336D5B25735D20444944206F7501
:10B1C00074206F662072616E67653A203078253092
:10B1D00034581B5B306D0D0A000000001B5B3332DE
:10B1E0006D5B25735D20526573706F6E73653A20D9
:10B1F0004449443D3078253034582C2056616C75D4
:10B20000653D3078253034581B5B306D0D0A0000E9
:10B210002DE9F04106460F461446984619A21AA198
:10B220000020F5F7E5FE022F0BDA16A221A100207F
:10B23000F5F7DEFE31781322002001F01DFDBDE898
:10B24000F0817578012D0DD0022D0BD02B460DA26B
:10B2500020A10020F5F7CCFE31781222002001F069
:10B260000BFDECE7257000206070A070E0700420FA
:10B2700088F8000003A224A10020F5F7B9FE00BF62
:10B28000DDE70000554453001B5B33366D5B2573CF
:10B290005D203E3E3E2048616E646C652030783112
:10B2A0003920285265616420445443291B5B306D6A
:10B2B0000D0A00001B5B33316D5B25735D204C650F
:10B2C0006E677468206572726F721B5B306D0D0A59
:10B2D000000000001B5B33336D5B25735D205375ED
:10B2E000622D66756E6374696F6E206E6F74207365
:10B2F0007570706F727465643A20307825303258FA
:10B300001B5B306D0D0A00001B5B33366D5B2573D4
:10B310005D20526573706F6E73653A206E6F2044C6
:10B3200054431B5B306D0D0A000000002DE9FF4FF8
:10B3300085B004468B4659A259A10020F5F758FE66
:10B340006448007802280ED06248037853A262490C
:10B350000020F5F74DFE21787F22002001F08CFCC3
:10B3600009B0BDE8F08F5B48407802280CD05948FE
:10B3700043784AA259490020F5F73AFE2178332252
:10B38000002001F079FCEBE7FFF7ACFA50B943A2DB
:10B3900053A10020F5F72CFE21782222002001F095
:10B3A0006BFCDDE760780490A7783D0907F00F0695
:10B3B00025B1042D02DC0EB1042E0BDD3B4637A275
:10B3C00054A10020F5F714FE21783122002001F06D
:10B3D00053FCC5E7E81C3044C0B258450EDDE81CFC
:10B3E00030445B462DA259A100900020F5F700FEE5
:10B3F00021781322002001F03FFCB1E74FF0000854
:10B40000002005E0C11C615C41EA0828411CC8B26B
:10B41000A842F7DB4FF00009002006E0E91C0144D8
:10B42000615C41EA0929411CC8B2B042F6DB4346DF
:10B430001AA251A10020CDF80090F5F7D9FDFFF731
:10B44000F9F903900398494642684046904782467E
:10B45000BAF1000F11D0504601F0CEF802900298D8
:10B4600053460EA2544900900020F5F7C1FD217803
:10B470000020029A01F000FC72E740210798017059
:10B4800000210798417002210898017003A24BA186
:10B490000020F5F7ADFD00BF62E700005544530002
:10B4A0001B5B33326D5B25735D203E3E3E20486161
:10B4B0006E646C6520307833342028526571756570
:10B4C000737420446F776E6C6F6164291B5B306D01
:10B4D0000D0A00002006012050F602001CF50200B3
:10B4E0001B5B33336D5B25735D20446F776E6C6F30
:10B4F000616420696E74657266616365206E6F7445
:10B5000020726567697374657265641B5B306D0DCD
:10B510000A0000001B5B33316D5B25735D20496EB3
:10B5200076616C696420616464722F73697A652046
:10B530006C656E6774683A20616C66693D30782589
:10B540003032581B5B306D0D0A0000001B5B33313D
:10B550006D5B25735D204C656E6774682065727243
:10B560006F723A206C656E3D2564203C2025641B7B
:10B570005B306D0D0A0000001B5B33326D5B257381
:10B580005D205265717565737420646F776E6C6FA2
:10B5900061643A20616464723D3078253038582CFB
:10B5A0002073697A653D25642062797465731B5B3D
:10B5B000306D0D0A000000000CF802001B5B3332F6
:10B5C0006D5B25735D20446F776E6C6F61642061E5
:10B5D000636365707465642C206D617820626C6FA4
:10B5E000636B2073697A653D3078343030301B5B93
:10B5F000306D0D0A000000002DE9F84F0446894621
:10B6000092461F4634A235A10020F5F7F1FC4148CF
:10B61000007802280DD03F4803782FA23E49002031
:10B62000F5F7E6FC21787F22002001F025FBBDE83C
:10B63000F88F3848407802280CD03648437826A244
:10B6400036490020F5F7D4FC21783322002001F0A0
:10B6500013FBECE7FFF746F950B91FA230A1002019
:10B66000F5F7C6FC21782222002001F005FBDEE779
:10B67000FFF7E0F80646F068804705468DB128469A
:10B6800000F0BAFF80462B4613A232490020CDF8C5
:10B690000080F5F7ADFC21784246002001F0ECFA7D
:10B6A000C5E7306B804748B10BA22BA10020F5F70E
:10B6B0009FFC2178002001F07DFBB8E72178002372
:10B6C0001A46184601F010FB0020387002A231A182
:10B6D000F5F78EFC00BFAAE7554453001B5B3332DD
:10B6E0006D5B25735D203E3E3E2048616E646C6557
:10B6F0002030783337202852657175657374205473
:10B7000072616E736665722045786974291B5B30BF
:10B710006D0D0A0020060120A4F60200B4F5020017
:10B720001B5B33336D5B25735D20446F776E6C6FED
:10B73000616420696E74657266616365206E6F7402
:10B7400020726567697374657265641B5B306D0D8B
:10B750000A00000050F802001B5B33326D5B25735A
:10B760005D205472616E7366657220657869743A03
:10B770002070656E64696E6720726573706F6E739A
:10B780006520284E52432030783738291B5B306DB6
:10B790000D0A00001B5B33326D5B25735D20547214
:10B7A000616E736665722065786974206163636594
:10B7B000707465641B5B306D0D0A00002DE9F04369
:10B7C0008FB004460D4690461E4630A230A10020A0
:10B7D000F5F70EFC042D0DDA2B462CA239A1002022
:10B7E000F5F706FC21781322002001F045FA0FB08E
:10B7F000BDE8F083A078617840EA0129E7784B46FC
:10B8000022A23BA100200097F5F7F2FB44484078C4
:10B8100002280CD0424843781CA242490020F5F788
:10B82000E7FB21783322002001F026FADFE73E48CB
:10B830000068B0F5D03F04D03B480068B0F5882FD1
:10B8400016D1382101A8EEF7A1FD3848019001205A
:10B8500002903120079001A8F8F7ACF90020307071
:10B860000AA23349F5F7C4FB6420324908600AE0B4
:10B8700088F80070012030704FF4D03303A22EA15D
:10B880000020F5F7B5FB00BFB1E7000055445300B9
:10B890001B5B33326D5B25735D203E3E3E2048616D
:10B8A0006E646C6520307833312028526F7574696E
:10B8B0006E6520436F6E74726F6C291B5B306D0D6B
:10B8C0000A0000001B5B33316D5B25735D204C6506
:10B8D0006E677468206572726F723A206C656E3D97
:10B8E0002564203C20341B5B306D0D0A00000000F5
:10B8F0001B5B33366D5B25735D205249443D3078C8
:10B90000253034582C206374726C5F747970653DF7
:10B910003078253032581B5B306D0D0A0000000076
:10B920002006012068F5020008ED00E000534455B0
:10B9300044FA02002083FF1F1B5B33326D5B2573CB
:10B940005D20526F7574696E6520436F6E74726FFF
:10B950006C3A20426F6F7420736C6F74207365743F
:10B9600020746F203078253038581B5B306D0D0AFD
:10B97000000000002DE9FC470446884615461F4696
:10B980009EA29FA10020F5F733FBAA484068A94971
:10B990004978CDE90010A748037898A2A64900206D
:10B9A000F5F726FBB8F1020F0CDA434693A2A3A1E8
:10B9B0000020F5F71DFB21781322002001F05CF92F
:10B9C000BDE8FC87667833468CA2A7A10020F5F776
:10B9D0000FFB98480078032810D09648007802287A
:10B9E0000CD09448037885A2A7490020F5F700FB06
:10B9F00021782222002001F03FF9E1E78D4880689C
:10BA000060B18C4883687DA2A0A10020F5F7F0FA10
:10BA100021783722002001F02FF9D1E706F001004C
:10BA2000002852D075A2A5A10020F5F7E1FA8148BF
:10BA30004078012819D17F4870A2A849C368002026
:10BA4000F5F7D6FA2E707B48C068000E687079480A
:10BA5000C068000CA87077488089000AE8707548B3
:10BA6000007B287105203870AAE77248407860B1E1
:10BA70007048437861A29AA10020F5F7B9FA2178BD
:10BA80002422002001F0F8F89AE7FEF75DFF6949EB
:10BA9000C86001204870084658A2A1A1C3680020D0
:10BAA000F5F7A6FA2E706348C068000E687061480A
:10BAB000C068000CA8705F488089000AE8705D4883
:10BAC000007B28710520387096E04CA29EA10020D2
:10BAD000F5F78EFA57484078022808D147A2A1A16D
:10BAE0000020F5F785FA2E700120387068E751487C
:10BAF000407801280CD04F48437840A2A6A10020EE
:10BB0000F5F776FA21782422002001F0B5F857E7FE
:10BB1000B8F1060F0BDA434638A2ADA10020F5F7C5
:10BB200067FA21781322002001F0A6F848E7A078F0
:10BB30000006E17840EA0140217940EA012061797C
:10BB400040EA01094B462DA2ADA10020F5F750FABD
:10BB50003849C868FEF7BCFD8246D14513D127A2FB
:10BB6000B1A10020F5F744FA0220324948700020C4
:10BB7000087488602E700120387020A2B4A10020C3
:10BB8000F5F736FA37E053461CA2BAA10020CDF8EB
:10BB90000090F5F72DFA2748007C401C25490874D1
:10BBA00000204870C8600846007C897F884213DB0B
:10BBB0002048007C642110FB01F01E498860084683
:10BBC00083680EA2BAA10020F5F712FA2178362276
:10BBD000002001F051F80EE01648807F00901548D3
:10BBE000037C06A2BFA10020F5F702FA21783522D6
:10BBF000002001F041F800BF00BFE1E655445300CA
:10BC00001B5B33326D5B25735D203E3E3E204861F9
:10BC10006E646C6520307832372028536563757206
:10BC200069747920416363657373291B5B306D0D03
:10BC30000A00000020060120B4F902001B5B33312A
:10BC40006D5B25735D204C656E677468206572724C
:10BC50006F723A206C656E3D2564203C20321B5B80
:10BC6000306D0D0A000000001B5B33366D5B2573E1
:10BC70005D207375625F66756E633D307825303286
:10BC8000581B5B306D0D0A0024F902001B5B333337
:10BC90006D5B25735D2053656375726974792064EB
:10BCA000656C6179206163746976653A202564204A
:10BCB0006D731B5B306D0D0A000000001B5B33329F
:10BCC0006D5B25735D2052657175657374207365B6
:10BCD00065641B5B306D0D0A00000000E0F8020097
:10BCE0001B5B33336D5B25735D2057726F6E67206E
:10BCF000737461746520666F722073656564207269
:10BD000065717565737421207365637572697479E3
:10BD10005F73746174653D25641B5B306D0D0A00B3
:10BD20001B5B33326D5B25735D2053656564206753
:10BD3000656E6572617465643A20307825303858D4
:10BD40001B5B306D0D0A00001B5B33326D5B25738E
:10BD50005D2053656E64206B65791B5B306D0D0A49
:10BD6000000000001B5B33336D5B25735D20447561
:10BD7000706C69636174652053656E644B65792CE2
:10BD800020616C726561647920756E6C6F636B65A0
:10BD9000641B5B306D0D0A001B5B33336D5B2573D9
:10BDA0005D2057726F6E6720737461746520666FD3
:10BDB00072206B6579212073656375726974795F90
:10BDC00073746174653D25641B5B306D0D0A000062
:10BDD0001B5B33316D5B25735D204B6579206C6592
:10BDE0006E677468206572726F723A206C656E3D82
:10BDF0002564203C20361B5B306D0D0A00000000DE
:10BE00001B5B33366D5B25735D2052656365697618
:10BE10006564206B65793A203078253038581B5B93
:10BE2000306D0D0A000000001B5B33326D5B257323
:10BE30005D204B65792056414C49442120556E6C5C
:10BE40006F636B696E672E2E2E1B5B306D0D0A00C3
:10BE50001B5B33326D5B25735D20536563757269BF
:10BE6000747920756E6C6F636B6564211B5B306D3C
:10BE70000D0A00001B5B33336D5B25735D204B6542
:10BE80007920494E56414C494421206578706563BC
:10BE90007465643D3078253038582C20676F743DC8
:10BEA0003078253038581B5B306D0D0A00000000DB
:10BEB0001B5B33336D5B25735D204D6178206174AE
:10BEC00074656D70747320726561636865642120A8
:10BED00064656C61793D2564206D731B5B306D0D6D
:10BEE0000A0000001B5B33336D5B25735D204174DA
:10BEF00074656D7074733A2025642F25641B5B3064
:10BF00006D0D0A002DE9F04105460F4690461E468C
:10BF1000002416A216A10020F5F76AF8022F00DB14
:10BF20006C7874B1802C0CD0234610A21CA1002088
:10BF3000F5F75EF829781222002000F09DFEBDE89A
:10BF4000F081802C09D188F800400120307007A2D0
:10BF500020A10020F5F74CF805E00020307003A286
:10BF600027A1F5F745F800BFE9E700005544530065
:10BF70001B5B33366D5B25735D203E3E3E20486182
:10BF80006E646C6520307833452028546573746581
:10BF90007250726573656E74291B5B306D0D0A00FB
:10BFA0001B5B33336D5B25735D205375622D6675A6
:10BFB0006E6374696F6E206E6F7420737570706F2E
:10BFC000727465643A203078253032581B5B306DCE
:10BFD0000D0A00001B5B33366D5B25735D205265D7
:10BFE00073706F6E73652077697468207375625F14
:10BFF00066756E633D307838301B5B306D0D0A001E
:10C000001B5B33366D5B25735D204E6F207265734D
:10C01000706F6E73651B5B306D0D0A002DE9FF4F6D
:10C0200081B004460D46904645A246A10020F4F793
:10C03000DFFF5048007802280ED04E48037840A217
:10C040004D490020F4F7D4FF21787F22002000F032
:10C0500013FE05B0BDE8F08F4648407802280CD0AA
:10C060004448437836A245490020F4F7C1FF2178BF
:10C070003322002000F000FEEBE7FEF733FC50B95E
:10C080002FA23FA10020F4F7B3FF21782222002045
:10C0900000F0F2FDDDE7022D0BDA2B4628A245A1C8
:10C0A0000020F4F7A5FF21781322002000F0E4FD22
:10C0B000CFE76678A81E1FFA80F9334620A248A170
:10C0C0000020CDF80090F4F793FFFEF7B3FB824613
:10C0D0004A46A11C3046DAF80830984707468FB127
:10C0E000384600F089FA83463B4615A249490020AC
:10C0F000CDF800B0F4F77CFF21785A46002000F01C
:10C10000BBFDA6E7DAF83000804748B10CA242A197
:10C110000020F4F76DFF2178002000F04BFE98E737
:10C12000762088F8000088F80160022104980170E8
:10C1300003A248A10020F4F75BFF00BF89E70000DD
:10C14000554453001B5B33366D5B25735D203E3ECB
:10C150003E2048616E646C65203078333620285468
:10C1600072616E736665722044617461291B5B3075
:10C170006D0D0A002006012000F60200D0F4020036
:10C180001B5B33336D5B25735D20446F776E6C6F83
:10C19000616420696E74657266616365206E6F7498
:10C1A00020726567697374657265641B5B306D0D21
:10C1B0000A0000001B5B33316D5B25735D204C650D
:10C1C0006E677468206572726F723A206C656E3D9E
:10C1D0002564203C20321B5B306D0D0A00000000FE
:10C1E0001B5B33366D5B25735D205472616E736625
:10C1F000657220646174613A207365713D25642C19
:10C2000020646174615F6C656E3D25641B5B306DFD
:10C210000D0A0000C8F702001B5B33326D5B25730B
:10C220005D205472616E7366657220646174613A58
:10C230002070656E64696E6720726573706F6E73CF
:10C240006520284E52432030783738291B5B306DEB
:10C250000D0A00001B5B33366D5B25735D20547245
:10C26000616E7366657220646174612061636365E9
:10C27000707465642C20706F7369746976652072C0
:10C280006573706F6E73652073656E741B5B306DC4
:10C290000D0A00002DE9F84304460D4690469946E4
:10C2A00036A237A10020F4F7A3FE052D0CDA2B46A9
:10C2B00032A23FA10020F4F79BFE21781322002038
:10C2C00000F0DAFCBDE8F883A078617840EA012646
:10C2D0002079E17840EA0127334628A23FA10020D7
:10C2E0000097F4F785FE48480078032810D04648A8
:10C2F000007802280CD04448037820A2434900204B
:10C30000F4F776FE21782222002000F0B5FCD9E770
:10C310003D48407802280CD03B48437817A23CA106
:10C320000020F4F765FE21783322002000F0A4FC01
:10C33000C8E7B6F5704F06D06FF47040304418B1BE
:10C3400001280ED101E000BF00BF33460BA23DA182
:10C350000020F4F74DFE21783122002000F08CFC03
:10C36000B0E7334605A243A10020F4F741FE21784F
:10C370003122002000F080FC00BFA3E755445300A9
:10C380001B5B33326D5B25735D203E3E3E20486172
:10C390006E646C6520307832452028577269746568
:10C3A0002044617461291B5B306D0D0A00000000A0
:10C3B0001B5B33316D5B25735D204C656E67746864
:10C3C000206572726F723A206C656E3D2564203C68
:10C3D00020351B5B306D0D0A000000001B5B3336FF
:10C3E0006D5B25735D204449443D307825303458D9
:10C3F0002C2056616C75653D3078253034581B5BB8
:10C40000306D0D0A00000000200601206CF90200CA
:10C410001B5B33336D5B25735D20536563757269F8
:10C420007479206C6F636B6564212073656375722A
:10C430006974795F73746174653D25641B5B306D4D
:10C440000D0A00001B5B33336D5B25735D20577253
:10C4500069746520746F20726561642D6F6E6C79EC
:10C46000204449443A203078253034581B5B306DE5
:10C470000D0A00001B5B33336D5B25735D20556E29
:10C480006B6E6F776E204449443A20307825303403
:10C49000581B5B306D0D0A0038B535A235A1002060
:10C4A000F4F7A6FD28213D48EDF770FF01203B4938
:10C4B0000870002048704FF47A60888303208877E2
:10C4C000002048608860FEF70DFA50B3FEF7B2F91D
:10C4D000044669464FF47040626B904718B12F498B
:10C4E0000098088402E000202C49088469464FF235
:10C4F0000100626B904718B128490098488402E017
:10C5000000202649488469464FF20200626B90473A
:10C5100018B122490098486202E000201F49486291
:10C5200009E013A21E490020F4F762FD00201B4918
:10C5300008844884486200201849888200211748EE
:10C5400081758161407800901448037808A21549EC
:10C550000020F4F74DFD1148838B05A212A10020A5
:10C56000F4F746FD02A21AA10020F4F741FD38BD00
:10C57000554453001B5B33326D5B25735D203D3D9D
:10C580003D2055445320496E697420537461727480
:10C59000203D3D3D1B5B306D0D0A00002006012053
:10C5A000F4F6020044F402001B5B33326D5B25732A
:10C5B0005D2073657373696F6E5F74696D656F7508
:10C5C000745F6D733D25641B5B306D0D0A000000C8
:10C5D0001B5B33326D5B25735D203D3D3D20554433
:10C5E0005320496E697420446F6E65203D3D3D1BAC
:10C5F0005B306D0D0A00000001460A291AD2DFE8FF
:10C6000001F00507090B0D0F11131517FF207047D7
:10C610003120FCE73120FAE77220F8E77220F6E7D4
:10C620007220F4E72420F2E72120F0E72220EEE751
:10C630007220ECE71020EAE710B586B03A4840686F
:10C64000002828D038484068401E374948600846CE
:10C65000406800281FD10846007801281BD00846F2
:10C66000037832A232490020F4F7C2FC01202E499F
:10C670000870002048700874C860FEF733F950B1A4
:10C68000FEF7D8F80446A06A804728A229A1002016
:10C69000F4F7AEFC00BF2448806860B1224880688F
:10C6A000401E214988600846806820B91FA230A139
:10C6B0000020F4F79DFC38480068401C36490860AB
:10C6C00008460068354988422CD30020324908606A
:10C6D000154881684068144A52780AB930A306E0C8
:10C6E000114A5278012A01D12FA300E031A30E4A4A
:10C6F0005278CDE90123CDE903010B4800780128E8
:10C7000001D12FA006E008480078032801D12EA00F
:10C7100000E030A000900448037804A230490020D3
:10C72000F4F766FC06B010BD200601205544530006
:10C730003CF702001B5B33326D5B25735D20446F59
:10C74000776E6C6F6164206D6F64756C65207265C7
:10C75000736574206F6E2073657373696F6E2074D8
:10C76000696D656F75741B5B306D0D0A000000000C
:10C770001B5B33326D5B25735D2053656375726996
:10C7800074792064656C617920657870697265647C
:10C790001B5B306D0D0A00001083FF1FF6FF0900C0
:10C7A0004C4F434B45440000534545445F53454E71
:10C7B00054000000554E4C4F434B454400000000D0
:10C7C00044454641554C5400455854454E44454413
:10C7D0000000000050524F4752414D4D494E470016
:10C7E000F8F90200F8B504460025FEF77BF888B199
:10C7F000FEF720F8064669462046726B904710B156
:10C80000009885B205E023460AA20BA10020F4F7A8
:10C81000EFFB05E0234607A210490020F4F7E8FBF0
:10C82000234604A20EA100200095F4F7E1FB284660
:10C83000F8BD0000554453001B5B33336D5B25731B
:10C840005D20556E6B6E6F776E204449443A203000
:10C8500078253034581B5B306D0D0A0094F80200C7
:10C860001B5B33366D5B25735D205265616420442C
:10C87000494420307825303458203D203078253008
:10C8800034581B5B306D0D0A000000002DE9F041AB
:10C89000A8B080460E4615461C4600200790684802
:10C8A000864210D0674886420DD06549334666A25D
:10C8B000CDE9001065490020F4F79AFB4FF0FF30F6
:10C8C00028B0BDE8F0810DB1012C07DA5EA260A1AD
:10C8D0000020F4F78DFB4FF0FF30F1E72F78E87977
:10C8E000A9796A792B79CDE90332CDE90510E97888
:10C8F000A8786A78CDE9002002912B7852A25E498F
:10C900000020F4F775FB00F001F93B464EA25BA155
:10C9100000200094F4F76CFB33464BA265A1002085
:10C92000F4F766FB2E2F46D00EDC192F2ED006DC36
:10C93000102F16D0112F1BD0142F66D11FE0222FDD
:10C940002BD0272F61D12FE0362F49D004DC312F97
:10C9500038D0342F59D13CE0372F48D03E2F54D116
:10C960004CE0E1B207AB08AA2846FEF767F859E0A9
:10C97000E1B207AB08AA2846FEF76AFA52E0E1B234
:10C9800007AB08AA2846FEF717F84BE0E1B207AB61
:10C9900008AA2846FEF73CFC44E0E1B207AB08AA2F
:10C9A0002846FEF777FB3DE0E1B207AB08AA284630
:10C9B000FEF7E0FF36E0E1B207AB08AA2846FFF732
:10C9C00069FC2FE0E1B207AB08AA2846FEF7F6FEA5
:10C9D00028E0E1B207AB08AA2846FEF7A7FC21E051
:10C9E00007AB08AA21462846FFF718FB1AE0E1B278
:10C9F00007AB08AA2846FEF7FFFD13E0E1B207AB3C
:10CA000008AA2846FFF77EFA0CE03B460EA234A1A6
:10CA10000020F4F7EDFA11223946404600F02CF9D7
:10CA200000204DE700BF9DF81C00002806DD9DF8A2
:10CA30001C3008AA3946404600F056F900203FE76E
:10CA4000F103DA18F0FFDB18554453008CF40200B0
:10CA50001B5B33316D5B25735D20496E76616C69BC
:10CA600064207265636569766520646174611B5B2F
:10CA7000306D0D0A0000000080F702001B5B3332AE
:10CA80006D5B25735D203D3D3D205544532052652F
:10CA900063656976653A205349443D3078253032E4
:10CAA000582C206C656E3D2564203D3D3D1B5B3060
:10CAB0006D0D0A001B5B33366D5B25735D204341B2
:10CAC0004E2049443A2030782530385820286D616E
:10CAD0007463686564291B5B306D0D0A00000000FB
:10CAE0001B5B33336D5B25735D20534944206E6FB0
:10CAF0007420737570706F727465643A2030782595
:10CB00003032581B5B306D0D0A00000038B5074805
:10CB10004468808B0549486008464068234604A263
:10CB200004A100900020F4F763FA38BD200601202C
:10CB3000554453001B5B33366D5B25735D20526596
:10CB400066726573682074696D65723A2025642089
:10CB50002D3E2025641B5B306D0D0A00FEB5054699
:10CB60000C4616461F48854204D116B120781E494E
:10CB70000870FEBD1D48854219D1002E16D02078C0
:10CB8000012807D11A4908701AA21CA10020F4F745
:10CB90002FFA08E0207830B900201549087015A256
:10CBA00025A1F4F725FA2078EEF762FBE1E72846A5
:10CBB000FAF7C6FC00B9DCE70020029002A82D4974
:10CBC00033462246CDE9001029460020FBF704F940
:10CBD00030B9BDF80830274A29460020FFF756FE35
:10CBE00000BFC6E75858FF182483FF1F5555FF188C
:10CBF0002583FF1F4D41494E000000001B5B33366B
:10CC00006D5B25735D205B544553545D2053574441
:10CC10005420666565642044495341424C45442094
:10CC2000627920307831384646353535350D0A1B66
:10CC30005B306D0D0A0000001B5B33366D5B2573A6
:10CC40005D205B544553545D205357445420666522
:10CC5000656420454E41424C45442062792030783D
:10CC600031384646353535350D0A1B5B306D0D0ABA
:10CC7000000000004C1601207CB506460C46154607
:10CC80007F208DF804008DF805408DF8065023466E
:10CC900006A207A100200095F4F7AAF9032301AA30
:10CCA00010493046FBF77AFB00207CBD5544530009
:10CCB0001B5B33336D5B25735D2053656E64204EC3
:10CCC00052433A205349443D3078253032582C2085
:10CCD0004E52433D3078253032581B5B306D0D0A83
:10CCE0000000000003F1DA182DE9F041A2B08046FF
:10CCF0000D4617461C467F2C0ADD234614A215A1BB
:10CD00000020F4F775F94FF0FF3022B0BDE8F08154
:10CD100005F14000C0B28DF80800002C05DD224668
:10CD200039460DF10900EDF718FB601CC6B205F19C
:10CD3000400307A211A100200096F4F759F93346E9
:10CD400002AA1B494046FBF729FB0020DDE7000053
:10CD5000554453001B5B33316D5B25735D20526579
:10CD600073706F6E736520746F6F206C6F6E673AAF
:10CD70002025641B5B306D0D0A0000001B5B333601
:10CD80006D5B25735D2053656E6420726573706FF3
:10CD90006E73653A205349443D3078253032582C23
:10CDA000206C656E3D25641B5B306D0D0A00000034
:10CDB00003F1DA1838B505460C467F208DF80000DF
:10CDC0008DF8014078208DF80200234606A207A1C5
:10CDD0000020F4F70DF903236A4611492846FBF7B2
:10CDE000DDFA002038BD0000554453001B5B333290
:10CDF0006D5B25735D2053656E6420726573706F83
:10CE00006E73652070656E64696E673A205349449D
:10CE10003D3078253032581B5B306D0D0A00000024
:10CE200003F1DA1810B5044604EB840000EBC411DA
:10CE3000FE4800EB810090F8FC01012803D1FC4979
:10CE400001F8340003E00020F94901F8340004EB54
:10CE5000840000EBC411F54800EB810090F82C0031
:10CE600002287DD104EB840000EBC411EF4800EBF5
:10CE70008100D0F8EC0105282BD104EB840000EBF5
:10CE8000C411EA4800EB810090F82D0001280AD176
:10CE90000320E74901EBC40148700020E44901EB9D
:10CEA000C40188714BE004EB840000EBC411DF483F
:10CEB00000EB810090F82D00022840D10420DC49CD
:10CEC00001EBC40148700020D94901EBC40188710D
:10CED00035E004EB840000EBC411D44800EB810082
:10CEE000D0F8EC0106282AD104EB840000EBC41131
:10CEF000CE4800EB810090F82D0001280AD10420D3
:10CF0000CB4901EBC40148700020C94901EBC401C1
:10CF1000887114E004EB840000EBC411C34800EBFB
:10CF2000810090F82D00022809D10320C04901EBAF
:10CF3000C40148700020BE4901EBC401887104EBB4
:10CF4000840000EBC411B94800EB8100D0F8EC017B
:10CF500008280CD004EB840000EBC411B34800E0B7
:10CF600013E000EB8100D0F8EC0109280CD101207E
:10CF7000AF4901F83400062001EBC40148700020DD
:10CF8000AB4901EBC401887118E204EB840000EBAB
:10CF9000C411A64800EB810090F82C0001280AD0AB
:10CFA00004EB840000EBC411A04800EB810090F872
:10CFB0002C000028E8D104EB840000EBC4119B484E
:10CFC00000EB810090F8FE01012809D1002098496A
:10CFD00001EBC4014870964901EBC4018871EDE191
:10CFE00004EB840000EBC411904800EB810090F842
:10CFF000FC0148B900208E4901EBC40148708C49FE
:10D0000001EBC4018871D9E104EB840000EBC41189
:10D01000864800EB8100D0F8AC0109280AD004EB67
:10D02000840000EBC411814800EB8100D0F8AC0112
:10D03000072817D104EB840101EBC4127B4901EBF3
:10D040008201D1F8B8014FF48031F1F763F807207D
:10D05000774901EBC40148700120754901EBC40117
:10D060008871ABE104EB840000EBC4116F4800EB66
:10D070008100D0F8AC0111280AD004EB840000EB49
:10D08000C4116A4800EB8100D0F8AC010F2817D119
:10D0900004EB840101EBC412644901EB8201D1F875
:10D0A000B8014FF48031F1F735F80820604901EB01
:10D0B000C401487002205E4901EBC40188717DE122
:10D0C00004EB840000EBC411584800EB8100D0F859
:10D0D000AC0116280AD10920554901EBC40148705A
:10D0E0000320534901EBC401887167E104EB84001C
:10D0F00000EBC4114D4800EB8100D0F8AC011828BA
:10D100000AD10A204A4901EBC40148700420484969
:10D1100001EBC401887151E104EB840000EBC41100
:10D12000424800EB8100D0F8AC0119280AD10B204D
:10D130003F4901EBC401487005203D4901EBC401A2
:10D1400088713BE104EB840000EBC411374800EB2D
:10D150008100D0F8AC01082817D104EB840101EB61
:10D16000C412324901EB8201D1F8B8014FF4803189
:10D17000F0F7D0FF05202E4901EBC40148700020D4
:10D180002B4901EBC401887118E104EB840000EB2A
:10D19000C411264800EB8100D0F8AC01102817D14B
:10D1A00004EB840101EBC412204901EB8201D1F8A8
:10D1B000B8014FF48031F0F7ADFF06201C4901EBB8
:10D1C000C401487000201A4901EBC4018871F5E0E0
:10D1D00004EB840000EBC411144800EB8100D0F88C
:10D1E000AC01022831D004EB840000EBC4110F48DD
:10D1F00000EB8100D0F8AC01032826D004EB8400BA
:10D2000000EBC411094800EB8100D0F8AC01042800
:10D210001BD004EB840000EBC411044800EB810038
:10D22000D0F8AC01052810D004E000008083FF1F77
:10D2300054A0002004EB840000EBC4116D4800EB07
:10D240008100D0F8AC0106280AD101206A4901EB1F
:10D25000C40148700020684901EBC4018871ADE049
:10D2600004EB840000EBC411624800EB8100D0F8AD
:10D27000AC010A282BD004EB840000EBC4115D48FC
:10D2800000EB8100D0F8AC010B2820D004EB840027
:10D2900000EBC411574800EB8100D0F8AC010C281A
:10D2A00015D004EB840000EBC411524800EB810060
:10D2B000D0F8AC010D280AD004EB840000EBC411B7
:10D2C0004C4800EB8100D0F8AC010E280AD10220B6
:10D2D000494901EBC40148700020474901EBC401F2
:10D2E00088716BE004EB840000EBC411414800EB53
:10D2F0008100D0F8AC01012815D004EB840000EBCC
:10D30000C4113C4800EB8100D0F8AC0115280AD0CC
:10D3100004EB840000EBC411364800EB8100D0F828
:10D32000AC0117284AD104EB840000EBC41131484A
:10D3300000EB8100D0F8B00109283FD004EB840055
:10D3400000EBC4112B4800EB8100D0F8B00111288C
:10D3500034D004EB840000EBC411264800EB8100BC
:10D3600090F82E0001280AD10520234901EBC401C1
:10D3700048700020204901EBC40188711EE004EBD5
:10D38000840000EBC4111B4800EB810090F82E00D4
:10D3900002280AD10620184901EBC4014870002078
:10D3A000154901EBC401887108E00020124901EB26
:10D3B000C4014870104901EBC401887104EB84007A
:10D3C00000EBC4110B4800EB8100B0F812020A49CF
:10D3D00001EBC401488004EB840000EBC411054854
:10D3E00000EB8100B0F80202034901EBC401888020
:10D3F00010BD00008083FF1F54A00020FEB5F8F789
:10D40000DFF902909DF808509DF8090000F00F0721
:10D4100000200190FF2D00DD0025474880F83D5099
:10D4200001AA39462846F6F7DDFB0646002E46D10E
:10D430004248BDF8042000EB820100203CE08B1C38
:10D440001B5C03F0030222B1022A0ED0032A24D16E
:10D4500017E0002400EB800303EBC01C364B443381
:10D4600003EB8C0383F82D4023E0012400EB8003C1
:10D4700003EBC01C304B443303EB8C0383F82D408B
:10D4800017E0022400EB800303EBC01C2A4B44335B
:10D4900003EB8C0383F82D400BE0002400EB8003AA
:10D4A00003EBC01C244B443303EB8C0383F82D4067
:10D4B00000BF00BF421CD0B20228C0DB0BE001213C
:10D4C0001D4880F87110022180F885121B48406CBD
:10D4D0000090F8F7AFF900242BE02046F8F764F944
:10D4E000012824D1012104EB840000EBC41212486E
:10D4F000443000EB820080F8FC112046F8F776F902
:10D5000004EB840000EBC4110B48443000EB8100B5
:10D5100080ED090A2046F8F75DF904EB840000EB82
:10D52000C4110548443000EB810080ED080A601CFE
:10D53000C4B2022CD1DBFEBD3C83FF1F14EA020003
:10D540007CB504460D460020019001AA29462046DC
:10D55000F6F748FB064666B90648BDF8041000EB2E
:10D560008100006800900098F8F764F9FFF746FF23
:10D5700000BF7CBD14EA02002DE9FC470546894640
:10D580001646F01C8708324649461748ECF7E5FE78
:10D59000304603E0FF21144A1154401CB0EB870FC2
:10D5A000F8D32B4611A212490020CDE90067F3F70A
:10D5B0001FFDDFF83480002411E058F8241005EB3B
:10D5C0008400F9F716FF48B105EB840307A209A10F
:10D5D0000020F3F70DFD0420BDE8FC87641CBC426D
:10D5E000EBD30020F8E70000E8C100204657000018
:10D5F00064F202001B5B33316D5B25735D20577253
:10D60000697465206661696C203078253038581B54
:10D610005B306D0D0A0000000001000000000000FA
:10D6200002000000C8000000200000005CED0200C5
:10D6300000000000000000000200000002000000E6
:10D6400001000000000000000200000002000000D5
:10D6500003000000030000000100000000000000C3
:10D6600000000000818702000000000001000000AF
:10D6700071850200000000000200000085870200A2
:10D68000000000000300000083870200000000008B
:10D6900001000000000200000000C80001000000BE
:10D6A000000100000000C8000100000000040000AC
:10D6B0000000C80001000000040000000000C800D5
:10D6C00001000000020000000000C800010000008E
:10D6D000010000000000C800000000000100000080
:10D6E0000100000001000000020000000200000034
:10D6F000020000000400000003000000020000001F
:10D70000080000000100000002000000000002000C
:10D7100001000000030000000800000004000000F9
:10D7200003000000000002000100000004000000EF
:10D73000400000000700000004000000100000008E
:10D7400005000000040000002000000006000000AA
:10D7500004000000000002000100000007000000BB
:10D760008000000001000000070000000001000030
:10D77000040000000700000000000200010000009B
:10D780000500000040000000070000000500000048
:10D79000000100000400000005000000000002007D
:10D7A000010000000600000040000000070000002B
:10D7B0000600000000010000040000000600000058
:10D7C0000000020001000000010000000002000053
:10D7D000080000000800000000040000090000002C
:10D7E0000800000000080000010000000800000020
:10D7F0000000020001000000090000000008000015
:10D800000A00000009000000000002000100000002
:10D810000A000000004000000D0000000A000000A7
:10D82000001000000B0000000A00000000200000B3
:10D830000C0000000A0000000000020001000000CF
:10D840000D00000000800000010000000D0000003D
:10D85000000001000A0000000D00000000000200AE
:10D86000010000000B000000004000000D0000005F
:10D870000B000000000001000A0000000B00000087
:10D8800000000200010000000C0000000040000049
:10D890000D0000000C000000000001000A00000064
:10D8A0000C00000000000200010000000000000069
:10D8B000D18602000000000001000000D1860200B5
:10D8C000000000000200000075850200000000005A
:10D8D0000300000075850200000000000400000045
:10D8E000758502000000000005000000758502003B
:10D8F0000000000006000000758502000000000026
:10D90000070000007585020000000000080000000C
:10D910007585020000000000090000007585020006
:10D92000000000000A0000007585020000000000F1
:10D930000B00000075850200000000000C000000D4
:10D9400075850200000000000D00000075850200D2
:10D9500000000000020000000300000000000000C2
:10D9600004000000030000000000000008000000A8
:10D970000000000000000000100000000100000096
:10D980000000000020000000020000000000000075
:10D990000002000002000000000000004000000043
:10D9A00004000000000000008000000005000000EE
:10D9B0000000000000010000060000000000000060
:10D9C0000804080007000000000000001004080020
:10D9D000080000000000000020040800090000000A
:10D9E00000000000080420000A0000000000000001
:10D9F000100420000B0000000000000020042000A4
:10DA00000C00000000000000400420000D00000099
:10DA100000000000080440000E00000000000000AC
:10DA2000100440000F00000000000000200440002F
:10DA30001000000000000000080480001100000039
:10DA40000000000010048000120000000000000030
:10DA5000200480001300000000000000808000000F
:10DA600014000000000000004080000015000000CD
:10DA7000000000000081000016000000000000000F
:10DA800000400080002002020201000400020400A5
:10DA90000000050100010204050306020000010068
:10DAA000000002000000030000000000000004006D
:10DAB0000000050000000600FA000100FA00000066
:10DAC000FA000200FA000000FA000300FA00000069
:10DAD000320001003200000032000200320000007B
:10DAE0003200030032000000320004003200000067
:10DAF000C8000100C8000000C80001008403000045
:10DB0000C8000200C8000000C80002008403000032
:10DB1000C8000300C8000000C80003008403000020
:10DB2000C8000100C8000000C8000100C8000000D3
:10DB3000C8000100F4010000C8000200C800000095
:10DB4000C8000200C8000000C8000200F401000084
:10DB5000C8000300C8000000C8000300C80000009F
:10DB6000C8000300F4010000FA000100FA000200FE
:10DB7000FA000100FA000300FA000200FA000300B4
:10DB80009CDA02000100000088ED0200A0DA020029
:10DB900001000000C0ED0200A4DA02000100000054
:10DBA000F0ED0200A8DA02000100000094ED02008E
:10DBB000ACDA02000100F401CCED0200B0DA0200A0
:10DBC0000100F401A0ED0200B4DA02000100F4014A
:10DBD00000EE0200B8DA02000200F40178EE020062
:10DBE000C0DA02000200F40188EE0200C8DA020086
:10DBF0000200F40198EE0200D0DA02000200C80030
:10DC000028EE0200D8DA02000200C80038EE020056
:10DC1000E0DA02000200C80064EE0200E8DA020066
:10DC20000200C8004CEE0200F0DA02000400C80056
:10DC3000ACEE020000DB02000400C800BCEE0200F3
:10DC400010DB02000400C800CCEE020020DB020062
:10DC50000600C800ACEE020038DB02000600C80077
:10DC6000BCEE020050DB02000600C800CCEE020051
:10DC700068DB02000200F401B0ED020070DB02007C
:10DC80000200F401E0ED020078DB02000200F40182
:10DC900014EE0200000000420000004100000000FD
:10DCA00000000040B80B0000000000000000000071
:10DCB0000000000000000000000000000000000064
:10DCC00000002041000000000000000000000000F3
:10DCD0000000000000000000000000000000000044
:10DCE00000000000000020410000000000000000D3
:10DCF0000000000000000000000000000000000024
:10DD000018DD020094DC020094DD0200B8DC0200A1
:10DD100010DE0200DCDC0200000000000000044015
:10DD20000100000000000440000020000500000089
:10DD300000000000000000000000000000000000E3
:10DD400000000000000000000200000000000000D1
:10DD500000000000000000000000000000000000C3
:10DD600000000000000000000100000000000F00A3
:10DD700079A50100000000000000000000008041C3
:10DD8000000000000000000000000000333353409A
:10DD90000C00000000000000000004400001000032
:10DDA000000000000000000000000000000004402F
:10DDB0000000010000010000000000000000000061
:10DDC0000000000002000000000000010000000050
:10DDD00000000000000000000100000058080140A1
:10DDE000020101000001000000000000000000002E
:10DDF0000100010095A501000000000000000000E6
:10DE000000409C4500000000333353400C000000EC
:10DE100000000000000004400001000000000000BD
:10DE200000000000000000000000044000000200AC
:10DE300001010000000000000000000000000000E0
:10DE400002000000000000000000000000000000D0
:10DE500000000000000000000000000000000000C2
:10DE600000000000000000000000000000000000B2
:10DE700000000000000000000000000000409C4581
:10DE800000000000333353400C000000000000008D
:10DE9000010000000100000001000000020000007D
:10DEA0001200000001000000040000000200000059
:10DEB00001000000000100000A0000000100000055
:10DEC000004000001300000001000000008000007E
:10DED0001400000002000000000100000A00000021
:10DEE00002000000400000000800000002000000E6
:10DEF00020000000050000000200000000400000BB
:10DF00001300000002000000008000001400000068
:10DF100002000000020000001200000005000000E6
:10DF2000000100000A0000000500000004000000DD
:10DF30000300000005000000004000001300000086
:10DF40000500000000800000140000000500000033
:10DF500002000000120000000300000000010000A9
:10DF60000A0000000300000020000000060000007E
:10DF70000300000000400000130000000300000048
:10DF800000800000140000000300000002000000F8
:10DF90001200000003000000400000000800000024
:10DFA00006000000000100000A000000060000005A
:10DFB0000400000004000000060000000040000013
:10DFC00013000000060000000080000014000000A4
:10DFD0000600000002000000120000000400000023
:10DFE000000100000A000000040000002000000002
:10DFF00007000000040000000040000013000000C3
:10E000000400000000800000140000000400000074
:10E0100002000000120000000400000040000000A8
:10E020000800000007000000000100000A000000D6
:10E0300007000000040000000900000007000000C5
:10E0400000400000130000000700000000800000F6
:10E050001400000007000000020000001200000091
:10E060000A00000004000000020000000A00000096
:10E0700000100000100000000A000000000800006E
:10E080000D0000000A000000004000001300000026
:10E090000A00000000800000140000000A000000D8
:10E0A00002000000120000000D000000040000004B
:10E0B000020000000D000000000100000B00000045
:10E0C0000D00000000400000130000000D000000E3
:10E0D00000800000140000000D000000020000009D
:10E0E000120000000B00000004000000020000000D
:10E0F0000B000000000800000E0000000B000000F4
:10E1000000400000130000000B0000000080000031
:10E11000140000000B0000000200000012000000CC
:10E120000B00000000100000100000000E000000B6
:10E1300004000000020000000E00000000010000CA
:10E140000C0000000E000000004000001300000062
:10E150000E00000000800000140000000E0000000F
:10E1600002000000120000000C000000040000008B
:10E17000020000000C000000000800000F0000007A
:10E180000C00000000400000130000000C00000024
:10E1900000800000140000000C00000002000000DD
:10E1A000120000000C000000001000001000000031
:10E1B0000F00000004000000020000000F0000003B
:10E1C00000010000110000000F00000000400000EE
:10E1D000130000000F000000008000001400000089
:10E1E0000F000000020000001200000013000000F9
:10E1F0000100000001000000140000000000010008
:10E2000000000000120000000100000001000000FA
:10E2100010000000000001000100000008000000E4
:10E2200000000100010000000900000000000100E2
:10E2300001000000110000000000010001000000CA
:10E2400001000000000002001500000002000000B4
:10E25000000002001600000005000000000002009F
:10E26000160000000300000000000200160000007D
:10E27000060000000000020016000000040000007C
:10E28000000002001600000007000000000002006D
:10E29000160000000A000000000002001600000046
:10E2A0000D00000000000200160000000B0000003E
:10E2B00000000200160000000E0000000000020036
:10E2C000160000000C000000000002001600000014
:10E2D0000F00000000000200160000001500000002
:10E2E00004000000160000001500000000010000FE
:10E2F00016000000150000000000040001000000EE
:10E3000016000000000008001500000001000000D9
:10E3100000002000170000000100000000001000B5
:10E32000190000001900000000008000010000003A
:10E3300019000000000100000A00000017000000A2
:10E340000000800001000000170000000400000031
:10E350001800000017000000000100000A00000083
:10E360000200000000002000180000000300000070
:10E370000000200018000000040000000000200041
:10E380001800000005000000000020001800000038
:10E390000600000000002000180000000700000038
:10E3A000000020001800000018000000000000011C
:10E3B00017000000000000000549020000000000F6
:10E3C00001000000054902000000000002000000FA
:10E3D000ED4902000000000003000000ED490200CA
:10E3E0000000000004000000ED49020000000000F1
:10E3F00005000000ED4902000000000006000000DA
:10E40000ED4902000000000007000000ED49020095
:10E4100000000000080000000549020000000000A4
:10E420000900000005490200000000000A00000089
:10E43000ED490200000000000B000000ED49020061
:10E44000000000000C000000ED4902000000000088
:10E450000D000000ED490200000000000E00000069
:10E46000ED490200000000000F000000ED4902002D
:10E47000000000001000000005490200000000003C
:10E480001100000005490200000000001200000019
:10E490002D48020000000000130000002D4802007B
:10E4A00000000000140000002D48020000000000E1
:10E4B000170000002D4802006950020018000000FB
:10E4C0002D48020069500200190000002D4802008A
:10E4D00069500200150000002D480200695002003A
:10E4E000160000002D4802006950020000000000E4
:10E4F0000100000001000000010000000800000011
:10E5000002000000010000000010000008000000F0
:10E5100002000000200000000300000002000000D4
:10E5200010000000010000000300000000000400D3
:10E53000040000000400000040000000050000008E
:10E54000040000008000000006000000040000003D
:10E5500000020000070000000400000000000200AC
:10E560000100000004000000008000000100000025
:10E570000400000000000100010000000400000091
:10E580000010000008000000040000000008000067
:10E590000100000005000000000100000400000070
:10E5A00005000000008000000100000005000000E0
:10E5B0000000010001000000050000000010000044
:10E5C000080000000500000000000200010000003B
:10E5D0000500000000020000070000000500000028
:10E5E000000800000100000006000000000100001B
:10E5F0000400000006000000008000000100000090
:10E6000006000000000001000100000006000000FC
:10E6100000100000080000000600000000000200DA
:10E6200001000000060000000002000007000000DA
:10E6300006000000000800000100000007000000C4
:10E6400000040000040000000700000000000200B9
:10E6500001000000070000000008000001000000A9
:10E660000800000000200000090000000900000070
:10E670000040000001000000000000009D5A020060
:10E68000000000000100000001590200000000002D
:10E690000200000001590200000000000300000019
:10E6A000BD5A02000000000004000000BD5A020034
:10E6B0000000000005000000BD5A0200000000003C
:10E6C00006000000BD5A0200000000000700000024
:10E6D000BD5A02000000000008000000BD5A020000
:10E6E0000000000009000000BD5A02000000000008
:10E6F0000000000004000000010000000000000015
:10E7000008000000020000000000000040000000BF
:10E7100005000000010000000800000002000000E9
:10E7200001000000100000000300000001000000D4
:10E730002000000004000000010000004000000074
:10E7400005000000020000000400000001000000BD
:10E7500002000000100000000300000002000000A2
:10E760002000000004000000020000004000000043
:10E77000050000000300000004000000010000008C
:10E780000300000008000000020000000300000079
:10E790002000000004000000030000004000000012
:10E7A000050000000400000004000000010000005B
:10E7B0000400000008000000020000000400000047
:10E7C00010000000030000000400000040000000F2
:10E7D00005000000050000008000000000000000AF
:10E7E00000000000D58E02000000000001000000C3
:10E7F000D98E02000000000002000000D98E020045
:10E800000000000004000000D98E0200000000009B
:10E8100003000000D98E0200000000000500000087
:10E82000D98E02000000000000000000010000007E
:10E830000100000001000000800000000200000054
:10E8400001000000020000000300000001000000C1
:10E85000040000000400000001000000002000008F
:10E86000050000000100000020000000030000007F
:10E870000100000040000000030000000200000052
:10E88000020000000300000002000000040000007D
:10E89000040000000200000000200000050000004D
:10E8A0000200000020000000030000000200000041
:10E8B0004000000003000000050000008000000090
:10E8C0000200000005000000080000000100000038
:10E8D0000300000008000000010000000300000029
:10E8E0000800000001000000040000000800000013
:10E8F0000100000000000000C1A5020000000000AF
:10E9000001000000BFA5020000000000020000009E
:10E91000C5A50200000000000500000015A60200C9
:10E92000000000000300000015A602000000000027
:10E930000400000015A60200000000000100800095
:10E940000100000000800100000040000100000004
:10E95000800001003CE9020042E9020048E90200AF
:10E960004EE9020000000000000407400101010020
:10E970000040330001000080320001000000000070
:10E980000000000000000000000000000010000077
:10E99000080A000080000000FA00000002000700E2
:10E9A000C56202000000000000000000000000003E
:10E9B0000000000000000000FFFFFF180000000042
:10E9C00021002100D4E90200C0E90200F4E90200BC
:10E9D000C2E902000000044000000800030100003A
:10E9E000000000000000803F00000000333353406F
:10E9F0000C000000000004400000100004010000B2
:10EA0000000000000000803F00000000333353404E
:10EA10000C00000010000302110003022300030297
:10EA200024000302A1000302A2000302A7000302C4
:10EA3000100103001101030023010300240103005E
:10EA4000A1010300A2010300A70103008E0002023E
:10EA50003400020335000203B5000203B6000203CE
:10EA60002D0002032E0002032F0002033C000203CC
:10EA7000290003023A0003022A000203BE00020337
:10EA8000BB00020231000203320002033300020322
:10EA9000B7000203B8000203310102023000020293
:10EAA0003B0002022400000004F102004D170200A6
:10EAB0000000000000000100000000000100000054
:10EAC00014F102008D5602003D57020001000A00B9
:10EAD0000000000001000000A0F002000558020044
:10EAE0000000000001000A0000000000010000001A
:10EAF00080F00200D95202001954020001000A00FD
:10EB0000000000000100000078F0020085570200BC
:10EB10000000000001000A000000000001000000E9
:10EB2000B4F00200CD5502000156020001000100C0
:10EB300000000000010000001CF10200E5CE010011
:10EB4000D5CF010001000500000000000100000019
:10EB500088F002001DD2010015D301000100010060
:10EB60000000000001000000F8F00200B5CD010037
:10EB70000000000001000100000000000100000092
:10EB800028F1020009060200000000000200000057
:10EB90000000000001000000ECF00200FDD30200C4
:10EBA00000000000020064000000000001000000FE
:10EBB00034F10200E1FD0100C5FF01000200010087
:10EBC0000000000001000000D4F00200B1FE0100CE
:10EBD00069FF0100020001000000000001000000C8
:10EBE00098F00200810202006503020002000100A9
:10EBF0000000000001000000C4F002001119020032
:10EC0000C51D02000200010000000000010000001C
:10EC1000E0F00200FDD3020000000000040000004C
:10EC200000000000010000000001010101020202D9
:10EC30000230313233343536373839414243444576
:10EC400046000000000000545452205245474745FA
:10EC5000530030313233343536373839414243444A
:10EC600045460000F103DA1803F1DA181881FF189D
:10EC7000F0FFDB18636A02007B6A0200916A0200FF
:10EC8000AF6A0200116A0200EB690200556A0200D5
:10EC9000356A0200276A0200096A0200FF6A020060
:10ECA000076B0200736A0200BD6A0200F103DA1802
:10ECB00003F1DA181881FF18F0FFDB186576656E2E
:10ECC000745F63616C69625F310000006576656E38
:10ECD000745F63616E5F31006576656E745F61635A
:10ECE000745F31006576656E745F6D6F745F3100BF
:10ECF0006576656E745F63616C69625F3200000007
:10ED00006576656E745F63616E5F32006576656E11
:10ED1000745F6163745F32006576656E745F6D6FFA
:10ED2000745F320073797374656D5F6576656E74B8
:10ED30005F0000006576656E745F6B65795F00004B
:10ED400073797374656D5F6576656E74000000009D
:10ED50006576656E745F6B65790000004B455930D0
:10ED60002B4B4559315F4C4F4E47000052656400B4
:10ED7000426C61636B000000477265656E000000C5
:10ED800059656C6C6F770000536F6C69645F5265F6
:10ED900064000000536F6C69645F426C61636B00D8
:10EDA000536F6C69645F5265645F477265656E009E
:10EDB000416C745F5265645F477265656E00000068
:10EDC000536F6C69645F477265656E00536F6C6961
:10EDD000645F5265645F59656C6C6F77000000007A
:10EDE000416C745F5265645F59656C6C6F770000AD
:10EDF000536F6C69645F59656C6C6F77000000003D
:10EE0000536F6C69645F477265656E5F59656C6CC2
:10EE10006F770000416C745F477265656E5F59657E
:10EE20006C6C6F7700000000426C696E6B5F52651E
:10EE3000645F3130487A0000426C696E6B5F4772E4
:10EE400065656E5F3130487A00000000426C696E83
:10EE50006B5F5265645F59656C6C6F775F313048EA
:10EE60007A000000426C696E6B5F59656C6C6F775D
:10EE70005F3130487A000000426C696E6B5F52650A
:10EE8000645F32487A000000426C696E6B5F4772C3
:10EE900065656E5F32487A00426C696E6B5F5965DA
:10EEA0006C6C6F775F32487A00000000426C696ECC
:10EEB0006B5F5265645F35487A000000426C696E92
:10EEC0006B5F477265656E5F35487A00426C696EAC
:10EED0006B5F59656C6C6F775F35487A0000000096
:10EEE0001B5B33336D5B25735D206D7953797374D0
:10EEF000656D2E617869735B25645D2E6D6F746F2F
:10EF0000722E6576745F6D6F742C204556545F4D7C
:10EF10004F545F464F52574152441B5B306D0D0AB0
:10EF2000000000001B5B33336D5B25735D206D7942
:10EF300053797374656D2E617869735B25645D2EFA
:10EF40006D6F746F722E6576745F6D6F742C2045D3
:10EF500056545F4D4F545F524556455253451B5BC7
:10EF6000306D0D0A000000001B5B33336D5B2573B1
:10EF70005D204D7367205375627363726962653AF1
:10EF8000206475706C696361746520737562736366
:10EF9000726962652028746F7069633A3078253031
:10EFA0003458291B5B306D0D0A0000001B5B3331A8
:10EFB0006D5B25735D204D736720537562736372BB
:10EFC0006962653A20737562736372696265206C69
:10EFD0006973742066756C6C2028746F7069633A6D
:10EFE000307825303458291B5B306D0D0A00000045
:10EFF0001B5B33336D5B25735D204D73672050754C
:10F00000626C6973683A20696E76616C696420701D
:10F0100072696F2028746F7069633A3078253034D4
:10F02000582C207072696F3A2564291B5B306D0D76
:10F030000A0000001B5B33316D5B25735D204D734F
:10F0400067205075626C6973683A2063616C6C620A
:10F0500061636B204E554C4C2028746F7069633A85
:10F060003078253034582C206964783A2564291B7F
:10F070005B306D0D0A0000002250574D2200000049
:10F080002243414E22000000224374726C5F537091
:10F090006565642200000000226C656422000000A7
:10F0A0002273746F726167655F6D6F64756C652242
:10F0B0000000000022706F735F6D6F64756C6522D5
:10F0C000000000002273746174655F6D616368699C
:10F0D0006E652200226B65795F737461746522002E
:10F0E00022776F726B5F63666722000022636F6E28
:10F0F0006669672200000000226375725F6C6F6FA3
:10F100007022000022736F66745F74696D657222ED
:10F110000000000022706F77657222002243747233
:10F120006C5F506F73220000226D73675F627573AE
:10F1300022000000226B6579220000001B5B333641
:10F140006D5B25735D2046696C746572207265671E
:10F15000697374657265643A2049443D307825309E
:10F1600038582C204D61736B3D3078253038582C41
:10F1700020636F756E743D25641B5B306D0D0A0056
:10F180001B5B33336D5B25735D2054582063616CCA
:10F190006C6261636B3A2073656E64206661696CB2
:10F1A00065642C206672616D652072657475726E7F
:10F1B000656420746F2071756575651B5B306D0D1E
:10F1C0000A0000001B5B33366D5B25735D205544E0
:10F1D00053205368617265642073746174653A20CA
:10F1E0006D616769633D3078253038582C20706830
:10F1F0006173653D25642C2070656E64696E675F80
:10F200007369643D3078253032580D0A1B5B306DD0
:10F210000D0A00001B5B33326D5B25735D20466C6D
:10F22000617368446F776E6C6F616420696E697496
:10F2300020646F6E653A2073746172743D30782576
:10F240003038582C206D61785F73697A653D25648C
:10F250002C20736563746F723D25641B5B306D0DEC
:10F260000A0000001B5B33366D5B25735D2057720F
:10F270006974696E6720746F20466C6173683A2008
:10F28000616464723D3078253038582C2073697A77
:10F29000653D25642C20776F7264733D25641B5B8C
:10F2A000306D0D0A000000001B5B33326D5B25736F
:10F2B0005D207365713D252D34642C2074696D6566
:10F2C0003D2533752E25303375732C202573203062
:10F2D00078253038582C20253032582025303258A7
:10F2E0002025303258202530325820253032582001
:10F2F00025303258202530325820253032582025EC
:10F30000731B5B306D0D0A001B5B33366D5B257321
:10F310005D2020205741524E494E473A206D61678B
:10F320006963206D69736D61746368202830782586
:10F33000303858292C2070656E64696E675F736978
:10F3400064204E4F54207772697474656E210D0AE3
:10F350001B5B306D0D0A00001B5B33366D5B257344
:10F360005D20202053686172656420737461746548
:10F370003A206D616769633D3078253038582C201C
:10F3800070686173653D25642C2070656E64696EDC
:10F39000675F7369643D3078253032580D0A1B5B16
:10F3A000306D0D0A000000001B5B33366D5B25736A
:10F3B0005D2020204543552052657365743A2041F5
:10F3C000505020636F6E746578742C2073656E6482
:10F3D000696E67206E6F726D616C20726573706FFD
:10F3E0006E73650D0A1B5B306D0D0A001B5B3336B7
:10F3F0006D5B25735D202020454355205265736564
:10F40000743A20426F6F746C6F6164657220636F31
:10F410006E746578742C2077726974696E672070D9
:10F42000656E64696E675F7369643D307831312061
:10F43000746F20666C6173680D0A1B5B306D0D0A7A
:10F44000000000001B5B33326D5B25735D2073652C
:10F450007373696F6E5F6D6F64653D25642028442A
:10F46000454641554C54292C207365637572697467
:10F47000795F73746174653D256420284C4F434B5C
:10F480004544291B5B306D0D0A0000001B5B3336C1
:10F490006D5B25735D2043414E2049442066696CB5
:10F4A00074657265643A20307825303858202865B4
:10F4B0007870656374656420307825303858206F23
:10F4C0007220307825303858291B5B306D0D0A00CA
:10F4D0001B5B33336D5B25735D205472616E736605
:10F4E000657220446174612072656A656374656445
:10F4F0003A207365637572697479206E6F74207534
:10F500006E6C6F636B6564202873746174653D2550
:10F5100064291B5B306D0D0A000000001B5B333358
:10F520006D5B25735D205265717565737420446F42
:10F53000776E6C6F61642072656A65637465643AA6
:10F54000207365637572697479206E6F7420756EAF
:10F550006C6F636B6564202873746174653D25640A
:10F56000291B5B306D0D0A001B5B33336D5B25730C
:10F570005D20526F7574696E6520436F6E74726F93
:10F580006C2072656A65637465643A20736563759F
:10F5900072697479206E6F7420756E6C6F636B6521
:10F5A00064202873746174653D2564291B5B306D8C
:10F5B0000D0A00001B5B33336D5B25735D205472B5
:10F5C000616E7366657220457869742072656A653C
:10F5D000637465643A207365637572697479206E2B
:10F5E0006F7420756E6C6F636B6564202873746133
:10F5F00074653D2564291B5B306D0D0A0000000019
:10F600001B5B33336D5B25735D205472616E7366D3
:10F61000657220446174612072656A656374656413
:10F620003A206E6F7420696E2050524F4752414D00
:10F630004D494E472073657373696F6E202873655B
:10F640007373696F6E3D2564291B5B306D0D0A0075
:10F650001B5B33336D5B25735D205265717565737C
:10F660007420446F776E6C6F61642072656A6563A5
:10F670007465643A206E6F7420696E2050524F4753
:10F6800052414D4D494E472073657373696F6E202B
:10F690002873657373696F6E3D2564291B5B306D3C
:10F6A0000D0A00001B5B33336D5B25735D205472C4
:10F6B000616E7366657220457869742072656A654B
:10F6C000637465643A206E6F7420696E2050524FE7
:10F6D0004752414D4D494E472073657373696F6EB4
:10F6E000202873657373696F6E3D2564291B5B3039
:10F6F0006D0D0A001B5B33336D5B25735D20446F1A
:10F70000776E6C6F616420696E74657266616365A3
:10F71000206E6F7420726567697374657265642CFE
:10F72000204449442076616C7565732073657420AC
:10F73000746F20301B5B306D0D0A00001B5B333390
:10F740006D5B25735D202121212053455353494F83
:10F750004E2054494D454F55542021212120736599
:10F760007373696F6E5F6D6F64653D2564202D3E18
:10F770002044454641554C541B5B306D0D0A00003A
:10F780001B5B33366D5B25735D20525820726177A9
:10F790005B302E2E375D3A2025303258202530320E
:10F7A0005820253032582025303258202530325804
:10F7B0002025303258202530325820253032581B31
:10F7C0005B306D0D0A0000001B5B33336D5B2573EE
:10F7D0005D205472616E736665722064617461208D
:10F7E00072656A65637465643A20646C5F72657300
:10F7F000756C743D25642C204E52433D3078253085
:10F8000032581B5B306D0D0A000000001B5B333368
:10F810006D5B25735D205265717565737420646F2F
:10F82000776E6C6F61642072656A65637465643AB3
:10F8300020646C5F726573756C743D25642C204E7A
:10F8400052433D3078253032581B5B306D0D0A0035
:10F850001B5B33336D5B25735D205472616E736681
:10F86000657220657869742072656A656374656481
:10F870003A20646C5F726573756C743D25642C204E
:10F880004E52433D3078253032581B5B306D0D0AA7
:10F89000000000001B5B33336D5B25735D20446FFC
:10F8A000776E6C6F616420696E7465726661636502
:10F8B000206E6F7420726567697374657265642C5D
:10F8C0002063616E6E6F74207265616420444944E8
:10F8D000203078253034581B5B306D0D0A00000055
:10F8E0001B5B33336D5B25735D204475706C6963FE
:10F8F00061746520526571536565642C2072652DB5
:10F9000073656E64696E67206578697374696E6784
:10F9100020736565643A203078253038581B5B3099
:10F920006D0D0A001B5B33336D5B25735D204E4FFD
:10F930005420696E20455854454E4445442F50523A
:10F940004F4752414D4D494E472073657373696F60
:10F950006E212073657373696F6E5F6D6F64653DB3
:10F9600025641B5B306D0D0A000000001B5B333308
:10F970006D5B25735D204E6F7420696E2045585471
:10F98000454E4445442F50524F4752414D4D494EEC
:10F99000472073657373696F6E2120736573736994
:10F9A0006F6E5F6D6F64653D25641B5B306D0D0A86
:10F9B000000000001B5B33366D5B25735D204375D3
:10F9C0007272656E742073746174653A2073657326
:10F9D00073696F6E3D25642C20736563757269745D
:10F9E000793D25642C2074696D65723D25641B5B2F
:10F9F000306D0D0A000000001B5B33366D5B257314
:10FA00005D2053746174653A2073657373696F6E1A
:10FA10003D2564282573292C2073656375726974EC
:10FA2000793D2564282573292C2074696D65723D04
:10FA300025642C2064656C61793D25641B5B306D09
:10FA40000D0A00001B5B33326D5B25735D20526F26
:10FA50007574696E6520436F6E74726F6C3A2041E5
:10FA60005050202D3E20426F6F746C6F6164657240
:10FA70002C207363686564756C65642064656C61D3
:10FA80007965642072657365741B5B306D0D0A00C7
:10FA90001B5B33366D5B25735D20466F726365209B
:10FAA0004F544120636D64203078313846463538F4
:10FAB0003538203D203078253032582C207265733F
:10FAC000657474696E6720746F20626F6F746C6FF9
:10FAD000616465722E2E2E0D0A1B5B306D0D0A00BF
:10FAE0001B5B33366D5B25735D2049534F54503A91
:10FAF000206661696C656420746F20726567697344
:10FB00007465722052582066696C74657220666F45
:10FB1000722043414E204944203078253038580D1A
:10FB20000A1B5B306D0D0A0048FB02000880FF1FB6
:10FB30003403000020A5010050FC02003C83FF1F9D
:10FB400014730200404002001440ED021A24041411
:10FB5000D8EC021A0C081AE4081A18081ACC081172
:10FB600019081ABC081AF0041A500C1A3404012897
:10FB70001A702C1A6C041A78045A803843FFFF5309
:10FB800040402480BB44438C43E3564D234D31AA6F
:10FB90000110223209167A00092CCDCC4C3DD00739
:10FBA000E803143DA30214B9A4021AD30814ADA5A6
:10FBB000021A1D0C1A91041ABB101ACD081AFD085E
:10FBC0001ADD041AA9041A5D041A25140124400937
:10FBD000FC80FF1F2881FF1F29C02A08E7413564E8
:10FBE000014004B20529209A1020291CE9209A20FE
:10FBF000200A1106209A40209A0720291C29043A3D
:10FC00008006011279160A1C80200A1D4040091640
:10FC100060C1DD504F5331100A1E323614B17202EA
:10FC200014BD73021A77041AA50C1AAB041A910CAE
:10FC30001A590414F771021A69101123E0062220E0
:10FC4000C5A55AA55A1E9C82FF1FB004015C000086
:040000050001A281D3
:00000001FF
