:020000040001F9
:10A0000050F6012095A20100CDA20100CFA20100CF
:10A01000D1A20100D3A20100D5A2010000000000DE
:10A02000000000000000000000000000D7A20100B6
:10A03000D9A2010000000000DBA20100B11D020056
:10A0400011F2010025F2010039F201004DF2010088
:10A0500061F2010075F2010089F201009DF2010038
:10A06000B1F20100C5F20100D9F20100EDF20100E8
:10A0700001F3010015F3010029F301003DF3010094
:10A0800051F3010065F3010079F301008DF3010044
:10A09000A1F30100B5F30100C9F30100DDF30100F4
:10A0A000F1F3010005F4010019F401002DF40100A1
:10A0B00041F4010055F4010069F401007DF4010050
:10A0C00091F40100A5F40100B9F40100CDF4010000
:10A0D000E1F40100F5F4010009F501001DF50100AE
:10A0E00031F5010045F5010059F501006DF501005C
:10A0F00081F5010095F50100A9F50100BDF501000C
:10A10000D1F50100E5F50100F9F501000DF60100BA
:10A1100021F6010035F6010049F601005DF6010067
:10A1200071F6010085F6010099F60100ADF6010017
:10A13000C1F60100D5F60100E9F60100FDF60100C7
:10A1400011F7010025F7010039F701004DF7010073
:10A1500061F7010075F7010089F701009DF7010023
:10A16000B1F70100C5F70100D9F70100EDF70100D3
:10A1700001F8010015F8010029F801003DF801007F
:10A1800051F8010065F8010079F801008DF801002F
:10A19000A1F80100B5F80100C9F80100DDF80100DF
:10A1A000F1F8010005F9010019F901002DF901008C
:10A1B00041F9010055F9010069F901007DF901003B
:10A1C00091F90100A5F90100B9F90100CDF90100EB
:10A1D000E1F90100F5F9010009FA01001DFA010099
:10A1E00031FA010045FA010059FA01006DFA010047
:10A1F00081FA010095FA0100A9FA0100BDFA0100F7
:10A20000D1FA0100E5FA0100F9FA01000DFB0100A5
:10A2100021FB010035FB010049FB01005DFB010052
:10A2200071FB010085FB010099FB0100ADFB010002
:10A23000C1FB0100D5FB0100E9FB0100FDFB0100B2
:10A24000DFA20100DFA20100DFA20100DFA2010006
:10A25000DFA20100DFA20100DFA20100DFA20100F6
:10A26000DFA20100DFA20100DFA20100DFA20100E6
:10A27000DFA20100DFA20100DFA20100DFA20100D6
:10A28000DFF80CD000F03AF900480047C18902001D
:10A2900050F6012012484FF01F01016011484FF0A5
:10A2A0007701016010484FF0770101600F484FF4CB
:10A2B000885101600B484FF0760101600A484FF069
:10A2C000760101600A4880470A480047FEE7FEE73A
:10A2D000FEE7FEE7FEE7FEE7FEE7FEE7FEE7FEE756
:10A2E00010080540040805400C080540000805401A
:10A2F000C923020081A201002DE9F05F054600207C
:10A3000092469B4688460646814640241BE02846E6
:10A3100041464746224600F0E0F853465A46C01AE6
:10A32000914110D311461846224600F0C7F82D1A65
:10A3300067EB01084F4622460120002100F0BEF8DD
:10A3400017EB00094E41201EA4F10104DFDC484652
:10A3500031462A464346BDE8F09F40EA01039B0789
:10A3600003D009E008C9121F08C0042AFAD203E08A
:10A3700011F8013B00F8013B521EF9D27047D2B2EE
:10A3800001E000F8012B491EFBD270470022F6E7DE
:10A3900010B513460A4604461946FFF7F0FF20465B
:10A3A00010BD421E12F8013F002BFBD111F8013BFA
:10A3B00002F8013B002BF9D1704710B5044604E0C8
:10A3C0000B7800F8013B03B1491C521EF8D220461D
:10A3D00010BD421C10F8011B0029FBD1801A7047E8
:10A3E00010B5002200E0521C835C8C5CA34201D1BA
:10A3F000002BF8D1D8B2E1B2401A10BD30B50446F6
:10A400000020034600E05B1C934203D2E05CCD5C7D
:10A41000401BF8D030BD30B505460020034600E0B3
:10A420005B1C934205D2EC5CC85C201A01D1002C65
:10A43000F6D130BD00F0004230F000400AD0C10D2E
:10A4400001F56071C0F3160042EA0151C2084007ED
:10A4500011437047002001467047000030B5041ECC
:10A4600071F1000404DB4FF00044404264EB010151
:10A47000141E73F1000405DB1C464FF000435242EA
:10A4800063EB04038B4208BF824230BD30B5041E2B
:10A4900071F1000404DB4FF00044404264EB010121
:10A4A000141E73F1000405DB1C464FF000435242BA
:10A4B00063EB0403994208BF904230BD202A04DBBD
:10A4C000203A00FA02F1002070479140C2F12003C7
:10A4D00020FA03F3194390407047202A04DB203A06
:10A4E00021FA02F00021704721FA02F3D040C2F1B4
:10A4F000200291400843194670470000064C074D62
:10A5000006E0E06840F0010394E807009847103443
:10A51000AC42F6D3FFF7B8FEF8F9020018FA0200D1
:10A5200070B58C1810F8015B15F0070301D110F815
:10A53000013B2A1106D110F8012B03E010F8016B42
:10A5400001F8016B5B1EF9D12B0705D40023521EC5
:10A550000DD401F8013BFAE710F8013BCB1A921C2D
:10A5600003E013F8015B01F8015B521EF9D5A1422B
:10A57000D8D3002070BD000010B50121034800F0C1
:10A580007DF803480EF09AFF10BD00000000044063
:10A59000D8E2FF1F10B50221054800F06FF805480A
:10A5A0000EF08CFF04480EF089FF0AF0ADFF10BDDD
:10A5B00000000440F4E2FF1F10E3FF1F2DE9F0410B
:10A5C00007460C461546984600BF1F48874201D1F2
:10A5D000102D04D91D48874202D1082D00D804E06F
:10A5E00040F265111AA002F039FF00BF00BF0CB1A4
:10A5F000012C00D104E04FF4B37115A002F02EFF3E
:10A6000000BF00BFB8F1000F02D0B8F1010F00D1B8
:10A6100004E040F267110EA002F020FF00BF07F136
:10A620000C0000EB8406B8F1010F05D13068012160
:10A63000A9400843306004E030680121A940884304
:10A640003060BDE8F08100000000044000040440D8
:10A650002E2E5C647269766572735C686333325F58
:10A660006C6C5F6472697665725C7372635C68635C
:10A6700033325F6C6C5F6164632E630070B50546B6
:10A680000C4600BF0F48854202D00F48854200D1DA
:10A6900004E040F2AB210DA002F0E0FE00BF00BFDD
:10A6A00024B144F00300032800D104E04FF42B71DF
:10A6B00006A002F0D3FE00BF84F0030085F8460038
:10A6C00070BD000000000440000404402E2E5C64B5
:10A6D0007269766572735C686333325F6C6C5F6459
:10A6E00072697665725C7372635C686333325F6C47
:10A6F0006C5F6164632E630070B505460C4600BF55
:10A700000A48854201D1102C04D90948854202D15A
:10A71000082C00D804E040F2762106A002F09EFE4C
:10A7200000BF05F1500030F8140070BD0000044077
:10A73000000404402E2E5C647269766572735C6856
:10A740006333325F6C6C5F6472697665725C7372DE
:10A75000635C686333325F6C6C5F6164632E6300BB
:10A7600070B505460C466FF0020600BF21488542D1
:10A7700002D02148854200D103E0E5211FA002F06C
:10A780006DFE00BF002C33D000BF208840B1208870
:10A79000012805D02088022802D02088032800D173
:10A7A00003E0E82115A002F059FE00BF00BF608859
:10A7B000202804D06088102801D0608800B903E008
:10A7C000E9210EA002F04AFE00BF00BFA08810B130
:10A7D000A088802800D103E0EA2108A002F03EFE14
:10A7E00000BF208861880843A1880843688000264C
:10A7F000304670BD00000440000404402E2E5C640E
:10A800007269766572735C686333325F6C6C5F6427
:10A8100072697665725C7372635C686333325F6C15
:10A820006C5F6164632E630070B504460D46164686
:10A8300000BF1948844202D01848844200D104E085
:10A8400040F23B2116A002F009FE00BF00BF25B177
:10A8500045F00300032800D104E04FF40F7110A06D
:10A8600002F0FCFD00BF00BF0EB1012E00D104E0DC
:10A8700040F23D210AA002F0F1FD00BF012E05D1FA
:10A8800094F84700284384F8470004E094F8470010
:10A89000A84384F8470070BD000004400004044051
:10A8A0002E2E5C647269766572735C686333325F06
:10A8B0006C6C5F6472697665725C7372635C68630A
:10A8C00033325F6C6C5F6164632E630070B5044665
:10A8D000002500BF0A48844202D00A48844200D1C1
:10A8E00004E040F2532108A002F0B8FD00BF207838
:10A8F000012801D1C51F01E001202070284670BD4C
:10A9000000000440000404402E2E5C6472697665E9
:10A9100072735C686333325F6C6C5F647269766516
:10A92000725C7372635C686333325F6C6C5F61642A
:10A93000632E630001466FF0020021B100220A80FD
:10A940004A808A800020704770B504460D4616463E
:10A9500000BF1A48844202D01948844200D104E062
:10A9600040F2222117A002F079FD00BF00BF0DB117
:10A97000012D00D104E040F2232112A002F06EFD6F
:10A9800000BF00BF0EB1012E00D104E04FF40971E9
:10A990000CA002F063FD00BF012E07D16089EA0020
:10A9A0008021914089B20843608105E06089EA0016
:10A9B000802191408843608170BD00000000044008
:10A9C000000404402E2E5C647269766572735C68C4
:10A9D0006333325F6C6C5F6472697665725C73724C
:10A9E000635C686333325F6C6C5F6164632E630029
:10A9F00070B506460C46154600BF1B48864202D07D
:10AA00001A48864200D104E040F20B2118A002F05F
:10AA100025FD00BF00BF0CB1012C00D104E04FF4B4
:10AA2000037113A002F01AFD00BF00BF2DB1012D6C
:10AA300003D0022D01D0032D00D104E040F20D21FE
:10AA40000BA002F00BFD00BFE006040E708903218D
:10AA5000A140884305FA04F10322A24092B21140BA
:10AA60000843708170BD00000000044000040440F1
:10AA70002E2E5C647269766572735C686333325F34
:10AA80006C6C5F6472697665725C7372635C686338
:10AA900033325F6C6C5F6164632E630070B5044693
:10AAA0000D4600BF0A48844207D3094868308442F3
:10AAB00003D804F0030000B903E08F2105A002F0E1
:10AAC000CDFC00BF206865F30800206070BD000069
:10AAD000040801402E2E5C647269766572735C68AE
:10AAE0006333325F6C6C5F6472697665725C73723B
:10AAF000635C686333325F6C6C5F616F732E6300FD
:10AB000070B5044625462B4828606E20A8802A4848
:10AB1000A8601A20A8810120A861284606F062FEDC
:10AB200006F0EAFD2549086006F0E6FD24490860C4
:10AB300006F0E2FD2349086006F0DEFD22490860C8
:10AB400006F0DAFD2149086006F0D6FD20490860CC
:10AB50001A48006820B11F491848006806F000FE36
:10AB60001748006820B11C491548006806F0F8FD38
:10AB70001448006820B119491248006806F0F0FD39
:10AB80001148006820B116490F48006806F0E8FD3A
:10AB90000E48006820B113490C48006806F0E0FD3B
:10ABA0000B48006820B110490948006806F0D8FD3C
:10ABB00070BD00008CDD0200B4E20200DC80FF1FEB
:10ABC000E480FF1FE080FF1FE880FF1FEC80FF1F75
:10ABD000F080FF1F1BB001001DB001001FB001007D
:10ABE00021B0010025B0010061B0010070B504463C
:10ABF000207800EB800101EBC011FE4800EB8100E2
:10AC000090F82D0020B9207804210DF079FE70BD58
:10AC100020460AF005FA94F82C00022804D04FF4DC
:10AC2000F6700059022800D1F1E794F8FE010128DE
:10AC300008D12078F0490DF063FE94F8FE0184F805
:10AC4000FF01E4E794F8FE0194F8FF11884207D071
:10AC5000207804210DF054FE94F8FE0184F8FF01E1
:10AC600094F8FC0140B92078E4490DF049FE94F8CD
:10AC7000FC0184F8FD01CAE70121207800EB800285
:10AC800002EBC012DB4800EB820080F82C1020465B
:10AC90000CF094FB20460FF0C7FA94F8FC0194F8EE
:10ACA000FD11884207D0207804210DF029FE94F888
:10ACB000FC0184F8FD01D4F8B80103F071F900F447
:10ACC000001018B3207800EB800101EBC011C948D7
:10ACD00000EB8100D0F8AC01012817D1207800EBFF
:10ACE000800101EBC011C34800EB810090F82E00F9
:10ACF00001280BD14FF40011D4F8B80103F02AF861
:10AD00004FF48011D4F8B80103F0D4F9D4F8B801A5
:10AD100003F046F9054605F0020058B1022104F59A
:10AD2000CE7006F065FD0221D4F8B80103F012F8E8
:10AD30000020607005F0010058B1012104F5CE70CB
:10AD400006F056FD0121D4F8B80103F003F8012004
:10AD5000607005F4004058B14FF4004104F5CE7026
:10AD600006F046FD4FF40041D4F8B80102F0F2FFBE
:10AD700005F4804058B14FF4804104F5CE7006F0E0
:10AD800037FD4FF48041D4F8B80102F0E3FF05F439
:10AD9000803058B14FF4803104F5CE7006F028FDB4
:10ADA0004FF48031D4F8B80102F0D4FF05F400303C
:10ADB00058B14FF4003104F5CE7006F019FD4FF490
:10ADC0000031D4F8B80102F0C5FF05F4802058B175
:10ADD0004FF4802104F5CE7006F00AFD4FF4802177
:10ADE000D4F8B80102F0B6FF05F4002058B14FF4D2
:10ADF000002104F5CE7006F0FBFC4FF40021D4F8DE
:10AE0000B80102F0A7FF05F4801058B14FF480118B
:10AE100004F5CE7006F0ECFC4FF48011D4F8B801C4
:10AE200002F098FF05F4001058B14FF4001104F53A
:10AE3000CE7006F0DDFC4FF40011D4F8B80102F03A
:10AE400089FF05F4800058B14FF4800104F5CE70FD
:10AE500006F0CEFC4FF48001D4F8B80102F07AFF7E
:10AE600005F4000058B14FF4000104F5CE7006F06F
:10AE7000BFFC4FF40001D4F8B80102F06BFF05F0FD
:10AE8000807058B14FF0807104F5CE7006F0B0FCC0
:10AE90004FF08071D4F8B80102F05CFF05F080003B
:10AEA00048B1802104F5CE7006F0A2FC8021D4F8D0
:10AEB000B80102F04FFF05F4005058B14FF40051B3
:10AEC00004F5CE7006F094FC4FF40051D4F8B801AC
:10AED00002F040FF05F4807058B14FF4807104F522
:10AEE000CE7006F085FC4FF48071D4F8B80102F002
:10AEF00031FF05F0040048B1042104F5CE7006F0DE
:10AF000077FC0421D4F8B80102F024FF05F0080012
:10AF100048B1082104F5CE7006F06AFC0821D4F887
:10AF2000B80102F017FF05F0100048B1102104F538
:10AF3000CE7006F05DFC1021D4F8B80102F00AFFD3
:10AF400005F0200048B1202104F5CE7006F050FC39
:10AF50002021D4F8B80102F0FDFE05F0400048B110
:10AF6000402104F5CE7006F043FC4021D4F8B8012E
:10AF700002F0F0FE05F0800048B1802104F5CE70AB
:10AF800006F036FC8021D4F8B80102F0E3FE05F4A7
:10AF9000007058B14FF4007104F5CE7006F028FC33
:10AFA0004FF40071D4F8B80102F0D4FE05F48060CB
:10AFB00058B14FF4806104F5CE7006F019FC4FF4DF
:10AFC0008061D4F8B80102F0C5FE05F4006058B104
:10AFD0004FF4006104F5CE7006F00AFC4FF40061F6
:10AFE000D4F8B80102F0B6FE05F4805090B14FF4E9
:10AFF000805105E08083FF1F4000002080800030EA
:10B0000004F5CE7006F0F4FB4FF48051D4F8B8018B
:10B0100002F0A0FE00BF00BFF9E57047704770471F
:10B020007047000010B504460C48D0F8F00116280F
:10B0300006D10A49D1F8FC014FF4002103F03AF897
:10B040000648D0F8F001182806D10449D1F8FC01CF
:10B050004FF0807103F02EF810BD00003C83FF1FFD
:10B0600010B504460C48D0F80404162806D10A4945
:10B07000D1F810044FF4002103F01CF80648D0F872
:10B080000404182806D10449D1F810044FF0807147
:10B0900003F010F810BD00003C83FF1F00B595B011
:10B0A00007A808F01DFD1D490798884201D015B07A
:10B0B00000BD0D990898CDE9000119A21A49002098
:10B0C000079B05F059FF0D9811281DD114A217A157
:10B0D000002005F051FF182101A8FFF757F920487B
:10B0E000019001208DF8080008208DF80C00042044
:10B0F0008DF80D0051218DF80E1001218DF80F10E3
:10B1000001A801F0FFFC00BF08F0E4FC04A215A1B7
:10B11000002005F031FF00BFC9E70000005344558F
:10B120004D41494E0000000094F002001B5B333695
:10B130006D5B25735D2053656E64696E6720706575
:10B140006E64696E672031312030312041434B20DD
:10B15000283531203031290D0A1B5B306D0D0A0076
:10B1600003F1DA181B5B33366D5B25735D205544A4
:10B170005320536861726564207374617465206341
:10B180006C65617265640D0A1B5B306D0D0A000011
:10B190001FB501220321052003F056FC02A801F08F
:10B1A0007DF9684601F022F82F49304801F047F850
:10B1B00000208DF80A0030208DF8090000208DF85D
:10B1C000080005208DF80C0002A801F0C5F8002049
:10B1D0000190019820F01F0001903121019861F346
:10B1E00010200190019820F0704000F180500190F3
:10B1F000019820F0706000F180700190019820F4B7
:10B20000700000F58010019000208DF8000001987A
:10B2100020F080000190684600F096FE00BF2020DC
:10B2200000F0FEFD0128FAD100221146042005F0AD
:10B23000B9FF012211460B2005F0B4FF502002F0A7
:10B24000B5FC4FF4404003F00BFF05F04BFC05202C
:10B2500000F0FFFF012002F02FFA002002F02CFA8C
:10B26000012002F0F3F91FBD102211007777770754
:10B2700010B586B004460C48009001208DF80400FB
:10B2800000208DF805008DF806008DF807000820D5
:10B290008DF808008DF8094000200590684601F0FF
:10B2A00031FC06B010BD00005555EF182DE9F041F6
:10B2B00005460C4600BF1448854200D104E040F228
:10B2C000723112A002F0CAF800BF00BF2CB11A48B8
:10B2D00020431949884200D104E040F273310BA0A9
:10B2E00002F0BCF800BF15480440C4F307474FEA1A
:10B2F000146805F8A57F6E7806F0EA0646EA0806A7
:10B300006E70A53DBDE8F081000407402E2E5C6400
:10B310007269766572735C686333325F6C6C5F640C
:10B3200072697665725C7372635C686333325F6CFA
:10B330006C5F63616E2E63002701FFD50000FF156F
:10B3400010B5044600BF0848844200D104E040F232
:10B35000FA2106A002F082F800BF94F8A00000F0E5
:10B360007F0084F8A00010BD000407402E2E5C640E
:10B370007269766572735C686333325F6C6C5F64AC
:10B3800072697665725C7372635C686333325F6C9A
:10B390006C5F63616E2E63002DE9F04704460E4634
:10B3A00015464FF0000900BF3D48844200D104E03B
:10B3B00040F26A213BA002F051F800BF00BF0EB17D
:10B3C000012E00D104E040F26B2136A002F046F8D5
:10B3D00000BF002D5ED000BF2879C0F3401000B937
:10B3E00004E040F26E212FA002F038F800BF3EB911
:10B3F00094F8A10000F01000B8B16FF0050914E056
:10B4000094F8A10000F0060010B16FF005090CE0FF
:10B4100094F8A47094F8A28007F0010018B908F01D
:10B420000300032801D16FF00909B9F1000F33D1EE
:10B4300000BF2879C0F3C01030B1286860F06040C8
:10B440006FF06041884209D02879C0F3C01030B94C
:10B4500040F2FF7128680843884200D104E040F2BE
:10B46000852110A001F0FAFF00BF04F1A10A1C2100
:10B4700001EB4A1000F1844006602946204600F0A6
:10B48000A7FC012E08D194F8A20040F0400084F8F7
:10B49000A20001E06FF002094846BDE8F087000015
:10B4A000000407402E2E5C647269766572735C68D6
:10B4B0006333325F6C6C5F6472697665725C737261
:10B4C000635C686333325F6C6C5F63616E2E630034
:10B4D0002DE9F04706460F4614464FF000080025B8
:10B4E0006FF0020900BF3448864200D104E04FF4F7
:10B4F000967132A001F0B2FF00BF002F59D0002C8E
:10B5000057D053E007F0010000284AD000BF05EBF8
:10B51000450004EB8000806878B105EB450004EB42
:10B5200080008068B0F1804F07D005EB450004EB48
:10B5300080008068B0F1C04F00D104E040F23111CA
:10B540001EA001F08BFF00BF00BF05EB450004EB20
:10B550008000406860F060406FF06041884200D138
:10B5600004E04FF4997115A001F078FF00BF06F8D0
:10B57000B48F05EB450054F820007060307840F03F
:10B580002000307005EB450004EB8000406805EBBF
:10B59000450104EB8101896808437060B43E681C72
:10B5A000C5B27F1008F1010000F0FF08002FA9D1FB
:10B5B000B9464846BDE8F087000407402E2E5C647B
:10B5C0007269766572735C686333325F6C6C5F645A
:10B5D00072697665725C7372635C686333325F6C48
:10B5E0006C5F63616E2E630010B5044600BF0748B0
:10B5F000844200D104E040F2F53105A001F02EFFB5
:10B6000000BF94F8A30000F0030010BD0004074041
:10B610002E2E5C647269766572735C686333325F88
:10B620006C6C5F6472697665725C7372635C68638C
:10B6300033325F6C6C5F63616E2E630070B50446DD
:10B640000D466FF0080600BF0F48844200D104E0A9
:10B6500040F2D2210DA001F001FF00BF15B96FF03B
:10B6600002060FE094F8A30000F0030050B1294651
:10B67000204600F045FA94F8A30040F0100084F84A
:10B68000A3000026304670BD000407402E2E5C64E7
:10B690007269766572735C686333325F6C6C5F6489
:10B6A00072697665725C7372635C686333325F6C77
:10B6B0006C5F63616E2E63002DE9F05F05460C46FA
:10B6C0004FF0000B00BF2048854200D104E04FF44A
:10B6D0004F711EA001F0C2FE00BF00BF2CB1264872
:10B6E00020432549884200D104E040F23D3117A0B3
:10B6F00001F0B4FE00BF04F0070604F02007C4F315
:10B700000728C4F307494FEA146A15F8A00F06404A
:10B71000E8780740287900EA0808687900EA09090A
:10B72000A879A03D00EA0A0A4EB947B9B8F1000F5E
:10B7300005D1B9F1000F02D1BAF1000F01D04FF0DD
:10B74000010B5846BDE8F09F000407402E2E5C64B4
:10B750007269766572735C686333325F6C6C5F64C8
:10B7600072697665725C7372635C686333325F6CB6
:10B770006C5F63616E2E63002701FFD52DE9F047F2
:10B78000044600BF1048844200D104E040F2A731D3
:10B790000EA001F063FE00BF14F8A05FE67806F08B
:10B7A000200694F80480677994F80690A03C46EA55
:10B7B000082040EA074040EA096005430E4805407A
:10B7C0002846BDE8F0870000000407402E2E5C6488
:10B7D0007269766572735C686333325F6C6C5F6448
:10B7E00072697665725C7372635C686333325F6C36
:10B7F0006C5F63616E2E63002701FFD570B505464F
:10B800000C466FF00206002C4FD02146284600F06F
:10B810004FF815F8A00F40F0800028706068801E77
:10B82000A168491E40EA0121A089401E41EA004169
:10B830002078401E41EA0060A860A87800F0DF0090
:10B84000617E01F020010843A870A03DA18A28462E
:10B850002269FFF73DFE95F8A00000F07F0085F813
:10B86000A000A17D284600F07BF9E07D217E084301
:10B8700000F0180015F8A01F01F0E7010843287038
:10B88000E07EA17E40EA0110E871207F617F0843DD
:10B89000A17F0843E870207DA875A03D206A18B1FB
:10B8A0002846216A00F0DEF90026304670BD00000F
:10B8B00070B505460C4600BF5648854200D103E0EE
:10B8C000D52155A001F0CAFD00BF00BFA07D04280E
:10B8D00000D803E0D62150A001F0C0FD00BF00BF9A
:10B8E000E07D10B1E07D102800D103E0D7214AA00F
:10B8F00001F0B4FD00BF00BF207E10B1207E0828FB
:10B9000000D103E0D82144A001F0A8FD00BF00BF92
:10B91000607E10B1607E202800D103E0D9213EA0D6
:10B9200001F09CFD00BF00BFA07E18B1A07E0A28D8
:10B9300000D803E0DA2138A001F090FD00BF00BF7D
:10B94000E07E102800D203E0DB2133A001F086FD69
:10B9500000BF00BFA08A28B1A08A40F0FF00FF28E6
:10B9600000D103E0DC212CA001F078FD00BF00BF76
:10B97000207F10B1207F082800D103E0DD2126A020
:10B9800001F06CFD00BF00BF607F10B1607F4028F8
:10B9900000D103E0DE2120A001F060FD00BF00BF68
:10B9A000A07F10B1A07F802800D103E0DF211AA082
:10B9B00001F054FD00BF00BF206820B12068B0F541
:10B9C000807F00D803E0E12113A001F047FD00BF14
:10B9D00000BF6068022816D36068412813D8A068A9
:10B9E00088B1A06808280ED8E06860B1E06808282F
:10B9F00009D8D4E90110401C814204D3D4E90201E2
:10BA0000884200D303E0E22103A001F027FD00BF3C
:10BA100070BD0000000407402E2E5C6472697665DC
:10BA200072735C686333325F6C6C5F6472697665F5
:10BA3000725C7372635C686333325F6C6C5F63610A
:10BA40006E2E63002DE9F04104460D46164600BFF8
:10BA50001F48844200D104E040F243211DA001F0C0
:10BA6000FDFC00BF00BF3DB142F6FE20284342F678
:10BA7000FE21884200D104E04FF4117115A001F0BD
:10BA8000EDFC00BF00BF0EB1012E00D104E040F27A
:10BA9000452110A001F0E2FC00BFEFB2C5F307287A
:10BAA000012E09D114F8A40F38432070A07840EA81
:10BAB0000800A070A43C08E014F8A40FB84320705C
:10BAC000A07820EA0800A070A43CBDE8F081000046
:10BAD000000407402E2E5C647269766572735C68A0
:10BAE0006333325F6C6C5F6472697665725C73722B
:10BAF000635C686333325F6C6C5F63616E2E6300FE
:10BB0000F0B5024601F10805144626680E60666825
:10BB10004E600E79C6F3C01626B90E88C6F30A0623
:10BB20000E6003E00E6826F060460E600E7906F0A7
:10BB30000F060A4FBB5D0E79C6F3401616B9022BED
:10BB400000D90223002006E0861C54F8266045F840
:10BB50002060461CF0B29842F6DBF0BDF8EA020025
:10BB600030B50022002305290DD2DFE801F00D03D6
:10BB700005070900402308E0202206E0402204E0F7
:10BB80004023402201E000BF00BF00BF10F8A04FDB
:10BB900004F09F0402F060052C430470447804F024
:10BBA000BF0403F040052C434470A03830BD0000B2
:10BBB00070B504460D4600BF0E48844200D104E033
:10BBC00040F2A9210CA001F049FC00BF00BF25B143
:10BBD00045F01600162800D104E040F2AA2106A084
:10BBE00001F03CFC00BF94F8A100284384F8A100B8
:10BBF00070BD0000000407402E2E5C6472697665FB
:10BC000072735C686333325F6C6C5F647269766513
:10BC1000725C7372635C686333325F6C6C5F636128
:10BC20006E2E630001466FF00200D1B104220A605B
:10BC300010224A6004228A600222CA6000220A613D
:10BC40008A828A75CA750A764A760A228A76072215
:10BC5000CA7600220A7740224A7700228A770A624F
:10BC6000002070472DE9F04105460C466FF00207B1
:10BC700000BF4B48854200D104E040F25F4149A03B
:10BC800001F0ECFB00BF002C7DD000BF607A10B14A
:10BC9000607A102800D104E040F2624141A001F036
:10BCA000DDFB00BF00BF207A40B1207A022805D01A
:10BCB000207A042802D0207A062800D104E040F23D
:10BCC000634138A001F0CAFB00BF00BF60680128D3
:10BCD00006D1206860F060406FF06041884207D074
:10BCE000606830B940F2FF7120680843884200D193
:10BCF00004E040F264412BA001F0B0FB00BF00BFA4
:10BD0000608978B16089B0F5807F0BD06089B0F52B
:10BD1000007F07D06089B0F5407F03D06089B0F51F
:10BD2000806F00D104E040F265411EA001F096FB57
:10BD300000BF00BFA08918B1A089102800D804E076
:10BD400040F2664117A001F089FB00BF206820F097
:10BD5000004615F8A20F00F0EF00617A01F0100123
:10BD6000084328706189207B401E41EA00306884C6
:10BD7000207946EAC070C5F81E00E089A884208AB0
:10BD8000E884687F00E008E000F0F900217A01F023
:10BD9000060108436877A23D00273846BDE8F081D8
:10BDA000000407402E2E5C647269766572735C68CD
:10BDB0006333325F6C6C5F6472697665725C737258
:10BDC000635C686333325F6C6C5F63616E2E63002B
:10BDD000F0B5034601F1080503F150020E68166044
:10BDE0004E6856600E7906F00F060C4FBC5D0E795A
:10BDF000C6F3401616B9022C00D902240E79C6F3F8
:10BE0000801656B9002006E055F82070861C42F8CE
:10BE10002670461CF0B2A042F6DBF0BDF8EA020044
:10BE200010B5044600BF24B144F06900692800D170
:10BE300004E040F28B5106A001F010FB00BF0F4858
:10BE40000078204008B1012010BD0020FCE7000070
:10BE50002E2E5C647269766572735C686333325F40
:10BE60006C6C5F6472697665725C7372635C686344
:10BE700033325F6C6C5F636C6B2E63003C4005403B
:10BE800070B50446002500BF0CB1012C00D104E0C0
:10BE900040F2E5411FA001F0E1FA00BF00BF2848D1
:10BEA000008800F0010000B104E040F2E64119A072
:10BEB00001F0D4FA00BF64B92248007800F007000E
:10BEC000052801D1C54322E001201E49091D087043
:10BED0001DE01C48DA300068C0F3C01030B94FF4E0
:10BEE0008051082000F0BDF9054605E04FF480516F
:10BEF000012000F0B6F905464DB900201149091D91
:10BF000008704FF48051202000F0ABF90546284618
:10BF100070BD00002E2E5C647269766572735C6879
:10BF20006333325F6C6C5F6472697665725C7372E6
:10BF3000635C686333325F6C6C5F636C6B2E6300B1
:10BF4000FE430540264005402DE9F041044614B962
:10BF50006FF002061FE100BF2079C0F3C01018B1D6
:10BF60002079C0F3C01000B104E04FF497618BA0BA
:10BF700001F074FA00BF00BF207900F01F00401CE0
:10BF8000182805D8207900F01F00401C00B104E0FB
:10BF900040F2B94181A001F061FA00BF00BF6068C2
:10BFA000C0F30820401CB0F5F07F06D86068C0F3ED
:10BFB0000820401C142800D304E040F2BA4177A0C6
:10BFC00001F04CFA00BF00BF0121606801EB107066
:10BFD000102805D8606801EB1070022800D304E037
:10BFE00040F2BB416DA001F039FA00BF2079C0F3E7
:10BFF000C01008B9744901E074480168207900F064
:10C000001F00401CB1FBF0F76068C0F30820401C23
:10C0100000FB07F500BF6E48874203D86D48874292
:10C0200000D304E04FF498615CA001F017FA00BF60
:10C0300000BF6948854203D84010854200D304E020
:10C0400040F2C14155A001F009FA00BF00BF012133
:10C05000606801EB1070B5FBF0F06049884209D8C8
:10C060000121606801EB1070B5FBF0F05C4988427B
:10C0700000D304E040F2C24148A001F0EFF900BF54
:10C0800000BF6068C0F30360401C102806D86068D9
:10C09000C0F30360401C022800D304E040F2C34117
:10C0A0003EA001F0DBF900BF00BF6068C0F30350A1
:10C0B000401C102806D86068C0F30350401C0228BA
:10C0C00000D304E040F2C44134A001F0C7F900BF3E
:10C0D00000BF6068C0F30350401CB5FBF0F03F495F
:10C0E000884209D86068C0F30350401CB5FBF0F0EB
:10C0F0003B49884200D304E040F2C54127A001F04B
:10C10000ADF900BF00BF6068C0F30360401CB5FB21
:10C11000F0F03249884209D86068C0F30360401CDF
:10C12000B5FBF0F02E49884200D304E040F2C6414E
:10C130001AA001F093F900BF00BF2078012801D0B8
:10C14000207800B904E04FF4996114A001F086F959
:10C1500000BF00BF2348008800F0010000B104E0E8
:10C1600040F2C9410DA001F079F900BF2079C10961
:10C170001D48006861F3C7101B49086060680860CB
:10C18000207820B90120FFF77BFE064603E000205F
:10C19000FFF776FE06463046BDE8F0812E2E5C6441
:10C1A0007269766572735C686333325F6C6C5F646E
:10C1B00072697665725C7372635C686333325F6C5C
:10C1C0006C5F636C6B2E630000127A000480FF1FAB
:10C1D00040787D0140420F0000389C1C00C2EB0BF0
:10C1E000C0E1E400FE430540004105400146002057
:10C1F00009B9C01E22E000224A604A6822F080028B
:10C200004A604A6822F01F024A6013234A6863F3B7
:10C2100010224A604A6822F0704202F180524A605D
:10C220004A6822F0706202F180724A604A6822F421
:10C23000700202F580124A6001220A70704770B5E0
:10C2400004460D462946204605F02CF806F056F81F
:10C2500070BD10B50446204605F0BAF906F04EF858
:10C2600010BDF8B505460C46002000906FF007069B
:10C2700009E02846FFF7D4FD012801D1002605E09A
:10C280000098401C00900098A042F2D900BF3046B0
:10C29000F8BD000070B50446002500BF0CB1012CAC
:10C2A00000D104E04FF467711EA001F0D7F800BF81
:10C2B00000BF2748008800F0010000B104E040F210
:10C2C0009D3118A001F0CAF800BFFCB921480078E0
:10C2D00000F00700032802D16FF0050520E01D489B
:10C2E000DA300068C0F3C01058B91A48001D007851
:10C2F00010B96FF0050513E0012016490C310870E4
:10C300000EE0012013490C31087009E000201149AA
:10C310000C3108704FF480510820FFF7A2FF05464A
:10C32000284670BD2E2E5C647269766572735C68F7
:10C330006333325F6C6C5F6472697665725C7372D2
:10C34000635C686333325F6C6C5F636C6B2E63009D
:10C35000FE4305402640054070B5044614B96FF011
:10C3600002057FE000BF2078012801D0207800B9C5
:10C3700004E04FF45F713CA001F070F800BF00BF13
:10C38000607840B16078102805D06078202802D00D
:10C390006078302800D104E040F27D3132A001F015
:10C3A0005DF800BF00BFA07810B1A078402800D190
:10C3B00004E040F27E312CA001F050F800BF00BF35
:10C3C000E078802801D0E07800B904E040F27F31C5
:10C3D00025A001F043F800BF00BF2079012817D045
:10C3E0002079022814D02079032811D0207904283C
:10C3F0000ED0207905280BD02079062808D0207986
:10C40000072805D02079082802D02079092800D1F2
:10C4100004E04FF4607114A001F020F800BF00BFE9
:10C420001C48008800F0010000B104E040F28131B6
:10C430000DA001F013F800BF207917490870E078CB
:10C4400061780843A17808431249123108702078B6
:10C4500020B90120FFF71EFF054603E00020FFF78B
:10C4600019FF0546284670BD2E2E5C6472697665FC
:10C4700072735C686333325F6C6C5F64726976659B
:10C48000725C7372635C686333325F6C6C5F636CA5
:10C490006B2E6300FE430540A2400540014600208C
:10C4A00009B9C01E08E001220A7000228A704A7091
:10C4B0008022CA7005220A717047000070B50446D8
:10C4C0002546074828601D20A8800648A8600A2045
:10C4D000A8810120A861284605F084F970BD0000FC
:10C4E000ECE3020048E5020070B50446D4F8F80118
:10C4F00001F056FD054605F4807050B125F48076B4
:10C5000026B13146D4F8F80101F024FC4FF48075CF
:10C5100000BFB5F5007F76D015DC102D5DD008DCAE
:10C52000012D2ED0022D37D0042D40D0082D6BD1F7
:10C5300048E0202D5CD0402D68D0802D74D0B5F51A
:10C54000807FF4D17FE0B5F5804F6BD00CDCB5F582
:10C55000806F68D0B5F5006F71D0B5F5805F6FD092
:10C56000B5F5005FE3D1B0E0B5F5004F69D0B5F5A2
:10C57000803F67D0B5F5003F72D0B5F5802FD6D19A
:10C58000E4E0012104F5EE7005F032F90121D4F860
:10C59000F80101F0DFFBE7E0022104F5EE7005F0A1
:10C5A00027F90221D4F8F80101F0D4FBDCE00421E2
:10C5B00004F5EE7005F01CF90421D4F8F80101F03F
:10C5C000C9FBD1E0082104F5EE7005F011F908214E
:10C5D000D4F8F80101F0BEFBC6E0102104F5EE70BE
:10C5E00005F006F91021D4F8F80101F0B3FBBBE027
:10C5F000202104F5EE7005F0FBF82021D4F8F801B5
:10C6000001F0A8FBB0E02CE0ADE0FFE7402104F52D
:10C61000EE7005F0EDF84021D4F8F80101F09AFB36
:10C62000A2E001E05EE029E0802104F5EE7005F073
:10C63000DFF88021D4F8F80101F08CFB94E02AE0C7
:10C6400036E05CE068E04FF4807104F5EE7005F0D0
:10C65000CFF84FF48071D4F8F80101F07BFB83E050
:10C6600067E04FF4007104F5EE7005F0C1F84FF487
:10C670000071D4F8F80101F06DFB75E04FF48061B2
:10C6800004F5EE7005F0B4F84FF48061D4F8F801C9
:10C6900001F060FB68E04FF4006104F5EE7005F016
:10C6A000A7F84FF40061D4F8F80101F053FB5BE008
:10C6B0004FF4805104F5EE7005F09AF84FF4805174
:10C6C000D4F8F80101F046FB4EE04FF4005104F5B8
:10C6D000EE7005F08DF84FF40051D4F8F80101F038
:10C6E00039FB41E04FF4804104F5EE7005F080F82D
:10C6F0004FF48041D4F8F80101F02CFB34E04FF402
:10C70000004104F5EE7005F073F84FF40041D4F8E1
:10C71000F80101F01FFB27E04FF4803104F5EE70C3
:10C7200005F066F84FF48031D4F8F80101F012FBFF
:10C730001AE04FF4003104F5EE7005F059F84FF4AB
:10C740000031D4F8F80101F005FB0DE04FF4802131
:10C7500004F5EE7005F04CF84FF48021D4F8F801A0
:10C7600001F0F8FA00E000BF00BF70BD10B51B4833
:10C77000FFF704F8044604F00100002822D018480E
:10C78000007858B917A219A1002004F0F5FB012088
:10C790001349087005F006FB2449086005F002FB08
:10C7A00022490968401AB0F5FA7F16D30DA220A1DC
:10C7B000002004F0E1FB0948FEF7C2FD0020084913
:10C7C00008700AE00648007838B106A226A10020C9
:10C7D00004F0D2FB00200249087010BD000407409D
:10C7E000F082FF1F43414E49460000001B5B33337C
:10C7F0006D5B25735D204275732D4F666620646501
:10C8000074656374656421205374617274696E6722
:10C81000207265636F766572792074696D65722E1A
:10C820002E2E1B5B306D0D0A00000000EC82FF1FF6
:10C830001B5B33326D5B25735D204275732D4F6634
:10C8400066207265636F766572793A2065786974DF
:10C85000696E67206C6F63616C2072657365741B11
:10C860005B306D0D0A0000001B5B33326D5B25737E
:10C870005D204275732D4F6666207265636F766525
:10C880007265641B5B306D0D0A00000000B101B9D8
:10C89000704702680A60027A0A7342790AB101227B
:10C8A00000E000224A7302790AB1012200E000226E
:10C8B0008A73D0F809204A60D0F80D208A6000BF42
:10C8C000E6E7000010B5044618A21AA1002004F003
:10C8D00053FB23480460234809F030FD13A222A132
:10C8E000002004F049FB4FF440712948FDF74EFD4C
:10C8F000002028490870284908704FF480712748A3
:10C90000FDF744FD002026490870264908602649A5
:10C9100008602649087000F0C9F901202449087010
:10C9200002A224A1002004F027FB10BD43414E4980
:10C93000460000001B5B33326D5B25735D203D3D7F
:10C940003D2043616E496620496E697420537461CD
:10C950007274203D3D3D1B5B306D0D0A00000000F0
:10C96000E882FF1F11CD01001B5B33366D5B257321
:10C970005D2054582063616C6C6261636B2072654A
:10C9800067697374657265641B5B306D0D0A000026
:10C99000B8BD0020E082FF1FE182FF1FB8C0002069
:10C9A000E282FF1FE482FF1FEC82FF1FF082FF1F65
:10C9B000F182FF1F1B5B33326D5B25735D203D3DB4
:10C9C0003D2043616E496620496E697420446F6E54
:10C9D00065203D3D3D1B5B306D0D0A0010B50948DB
:10C9E000007800B910BDFFF7C1FE09F0C3FB38B9EC
:10C9F0000548007805490978884201D000F088F997
:10CA000000BFEFE7F182FF1FE082FF1FE182FF1FFF
:10CA10007CB504461A48007800B10CB900207CBDF2
:10CA2000E06830B917A219A1002004F0A5FA00208F
:10CA3000F5E723480078102807D3102311A221A17D
:10CA4000002004F099FA0020E9E72C481C490978F5
:10CA500000EB011094E82E002EC019480078401C0D
:10CA600017490870084601786068CDE9000105A201
:10CA700023490020236804F07FFA0120CFE700005B
:10CA8000F182FF1F43414E49460000001B5B3333D8
:10CA90006D5B25735D2052656769737465722066EE
:10CAA000696C7465723A2063616C6C6261636B20BF
:10CAB0006973204E554C4C1B5B306D0D0A00000015
:10CAC000E282FF1F1B5B33336D5B25735D20526574
:10CAD0006769737465722066696C7465723A207454
:10CAE00061626C652066756C6C20286D61783D25EF
:10CAF00064291B5B306D0D0A00000000B8C00020E7
:10CB00000CF00200F0B585B00446002734480078E8
:10CB100000B114B9002005B0F0BD207A082807D96B
:10CB2000237A30A231A1002004F026FA0020F2E797
:10CB300001A92046FFF7AAFE72B609F01BFB00BB55
:10CB40009DF81200012807D19DF8102002A9019834
:10CB500009F022FC054606E09DF8102002A9019884
:10CB600009F050FC0546012D0BD162B69DF810006E
:10CB700000901CA225A10020019B04F0FDF90120DA
:10CB8000C9E72E480078401C00F01F062C480078AA
:10CB900086421BD02949097801EB4101294A02EB61
:10CBA000C10018222146FDF7D8FB24480670012752
:10CBB000007823490978401A00F01F00009009A26C
:10CBC00021A10020236804F0D7F905E005A22AA1DD
:10CBD0000020236804F0D0F962B638469BE70000D5
:10CBE000F182FF1F43414E49460000001B5B333179
:10CBF0006D5B25735D20496E76616C696420444CE1
:10CC0000433A2025641B5B306D0D0A001B5B3336F5
:10CC10006D5B25735D205458206469726563743AB6
:10CC20002049443D3078253038582C206C656E3DC5
:10CC300025641B5B306D0D0A00000000E082FF1FC1
:10CC4000E182FF1FB8BD00201B5B33366D5B25738F
:10CC50005D205458207175657565643A2049443DDE
:10CC60003078253038582C2071756575653D256400
:10CC70001B5B306D0D0A00001B5B33336D5B25734E
:10CC80005D2054582071756575652066756C6C2142
:10CC90002049443D3078253038582064726F7070D8
:10CCA00065641B5B306D0D0A0000000010B5044682
:10CCB000064804600CB106A000E006A0034607A2E7
:10CCC00008A1002004F058F910BD0000E482FF1F05
:10CCD000594553004E554C4C0000000043414E490D
:10CCE000460000001B5B33366D5B25735D20446599
:10CCF0006661756C742063616C6C6261636B207338
:10CD000065743A2025731B5B306D0D0A000000002E
:10CD100030B58BB000252148007821490978884238
:10CD200012D01F48007800EB40001E4A02EBC00101
:10CD3000182205A8FDF711FB19480078401C00F0E7
:10CD40001F001749087001250DB90BB030BD01A9AE
:10CD500005A8FFF79BFD9DF81200012807D19DF85B
:10CD6000102002A9019809F017FB044606E09DF87F
:10CD7000102002A9019809F045FB0446012C0BD0B4
:10CD800007480078401E00F01F000549087006A201
:10CD90000749002004F0F0F800BFD6E7E082FF1F4B
:10CDA000E182FF1FB8BD002043414E49460000000C
:10CDB00050F0020010B5002481E004EB840202EB85
:10CDC000C413414A02EB830202F5AA7104EB840208
:10CDD00002EBC4133C4A02EB830202F5A07003F09D
:10CDE000E2FD012104EB840000EBC412364800EBA5
:10CDF000820080F84011B6EE000A04EB840000EBDC
:10CE0000C411314800EB810080ED510A9FED2F0ADB
:10CE100004EB840000EBC4112B4800EB810080ED93
:10CE2000520A9FED2B0A04EB840000EBC411264844
:10CE300000EB810080ED530A9FED250A04EB84008E
:10CE400000EBC411204800EB810080ED540A9FEDF7
:10CE5000210A04EB840000EBC4111B4800EB8100A5
:10CE600080ED5D0A9FED1A0A04EB840000EBC4110B
:10CE7000154800EB810080ED5E0A9FED170A04EB78
:10CE8000840000EBC411104800EB810080ED630AC0
:10CE90009FED120A04EB840000EBC4110A4800EB7A
:10CEA000810080ED640A9FED0E0A04EB840000EB24
:10CEB000C411054800EB810080ED650A641C022C5A
:10CEC000FFF67BAF10BD00008083FF1FCDCC4C3D33
:10CED0000000000000401C4500002F440080BB44BF
:10CEE0000000FA4410B500246BE004EB840202EB6E
:10CEF000C413354A02EB830202F19C0104EB840265
:10CF000002EBC413304A02EB830202F1880003F003
:10CF10004AFD012104EB840000EBC4122A4800EB17
:10CF2000820080F88810B7EE000A04EB840000EB62
:10CF3000C411254800EB810080ED230A9FED230AF0
:10CF400004EB840000EBC4111F4800EB810080ED6E
:10CF5000240A9FED1F0A04EB840000EBC4111A4859
:10CF600000EB810080ED250A9FED190A04EB840097
:10CF700000EBC411144800EB810080ED260AB2EEEC
:10CF8000000A04EB840000EBC4110F4800EB8100A1
:10CF900080ED2F0ABAEE000A04EB840000EBC41106
:10CFA000094800EB810080ED300AB6EE000A04EB80
:10CFB000840000EBC411044800EB810080ED350AC9
:10CFC000641C022C91DB10BD8083FF1F0AD7233C19
:10CFD0000000000010B52DED048B002408E104EBE7
:10CFE000840000EBC411854800EB810090F89C00A0
:10CFF000002876D004EB840202EBC4137F4A02EBD4
:10D00000830292ED291AF0EE410A04EB840202EB4E
:10D01000C4137A4A02EB830292ED281AB0EE410A59
:10D0200004EB840202EBC413744A02EB830202F1A4
:10D030009C0104EB840202EBC413704A02EB8302EE
:10D0400002F1880003F042FC84BB6D48008802288E
:10D050002DDB00206A4908806A480088B0F5C87F47
:10D060002ADA04EB840000EBC411644800EB810071
:10D0700090ED2D0A64486349098800EB810080ED3A
:10D08000000A04EB840000EBC4115C4800EB810053
:10D0900090ED310A5D485B49098800EB810080ED25
:10D0A000000A58480088401C5649088004E054484B
:10D0B0000088401C5249088004EB840000EBC41136
:10D0C0004E4800EB810090ED310AF0EEC08AB2EEDE
:10D0D000040AF4EEC08AF1EE10FA03DDB1EE048A20
:10D0E00016E084E0B1EE040AF4EEC08AF1EE10FA24
:10D0F00002DDB0EE088A0BE0B0EE000AF4EEC08A62
:10D10000F1EE10FA02DDB7EE088A01E09FED408AE9
:10D1100004EB840000EBC411384800EB810090ED73
:10D120002D0AB0EEC09A04EB840000EBC411334822
:10D1300000EB810090F8600001281CD104EB840012
:10D1400000EBC4112D4800EB810090ED2D0AB5EEE7
:10D15000C00AF1EE10FA09DD04EB840000EBC41103
:10D16000264800EB810090ED2D9A2DE09FED290AD5
:10D17000B0EE409A28E004EB840000EBC4111F4895
:10D1800000EB810090F8600002281DD104EB8400C0
:10D1900000EBC411194800EB810090ED2D0AB5EEAB
:10D1A000C00AF1EE10FA0BD204EB840000EBC411BC
:10D1B000124800EB810090ED2D0AB1EE409A03E099
:10D1C0009FED140AB0EE409AB4EEC89AF1EE10FA50
:10D1D00000DD00BF104890ED000A04EB840000EB76
:10D1E000C411064800EB810080ED3F0A00BF641CBB
:10D1F000022CFFF6F4AEBDEC048B10BD8083FF1F44
:10D200007E80FF1F7C80FF1F588BFF1FD897FF1F5A
:10D21000CDCC4C3F000000007880FF1F10B50024EB
:10D220006BE004EB840202EBC413354A02EB830289
:10D2300002F1F80104EB840202EBC413304A02EB62
:10D24000830202F1E40003F0AEFB012104EB840051
:10D2500000EBC4122A4800EB820080F8E410B3EE21
:10D26000040A04EB840000EBC411254800EB8100A4
:10D2700080ED3A0A9FED230A04EB840000EBC41111
:10D280001F4800EB810080ED3B0A9FED1F0A04EB75
:10D29000840000EBC4111A4800EB810080ED3C0AC9
:10D2A0009FED1A0A04EB840000EBC411144800EB54
:10D2B000810080ED3D0A9FED160A04EB840000EB2F
:10D2C000C4110F4800EB810080ED460A9FED0E0A65
:10D2D00004EB840000EBC411094800EB810080EDF1
:10D2E000470AB6EE000A04EB840000EBC4110448C0
:10D2F00000EB810080ED4C0A641C022C91DB10BD18
:10D300008083FF1F0AD7A33C000000000000FA44FE
:10D3100000007A4510B500248EE004EB840000EB99
:10D32000C411474800EB810090F8F80000287CD039
:10D3300004EB840202EBC413414A02EB830292ED38
:10D34000401AF0EE410A04EB840202EBC4133C4A9B
:10D3500002EB830292ED3F1AB0EE410A04EB840225
:10D3600002EBC413364A02EB830202F1F80104EB2C
:10D37000840202EBC413324A02EB830202F1E4009E
:10D3800003F0A4FA002C56D12E48008805284DDB66
:10D3900000202C4908802C480088B0F57A7F4ADAB2
:10D3A00004EB840000EBC411254800EB810090EDF4
:10D3B0003F0A26482449098800EB810080ED000AD5
:10D3C00004EB840000EBC4111D4800EB810090EDDC
:10D3D000400A1F481C49098800EB810080ED000AC3
:10D3E00004EB840000EBC411154800EB810090EDC4
:10D3F000440A18481449098800EB810080ED000AAE
:10D4000004EB840000EBC4110D4800EB810090EDAB
:10D41000480A11480C49098800EB810080ED000A98
:10D4200009480088401C0849088004E00548008835
:10D43000401C04490880641C022CFFF66EAF10BD2E
:10D440008083FF1F8A80FF1F8880FF1F58A4FF1F53
:10D45000F8B3FF1F98C3FF1F38D3FF1F04460D46C4
:10D460002A46214602A006F04BFD00BFFEE7000061
:10D4700057726F6E6720706172616D65746572734B
:10D480002076616C75653A2066696C65202573208D
:10D490006F6E206C696E652025640D0A0000000027
:10D4A00038B50246002300250095D81E00BF0D4D5B
:10D4B0002D682C4600BF0C4D2D68294689B105E02A
:10D4C0000D6805F08003009D6D1C0095009DA54230
:10D4D00001D8002BF4D013B18A80002001E06FF056
:10D4E000070038BD9482FF1F9082FF1F08B50D49C9
:10D4F000096AC1F302630C490968D94041F27073AB
:10D500001944491EB1FBF3F206E0009200BF0099F6
:10D510004B1E00930029FAD1011EA0F10100F4D1A5
:10D5200008BD0000004005400080FF1F08B50C4901
:10D53000096AC1F302630B490968D9400A4B1944CF
:10D54000491EB1FBF3F206E0009200BF00994B1EAA
:10D5500000930029FAD1011EA0F10100F4D108BD09
:10D56000004005400080FF1F808D5B0030B587B014
:10D5700004460121084600F05DFE03A805F0F8FD11
:10D580000020039010200490002005904CF24F30B2
:10D59000ADF8180003AA0121274805F0AFFC0122CD
:10D5A0001146254805F054FC01229104224805F05B
:10D5B0004FFD4120ADF804000620ADF806001F48DD
:10D5C000029001A801F0B2FDBDF90600002807DBBA
:10D5D00000F01F0101228A401949430941F8232024
:10D5E00000BFBDF906000F21002804DB0A07130E57
:10D5F000144A135406E00A07150E134A00F00F03ED
:10D600001B1FD55400BFBDF9060000280DDB00BF6D
:10D6100000BF00F01F02012191404209920002F177
:10D62000E022C2F8001100BF00BF00BF0121024884
:10D6300005F060FD07B030BD00400240392E020009
:10D6400080E200E000E400E018ED00E010B50446E0
:10D6500000BF0CB1012C00D104E040F2711109A00F
:10D66000FFF7FCFE00BF00BF11480068012800D191
:10D6700004E04FF4B97103A0FFF7F0FE00BF0D48BE
:10D68000046010BD2E2E5C647269766572735C68EE
:10D690006333325F6C6C5F6472697665725C73725F
:10D6A000635C686333325F6C6C5F65666D2E63002C
:10D6B000000401404081204210B5044600BF0CB177
:10D6C000012C00D104E040F2631109A0FFF7C6FE6F
:10D6D00000BF00BF11480068012800D104E04FF4EA
:10D6E000B27103A0FFF7BAFE00BF0D48046010BD81
:10D6F0002E2E5C647269766572735C686333325F88
:10D700006C6C5F6472697665725C7372635C68638B
:10D7100033325F6C6C5F65666D2E63000004014000
:10D720006081204210B5044600BF0F480068012800
:10D7300000D104E040F21E210CA0FFF78FFE00BFD5
:10D7400000BF40F23F10204340F23F11884200D119
:10D7500004E040F21F2105A0FFF780FE00BF024851
:10D760001430046010BD0000000401402E2E5C64E3
:10D770007269766572735C686333325F6C6C5F6488
:10D7800072697665725C7372635C686333325F6C76
:10D790006C5F65666D2E630010B5044600BF0CB16A
:10D7A000012C00D104E04FF4747103A0FFF756FE82
:10D7B00000BF0C48046010BD2E2E5C647269766553
:10D7C00072735C686333325F6C6C5F647269766538
:10D7D000725C7372635C686333325F6C6C5F656646
:10D7E0006D2E63008081204210B5044600BF40F2D8
:10D7F0003F10204340F23F11884200D104E04FF433
:10D80000047106A0FFF72AFE00BF0F480068204001
:10D81000A04201D1012010BD0020FCE72E2E5C6447
:10D820007269766572735C686333325F6C6C5F64D7
:10D8300072697665725C7372635C686333325F6CC5
:10D840006C5F65666D2E6300100401402DE9F041A8
:10D8500004460D4600BF37480068012800D104E0A7
:10D8600040F2D22134A0FFF7F9FD00BF00BF3D48D0
:10D870000068012800D104E040F2D3212EA0FFF778
:10D88000EDFD00BF00BFB4F5002F0BD33648844236
:10D8900002D33648844205D93548844203D3B4F1D3
:10D8A000467F00D204E04FF4357123A0FFF7D6FD88
:10D8B00000BF00BF04F0030000B904E040F2D5212E
:10D8C0001DA0FFF7CBFD00BF40F23F10FFF72AFF7E
:10D8D000184808300068274900EA01061548083052
:10D8E0000068C94308401349083108600027081D33
:10D8F000006820F0700040F02000091D08602560DD
:10D90000384600F0E9F980460A480C30006820F0FB
:10D91000700008490C310860081F00681549C943A8
:10D920000840C94331400843024908310860404675
:10D93000BDE8F081000401402E2E5C6472697665BA
:10D9400072735C686333325F6C6C5F6472697665B6
:10D95000725C7372635C686333325F6C6C5F6566C4
:10D960006D2E630080812042000C0003FB0F00033A
:10D97000E0FF1703000001012DE9F05F04460E46A9
:10D9800015466FF002092746A8464FF4807A00BF7B
:10D99000B4F5002F0BD32B48844202D32A4884428B
:10D9A00005D92A48844203D3B4F1467F00D204E06B
:10D9B00040F2462126A0FFF751FD00BF00BF6019CD
:10D9C000401EB0F5002F13D36019401E1D49884238
:10D9D00004D36019401E1C49884209D96019401EB1
:10D9E0001A49884205D36019401EB0F1467F00D223
:10D9F00004E040F2472116A0FFF730FD00BFF6B16A
:10DA00001E48006AC0F302611D480068C84044F621
:10DA10002061B0FBF1FB5946504600F044F960B973
:10DA200005E017F8010B06F8010BA8F10108B8F1A1
:10DA3000000FF6D14FF0000901E06FF004094846ED
:10DA4000BDE8F09F000C0003FB0F0003E0FF17038D
:10DA50002E2E5C647269766572735C686333325F24
:10DA60006C6C5F6472697665725C7372635C686328
:10DA700033325F6C6C5F65666D2E6300004005405D
:10DA80000080FF1F2DE9F041044600BFB4F5002FD0
:10DA900000D204E040F2633134A0FFF7DFFC00BFA6
:10DAA00000BF04F0030000B904E04FF459712FA047
:10DAB000FFF7D4FC00BF00BF37480068012800D141
:10DAC00004E040F2653129A0FFF7C8FC00BF00BFA9
:10DAD00032480068012800D104E040F2663123A0FA
:10DAE000FFF7BCFC00BF40F23F10FFF71BFE2A48C7
:10DAF000083000682A4900EA010627480830006813
:10DB0000C94308402449083108600027081D0068FF
:10DB100020F0700040F04000091D086000202060E7
:10DB20002048006AC0F302611F480068C8403221E3
:10DB3000B0FBF1F84146384600F094F80546164827
:10DB40000C30006820F0700013490C310860081F89
:10DB500000681349C9430840C943314008430E498E
:10DB6000083108602846BDE8F08100002E2E5C6474
:10DB70007269766572735C686333325F6C6C5F6484
:10DB800072697665725C7372635C686333325F6C72
:10DB90006C5F65666D2E6300000401408081204249
:10DBA00000000101004005400080FF1F70B50446E1
:10DBB000002500BF1D480068012800D104E040F2A4
:10DBC0004F111BA0FFF74AFC00BF00BFF02C00D88C
:10DBD00004E04FF4A87116A0FFF740FC00BF134803
:10DBE0000830006820F0F00004F0F00108430F490D
:10DBF0000831086010E06D1C1848006AC0F302612B
:10DC000017480068C84044F62061B0FBF1F0A84214
:10DC100002D26FF0070070BD04480830006800F0C1
:10DC2000F000A042E7D10020F5E700000004014029
:10DC30002E2E5C647269766572735C686333325F42
:10DC40006C6C5F6472697665725C7372635C686346
:10DC500033325F6C6C5F65666D2E6300004005407B
:10DC60000080FF1F70B504460E4600254FF48071FA
:10DC700001FA04F0314600F016F810F1080F00D157
:10DC80006D1F75B9102101FA04F0FFF7ADFD0128F1
:10DC900005D1102101FA04F0FFF744FD01E04FF037
:10DCA000FF35284670BDF8B505460C4600200090AB
:10DCB000002608E00098401C00900098A04202D97D
:10DCC0006FF0070604E02846FFF78EFD0128F1D12A
:10DCD00000BF3046F8BD000070B5044600251B4863
:10DCE000006AC0F302611A480068C84044F6206127
:10DCF000B0FBF1F64FF4807101FA04F03146FFF702
:10DD0000D2FF10F1080F00D16D1FEDB9082101FA03
:10DD100004F0FFF769FD012806D1082101FA04F09B
:10DD2000FFF700FD4FF0FF3575B9102101FA04F03F
:10DD3000FFF75AFD012805D1102101FA04F0FFF781
:10DD4000F1FC01E04FF0FF35284670BD0040054072
:10DD50000080FF1F70B504460D460CB1207B38B91A
:10DD600000BF06A207A1002003F006F900BF70BDA6
:10DD70002068A843206000BFF9E700004552524FD9
:10DD8000520000001B5B33316D5B25735D204576CF
:10DD9000656E7447726F757020636C6561723A20AE
:10DDA000696E76616C69642067726F75701B5B3099
:10DDB0006D0D0A0038B505461DB12846FCF709FB74
:10DDC00040B900BF27A229A1002003F0D5F800BF69
:10DDD000002038BD284600F0BDF848B100BF2B46F2
:10DDE00020A22EA1002003F0C7F800BF0020F0E71A
:10DDF00000242CE0384800EB4410007B002825D19B
:10DE0000354901EB44102021FCF7C0FA01203249CA
:10DE100001EB44110873304901EB441101F10D008D
:10DE20000F222946FCF7C9FA00212B4800EB4410C9
:10DE3000017700BF234629A22AA10020009503F004
:10DE40009BF800BF244800EB4410C2E7641C202C60
:10DE5000D0DB00BF03A231A1002003F08DF800BF8A
:10DE60000020B6E74552524F520000001B5B333191
:10DE70006D5B25735D204576656E7447726F7570B6
:10DE8000206372656174653A206E616D6520697307
:10DE9000204E554C4C1B5B306D0D0A001B5B333123
:10DEA0006D5B25735D204576656E7447726F757086
:10DEB000206372656174653A206E616D6520616CE6
:10DEC000726561647920657869737473202825739D
:10DED000291B5B306D0D0A00C4AC0020494E464F33
:10DEE000000000001B5B33326D5B25735D204576BF
:10DEF000656E7447726F757020637265617465201A
:10DF00004F4B20286964783A25642C206E616D653A
:10DF10003A2573291B5B306D0D0A00001B5B333102
:10DF20006D5B25735D204576656E7447726F757005
:10DF300020637265617465206661696C65643A206E
:10DF40006E6F20667265652067726F75701B5B303F
:10DF50006D0D0A0070B505461DB12846FCF739FA6B
:10DF600008B9002070BD002413E00C4800EB4410F9
:10DF7000007B68B1094901EB441101F10D00102249
:10DF80002946FCF748FA18B9044800EB4410E9E7C1
:10DF9000641C202CE9DB0020E4E70000C4AC002076
:10DFA00010B504460CB1207B40B900BF04A206A105
:10DFB000002002F0E1FF00BF002010BD2068FCE758
:10DFC0004552524F520000001B5B33316D5B25738D
:10DFD0005D204576656E7447726F75702067657455
:10DFE0003A20696E76616C69642067726F75701B88
:10DFF0005B306D0D0A0000002DE9F04704460E4627
:10E000001746984614B1207B00B14EB900BF1BA241
:10E010001CA1002002F0B0FF00BF0020BDE8F08787
:10E02000207A20B90AF01AFF606001212172D4F829
:10E03000009009EA0605012F06D17DB12946204648
:10E04000FFF788FE2846E9E7022F07D1B54205D140
:10E0500031462046FFF77EFE2846DFE708F1010043
:10E0600050B10AF0FBFE82466068AAEB0000404512
:10E0700001D30020D2E700BF0020CFE74552524F26
:10E08000520000001B5B33316D5B25735D204576CC
:10E09000656E7447726F757020726563763A206999
:10E0A0006E76616C696420706172616D1B5B306DAE
:10E0B0000D0A000070B504460D460CB1207B38B93E
:10E0C00000BF06A207A1002002F056FF00BF70BDEE
:10E0D00020682843206000BFF9E700004552524FF6
:10E0E000520000001B5B33316D5B25735D2045766C
:10E0F000656E7447726F75702073656E643A20693F
:10E100006E76616C69642067726F75701B5B306D31
:10E110000D0A000070B504460D4600BF2CB117482B
:10E1200020431649884200D103E0712114A0FFF773
:10E1300095F900BF00BF0DB1012D00D103E07221A0
:10E140000FA0FFF78BF900BF00BF1848006900F06F
:10E15000010000B103E0732109A0FFF77FF900BFC0
:10E16000012D05D111480068A0431049086004E062
:10E170000E48006820430D49086070BD11C5F38F3B
:10E180002E2E5C647269766572735C686333325FED
:10E190006C6C5F6472697665725C7372635C6863F1
:10E1A00033325F6C6C5F6663672E630000800440EF
:10E1B00070B504460D4600BF2CB1114820431049EC
:10E1C000884200D103E084210EA0FFF747F900BF89
:10E1D00000BF0DB1012D00D103E0852109A0FFF79B
:10E1E0003DF900BF012D05D111484068A0431049F9
:10E1F000486004E00E48406820430D49486070BD07
:10E2000079FD0F0F2E2E5C647269766572735C68FF
:10E210006333325F6C6C5F6472697665725C7372D3
:10E22000635C686333325F6C6C5F6663672E6300A8
:10E230000080044070B504460D4600BF2CB1114863
:10E2400020431049884200D103E096210EA0FFF739
:10E2500005F900BF00BF0DB1012D00D103E09721EA
:10E2600009A0FFF7FBF800BF012D05D11148806818
:10E27000A0431049886004E00E48806820430D499F
:10E28000886070BDFF8707002E2E5C64726976651A
:10E2900072735C686333325F6C6C5F64726976655D
:10E2A000725C7372635C686333325F6C6C5F66636D
:10E2B000672E63000080044070B504460D4600BF21
:10E2C0003CB141F20310204341F20311884200D1D6
:10E2D00003E0A8210DA0FFF7C1F800BF00BF0DB1FA
:10E2E000012D00D103E0A92108A0FFF7B7F800BF76
:10E2F000012D05D11048C068A0430F49C86004E053
:10E300000D48C06820430C49C86070BD2E2E5C6467
:10E310007269766572735C686333325F6C6C5F64DC
:10E3200072697665725C7372635C686333325F6CCA
:10E330006C5F6663672E63000080044070B504461E
:10E340000E46154605B10EB9012070BD09498C4233
:10E3500002D14FF4D03106E0B4F1904F02D14FF426
:10E36000882100E021460846314608F0A6FE2860D4
:10E370000020EAE70000018810B500200BF0D6FE6F
:10E380000020044981F8280003A204A102F0F4FD52
:10E3900010BD0000B8C10020465700001B5B33329F
:10E3A0006D5B25735D20446F776E6C6F61642063D5
:10E3B000616E63656C6C65641B5B306D0D0A0000FB
:10E3C00070B504460D46104A944202D14FF4D03243
:10E3D00006E0B4F1904F02D14FF4882200E02246CB
:10E3E0002A44511E084A944202D14FF4D03206E02A
:10E3F000B4F1904F02D14FF4882200E0224610463B
:10E4000008F05CFD70BD00000000018808B5042222
:10E4100069460020FFF7B0FA009880B208BD08B541
:10E42000042269464FF48820FFF7A6FA009808BD39
:10E4300008B5042269464FF48820FFF79DFA00983A
:10E4400080B208BD0148407870470000B8C1002084
:10E4500000B970470C49896801600B49C96841607F
:10E460000949496881600849896849B10649C9680C
:10E4700064225143044A9268B1FBF2F1C9B200E050
:10E480000021017300BFE4E7B8C100200148007813
:10E4900070470000B8C100201CB50446302119485F
:10E4A000FBF774FF4FF42830164948614FF40051D0
:10E4B000144881614FF48821C1611349016201212F
:10E4C00080F824104CB1206810B10E4920684861D2
:10E4D000606810B10B486168816100200BF026FE76
:10E4E00001200A4908700748806906494969CDE951
:10E4F0000010044806A20749C369002002F03CFD51
:10E500001CBD0000B8C10020FFDF0600F282FF1F23
:10E5100046570000E4F00200014890F828007047D8
:10E52000B8C10020F8B506460C463348007808B953
:10E530000820F8BD3148007840B13048037830A257
:10E5400030A1002002F018FD0720F2E7354886428E
:10E5500002D14FF4D03006E0B6F1904F02D14FF423
:10E56000882000E030460546B5F5882F02D3B5F582
:10E57000DC2F08D3334622A22BA10020009502F005
:10E58000FBFC0120D5E71D484069A04200D33CB9FF
:10E5900023461BA233A1002002F0EEFC0220C8E7B4
:10E5A0002819B0F5DC2F08D92B4615A236A100207A
:10E5B000009402F0E1FC0120BBE72819411E284627
:10E5C00008F07CFC07460FB13846B2E70B484560BF
:10E5D000846000200949C86001200874801EC86258
:10E5E0002B4607A238A10020009402F0C5FC0220AF
:10E5F0000BF09CFD00209CE7F282FF1FB8C10020B9
:10E60000465700001B5B33336D5B25735D204275FD
:10E6100073792C2073746174653D25641B5B306DC8
:10E620000D0A0000000001881B5B33316D5B257310
:10E630005D20446F776E6C6F616420616464726505
:10E64000737320696E76616C69643A203078253086
:10E650003858202D3E203078253038581B5B306DDF
:10E660000D0A00001B5B33316D5B25735D20536920
:10E670007A6520696E76616C69643A2025641B5B5B
:10E68000306D0D0A000000001B5B33316D5B25739C
:10E690005D2052616E676520696E76616C69643ACF
:10E6A00020307825303858202B2025642065786369
:10E6B0006565647320415050322077696E646F77CE
:10E6C0001B5B306D0D0A00001B5B33326D5B2573E5
:10E6D0005D20446F776E6C6F616420726561647950
:10E6E0003A20616464723D3078253038582C2073AC
:10E6F000697A653D25641B5B306D0D0A00000000E2
:10E700002DE9FE430546884614463C48007810B97A
:10E710000820BDE8FE833A48007802280CD038482B
:10E720000078032808D03648037836A236A10020A6
:10E7300002F022FC0620ECE70CB90020E9E73048A3
:10E74000007CA8420ED02E480095037C2DA237A154
:10E75000002002F011FC0620294948700BF0E6FC6D
:10E760000620D6E7264880682549C968401AA04295
:10E7700001D20220CDE703200BF0D8FC20494968E4
:10E780001F4AD2688818224641460EF075FE06469A
:10E7900036B11B48467006200BF0C8FC3046B8E77F
:10E7A000002709E018F80710154AD06A07F0CEFFD5
:10E7B0001349C862781C87B2A742F3DB1048C068CF
:10E7C00020440F49C8600846007CFF2802D1012080
:10E7D000087404E00A48007C401C09490874084891
:10E7E0008168C0682B4607A2CDE9004002911AA1BA
:10E7F000002002F0C1FB00208BE70000F282FF1F27
:10E80000B8C10020465700001B5B33336D5B257396
:10E810005D204E6F742072656164792C2073746181
:10E8200074653D25641B5B306D0D0A001B5B333145
:10E830006D5B25735D20536571206D69736D617427
:10E8400063683A2065787020256420676F742025FE
:10E85000641B5B306D0D0A001B5B33366D5B2573EB
:10E860005D20426C6F636B2025643A202564206232
:10E87000797465732C20746F74616C3D25642F2549
:10E88000641B5B306D0D0A001CB52B48007808B97D
:10E8900008201CBD2948C06AC0432849C8620846F0
:10E8A000C06A8968CDE90010244825A225A1C36863
:10E8B000002002F061FB2148C06820498968884235
:10E8C00009D21E48806800901C481DA22CA1C36874
:10E8D000002002F051FB194890F82400002820D0B5
:10E8E00004200BF023FC154A9168506808F0E5FB02
:10E8F00004461248C06A234611A22AA100900020B3
:10E9000002F03AFB0D48C06AA04209D00CA233A124
:10E91000002002F031FB06200BF008FC0520B8E7D0
:10E9200000BF05200BF002FC05A234A1002002F07C
:10E9300023FB0020ADE70000F282FF1FB8C10020DA
:10E94000465700001B5B33326D5B25735D205472AC
:10E95000616E7366657220657869743A20726563CA
:10E9600065697665643D25642F25642C20435243F8
:10E970003D3078253038581B5B306D0D0A000000A3
:10E980001B5B33336D5B25735D20496E636F6D7068
:10E990006C6574653A202564203C2025641B5B303F
:10E9A0006D0D0A001B5B33326D5B25735D20566570
:10E9B000726966793A20666C6173685F6372633D61
:10E9C0003078253038582C2072785F6372633D3080
:10E9D00078253038581B5B306D0D0A001B5B3331D6
:10E9E0006D5B25735D20435243206D69736D6174C7
:10E9F0006368211B5B306D0D0A0000001B5B333226
:10EA00006D5B25735D20466C61736820646F776E63
:10EA10006C6F616420636F6D706C657465211B5B46
:10EA2000306D0D0A0000000010B530210348FBF7DF
:10EA3000ADFC00200249087010BD0000B8C10020E4
:10EA4000F282FF1F704700002DE9F04104460D4699
:10EA5000904600BF2548008800F0010000B104E0A6
:10EA600040F2812122A0FEF7F9FC00BF00BF4CB1AB
:10EA7000012C07D0022C05D0032C03D0042C01D08C
:10EA8000052C00D104E040F2822119A0FEF7E6FC3B
:10EA900000BF00BF15B1A8B200B104E040F283216D
:10EAA00013A0FEF7DBFC00BF002719E005F0010012
:10EAB00088B10E48001D00EB841000EB8706B8F10A
:10EAC000010F04D1308840F40040308003E03088EA
:10EAD000C0F30E0030806D1005B903E0781CC7B29A
:10EAE000102FE3D300BFBDE8F0810000FC3B0540E0
:10EAF0002E2E5C647269766572735C686333325F74
:10EB00006C6C5F6472697665725C7372635C686377
:10EB100033325F6C6C5F6770696F2E6300000000BA
:10EB20002DE9F05F05460E4614464FF0000B14B970
:10EB30006FF0020BD9E000BF6D48008800F00100C3
:10EB400000B104E04FF480716AA0FEF787FC00BFBB
:10EB500000BF4DB1012D07D0022D05D0032D03D0EC
:10EB6000042D01D0052D00D104E040F2011161A077
:10EB7000FEF774FC00BF00BF16B1B0B200B104E0F4
:10EB80004FF481715BA0FEF769FC00BF00BF2088D5
:10EB900010B12088012800D104E040F2031155A0F3
:10EBA000FEF75CFC00BF00BF608810B160880228DF
:10EBB00000D104E04FF482714EA0FEF74FFC00BF7D
:10EBC00000BFA08810B1A088042800D104E040F262
:10EBD000051148A0FEF742FC00BF00BFE08828B145
:10EBE000E088102802D0E088202800D104E04FF40B
:10EBF000837140A0FEF732FC00BF00BF208918B12E
:10EC00002089B0F5804F00D104E040F2071139A00F
:10EC1000FEF724FC00BF00BF608910B16089402866
:10EC200000D104E04FF4847132A0FEF717FC00BF5E
:10EC300000BFA08918B1A089B0F5007F00D104E021
:10EC400040F209112BA0FEF709FC00BF00BFE089CC
:10EC500018B1E089B0F5805F00D104E04FF4857110
:10EC600024A0FEF7FBFB00BF00BF208A18B1208A5A
:10EC7000B0F5004F00D104E040F20B111DA0FEF7EB
:10EC8000EDFB00BF00272DE006F0010028B320882F
:10EC900061880843A1880843E188084361890843E3
:10ECA000A1890843E1890843218940EA010A45F224
:10ECB0007728208A40EA0A0A48F400480C48001DD8
:10ECC00000EB851000EB8709B9F8000020EA080086
:10ECD0000AEA08010843A9F80000761006B903E023
:10ECE000781CC7B2102FCFD300BF5846BDE8F09FA5
:10ECF000FC3B05402E2E5C647269766572735C681D
:10ED00006333325F6C6C5F6472697665725C7372D8
:10ED1000635C686333325F6C6C5F6770696F2E632E
:10ED20000000000070B504460D4600BF4CB1012C38
:10ED300007D0022C05D0032C03D0042C01D0052CC5
:10ED400000D104E04FF4FF710CA0FEF787FB00BF79
:10ED500000BF15B1A8B200B104E040F2FF1107A056
:10ED6000FEF77CFB00BF114901EB0410B0F800086E
:10ED7000284008B1012070BD0020FCE72E2E5C6405
:10ED80007269766572735C686333325F6C6C5F6462
:10ED900072697665725C7372635C686333325F6C50
:10EDA0006C5F6770696F2E630000000000300540E3
:10EDB00070B504460D4600BF4CB1012C07D0022CA3
:10EDC00005D0032C03D0042C01D0052C00D104E085
:10EDD00040F24A210BA0FEF741FB00BF00BF15B176
:10EDE000A8B200B104E040F24B2106A0FEF736FBCA
:10EDF00000BF1048102101FB0406308828433080F2
:10EE000070BD00002E2E5C647269766572735C685A
:10EE10006333325F6C6C5F6472697665725C7372C7
:10EE2000635C686333325F6C6C5F6770696F2E631D
:10EE3000000000000A38054070B504460D4600BFCA
:10EE400024B144F01F001F2800D104E04FF4B27138
:10EE500018A0FEF703FB00BF00BF0DB1012D00D1CC
:10EE600004E040F2651113A0FEF7F8FA00BF00BFFE
:10EE70001C48008800F0010000B104E04FF4B371B9
:10EE80000CA0FEF7EBFA00BF012D09D11548083898
:10EE9000008804F01F01084312490839088008E07F
:10EEA00010480838008804F01F0188430D490839CC
:10EEB000088070BD2E2E5C647269766572735C6822
:10EEC0006333325F6C6C5F6472697665725C737217
:10EED000635C686333325F6C6C5F6770696F2E636D
:10EEE00000000000FC3B05402DE9F04104460D46C2
:10EEF000164600BF4CB1012C07D0022C05D0032CC4
:10EF000003D0042C01D0052C00D104E04FF4BE71D5
:10EF100024A0FEF7A3FA00BF00BF15B1A8B200B14C
:10EF200004E040F27D111FA0FEF798FA00BF00BF79
:10EF30000F2E03D9202E02D33B2E00D804E04FF42D
:10EF4000BF7118A0FEF78AFA00BF00BF21480088F1
:10EF500000F0010000B104E040F27F1111A0FEF7C3
:10EF60007DFA00BF002717E005F0010078B11948CD
:10EF7000801D00EB841000EB8708B8F800004FF606
:10EF8000C071084006F03F010843A8F800006D106A
:10EF900005B903E0781CC7B2102FE5D300BFBDE868
:10EFA000F08100002E2E5C647269766572735C6875
:10EFB0006333325F6C6C5F6472697665725C737226
:10EFC000635C686333325F6C6C5F6770696F2E637C
:10EFD00000000000FC3B054070B504460D4600BF34
:10EFE0004CB1012C07D0022C05D0032C03D0042CEB
:10EFF00001D0052C00D104E04FF40E710BA0FEF7F8
:10F000002DFA00BF00BF15B1A8B200B104E040F274
:10F01000392106A0FEF722FA00BF1048102101FB9B
:10F02000040630882843308070BD00002E2E5C64BA
:10F030007269766572735C686333325F6C6C5F64AF
:10F0400072697665725C7372635C686333325F6C9D
:10F050006C5F6770696F2E63000000000838054020
:10F0600010B5044600BF44B1B4F5804F05D0B4F5E7
:10F07000004F02D0B4F5404F00D104E04FF4ED71E1
:10F080000EA0FEF7EBF900BF00BF1848008800F0A3
:10F09000010000B104E040F2DB1108A0FEF7DEF948
:10F0A00000BF1248001F0088C0F30D0004F4404167
:10F0B00008430E49091F088010BD00002E2E5C6415
:10F0C0007269766572735C686333325F6C6C5F641F
:10F0D00072697665725C7372635C686333325F6C0D
:10F0E0006C5F6770696F2E6300000000FC3B054099
:10F0F0000146002009B9C01E09E000220A804A80AA
:10F10000CA800A820A814A818A81CA818A807047BC
:10F1100070B505460C461DB92046FEF727FA01E0FA
:10F12000002070BD00BF0120FBE7000070B5044661
:10F1300000260CB9F61E4BE000BF2088B0F5007F1A
:10F1400000DA03E0CD2123A0FEF788F900BF208874
:10F15000400900EB4000202101EB4000B4F902100F
:10F1600088420AD82088400900EB4000252101EBA5
:10F170004000B4F90210884206D2B4F902002028F7
:10F1800002D36FF0020623E060881F49042212FBBD
:10F1900000152868C0F3080040F2FF11884208D12A
:10F1A00020882860B4F90210184A606842F82100EB
:10F1B0000EE020882968C1F30801884206D1B4F91D
:10F1C0000210124A606842F8210001E06FF0010667
:10F1D000304670BD2E2E5C647269766572735C6811
:10F1E0006333325F6C6C5F6472697665725C7372F4
:10F1F000635C686333325F6C6C5F696E74657272F6
:10F20000757074732E6300005C10054070B50020AB
:10F2100010B5034908688047BFF34F8F10BD000049
:10F2200070B5002010B5034948688047BFF34F8F81
:10F2300010BD000070B5002010B5034988688047F4
:10F24000BFF34F8F10BD000070B5002010B503490B
:10F25000C8688047BFF34F8F10BD000070B5002015
:10F2600010B5034908698047BFF34F8F10BD0000F8
:10F2700070B5002010B5034948698047BFF34F8F30
:10F2800010BD000070B5002010B5034988698047A3
:10F29000BFF34F8F10BD000070B5002010B50349BB
:10F2A000C8698047BFF34F8F10BD000070B50020C4
:10F2B00010B50349086A8047BFF34F8F10BD0000A7
:10F2C00070B5002010B50349486A8047BFF34F8FDF
:10F2D00010BD000070B5002010B50349886A804752
:10F2E000BFF34F8F10BD000070B5002010B503496B
:10F2F000C86A8047BFF34F8F10BD000070B5002073
:10F3000010B50349086B8047BFF34F8F10BD000055
:10F3100070B5002010B50349486B8047BFF34F8F8D
:10F3200010BD000070B5002010B50349886B804700
:10F33000BFF34F8F10BD000070B5002010B503491A
:10F34000C86B8047BFF34F8F10BD000070B5002021
:10F3500010B50349086C8047BFF34F8F10BD000004
:10F3600070B5002010B50349486C8047BFF34F8F3C
:10F3700010BD000070B5002010B50349886C8047AF
:10F38000BFF34F8F10BD000070B5002010B50349CA
:10F39000C86C8047BFF34F8F10BD000070B50020D0
:10F3A00010B50349086D8047BFF34F8F10BD0000B3
:10F3B00070B5002010B50349486D8047BFF34F8FEB
:10F3C00010BD000070B5002010B50349886D80475E
:10F3D000BFF34F8F10BD000070B5002010B503497A
:10F3E000C86D8047BFF34F8F10BD000070B500207F
:10F3F00010B50349086E8047BFF34F8F10BD000062
:10F4000070B5002010B50349486E8047BFF34F8F99
:10F4100010BD000070B5002010B50349886E80470C
:10F42000BFF34F8F10BD000070B5002010B5034929
:10F43000C86E8047BFF34F8F10BD000070B500202D
:10F4400010B50349086F8047BFF34F8F10BD000010
:10F4500070B5002010B50349486F8047BFF34F8F48
:10F4600010BD000070B5002010B50349886F8047BB
:10F47000BFF34F8F10BD000070B5002010B50349D9
:10F48000C86F8047BFF34F8F10BD000070B50020DC
:10F4900010B50349D1F880008047BFF34F8F10BDEE
:10F4A00070B5002010B50349D1F884008047BFF340
:10F4B0004F8F10BD70B5002010B50349D1F88800FA
:10F4C0008047BFF34F8F10BD70B5002010B50349C2
:10F4D000D1F88C008047BFF34F8F10BD70B500206E
:10F4E00010B50349D1F890008047BFF34F8F10BD8E
:10F4F00070B5002010B50349D1F894008047BFF3E0
:10F500004F8F10BD70B5002010B50349D1F8980099
:10F510008047BFF34F8F10BD70B5002010B5034971
:10F52000D1F89C008047BFF34F8F10BD70B500200D
:10F5300010B50349D1F8A0008047BFF34F8F10BD2D
:10F5400070B5002010B50349D1F8A4008047BFF37F
:10F550004F8F10BD70B5002010B50349D1F8A80039
:10F560008047BFF34F8F10BD70B5002010B5034921
:10F57000D1F8AC008047BFF34F8F10BD70B50020AD
:10F5800010B50349D1F8B0008047BFF34F8F10BDCD
:10F5900070B5002010B50349D1F8B4008047BFF31F
:10F5A0004F8F10BD70B5002010B50349D1F8B800D9
:10F5B0008047BFF34F8F10BD70B5002010B50349D1
:10F5C000D1F8BC008047BFF34F8F10BD70B500204D
:10F5D00010B50349D1F8C0008047BFF34F8F10BD6D
:10F5E00070B5002010B50349D1F8C4008047BFF3BF
:10F5F0004F8F10BD70B5002010B50349D1F8C80079
:10F600008047BFF34F8F10BD70B5002010B5034980
:10F61000D1F8CC008047BFF34F8F10BD70B50020EC
:10F6200010B50349D1F8D0008047BFF34F8F10BD0C
:10F6300070B5002010B50349D1F8D4008047BFF35E
:10F640004F8F10BD70B5002010B50349D1F8D80018
:10F650008047BFF34F8F10BD70B5002010B5034930
:10F66000D1F8DC008047BFF34F8F10BD70B500208C
:10F6700010B50349D1F8E0008047BFF34F8F10BDAC
:10F6800070B5002010B50349D1F8E4008047BFF3FE
:10F690004F8F10BD70B5002010B50349D1F8E800B8
:10F6A0008047BFF34F8F10BD70B5002010B50349E0
:10F6B000D1F8EC008047BFF34F8F10BD70B500202C
:10F6C00010B50349D1F8F0008047BFF34F8F10BD4C
:10F6D00070B5002010B50349D1F8F4008047BFF39E
:10F6E0004F8F10BD70B5002010B50349D1F8F80058
:10F6F0008047BFF34F8F10BD70B5002010B5034990
:10F70000D1F8FC008047BFF34F8F10BD70B50020CB
:10F7100010B50349D1F800018047BFF34F8F10BDEA
:10F7200070B5002010B50349D1F804018047BFF33C
:10F730004F8F10BD70B5002010B50349D1F80801F6
:10F740008047BFF34F8F10BD70B5002010B503493F
:10F75000D1F80C018047BFF34F8F10BD70B500206A
:10F7600010B50349D1F810018047BFF34F8F10BD8A
:10F7700070B5002010B50349D1F814018047BFF3DC
:10F780004F8F10BD70B5002010B50349D1F8180196
:10F790008047BFF34F8F10BD70B5002010B50349EF
:10F7A000D1F81C018047BFF34F8F10BD70B500200A
:10F7B00010B50349D1F820018047BFF34F8F10BD2A
:10F7C00070B5002010B50349D1F824018047BFF37C
:10F7D0004F8F10BD70B5002010B50349D1F8280136
:10F7E0008047BFF34F8F10BD70B5002010B503499F
:10F7F000D1F82C018047BFF34F8F10BD70B50020AA
:10F8000010B50349D1F830018047BFF34F8F10BDC9
:10F8100070B5002010B50349D1F834018047BFF31B
:10F820004F8F10BD70B5002010B50349D1F83801D5
:10F830008047BFF34F8F10BD70B5002010B503494E
:10F84000D1F83C018047BFF34F8F10BD70B5002049
:10F8500010B50349D1F840018047BFF34F8F10BD69
:10F8600070B5002010B50349D1F844018047BFF3BB
:10F870004F8F10BD70B5002010B50349D1F8480175
:10F880008047BFF34F8F10BD70B5002010B50349FE
:10F89000D1F84C018047BFF34F8F10BD70B50020E9
:10F8A00010B50349D1F850018047BFF34F8F10BD09
:10F8B00070B5002010B50349D1F854018047BFF35B
:10F8C0004F8F10BD70B5002010B50349D1F8580115
:10F8D0008047BFF34F8F10BD70B5002010B50349AE
:10F8E000D1F85C018047BFF34F8F10BD70B5002089
:10F8F00010B50349D1F860018047BFF34F8F10BDA9
:10F9000070B5002010B50349D1F864018047BFF3FA
:10F910004F8F10BD70B5002010B50349D1F86801B4
:10F920008047BFF34F8F10BD70B5002010B503495D
:10F93000D1F86C018047BFF34F8F10BD70B5002028
:10F9400010B50349D1F870018047BFF34F8F10BD48
:10F9500070B5002010B50349D1F874018047BFF39A
:10F960004F8F10BD70B5002010B50349D1F8780154
:10F970008047BFF34F8F10BD70B5002010B503490D
:10F98000D1F87C018047BFF34F8F10BD70B50020C8
:10F9900010B50349D1F880018047BFF34F8F10BDE8
:10F9A00070B5002010B50349D1F884018047BFF33A
:10F9B0004F8F10BD70B5002010B50349D1F88801F4
:10F9C0008047BFF34F8F10BD70B5002010B50349BD
:10F9D000D1F88C018047BFF34F8F10BD70B5002068
:10F9E00010B50349D1F890018047BFF34F8F10BD88
:10F9F00070B5002010B50349D1F894018047BFF3DA
:10FA00004F8F10BD70B5002010B50349D1F8980193
:10FA10008047BFF34F8F10BD70B5002010B503496C
:10FA2000D1F89C018047BFF34F8F10BD70B5002007
:10FA300010B50349D1F8A0018047BFF34F8F10BD27
:10FA400070B5002010B50349D1F8A4018047BFF379
:10FA50004F8F10BD70B5002010B50349D1F8A80133
:10FA60008047BFF34F8F10BD70B5002010B503491C
:10FA7000D1F8AC018047BFF34F8F10BD70B50020A7
:10FA800010B50349D1F8B0018047BFF34F8F10BDC7
:10FA900070B5002010B50349D1F8B4018047BFF319
:10FAA0004F8F10BD70B5002010B50349D1F8B801D3
:10FAB0008047BFF34F8F10BD70B5002010B50349CC
:10FAC000D1F8BC018047BFF34F8F10BD70B5002047
:10FAD00010B50349D1F8C0018047BFF34F8F10BD67
:10FAE00070B5002010B50349D1F8C4018047BFF3B9
:10FAF0004F8F10BD70B5002010B50349D1F8C80173
:10FB00008047BFF34F8F10BD70B5002010B503497B
:10FB1000D1F8CC018047BFF34F8F10BD70B50020E6
:10FB200010B50349D1F8D0018047BFF34F8F10BD06
:10FB300070B5002010B50349D1F8D4018047BFF358
:10FB40004F8F10BD70B5002010B50349D1F8D80112
:10FB50008047BFF34F8F10BD70B5002010B503492B
:10FB6000D1F8DC018047BFF34F8F10BD70B5002086
:10FB700010B50349D1F8E0018047BFF34F8F10BDA6
:10FB800070B5002010B50349D1F8E4018047BFF3F8
:10FB90004F8F10BD70B5002010B50349D1F8E801B2
:10FBA0008047BFF34F8F10BD70B5002010B50349DB
:10FBB000D1F8EC018047BFF34F8F10BD70B5002026
:10FBC00010B50349D1F8F0018047BFF34F8F10BD46
:10FBD00070B5002010B50349D1F8F4018047BFF398
:10FBE0004F8F10BD70B5002010B50349D1F8F80152
:10FBF0008047BFF34F8F10BD70B5002010B503498B
:10FC0000D1F8FC018047BFF34F8F10BD70B50020C5
:10FC10001FB50020009001908DF808000E48039059
:10FC2000002411E00D4850F8240000906846FCF7CD
:10FC3000EFFE38B9094850F8243009A20A490020DB
:10FC400001F09AF9601CC4B2042CEBD304A207A102
:10FC5000002001F091F91FBDA5FC01007CEB020022
:10FC60004D41494E00000000B0F902001B5B3336E5
:10FC70006D5B25735D2049534F54503A2034204327
:10FC8000414E2049442052582066696C7465727355
:10FC900020726567697374657265640D0A1B5B3059
:10FCA0006D0D0A003EB504460020029002A80A49E4
:10FCB000CDE90010237A04F109020020216808F040
:10FCC00017F8054635B9BDF80830034A0020216809
:10FCD0000CF068FD3EBD00004806012070B50446EA
:10FCE000002512E0665D062E01DB002070BD06EBEC
:10FCF000860101EBC601074A02EB810000F022F801
:10FD000008B90020F2E7681CC5B2207AA842E9DCF5
:10FD10000120EBE79489FF1F10B586B0044601A8C7
:10FD2000FFF7E6F90020ADF80600207A10B9402070
:10FD3000ADF80E00A28891B2207801AAFEF7F0FE7D
:10FD400006B010BD30B501464868037A0022002095
:10FD50000CE00C7804EB8404084D05EB4404245CAF
:10FD60009C4201D1541CE2B2441CE0B20A28F0DBF0
:10FD70000A2A01DB012030BD0020FCE75889FF1F63
:10FD800070B500253DE005EB850000EBC5001E4980
:10FD900001EB8004257005EB45001C4901EB800058
:10FDA0006060002084F82600206384F8240084F832
:10FDB00025006068FFF7B0FF1548A0600421A1810D
:10FDC000144921610421A1820021216204F108006B
:10FDD00001F008FD00200DE06168097A09B90121F0
:10FDE00000E0002105EB85020B4B03EB42021154AE
:10FDF000411CC8B20A28EFDB002008494855681C9E
:10FE0000C5B2062DBFDB70BD9489FF1F90D50200DF
:10FE100030D5020060D502005889FF1F4080FF1FC7
:10FE20007FB504460D4616460020009001900290D2
:10FE30000390009401958DF8086001F0B3FF0390E2
:10FE40000223102269463D2000F0FEFB7FBD00002A
:10FE500010B5214C214820602720A0802048A060B8
:10FE60000E20A0810120A061204601F0BBFC01F022
:10FE700043FC1C49086001F03FFC1B49086001F08D
:10FE80003BFC1A49086001F037FC19490860154825
:10FE9000006820B117491348006801F061FC12485E
:10FEA000006820B114491048006801F059FC0F485F
:10FEB000006820B111490D48006801F051FC0C4860
:10FEC000006820B10E490A48006801F049FC0D495C
:10FED0003D2000F04BFC10BDCC8AFF1FD8D502009E
:10FEE000ACD702005080FF1F5480FF1F5880FF1FB7
:10FEF0005C80FF1F25390200393902004D390200AC
:10FF000061390200891A020010B51448047C052CDE
:10FF100006D0062C05D00B2C0FD00C2C1AD10DE0DE
:10FF200000BF0F48007838B90D48407820B94FF429
:10FF300080710A4801F05CFC0DE000BF08480078C1
:10FF400038B90748407820B94FF48031034801F0B0
:10FF50004FFC00E000BF00BF10BD0000CC8AFF1FB7
:10FF60004C80FF1FF8B501F01DFF06460027002456
:10FF700028E004EB840202EBC402634B03EB820231
:10FF80005268928891B204EB840202EBC40203EB44
:10FF9000820252681078FEF7C5FE054604EB840025
:10FFA0005A4901EB40005A49095D45545848005DE3
:10FFB000401C0A21B0FBF1F201FB12005449085524
:10FFC000601CC4B2062CD4DB002427E004EB440000
:10FFD000504901EBC0052846FFF780FEC0B101275C
:10FFE0004D4850F82400E968884207D24A4850F842
:10FFF0002400401C484941F824000DE00222D5E9C4
:020000040002F8
:100000000401FFF70DFF0020434941F8240003E0FD
:100010000020414941F82400601CC4B2002CD5D016
:10002000002000906AE09DF8000000EB800101EBE9
:10003000C000354901EB80042046FFF783FE84F8B9
:1000400024001FB1012084F8260002E0002084F87B
:10005000260094F8240094F8251088422BD014F838
:10006000240F607014F8240940B1A66200202063B8
:10007000002104F1080001F0BBFB1CE0E662012155
:1000800004F1080001F0B4FB94F8260068B9D4E943
:100090000A10451A60684089A84205D901226946BC
:1000A0009DF80000FFF7BCFE00BF032269469DF8E3
:1000B0000000FFF7B5FEA06902281AD194F82400C9
:1000C000B8B194F82600A0B9206B401C2063616889
:1000D0004989206B88420CD3022104F1080001F009
:1000E00087FB00202063022269469DF80000FFF78D
:1000F00097FE9DF80000401CC0B200909DF80000E3
:10010000062890DBF8BD00009489FF1F5889FF1F67
:100110004080FF1F18D502004880FF1F30B50346FE
:1001200018480078834200DA09B9002030BD086819
:1001300010B10868007908B90020F7E7C3EBC300E5
:10014000114C04EBC00292F8350088B192F82400FB
:1001500003280DD1D0680C68A04209D1107C0C791D
:10016000A04205D154698868844201D10120DDE7AD
:1001700091E83100C2E907459061012082F824002E
:1001800000BFD3E79BD90200E88AFF1F70B5054680
:100190000C460CB9002070BD0DB90020FBE7002013
:1001A00020606060A06000211EE001EB4100144A65
:1001B00052F820002840A84214D101EB410002EB84
:1001C00080000079207001EB410002EB8000407953
:1001D000607001EB410002EB8000806860600120EC
:1001E0002072D8E7481CC1B21929DED3214628461F
:1001F00006F0E6FE08B10120CDE70020CBE70000C5
:1002000054D802000146172901DB0020704701EB9A
:100210004100024A02EB8000F8E7000080DA0200A9
:1002200070B500F059F800252EE0C5EBC50019495E
:1002300001EBC00405EB8500174901EB40000168A4
:10024000216041686160008920810020E0602061B8
:100250006061A061E061206284F8240084F82500D8
:10026000A062E062206384F8340084F8350084F8EA
:10027000360084F83700204608F078FA002120463E
:1002800008F0FEFA681CC5B2044800788542CCDB51
:1002900070BD0000E88AFF1F80D902009BD90200D0
:1002A00070B505460A480078854200DB70BDC5EB95
:1002B000C500084901EBC004002084F83600012085
:1002C00084F8340001F06EFDA06200BFEEE700008C
:1002D0009BD90200E88AFF1F7047000010B5044652
:1002E00006480078844200DB10BDC4EBC401044A18
:1002F00002EBC10008F0B4FA00BFF5E79BD9020099
:10030000E88AFF1F2DE9F04101F04CFD05461E482B
:100310000068281A0A2801D2BDE8F0811A48056051
:1003200000262AE0C6EBC600184901EBC00494F889
:100330002400012802D1204608F039FA94F835004B
:1003400028B194F8340010B194F8360000B112E0EE
:10035000E06800B90FE0E068006894F8251000EB51
:100360008108A06A2F1AB8F80000B84202D82046C7
:1003700008F038FA00BF701CC6B205480078864203
:10038000D0DB00BFC8E700007080FF1FE88AFF1FB6
:100390009BD9020010B5044604F0010048B100BF2B
:1003A00040F223101A49086043F21020086000BF91
:1003B00000BF04F0020028B100BF164816490861CA
:1003C00000BF00BF04F0040030B100BF4AF201508A
:1003D0001249088000BF00BF04F0100018B14AF2B3
:1003E000085000F0C7FB04F0400018B14AF2035077
:1003F00000F0C0FB04F0800040B100BF7720084946
:10040000086007490831086000BF00BF10BD000048
:10041000000401400100A5A500800440FC3B05400C
:100420000408054010B5044604F0010028B100BFDF
:1004300000201949086000BF00BF04F0020028B185
:1004400000BF16481649086100BF00BF04F0040051
:1004500030B100BF4FF425401249088000BF00BFF3
:1004600004F0100018B14AF2085000F075FB04F0D7
:10047000400018B14AF2035000F06EFB04F0800017
:1004800040B100BF7620084908600749083108607C
:1004900000BF00BF10BD0000000401400000A5A582
:1004A00000800440FC3B05400408054010B500F006
:1004B000F7FC10BD70B50446254607482860142097
:1004C000A8800648A8600620A8810020A8612846C8
:1004D00001F088F970BD0000C0E50200B0E602003E
:1004E00070B5044684210859FDF75AFD0546202DB4
:1004F00022D006DC042D09D0082D12D0102D47D1B2
:1005000025E0402D2ED0802D42D136E0042104F18B
:10051000680001F06DF9842108590421FDF71AFCE7
:1005200037E0082104F1680001F062F984210859DC
:100530000821FDF70FFC2CE0202104F1680001F0F8
:1005400057F9842108592021FDF704FC21E01021EE
:1005500004F1680001F04CF9842108591021FDF7DD
:10056000F9FB16E0402104F1680001F041F9842113
:1005700008594021FDF7EEFB0BE0802104F16800F3
:1005800001F036F9842108598021FDF7E3FB00E0F2
:1005900000BF00BF70BD000010B500200749A1F8E2
:1005A000C000C4210548F9F7F1FE00BF102304A2E2
:1005B00005A1002000F0E0FC00BF10BDC4B0002089
:1005C000494E464F000000001B5B33326D5B2573C4
:1005D0005D204D73672050756253756220696E69A6
:1005E00074204F4B2C206D61782073756273637299
:1005F0006962653A2025641B5B306D0D0A000000BE
:1006000010B502460B46002117E001EB41000D4CEE
:1006100004EB8000007A70B101EB410054F8200037
:10062000904208D101EB410004EB80004068984201
:1006300001D1012010BD481C81B21029E5DB00204A
:10064000F8E70000C4B000202DE9F84305460F4646
:1006500090461E464FF00009022E09DD00BF2B46D2
:100660002AA22C490020009600F086FC00BF02263A
:1006700000243BE004EB4400274901EB8000007AB2
:1006800088B304EB440051F82000A8422BD14FF06E
:10069000010904EB440001EB80004068B8B900BFD9
:1006A0002B461EA21F490020009400F065FC00BFED
:1006B000002004EB4401184A02EB81010872104645
:1006C000B0F8C000401E1146A1F8C0000CE004EBD9
:1006D0004400114901EB8000334642463946D0F8C8
:1006E00004C02846E04700BF601C84B2102CC1DB68
:1006F000B9F1000F07D100BF2B460BA20CA10020BF
:1007000000F03AFC00BFBDE8F88300005741524EAC
:1007100000000000C0EE0200C4B000204552524F5D
:100720005200000004EF020044454255470000001B
:100730001B5B33366D5B25735D204D7367205075F1
:10074000626C6973683A206E6F20737562736372AE
:10075000696265722028746F7069633A3078253059
:100760003458291B5B306D0D0A000000F8B50546B2
:100770000E464EB900BF2B462CA22EA1002000F041
:10078000FBFB00BF0120F8BD31462846FFF738FFCC
:1007900048B100BF2B4637A23849002000F0ECFBDF
:1007A00000BF0120EFE73648B0F8C000102809DB91
:1007B00000BF2B461DA23349002000F0DDFB00BF27
:1007C0000120E0E700242DE004EB44002C4901EB7C
:1007D0008000007A20BB04EB440041F8205004EB79
:1007E000440001EB80004660012004EB4401244AF0
:1007F00002EB810108721046B0F8C000401C11469F
:10080000A1F8C00000BF0846B0F8C0002B461EA2E9
:100810001FA10090002000F0AFFB00BF0020B2E756
:10082000601C84B2102CCFDB0120ACE74552524F44
:10083000520000001B5B33316D5B25735D204D73EF
:1008400067205375627363726962653A2063616CF5
:100850006C6261636B206973204E554C4C20287488
:100860006F7069633A307825303458291B5B306DDE
:100870000D0A00005741524E0000000038EE020001
:10088000C4B000207CEE0200494E464F000000003C
:100890001B5B33326D5B25735D204D736720537591
:1008A000627363726962653A20746F7069632030A5
:1008B0007825303458204F4B2028746F74616C3A7F
:1008C0002564291B5B306D0D0A00000070B52DED0D
:1008D000028B05460C46B0EE408AF0EE608A84ED4D
:1008E000018AC4ED028A38EE680A84ED0A0A287883
:1008F00010B101280ED106E02146284600F059F833
:1009000084ED060A0BE02146284600F029F884ED24
:10091000060A04E09FED110ABDEC028B70BD00BF1A
:1009200094ED060AD4ED090AB4EEE00AF1EE10FAED
:1009300004D294ED090A84ED060A0CE094ED060A4F
:10094000D4ED080AB4EEE00AF1EE10FA03DD94EDFE
:10095000080A84ED060A94ED060ADDE700000000AF
:1009600091ED0A0A91ED0B1A30EE410A90ED011A51
:1009700020EE010A90ED021AD1ED0A1A01EE210AC9
:10098000F0EE400A91ED060A30EE200A81ED060AEB
:1009900091ED0B0A81ED0C0A91ED0A0A81ED0B0A2B
:1009A00091ED060A704700B50246084600F05AF875
:1009B00000BD70B52DED068B05460C4694ED0D0A75
:1009C000D4ED0A0A30EE200A84ED0D0A95ED040AF2
:1009D00010EE101A0846F9F72DFD41EC180B94EDB6
:1009E0000D0A10EE101A0846F9F724FD41EC1A0B17
:1009F000B0EE4A0AF0EE6A0A03F0BAFAB0EE409A94
:100A0000F0EE609A53EC182B51EC190BF9F73EFD00
:100A100014D2D5ED040A94ED0D0AB5EEC00AF1EE3C
:100A200010FA01DD012001E04FF0FF3000EE100A66
:100A3000B8EEC00A20EE800A84ED0D0A95ED010A99
:100A4000D4ED0A0A20EE200AD5ED020A94ED0D1A23
:100A500000EE810A84ED060A94ED060ABDEC068BD1
:100A600070BD00009FED0C0A80ED010A9FED0A0A9F
:100A700080ED020A9FED080A80ED0A0A9FED060A42
:100A800080ED0B0A9FED040A80ED0D0A9FED020A2E
:100A900080ED060A70470000000000009FED0A0A82
:100AA00080ED0A0A9FED080A80ED0B0A9FED060A09
:100AB00080ED0C0A9FED040A80ED0D0A9FED020AFD
:100AC00080ED060A704700000000000000B9704782
:100AD00080ED010AD0ED020A70EE600AC0ED0A0A4C
:100AE00000BFF4E710B500BF0F48008800F0020017
:100AF000022800D104E040F2AD410CA0FCF7AEFCAE
:100B000000BF0948001D007800F0C00040F00F0051
:100B10000549091D087010200349113108701E2075
:100B2000FCF704FD002010BDFE4305402E2E5C6442
:100B30007269766572735C686333325F6C6C5F6494
:100B400072697665725C7372635C686333325F6C82
:100B50006C5F7077632E630004490988814341F418
:100B60002541034AA2F8FE1370470000FE430540EA
:100B700000400540034909880143034AA2F8FE13D7
:100B800070470000FE43054000400540014600223A
:100B90004A810A81704700002DE9F04706460F465A
:100BA00090469946DDF820A02E4890F8600208286B
:100BB00002D3FF20BDE8F08737B1B8F1020F03DBA5
:100BC000B9F1000F00D00EB9FF20F3E700250BE0CC
:100BD00005EB450000EB0510224901EB8000007F8A
:100BE00000B903E0681CC5B2082DF1D300BF05EBC6
:100BF000450000EB05101B4901EB80042760A4F8B9
:100C0000048084F8069000206081208184F81DA073
:100C10000F22314604F10C00F9F7CFFB0021E176F9
:100C200001202077104860621048A0621048E062FE
:100C300010482063104860631048E0631048A063C8
:100C400010482064104860641048A0642046FFF7F4
:100C50009DFF044890F86002401C024981F8600240
:100C60002846A7E70CB300203F0E0200F90D020052
:100C70008D0B0200D70D0200C30D02009F0D020074
:100C8000ED0C0200610D0200050D0200390E02009C
:100C900070B505460DB9002070BD00241FE004EBBF
:100CA000440000EB0410104901EB8000007FA0B16C
:100CB00004EB440101EB04110B4A02EB810101F149
:100CC0000C002946F9F78CFB38B904EB440000EB23
:100CD0000410054901EB8000DEE7601CC4B2082C5B
:100CE000DDD30020D8E700000CB3002070B5044627
:100CF00025462846E96B8847A988491E081A80B20C
:100D000070BD00002DE9F0412DED028B0446254613
:100D10009FED120AB0EE408A6E892846E96B88473B
:100D20000746D5F80080002010E008EB860191ED21
:100D3000000A30EE080AB0EE408AAA88711C91FBC6
:100D4000F2F302FB13118EB2411C88B2B842ECDB05
:100D5000B0EE480ABDEC028BBDE8F0810000000057
:100D60002DE9F0470446254600266F892846E96BA1
:100D700088478046D5F8009000200BE019F807104E
:100D80000E44AA88791C91FBF2F302FB13118FB277
:100D9000411C88B24045F1DB3046BDE8F087024691
:100DA000114608894B89984204DB08894B89C01A8F
:100DB00080B2704788884B89C01A0B89184480B26A
:100DC000F7E701460A4610895389984201D101206C
:100DD00070470020FCE710B501460A461089401C08
:100DE000938890FBF3F403FB14005389984201D1DC
:100DF000012010BD0020FCE72DE9F04105460E461C
:100E00002C462046616B884710B10220BDE8F08176
:100E10006189A279206801FB0207A2793946304630
:100E2000F9F79BFA6089401CA18890FBF1F201FB65
:100E3000120060810020E9E70246517770472DE9F2
:100E4000F04105460E462C4616B90420BDE8F08157
:100E5000607F28B92046216B884768B10120F5E7FB
:100E60002046216B884738B16089401CA18890FBDF
:100E7000F1F201FB120060812189A279206801FB57
:100E80000207A27931463846F9F767FA2089401CF3
:100E9000A18890FBF1F201FB120020810020D5E730
:100EA00010B502F06BFE10BD2DE9F04104460D4671
:100EB000164600BF0E4F3878532801D002F05EFE70
:100EC00000BFEFF311800746202080F3118800BF98
:100ED00000BF32462946204600F00CF88046F8B2A2
:100EE00080F3118800BF00BF4046BDE8F0810000DC
:100EF00070B800202DE9F047074688461646C246DE
:100F000007EB47011B4800EBC109D9F8140020B1D9
:100F1000012811D0022826D11EE0484602F06CFEBE
:100F20000546B54201D2002405E03446324651461A
:100F3000484602F0B8FF18E0484602F05DFE05465C
:100F4000B54201D2284600E03046044622465146CA
:100F5000484602F0A8FF08E032465146484602F0F3
:100F600067FF044601E0002400BF00BF2046BDE843
:100F7000F087000088B800200FB438B5044606A8F2
:100F800000906A462046059900F007F805460020C3
:100F90000090284638BC5DF814FB2DE9F04F99B05D
:100FA00082460D46144603A8149040201590002058
:100FB0001690CDF860A0179000BF2E786D1C06B972
:100FC000DDE0252E79D100274FF0010900BF2E78F2
:100FD000232E12D02B2E0CD02D2E02D0302E10D13D
:100FE00003E047F001076D1C0EE047F002076D1C9F
:100FF0000AE047F004076D1C06E047F008076D1C87
:1010000002E04FF0000900BF00BFB9F1000FDED1D0
:101010004FF0000800BF2E78302E01DB392E00DDA6
:1010200007E06D1CA6F1300008EB880100EB4108D9
:10103000F1E700BF002013902E782E2E12D16D1CE8
:1010400000BF2E78302E01DB392E00DD09E06D1C4B
:10105000A6F13000139901EB810100EB41001390E0
:10106000EFE700BF2E7800BF6C2E01D0682E02D1B2
:101070006D1C2E7800E000E0F6E700BF702E5DD01A
:1010800008DC252E6AD0582E35D0632E09D0642E68
:1010900069D113E0732E3CD0752E1DD0782E62D10D
:1010A00028E02168081D2060D1F8009009F0FF0BAE
:1010B000594614A802F09AFE56E058E02168081D2F
:1010C0002060D1F80090CDE900870A22494614A893
:1010D000139B02F09FFD47E02168081D2060D1F8B6
:1010E0000090CDE900870A22494614A8139B02F01C
:1010F00007FE39E000BF2168081D2060D1F800908C
:10110000CDE900871022494614A8139B02F0F8FD90
:101110002AE02168081D2060D1F800B000BF9BF8CC
:1011200000600BF1010B06B906E0314614A802F08D
:101130005DFE17980028F2DA00BF15E02168081D4F
:101140002060D1F80090002008210B461022CDE944
:101150000010494614A802F0D3FD05E0252114A88B
:1011600002F044FE00E000BF00BF6D1C03E031460A
:1011700014A802F03BFE17980028BFF61EAF00BF70
:10118000179800280ADD169820B103A95046169A30
:10119000FFF78AFEDDE9161008441790179819B07A
:1011A000BDE8F08F2DE9F04704460F4690464FF01A
:1011B000000900BF24B144F00F000F2800D103E064
:1011C000C72126A0FCF74AF900BF00BF072F00D8AF
:1011D00003E0C82121A0FCF741F900BF00BFB8F12E
:1011E000070F00D803E0C9211CA0FCF737F900BFA6
:1011F00000BF26480068772800D103E0CA2117A065
:10120000FCF72CF900BF24E004F00100E0B14FEA44
:10121000C960050E281DC6B207FA06F008FA05F1E6
:1012200008430721B1400722AA4011430840072183
:10123000B1400722AA401143144A121F12688A4380
:1012400010431249091F0860640809F1010000F009
:10125000FF09002CD8D1BDE8F08700002E2E5C6479
:101260007269766572735C686333325F6C6C5F645D
:1012700072697665725C7372635C686333325F6C4B
:101280006C5F7372616D2E630000000004080540FE
:1012900040F223100249086043F2102008607047B2
:1012A000089404407FB505460C460026B8480068FF
:1012B0000390B74840680290B54880680190B448F0
:1012C000C068009000BF04F0E060E8B104F0E060A6
:1012D000B0F1807F18D004F0E060B0F1007F13D04F
:1012E00004F0E060B0F1407F0ED004F0E060B0F1B7
:1012F000806F09D004F0E060B0F1A06F04D004F07A
:10130000E060B0F1C06F00D104E040F2A121A1A0E3
:10131000FCF7A4F800BF00BF04F07000B8B104F0FF
:101320007000102813D004F0700020280FD004F0B3
:10133000700030280BD004F07000402807D004F073
:101340007000502803D004F07000602800D104E041
:1013500040F2A2218FA0FCF781F800BF00BF04F487
:10136000E020E8B104F4E020B0F5803F18D004F4A8
:10137000E020B0F5003F13D004F4E020B0F5403F8A
:101380000ED004F4E020B0F5802F09D004F4E02062
:10139000B0F5A02F04D004F4E020B0F5C02F00D1A8
:1013A00004E040F2A3217BA0FCF758F800BF00BF87
:1013B00004F4E000E8B104F4E000B0F5801F18D0B8
:1013C00004F4E000B0F5001F13D004F4E000B0F521
:1013D000401F0ED004F4E000B0F5800F09D004F4F3
:1013E000E000B0F5A00F04D004F4E000B0F5C00FA9
:1013F00000D104E04FF4297166A0FCF72FF800BF7C
:1014000000BF04F00700B8B104F00700012813D0B2
:1014100004F0070002280FD004F0070003280BD0C7
:1014200004F00700042807D004F00700052803D0C3
:1014300004F00700062800D104E040F2A52155A0E1
:10144000FCF70CF800BF00BF04F4E060E8B104F45E
:10145000E060B0F5807F18D004F4E060B0F5007F64
:1014600013D004F4E060B0F5407F0ED004F4E060E7
:10147000B0F5806F09D004F4E060B0F5A06F04D03F
:1014800004F4E060B0F5C06F00D104E040F2A621A2
:1014900040A0FBF7E3FF00BF00BF04F4E040E8B169
:1014A00004F4E040B0F5805F18D004F4E040B0F5FB
:1014B000005F13D004F4E040B0F5405F0ED004F4B8
:1014C000E040B0F5804F09D004F4E040B0F5A04F03
:1014D00004D004F4E040B0F5C04F00D104E040F285
:1014E000A7212CA0FBF7BAFF00BF00BF344828405B
:1014F00000B104E04FF42A7126A0FBF7AFFF00BF54
:1015000000BF3048008800F0010000B104E040F264
:10151000A92120A0FBF7A2FF00BF2B48007800F014
:101520000700052817D1012600BF1948006900F0FF
:10153000010000B104E04FF42C7116A0FBF78EFF00
:1015400000BF224812490860C01248608860C86025
:101550001E20FBF7EBFF1C482638006AA84304EA6C
:10156000050108431849263908621E20FBF7DEFFF3
:10157000012E0BD106490398086002984860019833
:1015800088600098C8601E20FBF7D0FF7FBD000078
:10159000008004402E2E5C647269766572735C680C
:1015A0006333325F6C6C5F6472697665725C737210
:1015B000635C686333325F6C6C5F636C6B2E6300DB
:1015C00077777707FE43054026400540EEFAFFFF98
:1015D0007FB5044600253048006803902E484068D7
:1015E00002902D48806801902B48C068009000BF91
:1015F0004CB1012C07D0022C05D0032C03D0042CB5
:1016000001D0052C00D104E040F2372123A0FBF7E4
:1016100025FF00BF00BF2C48008800F0010000B18A
:1016200004E04FF40E711DA0FBF718FF00BF274820
:10163000007800F00700052801D0052C17D10125FE
:1016400000BF1548006900F0010000B104E04FF44C
:10165000107112A0FBF702FF00BF1D480E49086081
:10166000C01248608860C8601E20FBF75FFF174803
:1016700004701E20FBF75AFF012D0BD10649039879
:10168000086002984860019888600098C8601E2031
:10169000FBF74CFF7FBD0000008004402E2E5C64F1
:1016A0007269766572735C686333325F6C6C5F6419
:1016B00072697665725C7372635C686333325F6C07
:1016C0006C5F636C6B2E6300FE4305402640054053
:1016D000EEFAFFFF10B50748007800B110BD0121F8
:1016E0000020FDF715FD00B9F8E701200149087059
:1016F00000BFF3E79882FF1F1748007808B9002061
:101700007047002124E0154800EB01100078E8B98B
:101710000120124A02EB0112107000200F4A02EB66
:10172000011250700D4A02EB011290700B4A02EB4D
:1017300001125060094A02EB01129060074A02EB65
:101740000112D060054800EB0110D9E7481CC1B276
:101750001029D8D30020D3E79882FF1F70B700204C
:1017600000B97047C16000BFFBE710B1037803B157
:1017700002B9704781704260002383600123437087
:1017800000BFF6E700B9704700214170816000BFDB
:10179000F9E7000070B5012600251EE0104800EBB7
:1017A0000514207808B1607800B914E0A0683044CE
:1017B000A060D4E9011088420CD3E06810B1204643
:1017C000E1688847A07818B900206070A06001E047
:1017D0000020A06000BF681CC5B2102DDED370BD14
:1017E00070B7002000B970478169016100BFFAE756
:1017F0002DE9F041044688460CB9BDE8F081266920
:10180000002500BF0FE005EB4502216801EB8200D7
:1018100001682269914204D14168414501D186683D
:1018200004E0681C85B2A088A842ECDC00BF2069F7
:10183000B04200D1E1E700250FE005EB4501A068CB
:1018400000EB810738682169884204D1B86810B17B
:10185000B868804704E0681C85B2A089A842ECDC27
:1018600000BF20696061266100250FE005EB45019E
:10187000A06800EB810738682169884204D1786844
:1018800010B17868804704E0681C85B2A089A8423E
:10189000ECDC00BF00BFB0E770B586B06A4800F06E
:1018A00069FC6A490868FCF785FA6749C86101A8BC
:1018B000FDF71EFC0220ADF80600002004233222B2
:1018C0006349009063A0FFF767F9002004233222E8
:1018D0006249009062A0FFF75FF9002599E005EBEF
:1018E000850000EBC5115848443000EB8104257099
:1018F00000206070A06041F64C50E0600020206144
:10190000606140F6C410E0619FED570A84ED810AE2
:101910009FED560A84ED820A6420C4F80C0225B9B2
:101920004CA0FFF7B5F9606405E0012D03D14CA090
:10193000FFF7AEF960649FED4E0A84ED0C0A9FED4F
:101940004C0A84ED0D0AB2EE000A84ED0E0A142151
:1019500021643E49083151F82500FCF72BFAC4F800
:10196000B80104F5CE70F9F7CBF884F84C5000219B
:101970004D2001553549103151F82500FCF71AFA70
:101980008421085104F16800FEF794FD05EB850001
:1019900000EBC5112C48443000EB810000F14C06EF
:1019A000344800EBC500B061B0690068007918B137
:1019B0000020ADF80E0002E00120ADF80E00B26983
:1019C00012685188B2691268107801AAFDF7A8F868
:1019D000B0694068007918B10020ADF80E0002E04F
:1019E0000120ADF80E00B26952685188B2695268A0
:1019F000107801AAFDF794F81449203151F8250018
:101A0000FCF7D8F9C4F8F80104F5EE70FAF756FDC2
:101A10006D1C022DFFF663AF17493020FEF7A6FEBE
:101A200016492020FEF7A2FE15493E20FEF79EFE35
:101A300014493D20FEF79AFE0349C8698121FCF74D
:101A400039FB06B070BD00003C83FF1F0880FF1FFC
:101A5000A887FF1F56617869735F31007088FF1F88
:101A600056617869735F32000000AA4200000C42A0
:101A70000000000024E8020051280200ED2B0200C3
:101A800011240200D92602002DE9F04781460E46B6
:101A900090469A46B8F1100F01D0BDE8F087344661
:101AA000206800283BD1207A012802D0207A022821
:101AB00003D101209F4908709CE0207A0328FBD1C4
:101AC00000209C49087088709B480068FFF75AFE08
:101AD0009A48057C022D01D0032D03D10821974897
:101AE000FFF786FE072D0BD100209249887094489D
:101AF0000068FFF747FE4FF480719048FFF778FECB
:101B00000D2D0BD100208B4988708E480068FFF79F
:101B100039FE4FF480318948FFF76AFE6AE0206899
:101B200001283CD1207A012802D0207A022803D152
:101B30000120804948705DE0207A03285AD10020B6
:101B40007C494870887080480068FFF71BFE7B481E
:101B5000057C082D01D0092D04D14FF40061774890
:101B6000FFF746FE072D0BD100207249887074489C
:101B70000068FFF707FE4FF480717048FFF738FEEA
:101B80000D2D0BD100206B4988706E480068FFF75F
:101B9000F9FD4FF480316948FFF72AFE2AE02068FA
:101BA000202827D1207A012802D0207A022803D1C8
:101BB0000120604988701DE0207A03281AD1002096
:101BC0005C4988705E480068FFF7DCFD5D4800688E
:101BD000FFF7D8FD5948057C072D03D14FF48071DC
:101BE000FFF706FE0D2D04D14FF480315348FFF767
:101BF000FFFD00BF5148077C0D2F75D2DFE807F0CD
:101C0000960796962B75769696964E858600494849
:101C1000007868B14748407850B902214748FFF73B
:101C2000E7FD41F28832002143480068FFF79DFD3F
:101C30004048407870B13F48007858B94FF400717F
:101C40003E48FFF7D5FD41F2883200213E4800684A
:101C5000FFF78BFD6BE03748007830B135484078AE
:101C600018B910213548FFF7C3FD3248407830B12C
:101C70003048007818B920213048FFF7B9FD2D48C9
:101C8000807850B140212D48FFF7B2FD41F28832F3
:101C900000212B480068FFF768FD48E025484078A0
:101CA00038B12448007820B94FF400512348FFF799
:101CB0009FFD2048007838B11E48407820B94FF485
:101CC00080511E48FFF794FD1A48807858B14FF4B0
:101CD00080411A48FFF78CFD41F2883200211948F3
:101CE0000068FFF742FD22E020E000BF1148807845
:101CF00050B140211148FFF77BFD41F288320021AD
:101D00000F480068FFF731FD00BF00BF0948807829
:101D100058B14FF480410948FFF76AFD41F288321B
:101D2000002108480068FFF720FD00BF00BF00BF8A
:101D300000BFB2E64C80FF1F5080FF1FCC8AFF1F00
:101D40005480FF1F5C80FF1F5880FF1F10B500F0FC
:101D500027FA002421E0124981F8414004EB840174
:101D600001EBC4120E49443101EB8200FAF7BCFBCF
:101D700004EB840101EBC4120949443101EB8200F8
:101D8000F8F734FF04EB840101EBC4120449443139
:101D900001EB8200FEF7A4FB641C022CDBDB10BD10
:101DA0003C83FF1F01480068704700008C82FF1FC2
:101DB00010B500F001F810BD034800680349096838
:101DC00008440149086070478C82FF1F8882FF1F0A
:101DD000F0B501464FF0FF34A9B3B1F57A7F32D8A0
:101DE0004FF47A70B0FBF1F0184A10601848006A9E
:101DF000C0F3026317480068D840B0FBF1F2501EF0
:101E0000B0F1807F01D301201BE0501E4FF0E02392
:101E1000586158170F23002804DB1D072E0E0E4DA6
:101E20002E5406E01D072F0E0C4D00F00F06361F36
:101E3000AF5500BF00204FF0E023986107201861E4
:101E4000002000B900242046F0BD00008882FF1F5A
:101E5000004005400080FF1F00E400E018ED00E0B6
:101E600070B5FFF79FFF064600251BE005EB450018
:101E70000F4901EBC004207D08B1A06800B90FE054
:101E8000E08920B12069301AE189884207D3A0682F
:101E90008047E08908B1266101E00020207500BF7D
:101EA000681C85B20248B0F88001A842DEDC70BD33
:101EB00088B1002010B54FF4C2710A48F8F766FAED
:101EC00000BF102308A20AA10020FFF755F800BFA9
:101ED00000BF102314A216A10020FFF74DF800BF89
:101EE00010BD000088B10020494E464F00000000A0
:101EF0001B5B33326D5B25735D2053797320536315
:101F0000686564756C657220696E6974204F4B203A
:101F1000286D6178206D6F64756C65733A2564294E
:101F20001B5B306D0D0A00004D41494E0000000062
:101F30001B5B33366D5B25735D20537973205363D0
:101F4000686564756C657220696E6974204F4B20FA
:101F5000286D6178206D6F64756C65733A2564290E
:101F60001B5B306D0D0A00007CB5044624B130487F
:101F7000B0F88001102808DB00BF2EA22FA100209E
:101F8000FEF7FAFF00BF01207CBD002514E005EB41
:101F90004502274B53F832002168F8F721FA48B977
:101FA00000BF34A235A100202368FEF7E5FF00BF83
:101FB0000120E9E7681C85B21D48B0F88001A842FD
:101FC000E5DC1B49B1F8801101EB4101184A02EB35
:101FD000C10018222146F8F7C0F91548B0F8800171
:101FE000401C1349A1F880010846B0F88001401E4A
:101FF00000EB400001EBC000406848B1B1F880112F
:10200000491E01EB41010A4A02EBC10148688047C1
:1020100000F070F800BFE089217BCDE9001024A218
:1020200025A100202368FEF7A7FF00BF0020ABE733
:1020300088B100204552524F520000001B5B3331E3
:102040006D5B25735D205363686564207265676905
:10205000737465723A20696E76616C6964206D6F85
:1020600064756C65206F722066756C6C1B5B306DDF
:102070000D0A00005741524E000000001B5B333335
:102080006D5B25735D2053636865642072656769C5
:10209000737465723A206475706C6963617465204D
:1020A0006D6F64756C652025731B5B306D0D0A00C8
:1020B000494E464F000000001B5B33326D5B2573B9
:1020C0005D20536368656420726567697374657227
:1020D0003A20257320287072696F3A25642C20708D
:1020E0006572696F643A25646D73291B5B306D0DF1
:1020F0000A00000030B587B0012532E005EB45004D
:102100001B4A02EBC001182201A8F8F726F9681E45
:1021100004B20EE004EB4402154B03EBC201621C57
:1021200002EB420203EBC2001822F8F716F9601E18
:1021300004B2002C09DB04EB44000D4901EBC000A4
:10214000007B9DF810108842E4DC611C01EB41012A
:10215000074A02EBC100182201A9F8F7FEF8681C33
:1021600085B20348B0F88001A842C7DC07B030BD93
:1021700088B1002070B50446254607482860112024
:10218000A8800648A8600620A8810020A8612846EB
:10219000FFF728FB70BD0000F8E60200C4E702006C
:1021A00010B55549C869FBF7FBFE044652490A239E
:1021B0000222C8698121FBF71FFF38B101214E4877
:1021C000FFF716FB80214C48FFF712FB4A490A2310
:1021D0000222C8690121FBF70FFF38B101214648EF
:1021E000FFF706FB01214448FFF702FB42490A239F
:1021F0000222C8698821FBF7FFFE38B108213E485A
:10220000FFF7F6FA80213C48FFF7F2FA102C45D090
:1022100008DC012C10D0022C22D0042C48D0082C31
:1022200066D15BE0202C25D0402C2DD0802C0DD009
:10223000B4F5005F5CD145E001212F48FFF7D8FAE3
:102240002D49C8690121FBF785FD52E080212A480C
:10225000FFF7CEFA2849C8698021FBF77BFD48E0EB
:1022600002212548FFF7C4FA2349C8690221FBF778
:1022700071FD3EE020212048FFF7BAFA1E49C869E7
:102280002021FBF767FD34E040211B48FFF7B0FA3F
:102290001949C8694021FBF75DFD2AE01021164865
:1022A000FFF7A6FA1449C8691021FBF753FD20E097
:1022B00004211148FFF79CFA0F49C8690421FBF774
:1022C00049FD16E04FF400510B48FFF791FA0A4917
:1022D000C8694FF40051FBF73DFD0AE008210648AC
:1022E000FFF786FA0449C8690821FBF733FD00E0CF
:1022F00000BF00BF10BD00003C83FF1F70B52B4D19
:102300002D6805F001051DB1294D2A4E356002E00A
:10231000294D284E3560294D2D7805F007000628F7
:1023200040D2DFE800F003080C11151A214D2D688A
:10233000234E356037E0234D214E356033E04FF4B6
:1023400000451F4E35602EE01E4D1D4E35602AE0C3
:102350004FF400451A4E356025E0184DDA352D68EA
:10236000C5F30822154D263DD5F800512B0F134D0E
:10237000DA352D6805F01F04104D263DD5F80051C3
:1023800005F080050DB90F4901E00A4D2968651C6B
:10239000B1FBF5F5561C75435E1CB5FBF6F5084E12
:1023A000356000E000BF00BF70BD00008406014042
:1023B0000024F4000480FF1F002D31012640054059
:1023C0000080FF1F00127A0000B54FF425400E492F
:1023D0000880401C08800C480838008820F008005D
:1023E0000949083908800020074908800748006823
:1023F00040F4700005490860FFF780FF4FF4D030CB
:1024000002498039086000BDFC3B054088ED00E0D2
:102410002DE9F04780460E46174699460EB10E2F1D
:1024200001D0BDE8F08797480069022800D0F8E79E
:1024300034466079012878D103F01CFE914890F869
:102440004000002871D1207960BB06F029F90025F1
:1024500025E005EB850000EBC5118A48443000EB10
:10246000810090F82C00012806D1864981F84000AF
:10247000284606F01FFB10E00120824981F8400049
:10248000D1F83C024FF40061FBF714FE7D49D1F80E
:1024900050044FF40061FBF70DFE681CC5B2022D1D
:1024A000D7DB42E0207901283FD106F0F9F801207E
:1024B000744981F84000084690F83C0060B100255E
:1024C00091F83C0007F058FE05466E4991F83C0033
:1024D00029460AF0B5FF00BF002524E005EB850082
:1024E00000EBC5116748443000EB810090F82D00E7
:1024F000C0B1012105EB850000EBC51261484430F5
:1025000000EB820080F8FC1105EB850101EBC512A0
:102510005C49443101EB8201D1F8F8014FF480515C
:10252000FBF7C8FD6D1C022DD8DBA078012802D076
:10253000A07A052804D10120524981F8360003E031
:102540000020504981F83600E0880F2802DC2089FD
:102550000F2804DD01204B4981F8380003E00020FA
:10256000484981F838002078032818D1002003F06A
:1025700087FD444890F87000022809D106F090F8D1
:102580004049D1F83C024FF40041FBF793FD22E0B3
:102590003C49D1F8FC010421FBF78CFD1BE02078BD
:1025A000042818D1002003F06BFD364890F8700025
:1025B000022809D106F074F83249D1F83C024FF4F0
:1025C0008031FBF777FD06E02E49D1F8FC014FF48E
:1025D0008071FBF76FFD6078032818D1012003F0AC
:1025E0004FFD284890F88402022809D106F058F8D7
:1025F0002449D1F850044FF40041FBF75BFD22E081
:102600002049D1F810040421FBF754FD1BE0607849
:10261000042818D1012003F033FD1A4890F88402F1
:10262000022809D106F03CF81649D1F850044FF4BD
:102630008031FBF73FFD06E01249D1F810044FF45A
:102640008071FBF737FDE07A18B1E07A0D4981F827
:102650003C00207B012803D10A4981F83F0003E0B8
:102660000020084981F83F00E078012803D105499E
:1026700081F83E0003E00020024981F83E0000BFDF
:10268000CFE600003C83FF1F10B507F04BFDFFF7BE
:1026900011FC00F0FBFA00BF03A205A10020FEF729
:1026A0006BFC00BF10BD0000494E464F000000000B
:1026B0001B5B33326D5B25735D2053797374656DDD
:1026C00020696E697420636F6D706C6574651B5B47
:1026D000306D0D0A000000002DE9F04107460D465F
:1026E000164698460DB1102E01D0BDE8F08157482E
:1026F000006900B9F9E72C46206802281DD1207A2C
:1027000002280DD10120514981F83400084690F883
:10271000341080F8441290F8341080F858140CE00B
:1027200000204A4981F83400084690F8341080F8B7
:10273000441290F8341080F858142068052829D1E4
:10274000207A022811D10120404981F83500D1F8C2
:10275000FC014FF40011FBF7ADFC3C49D1F810042B
:102760004FF40011FBF7A6FC14E00020374981F874
:102770003500084690F8360060B9D1F8FC014FF4F6
:102780000001FBF797FC3149D1F810044FF4000128
:10279000FBF790FC2068032828D1207A012825D156
:1027A0002A4890F87000022807D12849D1F83C0245
:1027B0004FF40041FBF77EFC05E02449D1F8FC0111
:1027C0000421FBF777FC214890F88402022807D106
:1027D0001E49D1F850044FF40041FBF76BFC05E0B3
:1027E0001A49D1F810040421FBF764FC206804287E
:1027F0002AD1207A012827D1144890F870000228A5
:1028000007D11249D1F83C024FF48031FBF752FC5A
:1028100006E00E49D1F8FC014FF48071FBF74AFC49
:102820000A4890F88402022807D10849D1F85004D8
:102830004FF48031FBF73EFC06E00449D1F8100468
:102840004FF48071FBF736FC00BF4EE73C83FF1F5F
:102850002DE9F0472DED028B80460D461646994630
:102860000DB1102E03D0BDEC028BBDE8F0872C46D5
:10287000207B01280BD10121207900EB800202EBA3
:10288000C012D64800EB820080F8FE110AE0002159
:10289000207900EB800202EBC012D04800EB8200EE
:1028A00080F8FE11207902287EDA207B00287BD177
:1028B000217901EB810303EBC113C84901EB8301CB
:1028C000486C217901EB810303EBC113C34901EB90
:1028D0008301496C4A6A04F1080190470128E6D156
:1028E000FFF760FA0746227902EB820303EBC2137B
:1028F000BA4A02EB8302506C227902EB820303EBAB
:10290000C213B64A02EB8302526C516C8847B0EE98
:10291000408A9FEDB30AC8EE000A207900EB8001DF
:1029200001EBC011AD4800EB8100C0ED0A0A20792F
:1029300000EB800101EBC011A84800EB810090ED95
:10294000290A207900EB800101EBC011A34800EBBC
:10295000810080ED2B0A207900EB800101EBC01192
:102960009E4800EB8100D0F8A810207900EB80028F
:1029700002EBC012994800EB8200C0F8B010207939
:1029800000EB800101EBC011944800EB810090ED59
:102990000A0ADFED940A20EE200AF2EE040A20EE85
:1029A000200ABCEEC00A00E000E110EE100A80B27E
:1029B00008EE900AB0EE680AB8EE400AF2EE040A99
:1029C00080EE201A207900EB800101EBC0118348D2
:1029D00000EB810080ED0A1A207900EB800101EB09
:1029E000C0117E4800EB810090ED0A0A207900EBCF
:1029F000800101EBC011794800EB810080ED290ACC
:102A0000207900EB800101EBC011744800EB8100DC
:102A1000C0F8A870207900EB800101EBC0116F486D
:102A200000EB810090ED080A207900EB800101EBBA
:102A3000C0116A4800EB8100D0ED350A30EE200A63
:102A4000207900EB800101EBC011644800EB8100AC
:102A5000D0ED290AB4EEE00AF1EE10FA30DD20796B
:102A600000EB800101EBC0115C4800EB810090EDB0
:102A7000080A207900EB800101EBC011574800EBF8
:102A80008100D0ED350A30EE600A207900EB80013C
:102A900001EBC011514800EB8100D0ED290AB4EEE2
:102AA000E00AF1EE10FA0BD20121207900EB80024E
:102AB00002EBC012494800EB820080F82E1060E063
:102AC000207900EB800101EBC011444800EB81004C
:102AD00090ED090A207900EB800101EBC0113F481D
:102AE00000EB8100D0ED350A30EE200A207900EBB2
:102AF000800101EBC011394800EB8100D0ED290ABB
:102B0000B4EEE00AF1EE10FA30DD207900EB80013E
:102B100001EBC011314800EB810090ED090A2079EA
:102B200000EB800101EBC0112C4800EB8100D0EDDF
:102B3000350A30EE600A207900EB800101EBC0110C
:102B4000264800EB8100D0ED290AB4EEE00AF1EE50
:102B500010FA0BD20221207900EB800202EBC012A6
:102B60001E4800EB820080F82E100AE00021207938
:102B700000EB800202EBC012184800EB820080F8E4
:102B80002E10227902EB820303EBC213134A02EBED
:102B90008302506C227902EB820303EBC2130F4ACB
:102BA00002EB8302526CD16A884700BF94ED020A9F
:102BB000DFED0D0A20EE200ABCEEC00A10EE100A6E
:102BC00081B2207900EB800202EBC012034800EBD7
:102BD0008200A0F8121200BF45E600008083FF1FAC
:102BE000000044423333054200007A442DE9F041AD
:102BF00007460D46164698460DB1102E01D0BDE889
:102C0000F0812148006900B9F9E72C4694ED020AE9
:102C10001D4880ED090A207900BB1B4890F834005C
:102C200028B91949C8690221FBF744FA16E0A07BCC
:102C3000012805D11449C8692021FBF73BFA0DE0B2
:102C4000A07B022805D11049C8694021FBF732FA60
:102C500004E00D49C8698821FBF72CFA2079012886
:102C600002D0207902280CD1A1892079401E00EBE6
:102C7000800202EBC0120448443000EB8200A0F84E
:102C8000021200BFBBE700003C83FF1F00B5E1B0AC
:102C9000182247495BA8F7F760FB5BA8FFF764F9C8
:102CA00018224349183155A8F7F757FB55A8FFF7E5
:102CB0005BF918223E4930314FA8F7F74EFB4FA879
:102CC000FFF752F918223A49483149A8F7F745FB6E
:102CD00049A8FFF749F918223549603143A8F7F7A9
:102CE0003CFB43A8FFF740F91822314978313DA851
:102CF000F7F733FB3DA8FFF737F918222C4990313D
:102D000037A8F7F72AFB37A8FFF72EF9182228492A
:102D1000A83131A8F7F721FB31A8FFF725F91822D0
:102D20002349C0312BA8F7F718FB2BA8FFF71CF994
:102D300018221F49D83125A8F7F70FFB25A8FFF760
:102D400013F918221A49F0311FA8F7F706FB1FA83C
:102D5000FFF70AF91822174919A8F7F7FEFA19A878
:102D6000FFF702F918221349183113A8F7F7F5FAFB
:102D700013A8FFF7F9F818220E4930310DA8F7F71C
:102D8000ECFA0DA8FFF7F0F818220A49483107A815
:102D9000F7F7E3FA07A8FFF7E7F8182205496031CB
:102DA00001A8F7F7DAFA01A8FFF7DEF861B000BD75
:102DB00078E9020080EA020070B504460D4600BFC3
:102DC0000F48844202D00F48844200D104E040F210
:102DD00061210DA0FAF742FB00BF00BF2DB145F005
:102DE0000110B0F1011F00D104E040F2622106A001
:102DF000FAF734FB00BF4FF00110A843606170BDCB
:102E000000400240004402402E2E5C6472697665E8
:102E100072735C686333325F6C6C5F647269766591
:102E2000725C7372635C686333325F6C6C5F746D89
:102E300072302E630000000010B5FEF7ABFC4FF4BB
:102E400080310248FFF7B8FF10BD0000004002408B
:102E500070B504460D46164600BF1A48844202D09B
:102E60001948844200D104E040F2FD1117A0FAF79E
:102E7000F5FA00BF00BF0DB1012D00D104E04FF401
:102E8000FF7112A0FAF7EAFA00BF00BF0EB1012EDF
:102E900000D104E040F2FF110CA0FAF7DFFA00BF06
:102EA000012E06D120692A01710391400843206157
:102EB00006E020692A014FF40051914088432061C7
:102EC00070BD000000400240004402402E2E5C64B1
:102ED0007269766572735C686333325F6C6C5F64D1
:102EE00072697665725C7372635C686333325F6CBF
:102EF0006C5F746D72302E63000000002DE9F047A6
:102F000006460D4614464FF0000914B96FF0020949
:102F10007FE000BF4048864202D04048864200D150
:102F200003E0C3213EA0FAF799FA00BF00BF0DB13C
:102F3000012D00D103E0C42139A0FAF78FFA00BFB8
:102F400000BF206858B12068B0F5007F07D0206826
:102F5000B0F5807F03D02068B0F5A06F00D103E00A
:102F6000C5212FA0FAF77AFA00BF00BF6068E8B168
:102F7000606810281AD06068202817D06068302850
:102F800014D06068402811D0606850280ED0606866
:102F900060280BD06068702808D06068802805D051
:102FA0006068902802D06068A02800D103E0C621A4
:102FB0001BA0FAF753FA00BF00BFA06820B148F287
:102FC0000201A068884200D103E0C72114A0FAF7EB
:102FD00045FA00BF06EB85070020386006F10800BF
:102FE00000EB8508A089C8F8000030692A0148F282
:102FF000F27191408843D4E900121143A268114351
:103000002A0191402B0148F2F2729A401140084384
:1030100030614846BDE8F08700400240004402406D
:103020002E2E5C647269766572735C686333325FFE
:103030006C6C5F6472697665725C7372635C686302
:1030400033325F6C6C5F746D72302E630000000071
:1030500070B504460D46164600BF1848844202D09B
:103060001748844200D104E04FF40C7115A0FAF720
:10307000F5F900BF00BF2DB145F00410B0F1041FF9
:1030800000D104E040F231210EA0FAF7E7F900BFC9
:1030900000BF0EB1012E00D104E040F2322109A0A0
:1030A000FAF7DCF900BF012E03D120692843206123
:1030B00002E02069A843206170BD0000004002408A
:1030C000004402402E2E5C647269766572735C68FF
:1030D0006333325F6C6C5F6472697665725C7372C5
:1030E000635C686333325F6C6C5F746D72302E6347
:1030F0000000000070B504460D4600BF0E48844233
:1031000002D00E48844200D103E0F8210CA0FAF767
:10311000A5F900BF00BF0DB1012D00D103E0F921D9
:1031200007A0FAF79BF900BF20692A01012191400D
:103130000843206170BD000000400240004402408E
:103140002E2E5C647269766572735C686333325FDD
:103150006C6C5F6472697665725C7372635C6863E1
:1031600033325F6C6C5F746D72302E630000000050
:103170000146002009B9C01E06E000220A604A602C
:103180008A604FF6FF728A817047000070B504466E
:103190000D46164600BF1C4884420ED01B48844290
:1031A0000BD01B48844208D01A48844205D01A48E4
:1031B000844202D01948844205D125B145F0FF0070
:1031C000FF2800D104E040F2434115A0FAF746F988
:1031D00000BF00BF0EB1012E00D104E040F2444117
:1031E0000FA0FAF73BF900BF012E06D1B4F8940006
:1031F000A9B20843A4F8940004E0B4F89400A843EA
:10320000A4F8940070BD000000500140005401403B
:1032100000580140005C0140006001400064014032
:103220002E2E5C647269766572735C686333325FFC
:103230006C6C5F6472697665725C7372635C686300
:1032400033325F6C6C5F746D72612E63000000003E
:1032500070B505460C466FF0020600BF5348854224
:103260000ED0534885420BD05248854208D0524870
:10327000854205D05148854202D05148854200D14F
:1032800004E04FF48B714FA0FAF7E8F800BF002C70
:1032900077D000BF207810B12078012800D104E059
:1032A0004FF48C7147A0FAF7D9F800BF20780028B6
:1032B00049D100BFA07810B1A078042800D104E063
:1032C00040F21B113FA0FAF7C9F800BF00BFE07839
:1032D00010B1E078022800D104E04FF48E7139A0DB
:1032E000FAF7BCF800BF00BF6078E8B1607810283A
:1032F0001AD06078202817D06078302814D06078F1
:10330000402811D0607850280ED0607860280BD00B
:103310006078702808D06078802805D06078902880
:1033200002D06078A02800D104E040F21D1125A051
:10333000FAF794F800BFA078E17808436178084371
:1033400085F880002AE000BFA08828B1A08841F657
:10335000FF710843884201D0A08800B904E040F220
:10336000231118A0FAF77AF800BF00BFE08828B14F
:10337000E08841F6FF710843884201D0E08808B92F
:1033800005E010E040F225110EA0FAF767F800BF43
:10339000A088A5F88800E088A5F88C002846A168D8
:1033A00000F0E2F90026304670BD000000500140F8
:1033B0000054014000580140005C014000600140A1
:1033C000006401402E2E5C647269766572735C68DD
:1033D0006333325F6C6C5F6472697665725C7372C2
:1033E000635C686333325F6C6C5F746D72612E6313
:1033F000000000002DE9F04705460E4614466FF028
:10340000020900BF414885420ED0414885420BD099
:103410004048854208D04048854205D03F48854213
:1034200002D03F48854202D1072E00D804E04FF475
:10343000ED713CA0FAF712F800BF002C62D000BF7B
:10344000A08828B1A088012802D0A088022800D135
:1034500004E040F2DD1133A0FAF700F800BF00BF2E
:10346000E08828B1E088012802D0E088022800D155
:1034700004E04FF4EF712BA0F9F7F0FF00BF00BF9D
:10348000208940B12089012805D02089022802D056
:103490002089032800D104E040F2DF1121A0F9F7D0
:1034A000DDFF00BF00BF608940B16089012805D001
:1034B0006089022802D06089032800D104E04FF41B
:1034C000F07118A0F9F7CAFF00BF05F1400000EB4A
:1034D00086082088A8F8000005F5A07000EB860794
:1034E0002079A17940EA8100217A40EA0110A17A8D
:1034F00040EA8110C0B2398801F47F410843388026
:103500004FF000094846BDE8F08700000050014038
:103510000054014000580140005C0140006001403F
:10352000006401402E2E5C647269766572735C687B
:103530006333325F6C6C5F6472697665725C737260
:10354000635C686333325F6C6C5F746D72612E63B1
:10355000000000002DE9F04104460D46164600BF6C
:10356000184884420ED0184884420BD01748844231
:1035700008D01748844205D01648844202D0164825
:10358000844202D1072D00D804E04FF4067113A045
:10359000F9F764FF00BF00BF0EB1012E00D104E0B7
:1035A00040F219210DA0F9F759FF00BF04F5A070F2
:1035B00000EB8507302101EB471000F184400660E5
:1035C000BDE8F08100500140005401400058014026
:1035D000005C014000600140006401402E2E5C64EC
:1035E0007269766572735C686333325F6C6C5F64BA
:1035F00072697665725C7372635C686333325F6CA8
:103600006C5F746D72612E63000000002DE9F04163
:1036100004460E46154600BF1B4884420ED01B4888
:1036200084420BD01A48844208D01A48844205D0FC
:103630001948844202D01948844202D1072E00D88A
:1036400004E04FF4127116A0F9F708FF00BF00BFA5
:103650002DB1B5F5007F02D0B5F5407F00D104E073
:1036600040F249210EA0F9F7F9FE00BF04F5A07061
:1036700000EB860738884FF6FF41084005F440719B
:1036800008433880BDE8F0810050014000540140FB
:1036900000580140005C01400060014000640140AE
:1036A0002E2E5C647269766572735C686333325F78
:1036B0006C6C5F6472697665725C7372635C68637C
:1036C00033325F6C6C5F746D72612E6300000000BA
:1036D0002DE9F04104460D46164600BF10488442CD
:1036E0000ED0104884420BD00F48844208D00F48B7
:1036F000844205D00E48844202D00E48844202D152
:10370000072D00D804E04FF462710BA0F9F7A6FE74
:1037100000BF04F1400000EB85073E80BDE8F0816A
:10372000005001400054014000580140005C01403D
:1037300000600140006401402E2E5C647269766571
:1037400072735C686333325F6C6C5F647269766558
:10375000725C7372635C686333325F6C6C5F746D50
:1037600072612E630000000070B504460D4600BF74
:103770000D4884420ED00D4884420BD00C48844240
:1037800008D00C48844205D00B48844202D00B4834
:10379000844200D104E04FF4517109A0F9F75EFEB4
:1037A00000BFA58070BD00000050014000540140E2
:1037B00000580140005C014000600140006401408D
:1037C0002E2E5C647269766572735C686333325F57
:1037D0006C6C5F6472697665725C7372635C68635B
:1037E00033325F6C6C5F746D72612E630000000099
:1037F00010B5044600BF104884420ED00F488442E2
:103800000BD00F48844208D00E48844205D00E48A1
:10381000844202D00D48844200D104E040F2564177
:103820000BA0F9F71BFE00BF94F8800040F00100E8
:1038300084F8800010BD0000005001400054014099
:1038400000580140005C01400060014000640140FC
:103850002E2E5C647269766572735C686333325FC6
:103860006C6C5F6472697665725C7372635C6863CA
:1038700033325F6C6C5F746D72612E630000000008
:1038800070B504460D4600BF144884420BD014485E
:10389000844208D01348844205D01348844202D0A1
:1038A0001248844200D104E04FF46B7110A0F9F784
:1038B000D5FD00BF00BF0DB1012D00D104E040F2E5
:1038C000AD310BA0F9F7CAFD00BF04F180060C2151
:1038D00001EB461000F18440056070BD00540140CA
:1038E00000580140005C014000600140006401405C
:1038F0002E2E5C647269766572735C686333325F26
:103900006C6C5F6472697665725C7372635C686329
:1039100033325F6C6C5F746D72612E630000000067
:103920007047000010B5044604210248FDF760FF0F
:1039300010BD0000CC8AFF1F10B50446802102484C
:10394000FDF756FF10BD0000CC8AFF1F10B50446DE
:103950004FF480610148FDF74BFF10BDCC8AFF1F7B
:1039600010B504464FF400410148FDF741FF10BD7A
:10397000CC8AFF1F10B5F7F791FB10BD10B50BA255
:103980000CA10020FDF7F8FA002003F0A5FDFCF7DC
:103990003FF90020FAF780FD06F0DEFE08F008FD92
:1039A00002A210A10020FDF7E7FA10BD4D41494EDB
:1039B000000000001B5B33366D5B25735D203D3DD1
:1039C0003D2055445320537461636B20496E6974E4
:1039D000205374617274203D3D3D0D0A1B5B306DB8
:1039E0000D0A00001B5B33366D5B25735D203D3D8A
:1039F0003D2055445320537461636B20496E6974B4
:103A000020446F6E65203D3D3D0D0A1B5B306D0D02
:103A10000A00000070B5FEF7C5F9002504461A48F3
:103A2000007858B1184806780020174908703346C6
:103A300016A21849FDF7A0FA00F086FA164903C944
:103A400060406940084319D0134830C013480068EB
:103A500070B112480068401E1049086008460068AE
:103A600030B90AA20EA10020FDF786FA00F06CFA28
:103A700003F08EFD08F06CFD04F0A8FCFAF7E2FFFD
:103A8000F8F7ACFF70BD00002483FF1F4D41494E85
:103A90000000000060F902002883FF1F2083FF1F41
:103AA0001B5B33366D5B25735D2044656C61796506
:103AB0006420726573657420646F6E652C20726576
:103AC00073657474696E672E2E2E0D0A1B5B306D44
:103AD0000D0A000010B54FF4803003F04DFA10BD10
:103AE00070B5054605B970BD2E46002408E04FF4B8
:103AF000803101EB840006F0ECFA46F82400641CE7
:103B00000E2CF4D300BFEEE770B5054605B970BDC5
:103B10004FF4803003F030FA2E46002408E056F8C7
:103B200024104FF4803202EB840006F01BF9641C71
:103B30000E2CF4D300BFEAE730B503460C460AB9B1
:103B4000012030BD00210FE00A4800EB81052878F4
:103B5000984207D1687800F00F00A04202D111808E
:103B60000020EEE7481C81B2034800888142EBDB6D
:103B70000120E6E7E4E8020074E9020070B5174CA2
:103B80004FF49C712046F6F701FC0620206160612D
:103B900013A0A0611549E1614FF480612162002109
:103BA000A1626162E1620EA0C4F8A8001049AC20D5
:103BB00001511021B02001510021B8200151B42041
:103BC0000151BC200151002505E0C5F10F00094954
:103BD000085C60556D1C102DF7D370BD70B80020C7
:103BE0005465726D696E616C00000000A8B9002018
:103BF000A8BD002011EB020010B501460A69CB6890
:103C00009A4204D88C68641EE41AA01801E0D41A01
:103C1000601E10BD2DE9FC5F06460F469246984691
:103C2000DDE90C45002F01DA784200E03846834692
:103C30004FF0010903E09BFBFAFB09F10109D345B1
:103C4000F9DAC84500D9C14634B1002F03DB05F0CD
:103C50000400042800D1641E05F0020010B1B8F180
:103C6000000F11D005F0010070B96CB108E0641EBE
:103C70002021304600F0BAF8F068002800DA02E0AF
:103C80000CB1A145F3D300BFF068002836DB002F4C
:103C900005DA7F422D21304600F0A8F807E005F054
:103CA0000400042803D12B21304600F09FF8F0686F
:103CB000002823DB05F00200022814D105F00100E2
:103CC00088B9B8F1000F0ED16CB108E0641E302144
:103CD000304600F08BF8F068002800DA02E00CB102
:103CE000A145F3D300BFF068002807DB43465246E6
:103CF00039463046CDE9004500F002F8BDE8FC9FAA
:103D00002DE9FC5F8046894615461E460C9CCDF881
:103D100004900127BB4605E00198B0FBF5F0019047
:103D20000BF1010B0198A842F6D25E4500D9B346CB
:103D30000D9800F00100D0B9CCB10D9800F0020050
:103D4000022803D116B93020009001E02020009015
:103D500009E0641E4046009900F048F8D8F80C00CD
:103D6000002800DA02E00CB1A345F2D300BFD8F876
:103D70000C00002835DB09E0012E01D9761E04E095
:103D8000B9FBF7FAAA4500D201E06F43F4E700BFA0
:103D900000BFB9FBF7FA0AFB1799134810F80A108D
:103DA000404600F023F8D8F80C00002800DA03E0C1
:103DB000B7FBF5F7002FECD100BF0D9800F0010024
:103DC00078B174B109E0641E2021404600F00EF87D
:103DD000D8F80C00002800DA02E00CB1A345F2D3B9
:103DE00000BFBDE8FC9F000022EB020070B5044656
:103DF0000E46A568681C6168814206D32068465556
:103E0000681CA060E068401CE060D4E901108842B2
:103E10000DD1A26821682069FDF746F8A1688842A3
:103E200003D04FF0FF30E06001E00020A06070BDE3
:103E30002DE9F05F0446894617464FF0000AE56811
:103E400000BFD4F81080A84503D9A8EB0500461E92
:103E500004E0A5EB0800401CA1680E1AA068401BF6
:103E6000B04201D9304601E0A068401B0646BE4280
:103E700001D2304600E038460646606800EB050B8C
:103E8000324649465846F6F768FAB244B144BF1B79
:103E90003544A068A84200D10025E560002FD0D1AC
:103EA0005046BDE8F09F2DE9F04704468946154687
:103EB000E668A068871BAF420AD9606800EB060A73
:103EC0002A4649465046F6F748FA7019E06014E071
:103ED000B846606800EB060A424649465046F6F787
:103EE0003CFAA5EB0708D4F804A009EB0701424609
:103EF0005046F6F732FAC4F80C80BDE8F0870000AF
:103F00000FB4054B10B503A9044A029800F04AF813
:103F100010BC5DF814FB0000537302003083FF1FD8
:103F20000FB4084B10B504A902AA039800F03AF8A0
:103F3000044602A9002000F066FA204610BC5DF895
:103F400014FB000007440200BFF34F8F06480068CF
:103F500000F4E06005490843001D03490860BFF311
:103F60004F8F00BF00BFFDE70CED00E00000FA0539
:103F70002DED020B019820F0004001909DED000B0B
:103F800002B0704702E008C8121F08C1002AFAD127
:103F900070477047002001E001C1121F002AFBD1C9
:103FA000704700002DE9FF4F8DB00F4605460026F3
:103FB00006E025280BD0DDE90F1290476D1C761C1A
:103FC00028780028F5D111B03046BDE8F08F0024E4
:103FD000A246A1460122EC4900E0044315F8013F46
:103FE000203B02FA03F00842F7D128782A2810D0A3
:103FF0006FF02F022878A0F13001092914D80AEBBC
:104000008A0102EB410144F0020400EB010A6D1C3D
:10401000F0E701CF5FEA000A03D544F40054CAF187
:10402000000A44F002046D1C28782E2817D115F8D8
:10403000010F44F004042A280ED06FF02F022878D4
:10404000A0F1300109290AD809EB890102EB4101ED
:1040500000EB01096D1CF2E757F8049B6D1C2878F2
:104060006C280FD006DC4C2817D068280DD06A28A1
:1040700014D104E0742810D07A280FD10DE044F454
:1040800000140AE044F4801401E044F44014697818
:10409000814202D104F580146D1C6D1C2A786E2AB1
:1040A0001FD00CDC632A31D004DC002A8BD0582AC4
:1040B00011D1A3E0642A68D0692A0CD165E0732A83
:1040C0002ED004DC6F2A73D0702A04D19BE0752AAD
:1040D0006FD0782A6ED01046DDE90F129047761C1B
:1040E00050E1C4F30250022806D0032809D0042866
:1040F00001CF09D0066045E101CFF117C0E90061A9
:1041000040E101CF06803DE106703BE117F8040B6A
:104110008DF8000000208DF80100EB46012003E03F
:1041200057F804BB4FF0FF3061074FF0000102D495
:104130000DE008F10101884649450FDA8045F8DBBA
:104140001BF808100029F4D108E008F101018846A5
:104150008142FADB1BF808100029F6D1DDE90F23B4
:10416000AAEB08008146214600F036F9304400EB06
:10417000080604E0DDE90F121BF8010B9047B8F1C7
:104180000108F7D221464846F7E00A21C4F302535A
:104190004FF0000B0891022B04D001CFC117032B65
:1041A00009D00AE0FF1D27F00707F7E8020108E041
:1041B00032E01FE020E000B2C117042B01D140B271
:1041C000C117031E71F1000307DA4FF0000CD0EBAA
:1041D0000C006CEB01012D2302E0230504D52B23F9
:1041E0008DF82430012303E0E30701D02023F7E713
:1041F000984658E00A2110E010210EE010204FF000
:10420000000B08900CE010214FF0000B44F0040468
:104210004FF00809089103E008214FF0000B0891C6
:10422000C4F30253022B04D001CF0021032B06D08C
:1042300006E0FF1D27F00707F7E8020103E080B260
:10424000042B00D1C0B24FF0000823072BD5702AF1
:1042500007D0DDF820C08CF0100C5CEA0B0C05D008
:104260000EE040238DF82430012308E050EA0103DA
:1042700006D030238DF824308DF82520022398466F
:10428000DDF820C08CF0080C5CEA0B0C0BD150EA76
:10429000010301D1630706D530238DF824304FF098
:1042A0000108A9F10109582A04D038A20B9208AAE2
:1042B0000A920BE03AA2F9E75B46089AF6F71CF877
:1042C0000B9B9B5C0A9A521E0A92137050EA0102E1
:1042D000F2D10A98ADEB000000F1200B600702D587
:1042E00024F4803401E04FF00109D94502DDA9EB47
:1042F0000B0000E0002000EB0B0141440890AAEB0A
:10430000010AE00306D4DDE90F232146504600F000
:1043100063F806444FF0000908E009A911F8090004
:10432000DDE90F12904709F10109761CC145F4DB64
:10433000E0030CD5DDE90F232146504600F04CF890
:10434000064404E0DDE90F1230209047761C0899FE
:10435000481E08900029F5DC08E00A980A990078C0
:10436000491C0A91DDE90F129047761CBBF1000150
:10437000ABF1010BF1DC21465046DDE90F2300F0E3
:1043800019F806446D1C1BE6092801003031323350
:104390003435363738396162636465660000000081
:1043A000303132333435363738394142434445466B
:1043B000000000002DE9F041044600251E46174686
:1043C000880404D405E039462020B0476D1C641EE3
:1043D000F9D52846BDE8F0812DE9F04104460025D5
:1043E0001E469046C80301D5302700E020278804E8
:1043F00004D505E041463846B0476D1C641EF9D52A
:104400002846BDE8F0810A68531C0B6010707047A5
:1044100070B50024ACE104EB840000EBC411D64875
:1044200000EB810090F81002002865D004EB8400B6
:1044300000EBC411D04800EB8100D0F8AC010A2891
:1044400015D004EB840000EBC411CB4800EB8100D5
:10445000D0F8AC010B280AD004EB840000EBC411A7
:10446000C54800EB8100D0F8AC010C2812D104EB58
:10447000840101EBC412C04901EB8201D1F8B801FB
:104480004FF40061F9F716FEFDF78CFCBB4941F8CB
:10449000240031E004EB840000EBC411B64800EBCB
:1044A0008100D0F8AC01022815D004EB840000EBA9
:1044B000C411B14800EB8100D0F8AC0103280AD048
:1044C00004EB840000EBC411AB4800EB8100D0F892
:1044D000AC01042810D104EB840101EBC412A649FD
:1044E00001EB8201D1F8B8012021F9F7E3FDFDF7D6
:1044F00059FCA24941F8240004EB840000EBC411EC
:104500009D4800EB8100D0F8AC010D2815D004EBDC
:10451000840000EBC411984800EB8100D0F8AC0196
:104520000E280AD004EB840000EBC411924800EB83
:104530008100D0F8AC010F287CD1FDF733FC054693
:104540008E4850F82400281AB0F5966F59D804EB1D
:10455000840000EBC411884800EB810090ED080A4C
:1045600004EB840000EBC411834800EB8100D0ED24
:10457000350A30EE200A04EB840000EBC4117E48BB
:1045800000EB8100D0ED290AB4EEE00AF1EE10FA5A
:104590000ADD04EB840000EBC411774800EB8100D6
:1045A00090F82D0002282CD004EB840000EBC411FD
:1045B000714800EB810090ED080A04EB840000EBE9
:1045C000C4116D4800EB8100D0ED350A30EE600A71
:1045D00004EB840000EBC411674800EB8100D0EDD0
:1045E000290AB4EEE00AF1EE10FA21D204EB8400BD
:1045F00000EBC411604800EB810090F82D00012809
:1046000016D104EB840101EBC4125B4901EB82017A
:10461000D1F8B8014FF48071F9F74CFD002104EB9B
:10462000840000EBC412544800EB820080F81012A2
:104630009CE0FFE704EB840000EBC4114E4800EB64
:104640008100D0F8AC01052815D004EB840000EB04
:10465000C411494800EB8100D0F8AC0106280AD00B
:1046600004EB840000EBC411434800EB8100D0F858
:10467000AC0107287AD1FDF795FB05463F4850F875
:104680002400281AB0F5966F59D804EB840000EB8B
:10469000C411394800EB810090ED090A04EB840055
:1046A00000EBC411344800EB8100D0ED350A30EE48
:1046B000200A04EB840000EBC4112F4800EB8100BA
:1046C000D0ED290AB4EEE00AF1EE10FA0ADD04EBAF
:1046D000840000EBC411284800EB810090F82D0005
:1046E00001282CD004EB840000EBC411224800EB1D
:1046F000810090ED090A04EB840000EBC4111E4810
:1047000000EB8100D0ED350A30EE600A04EB840046
:1047100000EBC411184800EB8100D0ED290AB4EE7B
:10472000E00AF1EE10FA20D204EB840000EBC41191
:10473000114800EB810090F82D00022815D104EB00
:10474000840101EBC4120C4901EB8201D1F8B801DC
:104750000421F9F7AFFC002104EB840000EBC41244
:10476000054800EB820080F8101200BF601CC4B244
:10477000022CFFF650AE70BD8083FF1FF480FF1F38
:1047800010B5324890F84140022C5EDA04EB840008
:1047900000EBC4112D48443000EB81004078002824
:1047A00053D004EB840101EBC4122849443101EBDE
:1047B0008201D1F884001021F9F77CFC002104EB80
:1047C000840000EBC4122148443000EB820080F8E2
:1047D0009C1004EB840000EBC4121C48443000EB36
:1047E000820080F8F81004EB840000EBC412174834
:1047F000443000EB820080F8541104EB840000EB9D
:10480000C4111248443000EB8100D0F8AC011628E6
:1048100004D0182803D0192815D113E000BF3CB9E3
:1048200041F2883200210A480068FCF79EFF08E048
:10483000012C06D141F28832002106480068FCF7BD
:1048400094FF01E000E000BF00BF10BD3C83FF1FEC
:10485000EC80FF1FF080FF1F10B5384890F84140F2
:10486000022C69DA04EB840000EBC41133484430B5
:1048700000EB8100407800285ED004EB840000EB60
:10488000C4112E48443000EB8100D0F8AC01102850
:104890003AD004EB840000EBC4112848443000EB0C
:1048A0008100D0F8AC0111282ED004EB840000EB7D
:1048B000C4112248443000EB8100D0F8AC01082834
:1048C00022D004EB840000EBC4111C48443000EB00
:1048D0008100D0F8AC01092816D004EB840000EB6D
:1048E000C4111648443000EB8100D0F8AC0158B137
:1048F00004EB840000EBC4111048443000EB81004D
:10490000D0F8AC01012817D104EB840101EBC412EB
:104910000A49443101EB8201D1F884001021F9F7F2
:10492000C9FB04EB840101EBC4120449443111F8C2
:104930002200042103F0E4FF10BD00003C83FF1FB0
:1049400010B52DED048B82B000BFEFA2F0A10020C6
:10495000FCF712FB00BFFE4890F84140022C7CDAC5
:1049600004EB840000EBC411F948443000EB8100F3
:104970004078002871D0012104EB840000EBC412C0
:10498000F348443000EB820080F89C1004EB840074
:1049900000EBC412EE48443000EB820080F8F810BF
:1049A00004EB840000EBC412E948443000EB8200C1
:1049B00080F8541104EB840101EBC412E449443142
:1049C00001EB820101F5AA70FCF768F8E04890F865
:1049D0003D0034280DD0DE4890F83D00352808D041
:1049E000DB4890F83D00B52803D0D94890F83D0049
:1049F00098B904EB840101EBC412D549443101EBB1
:104A0000820101F5AA709FEDD30AFCF75FF89FEDD4
:104A1000D20A204601F0CAFE12E004EB840101EB49
:104A2000C412CB49443101EB820101F5AA709FED1C
:104A3000CB0AFCF74BF89FEDCA0A204601F0B6FE00
:104A400004EB840000EBC411C148443000EB81004A
:104A5000D0F8AC0102283DD000E0A6E204EB8400CF
:104A600000EBC411BA48443000EB8100D0F8AC012F
:104A700003282FD004EB840000EBC411B448443069
:104A800000EB8100D0F8AC01042823D004EB8400B3
:104A900000EBC411AE48443000EB8100D0F8AC010B
:104AA0000D2817D004EB840000EBC411A848443053
:104AB00000EB8100D0F8AC010E280BD004EB840091
:104AC00000EBC411A248443000EB8100D0F8AC01E7
:104AD0000F2879D100BF04EB840000EBC4119C487F
:104AE000443000EB8100D0F8AC01234686A29DA1A2
:104AF00000900020FCF740FA00BF04EB840000EBBC
:104B0000C4129348443000EB820090ED0A0A04EB93
:104B1000840000EBC4128E48443000EB8200D0EDDC
:104B2000080A30EE600A10EE101A0846F5F782FC0B
:104B300041EC190BB0EE490AF0EE690AFFF718FADA
:104B4000B0EE408AF0EE608A9FED950B53EC102B8F
:104B500051EC180BF5F782FC10D204EB840101EB49
:104B6000C4127B49443101EB8201D1F8B8014021E4
:104B7000F9F7A0FA02B0BDEC048B10BD04EB840081
:104B800000EBC4117248443000EB810090ED0A0A3A
:104B900004EB840000EBC4116D48443000EB81004D
:104BA000D0ED080AB4EEE00AF1EE10FA0DDDBFEE2A
:104BB000000A04EB840000EBC4116548443000EBAC
:104BC000810080ED2E0A0CE06DE0B7EE000A04EBE8
:104BD000840000EBC4115E48443000EB810080ED9E
:104BE0002E0A04EB840000EBC4115948443000EB5A
:104BF000810090ED080A04EB840000EBC4115448D6
:104C0000443000EB810080ED280A04EB840000EBC7
:104C1000C4114F48443000EB810090ED2E0AF7EEAE
:104C2000000AB4EE600AF1EE10FA15D100BF234677
:104C300035A25D490020FCF79FF900BF04EB840119
:104C400001EBC4124249443101EB8201D1F88400E6
:104C50000421F9F72FFA9EE104EB840000EBC41164
:104C60003B48443000EB810090ED2E0AFFEE000A35
:104C7000B4EE600AF1EE10FAEDD100BF234622A295
:104C80004A490020FCF778F900BF04EB840101EBEE
:104C9000C4122F49443101EB8201D1F8840008216C
:104CA000F9F708FA77E104EB840000EBC411284817
:104CB000443000EB8100D0F8AC010A2878D004EB36
:104CC000840000EBC4112248443000EB8100D0F88E
:104CD000AC010B286CD004EB840000EBC4111C4821
:104CE000443000EB8100D0F8AC010C2877D004EB05
:104CF000840000EBC4111648443000EB8100D0F86A
:104D0000AC0105286BD054E05741524E0000000022
:104D10001B5B33336D5B25735D202D2D6163745FE9
:104D2000656E7465725F6D6F76696E673A20737435
:104D3000617274696E672D2D2D2D2D2D2D2D2D2D2C
:104D40002D2D2D2D2D2D1B5B306D0D0A000000002B
:104D50003C83FF1F00007A4500C073450080BB44C0
:104D60000000AF441B5B33336D5B25735D206D79B1
:104D700053797374656D2E617869735B25645D2E5C
:104D8000736D5F6163742E6375725F7374617465B4
:104D9000203D3D2025641B5B306D0D0A00000000A6
:104DA000000000000000F03FB0ED0200F4ED020052
:104DB00015E004EB840000EBC4117D4800EB81009A
:104DC000D0F8AC0106280AD004EB840000EBC41133
:104DD000774800EB8100D0F8AC01072872D100BF02
:104DE00004EB840000EBC411714800EB8100D0F8A3
:104DF000AC012346AFF2F002AFF298010090002020
:104E0000FCF7BAF800BF04EB840000EBC41268485A
:104E100000EB820090ED0A0A04EB840000EBC41260
:104E2000634800EB8200D0ED090A30EE600A10EE14
:104E3000101A0846F5F7FEFA41EC190BB0EE490AD4
:104E4000F0EE690AFFF794F8B0EE408AF0EE608A5F
:104E50001FED2D0B53EC102B51EC180BF5F7FEFA50
:104E60000DD804EB840101EBC412514901EB82011E
:104E7000D1F8B8014FF48051F9F71CF97AE604EB48
:104E8000840000EBC4114A4800EB810090ED0A0A4F
:104E900004EB840000EBC411454800EB8100D0ED29
:104EA000090AB4EEE00AF1EE10FA0CDDBFEE000ADA
:104EB00004EB840000EBC4113D4800EB810080ED61
:104EC0002E0A0BE067E0B7EE000A04EB840000EB6B
:104ED000C411374800EB810080ED2E0A04EB8400FA
:104EE00000EBC411324800EB810090ED090A04EB9D
:104EF000840000EBC4112E4800EB810080ED280AED
:104F000004EB840000EBC411294800EB810090ED14
:104F10002E0AF7EE000AB4EE600AF1EE10FA15D18F
:104F200000BF2346AFF2202222490020FCF724F8DC
:104F300000BF04EB840101EBC4121D4901EB8201A7
:104F4000D1F884000421F9F7B5F824E004EB8400DB
:104F500000EBC411164800EB810090ED2E0AFFEE25
:104F6000000AB4EE600AF1EE10FA14D100BF234635
:104F7000AFF26C2210490020FBF7FEFF00BF04EBEC
:104F8000840101EBC4120A4901EB8201D1F88400CB
:104F90000821F9F78FF804EB840101EBC4120449EE
:104FA00011F82200042103F0ABFC00BFE2E5000091
:104FB0008083FF1FB0ED0200F4ED020010B5002465
:104FC00029E004EB840000EBC411144800EB8100DD
:104FD0004078F0B104EB840000EBC4110F4800EB03
:104FE0008100D0F8AC01162804D0182803D0192865
:104FF0000DD101E000BF00BF04EB840101EBC4123E
:10500000064911F82200042103F07AFC00E000BFF9
:1050100000BF601CC4B2022CD3DB10BD8083FF1F15
:1050200010B5044694F82C00012803D094F82C0005
:1050300000287DD14FF4D67000591A285FD2DFE8DE
:1050400000F05E0D50515258594A0E5E5556575356
:10505000544B0F5E5E5E5E104311444500BF00BFBF
:1050600000BF00BF4FF4D8700059092804D04FF496
:10507000D8700059112804D12078314903F040FC40
:1050800021E094F80002B8B194F82E00012804D170
:1050900020782C4903F034FC15E094F82E00022807
:1050A00005D120782749103103F02AFC0BE0207845
:1050B000254903F025FC06E094F8000218B9207891
:1050C000022103F01DFC1BE000BF00BF20781C493B
:1050D00003F016FC14E000BF2078194903F010FC1F
:1050E0000EE000BF00BF00BF00BF00BF00BF00BF99
:1050F00000BF00BF2078154903F002FC00E000BFAC
:1051000000BF4FF4D6700059162809D04FF4D6705E
:105110000059182804D04FF4D6700059192803D12B
:105120002078074903F0ECFB4FF4F670005900E0DB
:1051300005E0022803D12078054903F0E1FB10BD0A
:1051400008048040100000500804805010040850EB
:10515000400420102DE9FC4106460D4614460CB9CA
:10516000BDE8FC81294886424DD1ADF80050208829
:10517000ADF80200606801906846F9F7D7FFB4F90E
:105180000000002807DB00F01F0101228A402049AF
:10519000430941F8232000BFB4F90000A17800289A
:1051A00004DB0A07130E1B4A135406E00A07170E06
:1051B000194A00F00F031B1FD75400BFB4F90000B9
:1051C00000280DDB00BF00BF00F01F02012191404D
:1051D0004209920002F1E022C2F8001100BF00BFB4
:1051E00000BFB5F5E07F05D1012211463046F5F745
:1051F0001BFB08E040F2C110854204D101220221CC
:105200003046F5F711FB00BFAAE70000000004409C
:1052100080E200E000E400E018ED00E010B5024894
:10522000F5F754FB10BD00000000044010B505491F
:10523000054800F0A5FF0448F7F744FBFEF79EFB86
:1052400010BD000034E80200D89F002000B589B0EE
:1052500005A93D4801F050F8012873D100200190C4
:1052600002900390049005980190069800F00F00BA
:105270008DF811009DF8112007A902A8F5F76DF827
:10528000324A0199881A914221D010DC30480844F2
:1052900080B3A0F5D050A0F1090060B3A0F59C4008
:1052A000A0F11F00D0B1B0F5006F3ED136E0A0F5FF
:1052B0000850703860B1A0F52C50B838A0B1A0F5F6
:1052C0008850D838F0B1B0F5007F2ED127E000BF6C
:1052D0009DF8111002A801F0A9FA2FE09DF8111015
:1052E00002A801F089FA29E09DF8111002A801F046
:1052F000B9FA23E000E00BE09DF8111002A801F0DC
:1053000061FA1BE09DF8111002A801F0B7FA15E050
:105310009DF8111002A801F061FA0FE000BF9DF89E
:10532000111002A801F074FA08E09DF8112002A9FA
:10533000019807F09FFB09B000BD03E000BF00F03B
:10534000D1FF00BF00BFF6E7F49F0020F09DFF18DB
:1053500010E800E710B9044A517203E0012801D1B6
:10536000014A917270470000CC9F002010B5FFF7F2
:105370006DFF00F001F810BD1CB5FCF713FD0446ED
:10538000002007F0DBFC012007F0D8FC3D48007A44
:1053900070B93C480068201AB0F5FA7F07D3394845
:1053A00004600120374908720846446000E01CBDD3
:1053B00034484068A04200D9F9E73248007A06280C
:1053C0004CD2DFE800F04B03101F2D3C2D48407AF3
:1053D00040B12D49684600F014FA082269462B486E
:1053E00000F0DAFF3BE02748807A50B126490831C7
:1053F000684600F006FA082269462448401C00F07E
:10540000CBFF2CE01F48407A48B11F49684600F0A6
:10541000D9F9082269461D48001F00F0BDFF1EE0B3
:105420001848807A50B118490831684600F0CAF926
:10543000082269461548C01E00F0AEFF0FE0114873
:10544000407A10B90F48807A38B1684600F0F8F910
:10545000082269460E4800F09FFF00E000BF00BF31
:105460000848007A401C074908720846007A052857
:1054700003DD00200872486002E0601C01494860BA
:1054800000BF94E7CC9F002054A000200801FF1823
:105490000811FF181A4890ED030AF0EE0A0AB4EE5C
:1054A000E00AF1EE10FA08DC90ED030AF5EE000ACE
:1054B000B4EEE00AF1EE10FA03D2012110480174B3
:1054C00002E000210E4801740E4890ED030AF0EE50
:1054D0000A0AB4EEE00AF1EE10FA08DC90ED030AD5
:1054E000F5EE000AB4EEE00AF1EE10FA03D2012163
:1054F0000448017402E00021024801747047000072
:1055000074A0002090A0002010B5034803F064FDB3
:10551000024803F061FD10BD74A0002090A000209F
:1055200010B50749074803F0FFFC0749074803F097
:10553000FBFC012211460648F5F706FA10BD0000F3
:1055400094E8020074A000209CE8020090A00020D3
:105550000000044010B500F0B3F8FFF79BFF00F027
:1055600011F80023102206493020FBF76DF80023C4
:105570001022034910313020FBF766F810BD0000FF
:105580006882FF1F0A4890ED030A0A4880ED020A6C
:105590000748007C07490873074890ED030A08464E
:1055A00080ED060A0448017C02480177704700003C
:1055B00074A000206882FF1F90A0002010B505484D
:1055C00000F08AFF044800F053FF044800F050FF49
:1055D00010BD0000D8E2FF1FF4E2FF1F10E3FF1F21
:1055E00010B50649064803F017FE0649064803F0C1
:1055F00013FE0649064803F00FFE10BD00DC020052
:10560000D8E2FF1F08DC0200F4E2FF1F10DC0200FA
:1056100010E3FF1F184890ED030A184880ED020AB6
:105620001548008A154988811348807C8873124880
:10563000C07CC873124890ED030A124880ED020A3C
:105640000F48008A0F4988810D48807C88730C4878
:10565000C07CC8730C4890ED030A0C4880ED020A28
:105660000948008A094988810748807C8873064870
:10567000C07CC87370470000D8E2FF1F8C80FF1FFA
:10568000F4E2FF1F9C80FF1F10E3FF1FAC80FF1F91
:1056900010B5FCF787FB0446FFF7C0FD074800681C
:1056A000201A142803D30548046004F025FBFFF7F3
:1056B00085FFFFF7AFFF04F0D1FA10BDC480FF1FD4
:1056C00010B5034804F0E4FA024804F0E1FA10BD12
:1056D00074A0002090A0002010B504F0EDFB04F0B1
:1056E000B1FC002004F09CFC012004F099FC022095
:1056F00004F096FC032004F093FC10BD10B50446A2
:105700000348406A214682690148904710BD000065
:105710003081FF1F08B50348406A81680148884707
:10572000009008BD3081FF1F10B504460348406A51
:105730002146426A0148904710BD00003081FF1F9A
:1057400010B504460348406A2146026A0148904762
:1057500010BD00003081FF1F10B50348406A01688A
:105760000148884710BD00003081FF1F70B5044616
:105770000D460448406A2A46214643690148984735
:1057800070BD00003081FF1F01B50348406A4268C8
:1057900001480099904708BD3081FF1F10B52DEDDD
:1057A000028B0446B0EE408A0548406AB0EE480AD3
:1057B0002146C26902489047BDEC028B10BD000033
:1057C0003081FF1F0B78027863F3010202704B787F
:1057D000027863F385020270027822F0C002027040
:1057E00000224270002383700A79C2708A881212E4
:1057F00002718A7842714A88121282718A79C27162
:1058000070470B78027863F3010202704B780278DC
:1058100063F385020270027822F0C00202708A7877
:1058200042704A88121282700A79C2708A881212F3
:10583000027100224271002383718A79C27170471C
:105840000021016041600170417081700221C170CE
:105850007047000070B50120544981F820000846C7
:1058600090F84140022C74DA04EB840000EBC41180
:105870004E48443000EB810000F5EE75012104EB49
:10588000840000EBC4124948443000EB820080F8E9
:105890002C102869012802D0022877D177E0042152
:1058A000204603F02DF804EB840000EBC4113F48C0
:1058B000443000EB8100D0F8F8010068B0F5006FCB
:1058C0000DD004EB840000EBC4113848443000EBE9
:1058D0008100D0F8F8010068B0F5804F10D104EBDA
:1058E000840101EBC4123149443101EB8201D1F84A
:1058F00084001021F8F7DEFB204603F0DBF845E0DA
:1059000004EB840000EBC4112848443000EB810014
:10591000D0F8F8010068102838D004EB840000EBC0
:10592000C4112248443000EB8100D0F8F80100682F
:10593000B0F5004F0ED104EB840101EBC4121B49FA
:10594000443101EB8201D1F8B8010421F8F7B2FB30
:105950001CE02AE004EB840000EBC411134844303F
:1059600000EB8100D0F8F8010068B0F5803F0DD160
:1059700004EB840101EBC4120C49443101EB8201B8
:10598000D1F8B8014FF48071F8F794FB0BE00849A7
:10599000204602F0B5FF0CB1012000E000200349D1
:1059A00081F83B0000BF00BF00BF70BD3C83FF1FFC
:1059B0004004200010B50649D1F83C020121F8F757
:1059C00079FB0349D1F850040121F8F773FB10BDAE
:1059D0003C83FF1F70B5FE4890F83B0020B90220C1
:1059E000FB4981F8200008E0F94890F83B000128C5
:1059F00003D10320F64981F82000F54890F8414092
:105A0000022C71DA04EB840000EBC411F04844303E
:105A100000EB810000F5EE75022104EB840000EB41
:105A2000C412EB48443000EB820080F82C10286947
:105A3000C01E072809D2DFE800F004091B8CFCFB1C
:105A4000FA002021204602F05BFF68E204EB8401AB
:105A500001EBC412DE49443101EB8201D1F884002C
:105A60001021F8F727FBDB49204602F049FF56E2F8
:105A7000012104EB840000EBC412D548443000EB54
:105A8000820080F8541104EB840000EBC412D0486B
:105A9000443000EB820080F89C10CD4890F83D0027
:105AA00034280DD0CA4890F83D00352808D0C848A1
:105AB00090F83D00B52803D0C54890F83D00A0B946
:105AC00004EB840101EBC412C149443101EB8201B2
:105AD00001F5AA709FEDC00AFAF7F8FF9FEDBF0A23
:105AE000204600F063FE13E01BE204EB840101EBAF
:105AF000C412B749443101EB820101F5AA709FED50
:105B0000B80AFAF7E3FF9FEDB70A204600F04EFE11
:105B100004EB840101EBC412AD49443101EB820175
:105B200001F19C009FEDB00AFAF7D0FF04EB84016D
:105B300001EBC412A649443101EB8201D1F8840083
:105B40000421F8F7B7FAA3491039204602F0D8FE2D
:105B5000E5E1012104EB840000EBC4129C484430D1
:105B600000EB820080F8541104EB840000EBC412B7
:105B70009748443000EB820080F89C10944890F8DD
:105B80003D0034280DD0924890F83D00352808D0CB
:105B90008F4890F83D00B52803D08D4890F83D001F
:105BA00098B904EB840101EBC4128949443101EB3B
:105BB000820101F5AA709FED880AFAF787FF9FED31
:105BC000870A204600F0F2FD12E004EB840101EBAD
:105BD000C4127F49443101EB820101F5AA709FEDA7
:105BE000800AFAF773FF9FED7F0A204600F0DEFD82
:105BF00004EB840101EBC4127549443101EB8201CD
:105C000001F19C009FED790AFAF760FF04EB840133
:105C100001EBC4126E49443101EB8201D1F88400DA
:105C20000821F8F747FA6B491039204602E0B0E046
:105C300015E002E002F064FE71E104EB840101EB87
:105C4000C4126349443101EB8201D1F88400102170
:105C5000F8F730FA5F49204602F052FE5FE1042077
:105C60005B4981F82000012104EB840000EBC412A1
:105C70005748443000EB820080F8541104EB840054
:105C800000EBC4125248443000EB820080F89C10B4
:105C90004F4890F83D0034280DD04D4890F83D0015
:105CA000352808D04A4890F83D00B52803D0484828
:105CB00090F83D0098B904EB840101EBC41244490B
:105CC000443101EB820101F5AA709FED430AFAF716
:105CD000FDFE9FED420A204600F068FD12E004EB55
:105CE000840101EBC4123A49443101EB820101F510
:105CF000AA709FED3B0AFAF7E9FE9FED3A0A2046AB
:105D000000F054FD04EB840101EBC412304944312E
:105D100001EB820101F19C009FED330AFAF7D6FEF8
:105D200004EB840000EBC4112948443000EB8100EF
:105D300090F82D0001280DD104EB840101EBC41271
:105D40002349443101EB8201D1F884000821F8F79E
:105D5000B1F918E004EB840000EBC4111C48443096
:105D600000EB810090F82D0002280CD104EB840197
:105D700001EBC4121649443101EB8201D1F88400D1
:105D80000421F8F797F913491039204602F0B8FDBD
:105D9000C5E0012104EB840000EBC4120C48443040
:105DA00000EB820080F8541104EB840000EBC41275
:105DB0000748443000EB820080F89C10044890F8BB
:105DC0003D0034281ED0024890F83D0035280FE0F1
:105DD0003C83FF1F2004080000007A4500C0734583
:105DE0000080BB440000AF440000C8420000000037
:105DF00008D04C4890F83D00B52803D0494890F8A9
:105E00003D0070B904EB840101EBC41245494431F3
:105E100001EB820101F5AA701FED110AFAF756FE97
:105E20000DE004EB840101EBC4123E49443101EB67
:105E3000820101F5AA701FED160AFAF747FE04EB7E
:105E4000840000EBC4113748443000EB810090F827
:105E50002D00012829D104EB840101EBC412314942
:105E6000443101EB8201D1ED0A0AB0EE001A70EE66
:105E7000810AB0EE600A04EB840101EBC4122949E7
:105E8000443101EB820101F19C00FAF71FFE04EBA3
:105E9000840101EBC4122349443101EB8201D1F8A2
:105EA00084000421F8F706F934E004EB840000EBE9
:105EB000C4111C48443000EB810090F82D000228EA
:105EC00028D104EB840101EBC4121649443101EBE3
:105ED0008201D1ED0A0AB0EE001A70EEC10AB0EEEE
:105EE000600A04EB840101EBC4120E49443101EB5A
:105EF000820101F19C00FAF7E9FD04EB840101EB5A
:105F0000C4120849443101EB8201D1F88400082110
:105F1000F8F7D0F80449204602F0F2FC00BF00BFB9
:105F200000BF70BD3C83FF1F1004080070B504461D
:105F300004B112B94FF0FF3070BD21600120207113
:105F400000206071A071E071082B01D9082000E0E9
:105F500018462072002005E0165C04F109052E5455
:105F6000451CE8B2257A8542F6DC0020606100BF5E
:105F7000E2E770B505460C46164614B94FF0FF30FF
:105F800070BD2046F6F7BEFD0020F9E702B9704764
:105F900050B901B9FBE70B6813604B6853608B681D
:105FA0009360CB68D3601CE0012807D10423136001
:105FB0000623536002239360D36012E0022807D1C6
:105FC000022313600623536002239360D36008E02A
:105FD000032806D101231360062353600223936034
:105FE000D36000BFD3E7000030B58DB005460C4646
:105FF00001210846F8F7DCF804A8F5F713FE1C4A5F
:1060000007CA01AB07C3A07D04AA04F11801FFF77A
:10601000BDFF94F828008DF826000120ADF824007B
:1060200001A8089094F829008DF827002A20005D27
:106030008DF828002B20005D8DF8290094F82C00A5
:106040008DF82A002D20005D8DF82B002E20005D9C
:106050008DF82C002F20005D8DF82D003020005D84
:106060008DF82E0004A92846F5F7C8FB0DB030BD09
:1060700084E80200002001494871704764A00020B4
:1060800018B90021044A117004E0012802D100214E
:10609000014A51707047000064A0002010B504460A
:1060A00004B910BDA28861882078F8F71DFF00BFF1
:1060B000F7E700002DE9FC4105460E4614460CB9F1
:1060C000BDE8FC8106B9FBE72648854248D14FF47C
:1060D000F370ADF800002088ADF802006068019010
:1060E0006846F9F723F8B4F90000002807DB00F050
:1060F0001F0101228A401C49430941F8232000BFA7
:10610000B4F90000A178002804DB0A07130E174A2F
:10611000135406E00A07170E154A00F00F031B1F61
:10612000D75400BFB4F9000000280DDB00BF00BF4A
:1061300000F01F02012191404209920002F1E02289
:10614000C2F8001100BF00BF00BF002242F6FE21CE
:106150002846F5F777FC012231462846F5F772FC10
:1061600000BFADE70004074080E200E000E400E08B
:1061700018ED00E001480078704700006082FF1FC2
:1061800070B504460D4604B115B94FF0FF3070BD2F
:1061900004F11C001049086025600020207158217E
:1061A00004F11C00F4F7F2F805F11000FFF776FF98
:1061B00005F10A00FFF772FF21684868FFF714FF36
:1061C000236803F13802596B5868FFF773FF012009
:1061D000207100BFDBE700006482FF1F7FB53D4DEB
:1061E00000244FF400012846F5F766FA012817D17C
:1061F00044F400040EE007E03748006820B1694627
:106200003548006800F0A0F869463248F5F716FAFC
:106210000028F1D02846F5F7E7F90028EBD100BFB8
:106220004FF480012846F5F747FA012801D144F4DC
:1062300080044FF400112846F5F73EFA012801D1F9
:1062400044F400144FF480112846F5F735FA01287C
:1062500001D144F480144FF400212846F5F72CFABC
:1062600001280AD144F4002400201C4908701C486D
:10627000006810B11A48006880474FF48021284612
:10628000F5F71AFA012801D144F480244FF40031C3
:106290002846F5F711FA01280CD101212846F5F717
:1062A0000BFA012804D12846F5F74AF844F0010416
:1062B00044F400344FF080712846F5F7FDF90128C9
:1062C00001D144F080741CB121462846F4F7EEFF5A
:1062D0007FBD0000000407406482FF1F6082FF1F33
:1062E0005C82FF1F10B500230E2202493E20FAF700
:1062F000ABF910BD64A0002030B5024602B111B95F
:106300006FF0010030BD908810B96FF00200F9E71E
:10631000138802F1080000EB031539CD81E839003C
:106320001088401C052390FBF3F403FB140010803D
:106330009088401E90800120E4E700000149086039
:10634000704700005C82FF1F70B5024602B111B9B0
:106350006FF0010070BD538802F1080000EB0310DC
:1063600091E8780078C05088401C052390FBF3F436
:1063700003FB140050809088052803DA9088401CA5
:10638000908007E01088401C052390FBF3F403FB8A
:10639000140010800120DDE77FB506460D46144647
:1063A000082C03DD6FF0010004B070BD00200190E7
:1063B0000096019820F040000190019820F08000A4
:1063C00080300190019864F303000190002005E003
:1063D0002A7802A90A546D1C411CC8B2A042F7DBFE
:1063E0006A4600210548F4F7D7FF10210348F5F766
:1063F000DFFB01200249087000BFD5E70004074019
:106400006082FF1F7FB506460D461446082C03DD4B
:106410006FF0010004B070BD00200190009601985B
:1064200020F040000190019820F080000190019838
:1064300064F303000190002005E02A7802A90A54C1
:106440006D1C411CC8B2A042F7DB6A460021064819
:10645000F4F7A2FF10210448F5F7AAFB0120034935
:10646000087000BFD6E70000000407406082FF1FED
:1064700070B50268516813685D7A35B1D1ED020AD2
:10648000F5EEC00AF1EE10FA04D10026C67400251C
:10649000057670BD058A00EE905AB8EE600A0D7D53
:1064A000002D01DD0D7D00E003252C46D1ED020A13
:1064B000F4EEC00AF1EE10FA08D2057E6D1C0576E6
:1064C000057EA54206DB0326C67403E0002505769B
:1064D0000026C67400BFDCE72DE9F05F2DED028BCE
:1064E00005462E687468D6F80080FBF75BFC07460B
:1064F00098F8080050B90021A97400204A49087092
:106500004A490870BDEC028BBDE8F09F95ED038A07
:1065100094ED000AB4EEC80AF1EE10FA01D201209F
:1065200000E00020814694ED010AB4EEC80AF1EEC5
:1065300010FA01DD012000E00020824694ED030AFC
:10654000B5EEC00AF1EE10FA02DD94ED030A01E0A7
:10655000B0EE000AF0EE408A206908B1206901E03F
:1065600040F6B83083463048007890B32E49097819
:1065700002290CD194ED000A30EE680AB4EEC80A84
:10658000F1EE10FA01DD01210DE000210BE094EDA8
:10659000010A30EE280AB4EEC80AF1EE10FA01D270
:1065A000012100E000210846A0B12049097829B95D
:1065B00001211E4A11701E490F600EE01C49096836
:1065C000791A594509D30021174A1170174A1170D9
:1065D00003E003E00021154A117012E0B9F1000F49
:1065E00006D002201049087000201049087008E009
:1065F000BAF1000F05D001200B49087000200B49AB
:10660000087009480078022802D10121A97408E025
:1066100005480078012802D10221A97401E0002177
:10662000A97400BF6EE70000C180FF1FC080FF1F7C
:10663000BC80FF1F7FB505460C46002603E0A85D21
:1066400002A98855761C062EF9DB062102A800F067
:106650008FF88DF800009DF800008DF808000621E5
:1066600002A800F085F88DF80100002603E0A85D7F
:1066700002A98855761C062EF9DB28788DF80800CB
:106680009DF801008DF80900062102A800F070F8BD
:106690008DF8020068788DF809009DF802008DF8E9
:1066A0000A00062102A800F063F88DF80300A8781C
:1066B0008DF80A009DF803008DF80B00062102A852
:1066C00000F056F88DF80400E8788DF80B009DF87E
:1066D00004008DF80C00062102A800F049F88DF89E
:1066E000050028798DF80C009DF805008DF80D0047
:1066F000062102A800F03CF88DF806009DF8030082
:10670000A8B99DF8040090B99DF8050078B99DF8E6
:10671000060060B99DF8010020709DF802006070CD
:106720009DF80300A0709DF80400E0700BE09DF858
:10673000030020709DF8040060709DF80500A070B3
:106740009DF80600E070012004B070BD48400022B2
:1067500009E000F001031BB1044B83EA500300E0A1
:1067600043081846521C082AF3DB70472083B8ED13
:1067700030B503460C46FF21002211E0985C4140F1
:1067800000250AE001F0800020B14806010E81F0EA
:106790001D0101E04806010E6D1C082DF2DB521CA4
:1067A000A242EBDBC843C0B230BD000000EB800169
:1067B00001EBC012024901EB820181ED640A7047CE
:1067C0008083FF1F082900DA7047827802F00702F1
:1067D000014B9A7200BFF7E764A0002010B50829AA
:1067E00000DA10BD0378447843EA0422014B1A8191
:1067F00000BFF6E764A00020082900DA704782781D
:10680000C2F38102014B1A7100BFF7E764A00020B8
:10681000082900DA70478278034BDA72027902F0B5
:1068200001021A7300BFF5E764A00020082900DA0E
:106830007047027802F00F02094B1A7002781209B1
:106840005A70427802F001029A70827802F00302D4
:10685000DA708278C2F381021A7100BFE8E70000A3
:1068600064A00020082900DA7047427802F0010293
:10687000014B5A7100BFF7E764A0002010B508294A
:1068800000DA10BD0379447943EA0422014BDA802F
:1068900000BFF6E764A000200146092918D2DFE80E
:1068A00001F00507090B0D0F1113150000207047AB
:1068B0000120FCE70220FAE70320F8E70420F6E7CE
:1068C0000520F4E70620F2E70720F0E70820EEE7CE
:1068D0000A20ECE70146072911D2DFE801F0041095
:1068E00006080A0C0E00002070470120FCE7022079
:1068F000FAE70320F8E70420F6E70520F4E7002094
:10690000F2E72DE9F04104460D4616463246294687
:106910002046F7F713FD0746FFF7BEFFBDE8F081FD
:1069200010B5F7F729FD10BD70B504460D46294690
:106930002046F7F745FD0646FFF7AEFF70BD10B5E0
:10694000F7F780FD0446FFF7A7FF10BD1FB504460B
:106950006846F7F77DFD44B10098206001986060BB
:106960000298A0609DF80C0020731FBD10B5F7F7CA
:106970008DFD0446FFF7AEFF10BD70B504460D4611
:106980000020F7F789FD002070BD10B5F7F7C4FDB2
:1069900010BD70B504460D4629462046F7F7C2FDE6
:1069A0000646FFF779FF70BD2DE9F04104460D461C
:1069B0001646324629462046F7F7A2FE0746FFF75D
:1069C0006BFFBDE8F08110B5F7F75EFF0446FFF7F7
:1069D00063FF10BD70B505460C460CB9002070BDB4
:1069E000B5F5704F06D06FF47040284438B10128D7
:1069F0000FD109E0F7F71CFD20600120EFE7F7F762
:106A000005FD20600120EAE7F7F709FD206001207D
:106A1000E5E70020E3E710B5F8F706F810BD10B57C
:106A2000F8F710F810BD000070B505462E4600249A
:106A3000FE48864200D105E0FD48864201D101248E
:106A400000E070BD287D01287ED1687D297D8842C7
:106A50002ED0012104EB840000EBC412F3484C3823
:106A600000EB820080F8981104EB840000EBC41264
:106A7000EE484C3800EB820080F89911E0B203F048
:106A800093F9002104EB840000EBC412E7484C3872
:106A900000EB8200C17004EB840101EBC412E349F6
:106AA0004C3901EB820101F5AA70F9F7F7FFFFE11C
:106AB000002101EB4401C8B2002103F0DFF90121FC
:106AC00004EB840000EBC412D8484C3800EB820081
:106AD00080F89911052101EB4401C8B200F088FC4F
:106AE00004EB840000EBC411D0484C3800EB81006B
:106AF000807848B9012104EB840000EBC412CB4834
:106B00004C3800EB8200817004EB840000EBC41170
:106B1000C6484C3800EB81008078F8B104EB840063
:106B200000EBC411C1484C3800EB8100C078B0B90B
:106B3000012104EB840000EBC412BC484C3800EB8C
:106B40008200C170002100E08BE004EB840000EBC8
:106B5000C412B6484C3800EB8200416012E004EBEE
:106B6000840000EBC411B1484C3800EB8100406850
:106B7000401C04EB840101EBC412AC494C3901EB1D
:106B80008201486004EB840000EBC411A7484C3834
:106B900000EB81004068032889D9032104EB8400BD
:106BA00000EBC412A1484C3800EB82004160042184
:106BB00001EB4401C8B200F035FC04EB840000EBAB
:106BC000C4119A484C3800EB810090ED5B0ADFED70
:106BD000990AB4EEE00AF1EE10FA11DD012104EB9E
:106BE000840000EBC41291484C3800EB820080F81E
:106BF000981101EB4401C8B2012103F03FF957E1BC
:106C000004EB840000EBC41188484C3800EB810091
:106C100090F8980180B1012101EB4401C8B203F062
:106C2000A1F9002104EB840000EBC4127F484C382A
:106C300000EB820080F8981104EB840202EBC4138D
:106C40007A4A4C3A02EB830292ED5B0ABCEEC00A30
:106C500010EE101A012202EB4402D0B203F048F900
:106C600026E1287D02287BD1687D297D884222D0BB
:106C7000012104EB840000EBC4126C484C3800EB9B
:106C8000820080F8981104EB840000EBC41267487E
:106C90004C3800EB820080F89911E0B203F084F8E0
:106CA000002104EB840000EBC41260484C3800EB78
:106CB0008200C170FCE0012101EB4401C8B2002157
:106CC00003F0DCF8012104EB840000EBC412574808
:106CD0004C3800EB820080F89911042101EB44014B
:106CE000C8B200F085FB04EB840000EBC4114F48F0
:106CF0004C3800EB8100807848B9012104EB840016
:106D000000EBC41249484C3800EB8200817004EB60
:106D1000840000EBC41145484C3800EB81008078BA
:106D200090B304EB840000EBC41140484C3800EBF6
:106D30008100C078A8B9012104EB840000EBC412E3
:106D40003A484C3800EB8200C170002104EB84000B
:106D500000EBC41235484C3800EB8200416013E070
:106D600087E004EB840000EBC41130484C3800EBA2
:106D700081004068401C04EB840101EBC4122B49E4
:106D80004C3901EB8201486004EB840000EBC41134
:106D900026484C3800EB81004068032832D9032193
:106DA00004EB840000EBC41220484C3800EB820056
:106DB0004160052101EB4401C8B200F033FB04EB54
:106DC000840000EBC41119484C3800EB810090EDB1
:106DD0005B0ADFED180AB4EEE00AF1EE10FA12DDFC
:106DE000012104EB840000EBC41210484C3800EB86
:106DF000820080F89811002101EB4401C8B2012102
:106E000003F03CF854E004EB840000EBC4110748A5
:106E10004C3800EB810090F89801B0B1002101EBF3
:106E20004401C8B203F09EF8002105E0CC83FF1FA7
:106E3000E085FF1F00301C4504EB840000EBC4120A
:106E40001D4800EB820080F8981104EB840202EBED
:106E5000C413194A02EB830292ED5B0ABCEEC00A2E
:106E600010EE101A002202EB4402D0B203F040F8F8
:106E70001EE0012104EB840000EBC4120E4800EB7D
:106E8000820080F8981104EB840000EBC4120A48D9
:106E900000EB820080F89911E0B202F085FF00213A
:106EA00004EB840000EBC412034800EB8200C170C5
:106EB000287D687500BFC4E58083FF1F2DE9F84376
:106EC00006460D4615488769284603F00BF9044627
:106ED000304603F007F98046434611A211A1002075
:106EE0000094FAF749F8304603F0FCF804460DE048
:106EF000204600F01FF940B1234609A215A1002049
:106F0000FAF73AF80320BDE8F8833C44284603F03A
:106F1000E9F8A042ECD20020F5E70000B8C100205B
:106F2000465700001B5B33326D5B25735D20457255
:106F30006173696E672072616E67653A20307825EB
:106F4000303858202D203078253038581B5B306D74
:106F50000D0A00001B5B33316D5B25735D204572AC
:106F6000617365206661696C203078253038581B64
:106F70005B306D0D0A00000010B504460120F9F7E2
:106F800009FA0120F6F708FC00BF4FF48070F6F70D
:106F90002BFC0128F9D140F23F10F6F7C3FB204645
:106FA000F6F770FD00BF4FF48070F6F71DFC012866
:106FB000F9D10020F6F7F0FB0120F9F733FA10BD04
:106FC00030B502460B460021032502F0080010B13F
:106FD00001210A2516E002F0100010B102210B2554
:106FE00010E002F0200010B103210C250AE002F0AD
:106FF000400010B104210D2504E002F4007008B136
:1070000003210C2521B902F4806008B101210A2571
:1070100021B902F4806008B9002030BD2C4602F48A
:107020008020002841D102F4002058B1012901D16B
:1070300007243AE0022901D1082436E0032934D19B
:10704000092432E002F4801000BB02F4001078B191
:10705000012901D10A2428E0022901D10B2424E0CE
:10706000032901D10C2420E004291ED10D241CE0A9
:1070700002F4800058B1012901D10E2415E0022943
:1070800001D10F2411E003290FD110240DE002F4E7
:10709000000050B1012901D1112406E0022901D1DB
:1070A000122402E0032900D113241C700020587020
:1070B00058600120187200BFAFE72DE9F041C0B061
:1070C00007460C464FF0FF381AE0B4F5807F02D92E
:1070D0004FF4807000E0204605462A46694638464F
:1070E000F6F74AFC002606E01DF806104046FFF7BA
:1070F0002DFB8046761CAE42F6D32F44641B00BFA6
:10710000002CE2D16FEA080040B0BDE8F08110B574
:107110000446E06901682046884740F23F10F6F7D0
:1071200001FB2068F6F7AEFCE0694168204688471D
:10713000002010BD70B504460120F9F72BF901209D
:10714000F6F72AFB00BF4FF48070F6F74DFB0128DD
:10715000F9D140F23F10F6F7E5FA2046F6F792FC37
:10716000054600BF4FF48070F6F73EFB0128F9D1C9
:107170000020F6F711FB0120F9F754F9284670BDFD
:10718000F8B504460E46256800270FE0A0690423E1
:107190006A462946D0F808C02046E047A068009912
:1071A000884200D007E02F46354400BFD4E90001F3
:1071B0000844A842EAD800BF3846F8BD0146C8686E
:1071C00070470146086970472DE9F84304460D46AB
:1071D000E0692946C26820469047E060E068A8B9A7
:1071E000E069816820468847A06800902168A0690E
:1071F00004236A46D0F804C02046E0472068E060D7
:107200002068284420610020BDE8F8836068B0FB56
:10721000F5F62168E068401AB0FBF5F0471CB7426C
:1072200021D3A846404601F00FFC8146E168A069E1
:107230002B464A46D0F808C02046E047E0698168FE
:10724000204688472168A0692B464A46D0F804C0EA
:107250002046E0472068E0602068284420614846D6
:1072600000F084F802E0E068284420610020CBE7C9
:1072700010B504460020F6F78FFA0120F9F7D2F88E
:1072800000BF606980F3108800BF00BF10BD2DE90A
:10729000F04107460C4615461E4632462946204612
:1072A000F6F76AFBBDE8F08110B5044600BF00BFE9
:1072B000EFF31080606172B600BF0120F9F76AF841
:1072C00000BF4FF48070F6F78FFA0128F9D1F6F776
:1072D00063FA10BD2DE9F04705460E46174698465D
:1072E000E869016828468847002406E057F80490BA
:1072F00030194946F6F7AAFA241D4445F6D3E86941
:10730000416828468847BDE8F08770B504460D46B9
:107310000120F9F73FF80120F6F73EFA00BF4FF4DD
:107320008070F6F761FA0128F9D129462046F6F770
:107330008DFA064600BF4FF48070F6F755FA012823
:10734000F9D10020F6F728FA0120F9F76BF830465A
:1073500070BD70B504460D46E0B2F6F7A1F808B965
:10736000204670BD4FF0FF30FBE7000010B500284D
:1073700021D0114B0022001F196803E0814203D87D
:107380000A4649680029F9D152B11368841A9C420F
:1073900004D1006818441060104602E0506000E01C
:1073A000186039B102680B1A934203D10B681A4472
:1073B00002604968416010BD3483FF1F10B5044668
:1073C0000A4890F8350018B9084890F8360030B1EE
:1073D0004FF40011D4F8B801F6F76CFE05E04FF455
:1073E0000001D4F8B801F6F765FE10BD3C83FF1F1D
:1073F00070B50546082D00DB70BD094800EB45144B
:10740000207801280AD1A07A20B921892079F7F7BC
:10741000E3FD03E021892079F7F7CAFC00BFEBE721
:107420005C81FF1F70B50546082D00DB70BD094863
:1074300000EB4514207801280AD1A07A20B92189CF
:107440002079F7F7B5FC03E021892079F7F7C4FD2F
:1074500000BFEBE75C81FF1F01460848814208D06E
:107460000748814205D00748814202D00648814240
:1074700001D1012070470020FCE70000F103DA1879
:1074800003F1DA18F0FFDB181881FF1810B5034676
:107490000C460F48007E012800D010BD73B90C487F
:1074A00080F82C4080F82D200020094981F829001F
:1074B0000220087601200749087006E0012B00D160
:1074C00003E0022B01D100F0E3FD00BFE5E700007F
:1074D000E8010120F582FF1F1CB504463821104841
:1074E000F2F754FF4FF400510E48F2F74FFF0D48EA
:1074F0000B49C8604FF6FF704886084680F8344054
:1075000000F0A2FD00200521074B08A2CDE90010E4
:1075100007A1F9F731FD0120134908701CBD0000D7
:10752000E8010120E8E1002003F1DA184F5441009E
:107530001B5B33366D5B25735D20494E49543A2001
:10754000726573706F6E73655F69643D3078253066
:1075500038582073746D696E3D25642062733D2533
:10756000641B5B306D0D0A00F482FF1F0246002190
:1075700008E0064850F82100904201D101207047F0
:10758000481CC1B20429F4DB0020F8E734EB020008
:1075900010B52248007800B910BD214800780128B4
:1075A0000FD11F48C08A00280BDD1D48C08A401E2D
:1075B0001B49C8820846C08A18B90420087000F028
:1075C00043FD1748C08D00280EDD1548C08D401EB4
:1075D0001349C8850846C08D30B90846007E022888
:1075E00002D101200F4908700D48007E98B10C4867
:1075F000007E03280FD00A48408D00280BDD084884
:10760000408D401E064948850846408D18B9042023
:10761000087600F03DFD00BFBEE70000F482FF1FCA
:10762000E8010120F582FF1F30B50446087800F01C
:10763000F0023848844208D10878012803D14878FC
:1076400008B935A030BD37A0FCE7302A01D136A0FB
:10765000F8E7202A01D136A0F4E7102A01D1887872
:1076600000E048780546102A0AD1312D02D0362D87
:1076700004D101E030A0E5E735A0E3E739A0E1E778
:10768000002A44D1312D36D00CDC222D24D004DC4C
:10769000102D10D0112D38D11CE0272D1ED02E2DED
:1076A00033D126E0342D28D0362D28D0372D28D0C0
:1076B0003E2D2AD127E08B78012B01D12BA0C1E7E9
:1076C000022B01D12EA0BDE7032B01D131A0B9E7D8
:1076D00034A0B7E738A0B5E73BA0B3E78B78012B20
:1076E00001D13DA0AEE7022B01D13EA0AAE740A008
:1076F000A8E744A0A6E747A0A4E74BA0A2E74FA0B5
:10770000A0E753A09EE757A09CE706A09AE705A034
:1077100098E700001881FF183C2D2D20456E61620E
:107720006C650000000000003C2D2D204643000049
:107730003C2D2D20434600003C2D2D204646205256
:107740006F7574696E65436F6E74726F6C000000C4
:107750003C2D2D204646205472616E73666572443E
:10776000617461003C2D2D20464600003C2D2D20EB
:1077700053657373696F6E3A44454641554C5400E6
:107780003C2D2D2053657373696F6E3A50524F47ED
:10779000000000003C2D2D2053657373696F6E3A15
:1077A000455854003C2D2D2053657373696F6E430B
:1077B0006F6E74726F6C00003C2D2D204543555246
:1077C00065736574000000003C2D2D2052656164D6
:1077D00042794964000000003C2D2D205265715310
:1077E000656564003C2D2D2053656E644B65790002
:1077F0003C2D2D205365637572697479416363650F
:10780000737300003C2D2D205772697465427949CD
:10781000640000003C2D2D20526F7574696E654325
:107820006F6E74726F6C00003C2D2D205265717567
:10783000657374446F776E6C6F6164003C2D2D200E
:107840005472616E73666572446174610000000079
:107850003C2D2D205472616E736665724578697493
:10786000000000003C2D2D20546573746572507229
:107870006573656E740000002DE9F04F8DB006460B
:107880000C462C480068401C2A490860FAF78AFA1E
:107890004FF0000807464FF47A72002338464146FD
:1078A000F2F72AFD81464FF47A72002338464146AA
:1078B000F2F722FD92462048864201D11FA50FE033
:1078C0002048864201D120A50AE02148864201D104
:1078D0001AA505E01F48864201D118A500E01EA5A3
:1078E0006878522804D121463046FFF79DFE00E01B
:1078F00013A08346E079A1796279CDE90B0BCDE93C
:1079000009212179E078A2786378CDE90532CDE9C3
:1079100007012078CDE9009ACDE902560490054888
:107920000FA2104903680020F9F726FB0DB0BDE84F
:10793000F08F00000C83FF1FF103DA185B52585DD3
:107940000000000003F1DA185B54585D00000000ED
:107950001881FF18F0FFDB185B2D2D5D0000000083
:107960004F54410078F102002DE9F04F9FB082465C
:107970000D461646287800F0F007287800F00F082A
:1079800040210AA8F2F702FD00240AE02A5D52A174
:1079900008A8FCF7C5FA08A90AA8F2F702FD601CBE
:1079A000C4B2B44201DA082CF0DB37B1102F09D091
:1079B000202F0CD0302F14D10EE049A11AA8FCF7CB
:1079C000AFFA13E048A11AA8FCF7AAFA0EE048A102
:1079D0001AA8FCF7A5FA09E048A11AA8FCF7A0FA32
:1079E00004E049A11AA8FCF79BFA00BF00BFBFB989
:1079F000012E6DDD20216846F2F7C8FC01240AE063
:107A00002A5D35A108A8FCF78BFA08A96846F2F7A9
:107A1000C8FC601CC4B2B44201DA082CF0DB57E0A9
:107A2000102F26D1687840EA082BBBF1060F01DD44
:107A3000062000E0584600F0FF09B9F1000F17DDFD
:107A400020216846F2F7A2FC02240AE02A5D22A166
:107A500008A8FCF765FA08A96846F2F7A2FC601CC2
:107A6000C4B209F10200A04201DD082CEEDB00BF28
:107A70002EE0202F17D1012E2ADD20216846F2F7B3
:107A800085FC01240AE02A5D13A108A8FCF748FA46
:107A900008A96846F2F785FC601CC4B2B44201DA5A
:107AA000082CF0DB14E0302F12D141466A78AB7815
:107AB00021B1012904D0022906D103E014A005E078
:107AC00014A003E015A001E00FA000BF00BF00BF9D
:107AD0001FB0BDE8F08F00002530325820000000B4
:107AE00053494E474C45000046495253540000004C
:107AF000434F4E534543555449564500464C4F5706
:107B00005F4354524C000000554E4B4E4F574E00B1
:107B10004354530057414954000000004F5645520A
:107B2000464C4F57000000002DE9F04F9FB08246B1
:107B30000D461646287800F0F007287800F00F0868
:107B400040210AA8F2F722FC00240AE02A5D54A191
:107B500008A8FCF7E5F908A90AA8F2F722FC601CBE
:107B6000C4B2B44201DA082CF0DB37B1102F09D0CF
:107B7000202F0CD0302F14D10EE04BA11AA8FCF707
:107B8000CFF913E04AA11AA8FCF7CAF90EE04AA1FE
:107B90001AA8FCF7C5F909E04AA11AA8FCF7C0F930
:107BA00004E04BA11AA8FCF7BBF900BF00BF3246A6
:107BB00029465046FFF760FEBFB9012E6DDD20213A
:107BC0006846F2F7E3FB01240AE02A5D34A108A825
:107BD000FCF7A6F908A96846F2F7E3FB601CC4B2FB
:107BE000B44201DA082CF0DB57E0102F26D1687878
:107BF00040EA082BBBF1060F01DD062000E05846E5
:107C000000F0FF09B9F1000F17DD20216846F2F7F7
:107C1000BDFB02240AE02A5D21A108A8FCF780F937
:107C200008A96846F2F7BDFB601CC4B209F1020066
:107C3000A04201DD082CEEDB00BF2EE0202F17D183
:107C4000012E2ADD20216846F2F7A0FB01240AE07C
:107C50002A5D13A108A8FCF763F908A96846F2F7A2
:107C6000A0FB601CC4B2B44201DA082CF0DB14E0C3
:107C7000302F12D141466A78AB7821B1012904D066
:107C8000022906D103E014A005E014A003E015A02A
:107C900001E00FA000BF00BF00BF1FB0BDE8F08F24
:107CA000253032582000000053494E474C45000013
:107CB0004649525354000000434F4E5345435554D8
:107CC00049564500464C4F575F4354524C00000004
:107CD000554E4B4E4F574E00435453005741495455
:107CE000000000004F564552464C4F570000000020
:107CF0002DE9FF4F83B0884614461D46DDE910A7E5
:107D00009E48007808B1012D04DA4FF0FF3007B02B
:107D1000BDE8F08F4046FFF729FC28B12A462146EE
:107D2000404600F049F902E04FF0FF30EFE7944899
:107D3000804518D1082D16DB2078242813D16078CF
:107D4000D22810D1A07804280DD1E07858B9207934
:107D5000B52808D16079D22805D1A079042802D1AC
:107D6000E07900B900BF2A4621464046FFF7FCFDF6
:107D7000207800F0F009207800F00F06B9F1300FFC
:107D80000BD1B34660780290A07801905846DDE9A7
:107D90000121FFF77BFB0120B9E77A480078002832
:107DA0007DD1B9F1000F15D1B346681E584501DAEF
:107DB00000F0FF0BBBF1000F0ADDBAF1000F07D096
:107DC00037B15A46611C5046F2F7C7FAA7F800B01F
:107DD00000209CE7B9F1100F62D1607840EA0620DC
:107DE000684908820846008AB0F5005F0CDD002073
:107DF0000346022264490090039800F005FA00F05F
:107E000023F94FF0FF3082E701205E4908700846F1
:107E1000C0F80480002048820120087500204875C1
:107E20000846408EC8820846008A062801DD0620E2
:107E300001E05448008A00F0FF0B52495A46C868D6
:107E4000A11CF2F78AFA4F48A0F812B0408A4D49B7
:107E5000098A884213DB03204A490870BAF1000FEF
:107E600009D047B10846028AC1685046F2F775FA50
:107E70004448008A388000F0E7F8002047E7424B8A
:107E800042A243A10020F9F777F8052000231A4603
:107E90003D490090039800F0B7F9012037E702E070
:107EA0004FF0FF3033E737480078012862D135487A
:107EB0004068404504D000F0C7F84FF0FF3026E797
:107EC000B9F1200F04D000F0BFF84FF0FF301EE7EB
:107ED00002962C48007D029EB04204D000F0B4F817
:107EE0004FF0FF3013E7681E00F0FF0B2548008AB3
:107EF0002449498A401A80B201900198834502DDE5
:107F0000019800F0FF0B1F49C9681E4A528A881861
:107F10005A46611CF2F721FA1A48408A5844194916
:107F200048820846007D401C00F00F000875084696
:107F3000407D401C48750846408EC8820846408AED
:107F4000098A884214DB03200E490870BAF1000F39
:107F50000AD04FB10846028AC1685046F2F7FDF9CF
:107F60000848008A388000BF00F06EF80020CEE696
:107F70000120CCE64FF0FF30C9E60000F482FF1F7D
:107F8000F103DA18E801012003F1DA184F54410037
:107F90001B5B33366D5B25735D2046463A20726568
:107FA00073706F6E73655F69643D30782530385843
:107FB0001B5B306D0D0A00002DE9F04105460F46B0
:107FC00016461B481B49098800EB01142560082E42
:107FD00001DD082000E030462073227B3946201D59
:107FE000F2F7BBF914480560082E01DD082000E017
:107FF0003046124908700846027839461048F2F7B0
:10800000ACF910480068401C0E4908600948008817
:10801000401C0849088008460088402801DB0020F1
:108020000880324639462846FFF726FCBDE8F08135
:1080300020020120F682FF1FFC82FF1F0883FF1F22
:108040000083FF1FF882FF1F00200F49087048605F
:10805000088248820120087500204875C882087689
:10806000C86108628884C884012081F82800002043
:1080700081F82900488581F82C0081F82D00C885F9
:108080000249087070470000E8010120F582FF1FD7
:1080900000200749087648850862C884012081F8D5
:1080A0002800002081F82900C8850249087070471F
:1080B000E8010120F582FF1F2DE9F04188B0074655
:1080C0000E46182102A8F2F761F92A48808C294946
:1080D000C98C401A1FFA80F8B8F1070F01DD07209C
:1080E00000E04046C5B2002404E0AA200DF80400D8
:1080F000601CC4B2082CF8DB1E4890F8280000F081
:108100000F0040F020008DF80000002409E019481D
:10811000006A1849C98C2144415C601C0DF80010AC
:10812000C4B2AC42F3DB082269463046FFF7FCFCE0
:1081300008236A46314602A8FDF7F8FE012202A98B
:108140003846FDF716FF0B48C08C28440949C884FF
:10815000084690F82800401C00F00F0081F8280025
:10816000084690F82900401C81F82900002008B03A
:10817000BDE8F081E80101202DE9F04389B0814696
:108180000E4617461D46182103A8F2F7FFF8B5F56D
:10819000805F04DB4FF0FF3009B0BDE8F0830024BE
:1081A00004E0AA2001A90855601CC4B2082CF8DB21
:1081B000C5F3032040F010008DF80400E8B28DF8FC
:1081C0000500062D01DD062000E0284600F0FF082E
:1081D000002405E0395DA01C01AA1154601CC4B242
:1081E0004445F7DB082201A93046FFF79DFC082330
:1081F00001AA314603A8FDF799FE012203A94846CA
:10820000FDF7B7FE0020C7E72DE9F0438BB08146AC
:108210000C4617461D46DDF84880182105A8F2F7E0
:10822000B5F847F030008DF80C008DF80D508DF842
:108230000E80032604E0AA2003A98855701CC6B24C
:10824000082EF8DB23460DA20DA10020CDE9005831
:10825000F8F792FE082203A92046FFF765FC0823E1
:1082600003AA214605A8FDF761FE012205A948469B
:10827000FDF77FFE0BB0BDE8F08300004F544100D6
:108280001B5B33366D5B25735D2046433A20647378
:10829000745F69643D3078253038582062733D251D
:1082A000642073746D696E3D25641B5B306D0D0A2F
:1082B000000000002DE9F04180460F4615461C469F
:1082C0002448007818B94FF0FF30BDE8F08122480B
:1082D000007E08B10120F8E705B114B94FF0FF3076
:1082E000F3E7002001E0411C88B2A04201DA102827
:1082F000F9DB102C00DD00BF072C06DCE3B22A46B8
:108300003946404600F02AF8DFE7134805628484C6
:10831000C7610120104908760846408E48852346EB
:108320002A4639464046FFF727FF06461EB1FFF7AB
:10833000AFFE3046C9E7062C01DD062000E02046EE
:108340000549C884012081F82800002081F829000F
:108350000120BAE7F482FF1FE80101202DE9F04176
:1083600088B080460E4617461D46182102A8F2F72F
:108370000DF8072D04DD4FF0FF3008B0BDE8F081A7
:10838000002404E0AA200DF80400601CC4B2082CEC
:10839000F8DB8DF80050002404E0395D601C0DF816
:1083A0000010C4B2AC42F8DB082269463046FFF741
:1083B000BBFB08236A46314602A8FDF7B7FD012240
:1083C00002A94046FDF7D5FD0020D6E710B52B48A1
:1083D000007800B910BD2A48007800284CD0294800
:1083E000007E022848D10020254908702548C08C0D
:1083F0002449898C884205DB032022490876FFF74F
:1084000047FEE7E71F4AD16992F83400FFF754FEB0
:10841000044614B1FFF73CFEDCE71A48C08C19494A
:10842000898C884205DB032016490876FFF730FE69
:10843000D0E7144890F82C0000280EDD114890F881
:108440002900104991F82C10884206DB01200D49C3
:108450000876002081F82900BCE70A4890F82D0032
:10846000002805DD074890F82D000649C88502E080
:1084700001200349087000BF00BFABE7F482FF1F73
:10848000F582FF1FE80101207047000010B5544835
:10849000047CA01E0C2879D2DFE800F0060D143C05
:1084A000434A5259608990974E49D1F83C020821BD
:1084B000F5F700FE92E04B49D1F83C022021F5F798
:1084C000F9FD8BE046484069032807D14549D1F8BA
:1084D0003C024FF48021F5F7EDFD1AE04048406979
:1084E000072807D13F49D1F83C024FF48061F5F7E6
:1084F000E1FD0EE03A484069052803D0384840695C
:10850000062806D13749D1F83C024FF48071F5F7BF
:10851000D1FD63E03349D1F83C024021F5F7CAFDB3
:108520005CE03049D1F83C028021F5F7C3FD55E00D
:108530002C49D1F83C024FF40071F5F7BBFD4DE03A
:108540002849D1F850040821F5F7B4FD46E0254943
:10855000D1F850042021F5F7ADFD3FE020484069F7
:10856000092807D11F49D1F850044FF48021F5F7AD
:10857000A1FD1BE01A4840690D2808D11949D1F81E
:1085800050044FF48061F5F795FD0FE025E01448A5
:1085900040690B2803D0124840690C2806D11149C4
:1085A000D1F850044FF48071F5F784FD16E00D49C1
:1085B000D1F850044021F5F77DFD0FE00949D1F8CD
:1085C00050048021F5F776FD08E00649D1F8500403
:1085D0004FF40071F5F76EFD00E000BF00BF10BD65
:1085E000CC8AFF1F3C83FF1F10B524480068F9F7B1
:1085F000C9F823480068F9F7C5F822480068F9F778
:10860000C1F821480068F9F7BDF820480021018031
:1086100081701F48047C012C2CD14069022806D1AE
:108620001C49D1F83C021021F5F744FD21E018481F
:108630004069082806D11749D1F850041021F5F7F0
:1086400039FD16E012484069072807D11149D1F8D1
:108650003C024FF40061F5F72DFD0AE00C4840693B
:108660000D2806D10B49D1F850044FF40061F5F7FD
:1086700021FD00E000BF00BF10BD00005080FF1FC3
:108680005480FF1F5880FF1F5C80FF1F4C80FF1F1E
:10869000CC8AFF1F3C83FF1F704770477047000064
:1086A00010B54FF400310248F9F7A2F810BD0000F0
:1086B000CC8AFF1F70B504460CB1E06800B970BDEC
:1086C000E068006894F8251000EB8105A978204641
:1086D00000F0D6F8F9F766FBA06200BFEFE770B5CF
:1086E00004460CB1E06808B9002070BDE06A401C87
:1086F000E062E168C988206B0844206304F110053A
:10870000287820B101280AD002282AD118E00020B8
:1087100084F825002046FFF7CDFF0120E5E7E06A59
:108720006968884204D3204600F09AF80020DCE70C
:10873000002084F825002046FFF7BCFF0120D4E785
:10874000206B6968884204D3204600F089F8002035
:10875000CBE7002084F825002046FFF7ABFF01207F
:10876000C3E7204600F07CF80020BEE710B586B0D5
:10877000044601A8F6F7BCFC0220ADF80600607ABA
:1087800008B9012000E00020ADF80E002188A07992
:1087900001AAF6F7C5F96188E07901AAF6F7C0F9F0
:1087A000A188207A01AAF6F7BBF906B010BD10B572
:1087B00004461CB194F82400012801D0002010BD0B
:1087C000D4E90712A069C4E90412E0600020A061A6
:1087D000E0612062022084F82400204600F01CF8AA
:1087E0000120ECE710B504460CB1E06808B90020A0
:1087F00010BD0C34607E401C6076607E54F80C190D
:108800000979884203DB2046FFF769FFF0E720463D
:10881000FFF750FF0120EBE710B5044604B910BD87
:108820000120183460772077002060736061A061B8
:10883000A0770320207354F80C0C183C38B1E06882
:108840000079002803DD2046FFF734FF06E0002111
:10885000204600F015F8002084F8350000BFDEE760
:1088600010B5044604B910BD00202434607420748F
:1088700004F824090021204600F002F800BFF2E7C6
:108880002DE9F04104460D460CB1072D01DBBDE892
:10889000F0811A484619677A337803F001030BB167
:1088A0003B4603E00FB9012300E000231A4621886C
:1088B000A07900F075F83378C3F340030BB13B4661
:1088C00003E00FB9012300E000231A466188E07934
:1088D00000F066F83378C3F380030BB13B4603E046
:1088E0000FB9012300E000231A46A188207A00F086
:1088F00057F884F8375000BFC9E7000094D9020048
:1089000070B586B005460C4623480078854200DAEB
:108910000CB906B070BD04F0020030B12846F7F77C
:10892000DDFCFF201D494855F3E704F0040030B199
:108930002846F7F7D3FCFF2018494855E9E704F02B
:10894000010018B12846F7F7ABFCE2E71348405D99
:10895000B0EB147F1DD3200F1049485524F070440C
:1089600003A92046F7F712FC90B19DF80C00F7F729
:1089700049FC06465EB100969DF80D008DF8040096
:108980000499029169462846F7F7C8FB00BF00BF6B
:1089900000BF00BFBDE700009BD902007480FF1F2D
:1089A00070B505460E46144624B131462846F6F702
:1089B00013FB03E031462846F6F7FAF970BD0000D4
:1089C000C720F7F7E7FCF2F7E3FB01F0CFFDF7F77D
:1089D0006DFD00BF10A212A10020F8F7CDFA00BF74
:1089E0004FF47A70F9F7F4F9F9F74EFE62B6FAF738
:1089F000C1FFC720F7F716FD0CE01248007808B950
:108A0000F8F746FCF9F7CEF90446F9F729FAFBF72F
:108A100001F800BFF1E700004D41494E00000000A1
:108A20001B5B33366D5B25735D204D41494E282914
:108A3000207374617274696E672E2E2E1B5B306D0D
:108A40000D0A00002583FF1FF0B50B30154D20F0F7
:108A500007010024144A0FE003688B420BD38B42BA
:108A600005D95E1A43184768C3E9006700E0436808
:108A7000136002C004E0021D10680028ECD12046FB
:108A8000002802D1286808B10020F0BD064A074836
:108A90001060074A121A22F00702C0E900240120E0
:108AA0002860D7E73883FF1F3483FF1F5426012037
:108AB000506601202DE9FC470446FCF72BFE01908F
:108AC0009DF804A000200090002604EB840000EB39
:108AD000C411C34800EB810090F8FE0108B1BDE865
:108AE000FC87BF48443890F83C00002871D0BC494E
:108AF000443991F83C0001F03FFB0646B84944393F
:108B000091F83C006A463146FBF716F80546002D01
:108B10005DD1B448BDF8001000EB8107B81C005DC2
:108B200000F00308B8F1000F06D0B8F1020F04D02E
:108B3000B8F1030F49D11CE048E0A949443991F844
:108B40003C00314604F07CFC01212046FCF70EFE7F
:108B500004EB840000EBC411A14800EB8100D0EDD0
:108B60000A0AB0EE600A2046FCF718FE04F0C6FBC5
:108B70002CE004EB840000EBC411994800EB810069
:108B800090ED0A0ADFED980AB4EEE00AF1EE10FA71
:108B90001ADD9349443991F83C00314604F050FC09
:108BA00001212046FCF7E2FD04EB840000EBC41138
:108BB0008B4800EB8100D0ED0A0AB0EE600A204637
:108BC000FCF7ECFD04F09AFB00E000BF00BFC8E03A
:108BD000FFE79DF8050000F00F078149443991F83F
:108BE0003D0001F0C9FA0646B7426AD07C494439D3
:108BF00091F83D006A463146FAF79EFF0546002D82
:108C00005ED17848BDF8001000EB810808F1020041
:108C1000005D00F00309B9F1000F06D0B9F1020FB1
:108C200004D0B9F1030F49D11CE048E06C49443944
:108C300091F83D00314604F003FC01212046FCF789
:108C400095FD04EB840000EBC411654800EB810046
:108C5000D0ED0A0AB0EE600A2046FCF79FFD04F052
:108C60004DFB2CE004EB840000EBC4115C4800EBEE
:108C7000810090ED0A0ADFED5C0AB4EEE00AF1EE45
:108C800010FA1ADD5649443991F83D00314604F096
:108C9000D7FB01212046FCF769FD04EB840000EBC3
:108CA000C4114F4800EB8100D0ED0A0AB0EE600A13
:108CB0002046FCF773FD04F021FB00E000BF00BF7D
:108CC0004EE004EB840000EBC411454800EB81004A
:108CD00090F82D00012814D101212046FCF746FD13
:108CE00004EB840000EBC4113D4800EB8100D0EDA3
:108CF0000A0AB0EE600A2046FCF750FD04F0FEFAC6
:108D00002EE004EB840000EBC411354800EB810039
:108D100090F82D00022823D104EB840000EBC4114D
:108D20002F4800EB810090ED0A0ADFED2F0AB4EE28
:108D3000E00AF1EE10FA13DD01212046FCF716FDE2
:108D400004EB840000EBC411254800EB8100D0ED5A
:108D50000A0AB0EE600A2046FCF720FD04F0CEFAC5
:108D600000BF04EB840000EBC4111D4800EB810040
:108D700090F82D00A0B904EB840101EBC41218494E
:108D800001EB8201D1F8B8010221F5F793F9042132
:108D90002046FFF7B5FD00212046FCF7DBFA1DE079
:108DA00004EB840101EBC4120D4901EB8201D1F8FF
:108DB000B8010121F5F77EF904212046FFF7A0FD57
:108DC00001212046FCF7C6FA012104EB840000EBE8
:108DD000C412034800EB8200C0F8B01100BF7EE669
:108DE0008083FF1FE4E8020000001C42704700007F
:108DF000194890F8411002292DDA01EB810202EBAB
:108E0000C11300F1440202EB830202F14C00C26A7A
:108E1000062A1DD2DFE802F003070B101418002207
:108E20000275427015E001220275427011E00222C3
:108E30000275012242700CE000220275427008E0C7
:108E400000220275427004E000220275427000E0C8
:108E500000BF00BF00BF70473C83FF1F10B5F8F78D
:108E6000A1FF10BDF0B504460D461746002614B10B
:108E7000606900B115B94FF0FF30F0BD6169B1F81C
:108E80000404B84201DD384601E0B1F804040646A6
:108E9000002219E0B1F8020401EB800090ED000A15
:108EA00005EB820080ED000AB1F802C40CF101006C
:108EB0004FEAE07C00EB1C6C4FEA2C2CA0EB0C2C56
:108EC000A1F802C4501C82B2B242E3DBB1F8040440
:108ED000801BA1F8040403B11E800020CDE70246E8
:108EE0000AB1506910B94FF0FF3070475169B1F8BD
:108EF000000401EB800080ED000AB1F80034581C3A
:108F0000C31700EB13631B12A0EB0323A1F800347B
:108F1000B1F80404FF2804DCB1F80404401CA1F8F3
:108F200004040020E1E7000070B586B004460E4658
:108F300004B11EB94FF0FF3006B070BD2660356831
:108F400000206060A060E06020611A48844207D180
:108F50001948606119A000686060002121720CE06E
:108F60001848844207D11848606118A00068606002
:108F70000121217201E017486061606920B14FF45E
:108F800081616069F1F702FA01A8F6F7B1F84FF4D0
:108F90000040ADF81400E988287901AAF5F7C0FD72
:108FA0002A7A697A01232868F1F708FB01202076E4
:108FB0000020C1E774A00020ACA00020504F533126
:108FC0000000000090A00020B4A40020504F5332B5
:108FD00000000000BCA8002070B52DED028B0546F6
:108FE0009FED180AB0EE408A15B9BDEC028B70BD3A
:108FF00028680468217A2068F1F77EFB0646D4EDE4
:10900000060A00EE106AB8EE400A60EE800A217F80
:109010000120884000EE100AB8EEC00A80EE801AE7
:10902000D4ED040A94ED050A01EE200AB0EE408A60
:1090300085ED038AB0EE480A2846FFF750FF00BFCF
:10904000D3E70000000000007CB505460C4612483E
:10905000854204D101210846F5F72EF906E00F48B4
:10906000854203D101210220F5F726F96846F1F780
:1090700061FC208EADF80000608EADF80200A08E7D
:10908000ADF8040069462846F1F76AFB10B14FF0CD
:10909000FF307CBD0020FCE70000044000040440D9
:1090A00070B505460E46144604B970BD012148044A
:1090B000F5F730F821896068F1F7F0FC2288314635
:1090C0002846F1F795FC00BFEFE7F0B504460D46E2
:1090D0001646002714B1606900B115B94FF0FF3092
:1090E000F0BD6169B1F80808B04201DD304601E029
:1090F000B1F80808074600221EE0B1F8040801EBA9
:10910000800090ED000A05EB820080ED000AB1F8C6
:1091100004C80CF101004FEAE07C00EB1C6C4FEA44
:109120002C2CA0EB0C2CA1F804C8B1F80808401EA8
:10913000A1F80808501C82B2BA42DEDB03B11F80DE
:109140000020CDE702460AB1506910B94FF0FF3058
:1091500070475169B1F8000801EB800080ED000A0A
:10916000B1F80038581CC31700EB13631B12A0EBB7
:109170000323A1F80038B1F80808FF2804DCB1F88F
:109180000808401CA1F80808B1F8023801F5806011
:1091900000EB8300C0ED000AB1F80238581CC31779
:1091A00000EB13631B12A0EB0323A1F80238B1F804
:1091B0000A08FF2804DCB1F80A08401CA1F80A08D4
:1091C0000020C5E770B505460C4604B970BD607A4D
:1091D00030B9227A012300212846F1F7EFF905E0A2
:1091E000227A012319462846F1F7E8F900BFEDE796
:1091F00010B586B004460CB906B010BD01A8F5F74D
:1092000077FF4FF40040ADF81400E188207901AAFF
:10921000F5F786FC00BFEFE770B505460E4615B1C1
:109220000EB1306810B94FF0FF3070BD2E600020D5
:1092300068766860A860E86028614748854209D17F
:109240004648686146A00188A9808078A8710021FD
:1092500029721BE04348854209D14348686143A015
:109260000188A9808078A871012129720EE0404808
:10927000854209D13F4868613FA00188A980807874
:10928000A8710221297201E03C486861686920B137
:1092900040F60C016869F1F779F83468207A18B162
:1092A00004F10C00FFF7A4FF607A18B104F1180074
:1092B000FFF79EFFA07A18B104F12400FFF798FF92
:1092C00021466068FFF7C0FE10B16FF00100ACE707
:1092D000207A20B104F10C016068FFF773FF607A17
:1092E00020B104F118016068FFF76CFFA07A20B18B
:1092F00004F124016068FFF765FF94F8360028B197
:1093000004F1380200216068FFF7CAFE94F83700C4
:1093100028B104F1440201216068FFF7C1FE94F80E
:10932000500030B104F154024FF4E0716068FBF773
:1093300011FF94F8510030B104F15C0240F2C11108
:109340006068FBF707FF4E20005D08B100F046FFA4
:1093500001206876002068E7D8E2FF1F2CE3FF1F9A
:10936000564D0000F4E2FF1F38EBFF1F4D310000A7
:1093700010E3FF1F44F3FF1F4D320000C097002091
:1093800010B52DED048B044604EB840000EBC411F2
:10939000434800EB810090ED5B0ADFED420AB4EE3A
:1093A000E00AF1EE10FA78DD3F480088B0F5FA7F68
:1093B0006EDD3E4800EB840090ED000A04EB840073
:1093C00000EBC412364800EB8200D0ED290A30EEE3
:1093D000600A10EE101A0846F1F72CF841EC190B50
:1093E000B0EE490AF0EE690AFAF7C2FDB0EE408A23
:1093F000F0EE608A9FED2E0B53EC102B51EC180B06
:10940000F1F72CF82ED22C480088401C2A490880FD
:10941000084600880A282ADD0020088004EB840022
:1094200000EBC4111E4800EB810090F82C000228CC
:109430000DD104EB840101EBC412194901EB820147
:10944000D1F8F8014FF40051F4F734FE0FE0012198
:1094500004EB840000EBC412114800EB820080F89A
:10946000101204E014480088401E134908800020B0
:109470000D49088004EB840000EBC411084800EBA0
:10948000810090ED290A094800EB840080ED000A74
:1094900005480088401C04490880BDEC048B10BDC1
:1094A0008083FF1F00800945D080FF1FD480FF1FED
:1094B0009A9999999999B93FD280FF1F2DE9F04166
:1094C0002DED068B04469FEDFE0AB0EE409A9FED0F
:1094D000FC0AB0EE408A0CB1607E18B9BDEC068B78
:1094E000BDE8F08120680568287A00B3297D6868A6
:1094F000F1F702F908EE900A95ED1D0AF8EE680AF8
:1095000020EE201A95F878100120884000EE100A0D
:10951000B8EEC00AC1EE000A95ED191A95ED1A0AC7
:1095200000EE810AB0EE409A84ED039A00BF687A9B
:1095300000287CD02022515D6868F1F7DDF809EE43
:10954000900A95ED1D0AF8EE690A20EE201A95F8AA
:1095500078100120884000EE100AB8EEC00AC1EE73
:10956000000A95ED1B1A95ED1C0A00EE810AB0EE7B
:10957000408ABCEEC80A10EE100A2082207A012828
:1095800002D0207A02287DD1207A401E00EB800193
:1095900001EBC011CB4800EB810090F84D00002892
:1095A00071D0207A401E00EB800101EBC011C5484C
:1095B00000EB810090F8540100287DD0207A401EF5
:1095C000C7B20FB9C04800E0C0480646307D06EB80
:1095D000800080ED008A307D401C052190FBF1F277
:1095E00001FB12003075707D052802DA707D401C89
:1095F0007075DFEDB38A002009E006EB800191ED84
:10960000000A30EE280AF0EE408A411CC8B2717D93
:109610008142F2DC707D00EE100AB8EE400A88EE5E
:1096200080AA07EB870000EBC711A64800E00AE319
:1096300000EB810080ED57AA227A521E02EB8203D2
:1096400003EBC2139F4A02EB830292ED571AF0EE2E
:10965000410A227A521E02EB820303EBC213994A9B
:1096600002EB830292ED561AB0EE410A227A521EA4
:1096700002EB820303EBC213924A02EB830202F570
:10968000AA7101E0BAE2BAE2227A521E02EB820328
:1096900003EBC2138B4A02EB830202F5A070F7F7CB
:1096A00015F9207A401E00EB800101EBC0118548BE
:1096B00000EB8100816900E087E2207A401E00EB28
:1096C000800202EBC0127F4800EB8200C069814239
:1096D0002AD2207A401E00EB800101EBC0117948AC
:1096E00000EB81008069401C217A491E01EB810258
:1096F00002EBC112734901EB820188610021207ADB
:10970000401E00EB800202EBC0126E4800EB8200AC
:109710008160207A401E00EB800202EBC012694893
:1097200000EB82000161FAE0207A401E00EB80012C
:1097300001EBC011634800EB810090ED310A207A03
:10974000401E00EB800101EBC0115E4800EB810080
:10975000D0ED350AB4EEE00AF1EE10FA1CDC207A06
:10976000401E00EB800101EBC011564800EB810068
:1097700090ED310A207A401E00EB800101EBC01110
:10978000504800EB8100D0ED350AF1EE600AB4EEEE
:10979000E00AF1EE10FA7DD2207A401E00EB800143
:1097A00001EBC011474800EB810090ED570A207A89
:1097B000401E00EB800101EBC011424800EB81002C
:1097C000D0ED640AB4EEE00AF1EE10FA62DD207A20
:1097D000401E00EB800101EBC0113A4800EB810014
:1097E0008168207A401E00EB800202EBC0123548EF
:1097F00000EB8200C06881424AD30021207A401EDB
:1098000000EB800202EBC0122E4800EB820080F8D1
:109810006010207A401E00EB800202EBC012294843
:1098200000EB820080F84D10207A401E00EB800192
:1098300001EBC011234800EB810090F82C000228B6
:109840000FD1217A491E01EB810202EBC1121D49A1
:1098500001EB8201D1F8F8014FF40051F4F72AFC32
:109860000BE00121207A401E00EB800202EBC012C7
:10987000144800EB820080F810120021207A401E6C
:1098800000EB800202EBC0120E4800EB8200816008
:10989000207A00E01CE0401E00EB800101EBC011CB
:1098A000084800EB81008068401C217A491E01EBCA
:1098B000810202EBC112034901EB8201886027E0BB
:1098C000000000008083FF1F50FBFF1F68FBFF1F8D
:1098D000207A401E00EB800101EBC011DE4800EB56
:1098E00081008068A0B1207A401E00EB800101EB6E
:1098F000C011D94800EB81008068401E217A491EC2
:1099000001EB810202EBC112D34901EB82018860B5
:10991000217A491EC8B2FFF733FDFAF779FD207AA4
:10992000401E00EB800101EBC011CB4800EB810031
:1099300090ED280A207A401E00EB800101EBC01157
:10994000C54800EB8100D0ED290A30EE600AB0EE88
:10995000C00A207A401E00EB800101EBC011BE4816
:1099600000EB8100D0ED350AB4EEE00AF1EE10FA1A
:109970007ED2207A401E00EB800101EBC011B64878
:1099800000EB81000169207A401E00EB800202EBAF
:10999000C012B14800EB8200406981421BD3207A9B
:1099A000401E00EB800101EBC011AB4800EB8100D1
:1099B00090F82C0002280FD1217A491E01EB810278
:1099C00002EBC112A44901EB8201D1F8F8014FF476
:1099D0008041F4F76FFBC1E00021207A401E00EBCC
:1099E000800202EBC0129C4800EB820080F86010FD
:1099F000207A401E00EB800202EBC012964800EB7A
:109A0000820080F84D10217A491E01EB810202EBA1
:109A1000C112914901EB8201D1F884001021F4F7C1
:109A200049FB0021207A401E00EB800202EBC012AD
:109A3000894800EB820080F85411207A401E00EB28
:109A4000800202EBC012844800EB820080F8F8101C
:109A5000207A401E00EB800202EBC0127E4800EB31
:109A6000820080F89C10217A491E01EB810200E0FF
:109A70008AE002EBC112784901EB820101F5AA707C
:109A8000F7F70CF8207A401E00EB800101EBC011C3
:109A9000714800EB8100D0F8AC010A2819D0207A77
:109AA000401E00EB800101EBC0116B4800EB810010
:109AB000D0F8AC010B280CD0207A401E00EB8001BE
:109AC00001EBC011644800EB8100D0F8AC010C2818
:109AD0000FD1217A491E01EB810202EBC1125E49CE
:109AE00001EB8201D1F8B8014FF48051F4F7E2FAAA
:109AF00034E0207A401E00EB800101EBC011564893
:109B000000EB8100D0F8AC01022819D0207A401E69
:109B100000EB800101EBC0114F4800EB8100D0F851
:109B2000AC0103280CD0207A401E00EB800101EB31
:109B3000C011494800EB8100D0F8AC0104280DD1D8
:109B4000217A491E01EB810202EBC112424901EB6D
:109B50008201D1F8B8014021F4F7ACFA207A401E16
:109B600000EB800101EBC0113B4800EB8100006974
:109B7000401C217A491E01EB810202EBC1123649D9
:109B800001EB820108611FE0207A401E00EB80019A
:109B900001EBC011304800EB81000069A0B1207AD0
:109BA000401E00EB800101EBC0112B4800EB81004F
:109BB0000069401E217A491E01EB810202EBC112AD
:109BC000254901EB820108610BE00021207A401E4B
:109BD00000EB800202EBC0121F4800EB820080F80D
:109BE0006010217A491E01EB810202EBC1121A4971
:109BF00001EB820101F14C00FCF716FF22E000218D
:109C0000207A401E00EB800202EBC012124800EBEB
:109C1000820080F86010207A401E00EB800202EB88
:109C2000C0120D4800EB82008161217A491E01EBD0
:109C3000810202EBC112084901EB820101F14C00E3
:109C4000FCF7F2FE00BFF0EE480AB0EE490A2046EB
:109C5000FFF778FA00BF41E48083FF1F10B50023AF
:109C6000102208492020F6F7EFFC002310220649B5
:109C70002020F6F7E9FC0023102204492020F6F703
:109C8000E3FC10BD8C80FF1F9C80FF1FAC80FF1F7A
:109C900010B52DED028BAAB0044601ABA02202A99B
:109CA0002046FFF7DFF810B9BDF8040018B92AB054
:109CB000BDEC028B10BD9FED0F8A00200AE002A9C7
:109CC00001EB800191ED000A30EE080AB0EE408A07
:109CD000411CC8B2BDF804108842F0DBBDF8040096
:109CE00000EE100AB8EE400AC8EE000AC4ED030AFE
:109CF00000BFDCE70000000010B52DED028B8CB03A
:109D00009FED160AB0EE408A01AB142202A9144856
:109D1000FFF7DBF9BDF8040000281BDD00240AE092
:109D200002A800EB840090ED000A30EE080AB0EEC5
:109D3000408A601CC4B2BDF804008442F0DBBDF868
:109D4000040000EE100AB8EE400AC8EE000A04480B
:109D5000C0ED030A0CB0BDEC028B10BD000000008A
:109D6000D8E2FF1F70B504460D460120F6F712FB3E
:109D70000120F3F711FD00BF4FF48070F3F734FDBD
:109D80000128F9D129462046F3F760FD00BF4FF4C2
:109D90008070F3F729FD0128F9D10020F3F7FCFCCE
:109DA0000120F6F73FFB70BD70B50646002E2FD19F
:109DB000314C04F12005A07E18B90120A0760020C6
:109DC000E061E069401CE061A07A20B92189207936
:109DD000F5F702F903E021892079F4F7E9FFA87A81
:109DE00020B929892879F5F7F7F803E02989287936
:109DF000F4F7DEFFE069022809D90320E0610121C0
:109E0000084600F03BF80121002000F037F832E06E
:109E1000012E30D1184C403404F12005A07E18B931
:109E20000120A0760020E061E069401CE061A07A9A
:109E300020B921892079F5F7CFF803E0218920792D
:109E4000F4F7B6FFA87A20B929892879F5F7C4F87C
:109E500003E029892879F4F7ABFFE069022809D9E2
:109E60000320E0610121022000F008F80121032015
:109E700000F004F800BF70BDDC81FF1F70B505461F
:109E80000E46082D00DB70BD0A4800EB4514207813
:109E900068B936B94FF44072D4E90401F9F7B6FB5A
:109EA00005E04FF40072D4E90401F9F7AFFB00BFFD
:109EB000E9E700005C81FF1F70B500210C20F4F77A
:109EC000BBFF0220F3F712FB00211020F4F7B4FFD0
:109ED000002407E0054800EB4415284600F064F82C
:109EE000601CC4B2082CF5DB70BD00005C81FF1F54
:109EF00070B506460D46082E00DB70BD174800EB16
:109F000046142078012818D15DB9A07A20B921899A
:109F10002079F5F761F80FE021892079F4F748FFFF
:109F20000AE0A07A20B921892079F4F741FF03E003
:109F300021892079F5F750F8DFE740F6C310854214
:109F400000D905462A46D4E90401F9F7C1FB6A089D
:109F500000210348F9F7BCFB00BFCEE75C81FF1F7F
:109F60000050014070B50546082D00DB70BD0D485E
:109F700000EB45140020A076207828B90022D4E90F
:109F80000401F9F743FB0AE0A07A20B9218920797E
:109F9000F4F70EFF03E021892079F5F71DF800BFE3
:109FA000E4E700005C81FF1F10B5044604B910BD52
:109FB000201D00F012F8207818B9204600F050F863
:109FC00009E02078012806D1208B20B1228B21893D
:109FD0002079F4F789FF00BFE9E710B586B00446A1
:109FE0000CB906B010BD01A8F5F782F80220ADF853
:109FF00006002020ADF80A000020ADF81400A0797A
:10A0000018B10020ADF8040002E00120ADF8040012
:10A01000A188207801AAF4F783FD00BFE1E70000E2
:10A0200070B50546064800EB451414B94FF0FF30F3
:10A0300070BD0122D4E90401F9F78CFA0020F7E79A
:10A040005C81FF1F10B501210348F9F719FC034893
:10A05000F9F7CEFB002010BD006401400050014024
:10A0600010B586B004460CB906B010BD0121E068F9
:10A07000F4F7E0F8228B21892079F4F735FF0020EE
:10A080008DF80C0030208DF80D0000218DF80E1099
:10A0900002218DF80F1040F6C310059003A9206926
:10A0A000F9F7D6F80120ADF80400ADF80600ADF8D8
:10A0B00008000020ADF80A006A46D4E90401F9F767
:10A0C00099F94FF44072D4E90401F9F79FFA00BFFF
:10A0D000CAE738B50446042269462046F3F74CFC2B
:10A0E000009838BD014603488069401E21EA0000FF
:10A0F00070470000B8C100207CB505460E4600241C
:10A1000003E0285D0DF80400641C042CF9DBE72053
:10A110008DF8040038208DF8050031466846FCF7BC
:10A1200089FA7CBD10B5F6F7C1F910BD38B5044603
:10A1300007480078A04209D005480094037805A29A
:10A1400005A10020F6F718FF0148047038BD000093
:10A15000B8C10020465700001B5B33326D5B25738E
:10A160005D2053746174653A202564202D3E2025BE
:10A17000641B5B306D0D0A000146002031291FD0A1
:10A1800008DC10290DD011290CD023290BD024294B
:10A190001FD109E0A12908D0A22907D0A72918D1E9
:10A1A00005E000BF00BF00BF00BF00BF00BF0A4AFC
:10A1B00092F83E20012A01D1012000E0002009E0B0
:10A1C000054A92F83F20012A01D1012000E0002039
:10A1D00000E000BF00BF70473C83FF1F0EB50121A8
:10A1E0000420F4F727F800208DF8000030208DF8C7
:10A1F000010000218DF8021002218DF8031040F6B5
:10A20000C310029069460748F9F722F84FF4967296
:10A2100000210448F9F75CFA012211460148F8F7D9
:10A22000B5FF0EBD0050014010B50446084890F837
:10A23000380030B14FF40031D4F8B801F3F73AFFE9
:10A2400005E04FF48021D4F8B801F3F733FF10BDD7
:10A250003C83FF1F10B5044605488069242102682D
:10A2600003489047A06A01682046884710BD000057
:10A27000C082FF1F70B504460F488069C1680E4850
:10A28000884706460C488069242322463146856863
:10A290000948A8470949206888420BD02421204654
:10A2A000F0F774F8054820604FF47A70208120465A
:10A2B00000F044F8002070BDC082FF1FA55AA55AC7
:10A2C00070B504460D46242229462046F0F745F88D
:10A2D00070BD0246022901DB0020704701EB4103FB
:10A2E00002F10C0050F82300F7E708B50146486872
:10A2F000009008BD022902DB9FED050A704701EBC3
:10A30000410300F10C0202EB830292ED010AF5E732
:10A3100000000000022902DB9FED050A704701EBF7
:10A32000410300F10C0202EB830292ED020AF5E711
:10A33000000000000146088970470000F0B589B0B0
:10A34000054617488069C16815488847074614487C
:10A35000806924236A46394686681148B04724221A
:10A3600069462846F0F74AF810B9002009B0F0BD58
:10A370000C4828600A4880690169094888470446F2
:10A380000748806924232A46214646680448B04786
:10A390000348C46004F12400014908610020E5E796
:10A3A000C082FF1FA55AA55A70B504460D46164631
:10A3B000022D02DB4FF0FF3070BD05EB450104F1CB
:10A3C0000C0040F82160A06A416820468847F3E706
:10A3D00013B5044601986060A06A4168204688472A
:10A3E0001CBD000070B52DED048B82B004460D46F7
:10A3F000B0EE409A022D05DB4FF0FF3002B0BDEC0D
:10A40000048B70BDB5EEC09AF1EE10FA06D39FED45
:10A410002C0AB4EEC09AF1EE10FA02DD6FF00100E2
:10A42000ECE705EB450104F10C0000EB810080ED49
:10A43000029A606801900DF10600405D00F003068D
:10A4400005EB450104F10C0000EB810090ED028A60
:10A45000F0EE488A9EB1022E02D0032E0ED106E005
:10A46000B3EE060A38EE000AF0EE408A0AE0B3EED8
:10A47000060A38EE400AF0EE408A03E000BFF0EE34
:10A48000488A00BF00BFF5EEC08AF1EE10FA06D38D
:10A490009FED0B0AF4EEC08AF1EE10FA02DD6FF0C8
:10A4A0000100ABE705EB450104F10C0000EB810076
:10A4B000C0ED018AA06A4168204688479EE70000F7
:10A4C00000401C4670B504460D462581A06A4168CF
:10A4D0002046884770BD70477047000010B50024C3
:10A4E0001EE004EB840000EBC4110F4800EB810078
:10A4F00090F82D0098B104EB840101EBC4120A49D5
:10A5000001EB8201D1F8B8010121F3F7D3FDE0B2EC
:10A510000121FEF7F5F9E0B20121FAF71BFF641CF7
:10A52000022CDEDB10BD00008083FF1F10B50E493A
:10A53000D1F8FC010221F3F7BDFD0B49D1F810045D
:10A540000221F3F7B7FD02210020FEF7D9F902211D
:10A550000120FEF7D5F900210846FAF7FBFE00219D
:10A560000120FAF7F7FE10BD3C83FF1F00B585B050
:10A5700000210C20F4F760FC00211020F4F75CFCB3
:10A580006846F4F7B5FD0220ADF802002020ADF8D2
:10A5900006000020ADF80000ADF810006A468021EA
:10A5A0000120F4F7BDFA6A464FF400410020F4F7A9
:10A5B000B7FA6846F4F79CFD0220ADF802002020AF
:10A5C000ADF806000020ADF80000ADF810006A46B6
:10A5D00008210120F4F7A4FA6A4610210120F4F7BB
:10A5E0009FFA05B000BD000030B585B00446200ECE
:10A5F0008DF81000200C8DF81100200A8DF8120043
:10A60000E0B28DF81300234620A221A10020F6F726
:10A61000B3FC9DF813009DF812109DF81120CDE9B0
:10A62000002102909DF8103018A226A10020F6F714
:10A63000A3FC03A904A8FFF75FFD9DF80C0000062A
:10A640009DF80D1040EA01409DF80E1040EA0120EF
:10A650009DF80F1040EA01052B460CA225A1002011
:10A66000F6F78AFC9DF80F109DF80E009DF80D205E
:10A67000CDE9002002919DF80C3004A227A1002012
:10A68000F6F77AFC284605B030BD0000554453006B
:10A690001B5B33366D5B25735D2043616C63756CAA
:10A6A0006174696E67206B65792066726F6D2073C7
:10A6B0006565643A203078253038581B5B306D0D65
:10A6C0000A0000001B5B33366D5B25735D2053650C
:10A6D00065642062797465733A20253032582025EC
:10A6E000303258202530325820253032581B5B300C
:10A6F0006D0D0A001B5B33366D5B25735D20436176
:10A700006C63756C61746564206B65793A20307890
:10A71000253038581B5B306D0D0A00001B5B33364B
:10A720006D5B25735D204B65792062797465733AA2
:10A7300020253032582025303258202530325820FC
:10A74000253032581B5B306D0D0A0000014800684F
:10A75000704700001883FF1F10B507A207A1002053
:10A76000F6F70AFC144800F053F803A213A10020E6
:10A77000F6F702FC10BD0000444C00001B5B3332B6
:10A780006D5B25735D203D3D3D204669726D7761AF
:10A79000726520446F776E6C6F616420496E7465DA
:10A7A000726661636520496E6974203D3D3D1B5BA7
:10A7B000306D0D0A0000000044EB02001B5B3332D9
:10A7C0006D5B25735D203D3D3D204669726D77616F
:10A7D000726520446F776E6C6F616420496E74659A
:10A7E000726661636520496E697420446F6E6520EE
:10A7F0003D3D3D1B5B306D0D0A00000003480068C5
:10A8000008B1012070470020FCE700001883FF1FFB
:10A8100010B5044634B10448046004A204A1002029
:10A82000F6F7AAFB10BD00001883FF1F444C000080
:10A830001B5B33326D5B25735D20446F776E6C6FED
:10A84000616420696E746572666163652072656714
:10A85000697374657265641B5B306D0D0A000000DE
:10A8600010B50A480068401C08490860084600689E
:10A8700007494843074949684418234606A207A1E7
:10A880000020F6F779FB204610BD00001483FF1F5F
:10A89000B979379E20060120554453001B5B33369F
:10A8A0006D5B25735D2047656E657261746520730D
:10A8B000656564202852414E444F4D206D6F64659C
:10A8C000293A203078253038581B5B306D0D0A004E
:10A8D0002DE9F04104460D4617461E460AA20BA17B
:10A8E0000020F6F749FB012D06DA2178132200201B
:10A8F00002F04EF9BDE8F0810020307002A20EA1F6
:10A90000F6F73AFB00BFF5E7554453001B5B3336BF
:10A910006D5B25735D203E3E3E2048616E646C6534
:10A9200020307831342028436C65617220445443D0
:10A93000291B5B306D0D0A001B5B33326D5B257389
:10A940005D2044544320636C65617265641B5B3019
:10A950006D0D0A002DE9F84F05460F4690469946C1
:10A9600053A254A10020F6F707FB022F0CDA3B4656
:10A970004FA260A10020F6F7FFFA297813220020E9
:10A9800002F006F9BDE8F88F6E78334648A264A15C
:10A990000020F6F7F1FA012E04D0022E09D0032E82
:10A9A00015D10DE0012442A265A10020F6F7E4FADA
:10A9B00019E002243EA26DA10020F6F7DDFA12E0B4
:10A9C00003243BA275A10020F6F7D6FA0BE033462C
:10A9D00037A27DA10020F6F7CFFA297812220020B5
:10A9E00002F0D6F8CEE700BF012C1ED183480378D1
:10A9F0002FA283A10020F6F7BFFA01207F4908703B
:10AA0000002048700874C8608860FFF7F7FE0028CF
:10AA100035D0FFF79BFE8246DAF82800804724A253
:10AA200083A10020F6F7A8FA29E0032C16D1734879
:10AA3000007801280CD11EA28CA10020F6F79CFA08
:10AA400003206E490870002048700874C86016E042
:10AA500017A293A10020F6F78FFA10E0022C0ED176
:10AA60006648037812A29BA10020F6F785FA02201F
:10AA700062490870002048700874C860886088F8CF
:10AA80000060012089F800005C48037808A29EA1BC
:10AA90000020F6F771FA99F80000009098F800305D
:10AAA00003A2A3A10020F6F767FA00BF6AE700003F
:10AAB000554453001B5B33326D5B25735D203E3E76
:10AAC0003E2048616E646C65203078313020284427
:10AAD0006961676E6F737469632053657373696F1F
:10AAE0006E20436F6E74726F6C291B5B306D0D0AA4
:10AAF000000000001B5B33316D5B25735D204C65EE
:10AB00006E677468206572726F723A206C656E3D74
:10AB10002564203C20321B5B306D0D0A00000000D4
:10AB20001B5B33366D5B25735D207375625F6675E5
:10AB30006E633D3078253032581B5B306D0D0A0056
:10AB40001B5B33326D5B25735D20526571756573D8
:10AB5000743A2044454641554C54207365737369DB
:10AB60006F6E1B5B306D0D0A000000001B5B333203
:10AB70006D5B25735D20526571756573743A205065
:10AB8000524F4752414D4D494E472073657373698B
:10AB90006F6E1B5B306D0D0A000000001B5B3332D3
:10ABA0006D5B25735D20526571756573743A204540
:10ABB0005854454E4445442073657373696F6E1B4A
:10ABC0005B306D0D0A0000001B5B33336D5B25733A
:10ABD0005D205375622D66756E6374696F6E206EAD
:10ABE0006F7420737570706F727465643A2030787A
:10ABF000253032581B5B306D0D0A00002006012005
:10AC00001B5B33326D5B25735D2053657373696F16
:10AC10006E206368616E67653A202564202D3E20B2
:10AC200044454641554C541B5B306D0D0A000000F5
:10AC30001B5B33326D5B25735D20446F776E6C6FE9
:10AC40006164206D6F64756C652072657365742036
:10AC50006F6E2044454641554C54207365737369AB
:10AC60006F6E1B5B306D0D0A000000001B5B333202
:10AC70006D5B25735D2053657373696F6E20636828
:10AC8000616E67653A2044454641554C54202D3E3F
:10AC900020455854454E4445441B5B306D0D0A0019
:10ACA0001B5B33366D5B25735D20416C726561649F
:10ACB0007920696E20455854454E444544207365BB
:10ACC0007373696F6E2C206B6565701B5B306D0D47
:10ACD0000A0000001B5B33326D5B25735D205365FA
:10ACE0007373696F6E206368616E67653A202564CF
:10ACF000202D3E2050524F4752414D4D494E471B4B
:10AD00005B306D0D0A0000001B5B33326D5B2573F9
:10AD10005D20526573706F6E73653A20736573734F
:10AD2000696F6E3D25641B5B306D0D0A00000000ED
:10AD30001B5B33326D5B25735D20526573706F6EE4
:10AD40007365206461746120746F2073656E643A6A
:10AD5000205B3078253032585D2C206C656E3D25A7
:10AD6000641B5B306D0D0A002DE9F04190B0054683
:10AD70000F4690461E463748036837A238A1002088
:10AD8000F6F7FAF8022F0CDA44A245A10020F6F7F4
:10AD9000F3F829781322002001F0FAFE10B0BDE884
:10ADA000F0816C7823462CA245A10020F6F7E4F848
:10ADB000012C0DD0032C0BD0234638A24AA1002031
:10ADC000F6F7DAF829781222002001F0E1FEE5E733
:10ADD00020480068002832D11FA25049F6F7CCF86D
:10ADE00002A8F8F77DFE08990398CDE900011AA2A0
:10ADF0004B490020029BF6F7BFF84A490298884267
:10AE00000CD11120089002A8F8F77EFE4FF4803391
:10AE100011A245A10020F6F7AFF805E00EA25249B5
:10AE20000020029BF6F7A8F80020307064230AA2E5
:10AE30004EA1F6F7A1F864205A49086008E006A27E
:10AE400059490020F6F798F888F800400120307042
:10AE500000BFA3E708ED00E04D41494E00000000AF
:10AE60001B5B33366D5B25735D203E3E3E204861A3
:10AE70006E646C652030783131202845435520526E
:10AE800065736574292C2056544F523D3078253017
:10AE900038580D0A1B5B306D0D0A000055445300F5
:10AEA0001B5B33316D5B25735D204C656E67746889
:10AEB000206572726F721B5B306D0D0A000000001E
:10AEC0001B5B33366D5B25735D20202072657365D7
:10AED000745F747970653D3078253032580D0A1BE7
:10AEE0005B306D0D0A0000001B5B33336D5B257317
:10AEF0005D2052657365742074797065206E6F747F
:10AF000020737570706F727465643A2030782530E4
:10AF100032581B5B306D0D0A00000000BCF20200CD
:10AF200028F20200005344551B5B33366D5B2573DA
:10AF30005D20202070656E64696E675F7369643D93
:10AF400030783131207772697474656E20746F20A7
:10AF5000666C617368206174203078253038580D34
:10AF60000A1B5B306D0D0A00D8F102001B5B333603
:10AF70006D5B25735D20202044656C6179656420DC
:10AF80007265736574207363686564756C656420AD
:10AF9000696E202564206D730D0A1B5B306D0D0AF0
:10AFA000000000002083FF1F78F202002DE9F84323
:10AFB000054688461646994625A226A10020F5F7A3
:10AFC000DBFFB8F1030F0CDA434621A22CA10020CD
:10AFD000F5F7D2FF29781322002001F0D9FDBDE852
:10AFE000F883A878697840EA0124234618A22FA1A3
:10AFF0000020F5F7C1FFB4F5704F12D04FF20100F9
:10B0000084420ED0401C84420BD0234610A22EA1B5
:10B010000020F5F7B1FF29783122002001F0B8FDBA
:10B02000DDE7204601F06AFB0746200A30707470A5
:10B03000380AB070F770042089F80000234604A293
:10B040002CA100200097F5F797FF00BFC7E700008D
:10B05000554453001B5B33326D5B25735D203E3ED0
:10B060003E2048616E646C65203078323220285270
:10B070006561642044617461291B5B306D0D0A00B9
:10B080001B5B33316D5B25735D204C656E677468A7
:10B09000206572726F723A206C656E3D2564203CAB
:10B0A00020331B5B306D0D0A000000001B5B333644
:10B0B0006D5B25735D204449443D3078253034581C
:10B0C0001B5B306D0D0A00001B5B33336D5B25731A
:10B0D0005D20444944206F7574206F662072616E54
:10B0E00067653A203078253034581B5B306D0D0A87
:10B0F000000000001B5B33326D5B25735D205265E1
:10B1000073706F6E73653A204449443D3078253042
:10B1100034582C2056616C75653D30782530345894
:10B120001B5B306D0D0A00002DE9F04106460F460D
:10B130001446984619A21AA10020F5F71DFF022F08
:10B140000BDA16A221A10020F5F716FF31781322A1
:10B15000002001F01DFDBDE8F0817578012D0DD0B6
:10B16000022D0BD02B460DA220A10020F5F704FFE5
:10B1700031781222002001F00BFDECE72570002051
:10B180006070A070E070042088F8000003A224A181
:10B190000020F5F7F1FE00BFDDE700005544530045
:10B1A0001B5B33366D5B25735D203E3E3E20486160
:10B1B0006E646C65203078313920285265616420D6
:10B1C000445443291B5B306D0D0A00001B5B333177
:10B1D0006D5B25735D204C656E67746820657272C7
:10B1E0006F721B5B306D0D0A000000001B5B333378
:10B1F0006D5B25735D205375622D66756E63746992
:10B200006F6E206E6F7420737570706F72746564EA
:10B210003A203078253032581B5B306D0D0A000023
:10B220001B5B33366D5B25735D20526573706F6EEB
:10B2300073653A206E6F204454431B5B306D0D0ADA
:10B24000000000002DE9FF4F85B004468B4659A24F
:10B2500059A10020F5F790FE6448007802280ED02E
:10B260006248037853A262490020F5F785FE2178F1
:10B270007F22002001F08CFC09B0BDE8F08F5B4814
:10B28000407802280CD0594843784AA259490020F6
:10B29000F5F772FE21783322002001F079FCEBE70C
:10B2A000FFF7ACFA50B943A253A10020F5F764FEB2
:10B2B00021782222002001F06BFCDDE76078049009
:10B2C000A7783D0907F00F0625B1042D02DC0EB169
:10B2D000042E0BDD3B4637A254A10020F5F74CFEAF
:10B2E00021783122002001F053FCC5E7E81C3044EE
:10B2F000C0B258450EDDE81C30445B462DA259A172
:10B3000000900020F5F738FE21781322002001F08C
:10B310003FFCB1E74FF00008002005E0C11C615C74
:10B3200041EA0828411CC8B2A842F7DB4FF00009E7
:10B33000002006E0E91C0144615C41EA0929411C46
:10B34000C8B2B042F6DB43461AA251A10020CDF8A4
:10B350000090F5F711FEFFF7F9F9039003984946BD
:10B360004268404690478246BAF1000F11D05046DD
:10B3700001F0CEF80290029853460EA25449009074
:10B380000020F5F7F9FD21780020029A01F000FC79
:10B3900072E740210798017000210798417002214F
:10B3A0000898017003A24BA10020F5F7E5FD00BF4E
:10B3B00062E70000554453001B5B33326D5B25731D
:10B3C0005D203E3E3E2048616E646C6520307833DF
:10B3D0003420285265717565737420446F776E6CE4
:10B3E0006F6164291B5B306D0D0A0000200601208F
:10B3F00020F50200ECF302001B5B33336D5B257319
:10B400005D20446F776E6C6F616420696E74657245
:10B4100066616365206E6F74207265676973746519
:10B420007265641B5B306D0D0A0000001B5B3331DD
:10B430006D5B25735D20496E76616C696420616483
:10B4400064722F73697A65206C656E6774683A2040
:10B45000616C66693D3078253032581B5B306D0D6C
:10B460000A0000001B5B33316D5B25735D204C656A
:10B470006E677468206572726F723A206C656E3DFB
:10B480002564203C2025641B5B306D0D0A00000004
:10B490001B5B33326D5B25735D205265717565737F
:10B4A0007420646F776E6C6F61643A2061646472BB
:10B4B0003D3078253038582C2073697A653D2564F5
:10B4C0002062797465731B5B306D0D0A000000000B
:10B4D000DCF602001B5B33326D5B25735D20446F2D
:10B4E000776E6C6F61642061636365707465642C52
:10B4F000206D617820626C6F636B2073697A653DA3
:10B500003078343030301B5B306D0D0A00000000A5
:10B510002DE9F84F0446894692461F4634A235A1CC
:10B520000020F5F729FD4148007802280DD03F485A
:10B5300003782FA23E490020F5F71EFD21787F22D7
:10B54000002001F025FBBDE8F88F3848407802283C
:10B550000CD03648437826A236490020F5F70CFD7A
:10B5600021783322002001F013FBECE7FFF746F9C6
:10B5700050B91FA230A10020F5F7FEFC217822224D
:10B58000002001F005FBDEE7FFF7E0F80646F06873
:10B59000804705468DB1284600F0BAFF80462B460D
:10B5A00013A232490020CDF80080F5F7E5FC2178A0
:10B5B0004246002001F0ECFAC5E7306B804748B105
:10B5C0000BA22BA10020F5F7D7FC2178002001F079
:10B5D0007DFBB8E7217800231A46184601F010FBDE
:10B5E0000020387002A231A1F5F7C6FC00BFAAE71F
:10B5F000554453001B5B33326D5B25735D203E3E2B
:10B600003E2048616E646C652030783337202852C4
:10B61000657175657374205472616E73666572200E
:10B6200045786974291B5B306D0D0A0020060120E6
:10B6300074F5020084F402001B5B33336D5B2573E9
:10B640005D20446F776E6C6F616420696E74657203
:10B6500066616365206E6F742072656769737465D7
:10B660007265641B5B306D0D0A00000020F702005C
:10B670001B5B33326D5B25735D205472616E7366A4
:10B68000657220657869743A2070656E64696E67CA
:10B6900020726573706F6E736520284E52432030A0
:10B6A000783738291B5B306D0D0A00001B5B333285
:10B6B0006D5B25735D205472616E736665722065E3
:10B6C0007869742061636365707465641B5B306DB9
:10B6D0000D0A00002DE9F0438FB004460D46904658
:10B6E0001E4630A230A10020F5F746FC042D0DDAED
:10B6F0002B462CA239A10020F5F73EFC217813221D
:10B70000002001F045FA0FB0BDE8F083A078617821
:10B7100040EA0129E7784B4622A23BA1002000978E
:10B72000F5F72AFC4448407802280CD04248437878
:10B730001CA242490020F5F71FFC2178332200208B
:10B7400001F026FADFE73E480068B0F5D03F04D0AC
:10B750003B480068B0F5882F16D1382101A8EEF7D4
:10B7600015FE38480190012002903120079001A871
:10B77000F8F7CAF9002030700AA23349F5F7FCFB4C
:10B780006420324908600AE088F8007001203070B7
:10B790004FF4D03303A22EA10020F5F7EDFB00BF3C
:10B7A000B1E70000554453001B5B33326D5B2573DA
:10B7B0005D203E3E3E2048616E646C6520307833EB
:10B7C000312028526F7574696E6520436F6E7472F4
:10B7D0006F6C291B5B306D0D0A0000001B5B333161
:10B7E0006D5B25735D204C656E67746820657272B1
:10B7F0006F723A206C656E3D2564203C20341B5BE3
:10B80000306D0D0A000000001B5B33366D5B257345
:10B810005D205249443D3078253034582C206374E3
:10B82000726C5F747970653D3078253032581B5BDF
:10B83000306D0D0A000000002006012038F40200DF
:10B8400008ED00E00053445514F902002083FF1F67
:10B850001B5B33326D5B25735D20526F7574696EAF
:10B860006520436F6E74726F6C3A20426F6F742064
:10B87000736C6F742073657420746F20307825307A
:10B8800038581B5B306D0D0A000000002DE9FC47A5
:10B890000446884615461F469EA29FA10020F5F744
:10B8A0006BFBAA484068A9494978CDE90010A74830
:10B8B000037898A2A6490020F5F75EFBB8F1020FC5
:10B8C0000CDA434693A2A3A10020F5F755FB21789B
:10B8D0001322002001F05CF9BDE8FC87667833464E
:10B8E0008CA2A7A10020F5F747FB98480078032811
:10B8F00010D09648007802280CD09448037885A28E
:10B90000A7490020F5F738FB21782222002001F01A
:10B910003FF9E1E78D48806860B18C4883687DA27B
:10B92000A0A10020F5F728FB21783722002001F0A4
:10B930002FF9D1E706F00100002852D075A2A5A189
:10B940000020F5F719FB81484078012819D17F487C
:10B9500070A2A849C3680020F5F70EFB2E707B4843
:10B96000C068000E68707948C068000CA8707748FD
:10B970008089000AE8707548007B287105203870BE
:10B98000AAE77248407860B17048437861A29AA1F2
:10B990000020F5F7F1FA21782422002001F0F8F8D0
:10B9A0009AE7FEF75DFF6949C860012048700846C4
:10B9B00058A2A1A1C3680020F5F7DEFA2E706348F3
:10B9C000C068000E68706148C068000CA8705F48CD
:10B9D0008089000AE8705D48007B28710520387076
:10B9E00096E04CA29EA10020F5F7C6FA5748407891
:10B9F000022808D147A2A1A10020F5F7BDFA2E70B8
:10BA00000120387068E75148407801280CD04F4831
:10BA1000437840A2A6A10020F5F7AEFA21782422AF
:10BA2000002001F0B5F857E7B8F1060F0BDA4346EE
:10BA300038A2ADA10020F5F79FFA2178132200204B
:10BA400001F0A6F848E7A0780006E17840EA014056
:10BA5000217940EA0120617940EA01094B462DA293
:10BA6000ADA10020F5F788FA3849C868FEF7BCFD9B
:10BA70008246D14513D127A2B1A10020F5F77CFA67
:10BA80000220324948700020087488602E7001201E
:10BA9000387020A2B4A10020F5F76EFA37E05346C3
:10BAA0001CA2BAA10020CDF80090F5F765FA27484E
:10BAB000007C401C2549087400204870C860084676
:10BAC000007C897F884213DB2048007C642110FBC6
:10BAD00001F01E498860084683680EA2BAA10020C2
:10BAE000F5F74AFA21783622002001F051F80EE0ED
:10BAF0001648807F00901548037C06A2BFA1002055
:10BB0000F5F73AFA21783522002001F041F800BF1C
:10BB100000BFE1E6554453001B5B33326D5B257378
:10BB20005D203E3E3E2048616E646C652030783278
:10BB300037202853656375726974792041636365A2
:10BB40007373291B5B306D0D0A0000002006012075
:10BB500084F802001B5B33316D5B25735D204C65FF
:10BB60006E677468206572726F723A206C656E3D04
:10BB70002564203C20321B5B306D0D0A0000000064
:10BB80001B5B33366D5B25735D207375625F667575
:10BB90006E633D3078253032581B5B306D0D0A00E6
:10BBA000F4F702001B5B33336D5B25735D20536537
:10BBB0006375726974792064656C6179206163745E
:10BBC0006976653A202564206D731B5B306D0D0A24
:10BBD000000000001B5B33326D5B25735D205265F6
:10BBE000717565737420736565641B5B306D0D0A38
:10BBF00000000000B0F702001B5B33336D5B257360
:10BC00005D2057726F6E6720737461746520666F74
:10BC10007220736565642072657175657374212087
:10BC200073656375726974795F73746174653D25BA
:10BC3000641B5B306D0D0A001B5B33326D5B25733B
:10BC40005D20536565642067656E65726174656427
:10BC50003A203078253038581B5B306D0D0A0000D3
:10BC60001B5B33326D5B25735D2053656E64206B07
:10BC700065791B5B306D0D0A000000001B5B3333E0
:10BC80006D5B25735D204475706C6963617465201C
:10BC900053656E644B65792C20616C7265616479C3
:10BCA00020756E6C6F636B65641B5B306D0D0A00F5
:10BCB0001B5B33336D5B25735D2057726F6E67209E
:10BCC000737461746520666F72206B6579212073CF
:10BCD000656375726974795F73746174653D256419
:10BCE0001B5B306D0D0A00001B5B33316D5B2573F0
:10BCF0005D204B6579206C656E6774682065727293
:10BD00006F723A206C656E3D2564203C20361B5BCB
:10BD1000306D0D0A000000001B5B33366D5B257330
:10BD20005D205265636569766564206B65793A20AC
:10BD30003078253038581B5B306D0D0A000000004C
:10BD40001B5B33326D5B25735D204B65792056415B
:10BD50004C49442120556E6C6F636B696E672E2EC3
:10BD60002E1B5B306D0D0A001B5B33326D5B257340
:10BD70005D20536563757269747920756E6C6F63AD
:10BD80006B6564211B5B306D0D0A00001B5B333358
:10BD90006D5B25735D204B657920494E56414C49BA
:10BDA00044212065787065637465643D3078253082
:10BDB00038582C20676F743D3078253038581B5B1D
:10BDC000306D0D0A000000001B5B33336D5B257383
:10BDD0005D204D617820617474656D70747320729C
:10BDE000656163686564212064656C61793D2564E3
:10BDF000206D731B5B306D0D0A0000001B5B33333D
:10BE00006D5B25735D20417474656D7074733A20A9
:10BE100025642F25641B5B306D0D0A002DE9F04170
:10BE200005460F4690461E46002416A216A1002085
:10BE3000F5F7A2F8022F00DB6C7874B1802C0CD0DF
:10BE4000234610A21CA10020F5F796F829781222AB
:10BE5000002000F09DFEBDE8F081802C09D188F81B
:10BE600000400120307007A220A10020F5F784F8DF
:10BE700005E00020307003A227A1F5F77DF800BF90
:10BE8000E9E70000554453001B5B33366D5B2573B7
:10BE90005D203E3E3E2048616E646C652030783304
:10BEA00045202854657374657250726573656E74AD
:10BEB000291B5B306D0D0A001B5B33336D5B2573F3
:10BEC0005D205375622D66756E6374696F6E206EAA
:10BED0006F7420737570706F727465643A20307877
:10BEE000253032581B5B306D0D0A00001B5B33366A
:10BEF0006D5B25735D20526573706F6E736520777F
:10BF0000697468207375625F66756E633D3078385A
:10BF1000301B5B306D0D0A001B5B33366D5B257388
:10BF20005D204E6F20726573706F6E73651B5B30A2
:10BF30006D0D0A002DE9FF4F81B004460D46904675
:10BF400045A246A10020F5F717F8504800780228CE
:10BF50000ED04E48037840A24D490020F5F70CF86A
:10BF600021787F22002000F013FE05B0BDE8F08F9D
:10BF70004648407802280CD04448437836A24549C8
:10BF80000020F4F7F9FF21783322002000F000FEB2
:10BF9000EBE7FEF733FC50B92FA23FA10020F4F7E6
:10BFA000EBFF21782222002000F0F2FDDDE7022DD8
:10BFB0000BDA2B4628A245A10020F4F7DDFF2178FB
:10BFC0001322002000F0E4FDCFE76678A81E1FFAD8
:10BFD00080F9334620A248A10020CDF80090F4F764
:10BFE000CBFFFEF7B3FB82464A46A11C3046DAF887
:10BFF0000830984707468FB1384600F089FA8346E3
:10C000003B4615A249490020CDF800B0F4F7B4FF33
:10C0100021785A46002000F0BBFDA6E7DAF8300090
:10C02000804748B10CA242A10020F4F7A5FF217877
:10C03000002000F04BFE98E7762088F8000088F892
:10C04000016002210498017003A248A10020F4F7C6
:10C0500093FF00BF89E70000554453001B5B333654
:10C060006D5B25735D203E3E3E2048616E646C65CD
:10C07000203078333620285472616E7366657220E2
:10C0800044617461291B5B306D0D0A00200601209C
:10C09000D0F40200A0F302001B5B33336D5B257309
:10C0A0005D20446F776E6C6F616420696E74657299
:10C0B00066616365206E6F7420726567697374656D
:10C0C0007265641B5B306D0D0A0000001B5B333131
:10C0D0006D5B25735D204C656E67746820657272B8
:10C0E0006F723A206C656E3D2564203C20321B5BEC
:10C0F000306D0D0A000000001B5B33366D5B25734D
:10C100005D205472616E7366657220646174613A79
:10C11000207365713D25642C20646174615F6C65DA
:10C120006E3D25641B5B306D0D0A000098F6020021
:10C130001B5B33326D5B25735D205472616E7366D9
:10C14000657220646174613A2070656E64696E671F
:10C1500020726573706F6E736520284E52432030D5
:10C16000783738291B5B306D0D0A00001B5B3336B6
:10C170006D5B25735D205472616E73666572206419
:10C180006174612061636365707465642C20706FF5
:10C1900073697469766520726573706F6E7365205C
:10C1A00073656E741B5B306D0D0A00002DE9F8435A
:10C1B00004460D469046994636A237A10020F4F772
:10C1C000DBFE052D0CDA2B4632A23FA10020F4F74E
:10C1D000D3FE21781322002000F0DAFCBDE8F883BA
:10C1E000A078617840EA01262079E17840EA0127C9
:10C1F000334628A23FA100200097F4F7BDFE48482F
:10C200000078032810D04648007802280CD0444813
:10C21000037820A243490020F4F7AEFE21782222C1
:10C22000002000F0B5FCD9E73D48407802280CD04A
:10C230003B48437817A23CA10020F4F79DFE2178EB
:10C240003322002000F0A4FCC8E7B6F5704F06D0FA
:10C250006FF47040304418B101280ED101E000BFE6
:10C2600000BF33460BA23DA10020F4F785FE2178E4
:10C270003122002000F08CFCB0E7334605A243A138
:10C280000020F4F779FE21783122002000F080FCB4
:10C2900000BFA3E7554453001B5B33326D5B25732E
:10C2A0005D203E3E3E2048616E646C6520307832F1
:10C2B00045202857726974652044617461291B5BAD
:10C2C000306D0D0A000000001B5B33316D5B257380
:10C2D0005D204C656E677468206572726F723A20DB
:10C2E0006C656E3D2564203C20351B5B306D0D0A6E
:10C2F000000000001B5B33366D5B25735D204449F5
:10C30000443D3078253034582C2056616C75653D9D
:10C310003078253034581B5B306D0D0A000000006A
:10C32000200601203CF802001B5B33336D5B257354
:10C330005D205365637572697479206C6F636B65FA
:10C3400064212073656375726974795F73746174B5
:10C35000653D25641B5B306D0D0A00001B5B3333AC
:10C360006D5B25735D20577269746520746F207250
:10C370006561642D6F6E6C79204449443A203078B1
:10C38000253034581B5B306D0D0A00001B5B3333C6
:10C390006D5B25735D20556E6B6E6F776E20444923
:10C3A000443A203078253034581B5B306D0D0A003C
:10C3B00038B535A235A10020F4F7DEFD28213D482F
:10C3C000EDF7E4FF01203B490870002048704FF46E
:10C3D0007A60888303208877002048608860FEF7B1
:10C3E0000DFA50B3FEF7B2F9044669464FF47040B7
:10C3F000626B904718B12F490098088402E0002032
:10C400002C49088469464FF20100626B904718B1CD
:10C4100028490098488402E000202649488469465B
:10C420004FF20200626B904718B1224900984862AF
:10C4300002E000201F49486209E013A21E490020C3
:10C44000F4F79AFD00201B490884488448620020C4
:10C4500018498882002117488175816140780090D1
:10C460001448037808A215490020F4F785FD114807
:10C47000838B05A212A10020F4F77EFD02A21AA16F
:10C480000020F4F779FD38BD554453001B5B33326F
:10C490006D5B25735D203D3D3D2055445320496E25
:10C4A0006974205374617274203D3D3D1B5B306D97
:10C4B0000D0A000020060120C4F5020014F302005A
:10C4C0001B5B33326D5B25735D2073657373696F1E
:10C4D0006E5F74696D656F75745F6D733D25641B68
:10C4E0005B306D0D0A0000001B5B33326D5B257302
:10C4F0005D203D3D3D2055445320496E69742044E4
:10C500006F6E65203D3D3D1B5B306D0D0A000000E8
:10C5100001460A291AD2DFE801F00507090B0D0FC1
:10C5200011131517FF2070473120FCE73120FAE77F
:10C530007220F8E77220F6E77220F4E72420F2E791
:10C540002120F0E72220EEE77220ECE71020EAE756
:10C5500010B586B03A484068002828D0384840686E
:10C56000401E374948600846406800281FD10846E9
:10C57000007801281BD00846037832A232490020F7
:10C58000F4F7FAFC01202E49087000204870087466
:10C59000C860FEF733F950B1FEF7D8F80446A06A38
:10C5A000804728A229A10020F4F7E6FC00BF244818
:10C5B000806860B122488068401E21498860084632
:10C5C000806820B91FA230A10020F4F7D5FC3848BC
:10C5D0000068401C364908600846006835498842B2
:10C5E0002CD3002032490860154881684068144AFD
:10C5F00052780AB930A306E0114A5278012A01D1D3
:10C600002FA300E031A30E4A5278CDE90123CDE9F2
:10C6100003010B480078012801D12FA006E008484B
:10C620000078032801D12EA000E030A0009004483B
:10C63000037804A230490020F4F79EFC06B010BD38
:10C6400020060120554453000CF602001B5B3332D8
:10C650006D5B25735D20446F776E6C6F6164206D38
:10C660006F64756C65207265736574206F6E2073DE
:10C67000657373696F6E2074696D656F75741B5B8C
:10C68000306D0D0A000000001B5B33326D5B2573BB
:10C690005D2053656375726974792064656C617996
:10C6A00020657870697265641B5B306D0D0A00004F
:10C6B0001083FF1FF6FF09004C4F434B4544000019
:10C6C000534545445F53454E54000000554E4C4F72
:10C6D000434B45440000000044454641554C54003E
:10C6E000455854454E4445440000000050524F47C1
:10C6F00052414D4D494E4700C8F80200F8B5044676
:10C700000025FEF77BF888B1FEF720F8064669465B
:10C710002046726B904710B1009885B205E0234621
:10C720000AA20BA10020F4F727FC05E0234607A28C
:10C7300010490020F4F720FC234604A20EA100209B
:10C740000095F4F719FC2846F8BD00005544530045
:10C750001B5B33336D5B25735D20556E6B6E6F779E
:10C760006E204449443A203078253034581B5B30E1
:10C770006D0D0A0064F702001B5B33366D5B257399
:10C780005D2052656164204449442030782530346E
:10C7900058203D203078253034581B5B306D0D0A11
:10C7A000000000002DE9F041A8B080460E46154675
:10C7B0001C46002007906848864210D06748864291
:10C7C0000DD06549334666A2CDE9001065490020C9
:10C7D000F4F7D2FB4FF0FF3028B0BDE8F0810DB187
:10C7E000012C07DA5EA260A10020F4F7C5FB4FF030
:10C7F000FF30F1E72F78E879A9796A792B79CDE9CB
:10C800000332CDE90510E978A8786A78CDE90020EF
:10C8100002912B7852A25E490020F4F7ADFB00F0A4
:10C8200001F93B464EA25BA100200094F4F7A4FB63
:10C8300033464BA265A10020F4F79EFB2E2F46D075
:10C840000EDC192F2ED006DC102F16D0112F1BD086
:10C85000142F66D11FE0222F2BD0272F61D12FE07C
:10C86000362F49D004DC312F38D0342F59D13CE059
:10C87000372F48D03E2F54D14CE0E1B207AB08AA85
:10C880002846FEF767F859E0E1B207AB08AA284648
:10C89000FEF76AFA52E0E1B207AB08AA2846FEF7B3
:10C8A00017F84BE0E1B207AB08AA2846FEF73CFCBC
:10C8B00044E0E1B207AB08AA2846FEF777FB3DE06B
:10C8C000E1B207AB08AA2846FEF7E0FF36E0E1B286
:10C8D00007AB08AA2846FFF769FC2FE0E1B207ABD7
:10C8E00008AA2846FEF7F6FE28E0E1B207AB08AA40
:10C8F0002846FEF7A7FC21E007AB08AA21462846F8
:10C90000FFF718FB1AE0E1B207AB08AA2846FEF7CA
:10C91000FFFD13E0E1B207AB08AA2846FFF77EFA55
:10C920000CE03B460EA234A10020F4F725FB1122B7
:10C930003946404600F02CF900204DE700BF9DF835
:10C940001C00002806DD9DF81C3008AA3946404628
:10C9500000F056F900203FE7F103DA18F0FFDB188A
:10C96000554453005CF302001B5B33316D5B257350
:10C970005D20496E76616C696420726563656976D5
:10C980006520646174611B5B306D0D0A000000005E
:10C9900050F602001B5B33326D5B25735D203D3D1D
:10C9A0003D2055445320526563656976653A2053AE
:10C9B00049443D3078253032582C206C656E3D2539
:10C9C00064203D3D3D1B5B306D0D0A001B5B333623
:10C9D0006D5B25735D2043414E2049443A203078F9
:10C9E0002530385820286D617463686564291B5BA5
:10C9F000306D0D0A000000001B5B33336D5B257347
:10CA00005D20534944206E6F7420737570706F728F
:10CA10007465643A203078253032581B5B306D0DD8
:10CA20000A00000038B507484468808B0549486013
:10CA300008464068234604A204A100900020F4F7B1
:10CA40009BFA38BD20060120554453001B5B33364A
:10CA50006D5B25735D20526566726573682074692D
:10CA60006D65723A202564202D3E2025641B5B30C5
:10CA70006D0D0A00FEB505460C4616461F48854258
:10CA800004D116B120781E490870FEBD1D488542AC
:10CA900019D1002E16D02078012807D11A49087024
:10CAA0001AA21CA10020F4F767FA08E0207830B938
:10CAB00000201549087015A225A1F4F75DFA207829
:10CAC000EEF7D6FBE1E72846FAF7C6FC00B9DCE74B
:10CAD0000020029002A82D4933462246CDE90010DD
:10CAE00029460020FBF704F930B9BDF80830274A81
:10CAF00029460020FFF756FE00BFC6E75858FF182A
:10CB00002483FF1F5555FF182583FF1F4D41494EB4
:10CB1000000000001B5B33366D5B25735D205B54AA
:10CB20004553545D20535744542066656564204442
:10CB3000495341424C45442062792030783138468F
:10CB400046353535350D0A1B5B306D0D0A0000008A
:10CB50001B5B33366D5B25735D205B544553545D21
:10CB60002053574454206665656420454E41424C2D
:10CB700045442062792030783138464635353535A0
:10CB80000D0A1B5B306D0D0A000000004C160120E1
:10CB90007CB506460C4615467F208DF804008DF8BE
:10CBA00005408DF80650234606A207A100200095F7
:10CBB000F4F7E2F9032301AA10493046FBF77AFBA8
:10CBC00000207CBD554453001B5B33336D5B2573E4
:10CBD0005D2053656E64204E52433A205349443DD4
:10CBE0003078253032582C204E52433D3078253055
:10CBF00032581B5B306D0D0A0000000003F1DA189B
:10CC00002DE9F041A2B080460D4617461C467F2C08
:10CC10000ADD234614A215A10020F4F7ADF94FF068
:10CC2000FF3022B0BDE8F08105F14000C0B28DF8C0
:10CC30000800002C05DD224639460DF10900EDF70C
:10CC40008CFB601CC6B205F1400307A211A10020B5
:10CC50000096F4F791F9334602AA1B494046FBF7C8
:10CC600029FB0020DDE70000554453001B5B3331F6
:10CC70006D5B25735D20526573706F6E73652074F4
:10CC80006F6F206C6F6E673A2025641B5B306D0DF3
:10CC90000A0000001B5B33366D5B25735D20536516
:10CCA0006E6420726573706F6E73653A20534944E9
:10CCB0003D3078253032582C206C656E3D25641B44
:10CCC0005B306D0D0A00000003F1DA1838B5054637
:10CCD0000C467F208DF800008DF8014078208DF8FB
:10CCE0000200234606A207A10020F4F745F903231A
:10CCF0006A4611492846FBF7DDFA002038BD0000DE
:10CD0000554453001B5B33326D5B25735D205365C7
:10CD10006E6420726573706F6E73652070656E64EB
:10CD2000696E673A205349443D3078253032581BAC
:10CD30005B306D0D0A00000003F1DA1810B50446EF
:10CD400004EB840000EBC411FE4800EB810090F876
:10CD5000FC01012803D1FC4901F8340003E0002064
:10CD6000F94901F8340004EB840000EBC411F548E4
:10CD700000EB810090F82C0002287DD104EB8400A8
:10CD800000EBC411EF4800EB8100D0F8EC0105285E
:10CD90002BD104EB840000EBC411EA4800EB8100C6
:10CDA00090F82D0001280AD10320E74901EBC401C6
:10CDB00048700020E44901EBC40188714BE004EBAA
:10CDC000840000EBC411DF4800EB810090F82D00D7
:10CDD000022840D10420DC4901EBC4014870002046
:10CDE000D94901EBC401887135E004EB840000EB04
:10CDF000C411D44800EB8100D0F8EC0106282AD1F8
:10CE000004EB840000EBC411CE4800EB810090F8E5
:10CE10002D0001280AD10420CB4901EBC401487040
:10CE20000020C94901EBC401887114E004EB8400BF
:10CE300000EBC411C34800EB810090F82D000228DC
:10CE400009D10320C04901EBC40148700020BE494C
:10CE500001EBC401887104EB840000EBC411B948F4
:10CE600000EB8100D0F8EC0108280CD004EB840022
:10CE700000EBC411B34800E013E000EB8100D0F8F0
:10CE8000EC0109280CD10120AF4901F8340006203B
:10CE900001EBC40148700020AB4901EBC40188716B
:10CEA0000CE204EB840000EBC411A64800EB810007
:10CEB00090F82C000128F3D104EB840000EBC4119E
:10CEC000A04800EB810090F8FE01012809D1002064
:10CED0009D4901EBC40148709B4901EBC401887175
:10CEE000ECE104EB840000EBC411964800EB8100F8
:10CEF00090F8FC0148B90020934901EBC401487047
:10CF0000914901EBC4018871D8E104EB840000EB86
:10CF1000C4118C4800EB8100D0F8AC0109280AD07C
:10CF200004EB840000EBC411864800EB8100D0F8CC
:10CF3000AC01072817D104EB840101EBC41281492D
:10CF400001EB8201D1F8B8014FF48031F1F7B2F86A
:10CF500007207D4901EBC401487001207A4901EBAB
:10CF6000C4018871AAE104EB840000EBC411754888
:10CF700000EB8100D0F8AC0111280AD004EB84004A
:10CF800000EBC4116F4800EB8100D0F8AC010F2812
:10CF900017D104EB840101EBC4126A4901EB820151
:10CFA000D1F8B8014FF48031F1F784F808206649D0
:10CFB00001EBC40148700220634901EBC401887190
:10CFC0007CE104EB840000EBC4115E4800EB8100BF
:10CFD000D0F8AC0116280AD109205B4901EBC40145
:10CFE00048700320584901EBC401887166E104EBE5
:10CFF000840000EBC411534800EB8100D0F8AC0171
:10D0000018280AD10A20504901EBC40148700420B5
:10D010004D4901EBC401887150E104EB840000EB41
:10D02000C411484800EB8100D0F8AC0119280AD19E
:10D030000B20454901EBC40148700520424901EB32
:10D04000C40188713AE104EB840000EBC4113D484F
:10D0500000EB8100D0F8AC01082817D104EB840163
:10D0600001EBC412374901EB8201D1F8B8014FF44A
:10D070008031F1F71FF80520334901EBC4014870F6
:10D080000020314901EBC401887117E104EB8400F1
:10D0900000EBC4112B4800EB8100D0F8AC01102844
:10D0A00017D104EB840101EBC412264901EB820184
:10D0B000D1F8B8014FF48031F0F7FCFF0620224987
:10D0C00001EBC401487000201F4901EBC4018871C5
:10D0D000F4E004EB840000EBC4111A4800EB81007B
:10D0E000D0F8AC0102282BD004EB840000EBC41173
:10D0F000144800EB8100D0F8AC01032820D004EBE9
:10D10000840000EBC4110F4800EB8100D0F8AC01A3
:10D11000042815D004EB840000EBC411094800EB8F
:10D120008100D0F8AC0105280AD004EB840000EBA4
:10D13000C411044800EB8100D0F8AC0106280FD1DF
:10D14000012003E08083FF1F54A00020694901EB08
:10D15000C40148700020674901EBC4018871ADE04B
:10D1600004EB840000EBC411634800EB8100D0F8AD
:10D17000AC010A282BD004EB840000EBC4115E48FC
:10D1800000EB8100D0F8AC010B2820D004EB840028
:10D1900000EBC411584800EB8100D0F8AC010C281A
:10D1A00015D004EB840000EBC411534800EB810060
:10D1B000D0F8AC010D280AD004EB840000EBC411B8
:10D1C0004D4800EB8100D0F8AC010E280AD10220B6
:10D1D000484901EBC40148700020464901EBC401F5
:10D1E00088716BE004EB840000EBC411424800EB53
:10D1F0008100D0F8AC01012815D004EB840000EBCD
:10D20000C4113D4800EB8100D0F8AC0115280AD0CC
:10D2100004EB840000EBC411374800EB8100D0F828
:10D22000AC0117284AD104EB840000EBC41132484A
:10D2300000EB8100D0F8B00109283FD004EB840056
:10D2400000EBC4112C4800EB8100D0F8B00111288C
:10D2500034D004EB840000EBC411274800EB8100BC
:10D2600090F82E0001280AD10520224901EBC401C3
:10D27000487000201F4901EBC40188711EE004EBD7
:10D28000840000EBC4111C4800EB810090F82E00D4
:10D2900002280AD10620174901EBC401487000207A
:10D2A000144901EBC401887108E00020114901EB29
:10D2B000C40148700F4901EBC401887104EB84007C
:10D2C00000EBC4110C4800EB8100B0F812020949D0
:10D2D00001EBC401488004EB840000EBC411064854
:10D2E00000EB8100B0F80202024901EBC401888022
:10D2F00010BD000054A000208083FF1FFEB5F8F78A
:10D3000009FA02909DF808509DF8090000F00F07F7
:10D3100000200190FF2D00DD0025474880F83D509A
:10D3200001AA39462846F6F707FC0646002E46D1E4
:10D330004248BDF8042000EB820100203CE08B1C39
:10D340001B5C03F0030222B1022A0ED0032A24D16F
:10D3500017E0002400EB800303EBC01C364B443382
:10D3600003EB8C0383F82D4023E0012400EB8003C2
:10D3700003EBC01C304B443303EB8C0383F82D408C
:10D3800017E0022400EB800303EBC01C2A4B44335C
:10D3900003EB8C0383F82D400BE0002400EB8003AB
:10D3A00003EBC01C244B443303EB8C0383F82D4068
:10D3B00000BF00BF421CD0B20228C0DB0BE001213D
:10D3C0001D4880F87110022180F885121B48406CBE
:10D3D0000090F8F7D9F900242BE02046F8F78EF9F1
:10D3E000012824D1012104EB840000EBC41212486F
:10D3F000443000EB820080F8FC112046F8F7A0F9D9
:10D4000004EB840000EBC4110B48443000EB8100B6
:10D4100080ED090A2046F8F787F904EB840000EB59
:10D42000C4110548443000EB810080ED080A601CFF
:10D43000C4B2022CD1DBFEBD3C83FF1FE4E8020036
:10D440007CB504460D460020019001AA29462046DD
:10D45000F6F772FB064666B90648BDF8041000EB05
:10D460008100006800900098F8F78EF9FFF746FFFA
:10D4700000BF7CBDE4E802002DE9FC470546894673
:10D480001646F01C8708324649461748ECF765FFF8
:10D49000304603E0FF21144A1154401CB0EB870FC3
:10D4A000F8D32B4611A212490020CDE90067F3F70B
:10D4B00063FDDFF83480002411E058F8241005EBF8
:10D4C0008400F9F722FF48B105EB840307A209A104
:10D4D0000020F3F751FD0420BDE8FC87641CBC422A
:10D4E000EBD30020F8E70000E8C100204657000019
:10D4F00034F102001B5B33316D5B25735D20577285
:10D50000697465206661696C203078253038581B55
:10D510005B306D0D0A0000000001000000000000FB
:10D5200002000000C8000000200000002CEC0200F7
:10D5300000000000000000000200000002000000E7
:10D5400001000000000000000200000002000000D6
:10D5500003000000030000000100000000000000C4
:10D560000000000099860200000000000100000099
:10D570008984020000000000020000009D86020075
:10D5800000000000030000009B8602000000000075
:10D5900001000000000200000000C80001000000BF
:10D5A000000100000000C8000100000000040000AD
:10D5B0000000C80001000000040000000000C800D6
:10D5C00001000000020000000000C800010000008F
:10D5D000010000000000C800000000000100000081
:10D5E0000100000001000000020000000200000035
:10D5F0000200000004000000030000000200000020
:10D60000080000000100000002000000000002000D
:10D6100001000000030000000800000004000000FA
:10D6200003000000000002000100000004000000F0
:10D63000400000000700000004000000100000008F
:10D6400005000000040000002000000006000000AB
:10D6500004000000000002000100000007000000BC
:10D660008000000001000000070000000001000031
:10D67000040000000700000000000200010000009C
:10D680000500000040000000070000000500000049
:10D69000000100000400000005000000000002007E
:10D6A000010000000600000040000000070000002C
:10D6B0000600000000010000040000000600000059
:10D6C0000000020001000000010000000002000054
:10D6D000080000000800000000040000090000002D
:10D6E0000800000000080000010000000800000021
:10D6F0000000020001000000090000000008000016
:10D700000A00000009000000000002000100000003
:10D710000A000000004000000D0000000A000000A8
:10D72000001000000B0000000A00000000200000B4
:10D730000C0000000A0000000000020001000000D0
:10D740000D00000000800000010000000D0000003E
:10D75000000001000A0000000D00000000000200AF
:10D76000010000000B000000004000000D00000060
:10D770000B000000000001000A0000000B00000088
:10D7800000000200010000000C000000004000004A
:10D790000D0000000C000000000001000A00000065
:10D7A0000C0000000000020001000000000000006A
:10D7B000E98502000000000001000000E985020088
:10D7C00000000000020000008D8402000000000044
:10D7D000030000008D84020000000000040000002F
:10D7E0008D84020000000000050000008D8402000E
:10D7F00000000000060000008D8402000000000010
:10D80000070000008D8402000000000008000000F6
:10D810008D84020000000000090000008D840200D9
:10D82000000000000A0000008D84020000000000DB
:10D830000B0000008D840200000000000C000000BE
:10D840008D840200000000000D0000008D840200A5
:10D8500000000000020000000300000000000000C3
:10D8600004000000030000000000000008000000A9
:10D870000000000000000000100000000100000097
:10D880000000000020000000020000000000000076
:10D890000002000002000000000000004000000044
:10D8A00004000000000000008000000005000000EF
:10D8B0000000000000010000060000000000000061
:10D8C0000804080007000000000000001004080021
:10D8D000080000000000000020040800090000000B
:10D8E00000000000080420000A0000000000000002
:10D8F000100420000B0000000000000020042000A5
:10D900000C00000000000000400420000D0000009A
:10D9100000000000080440000E00000000000000AD
:10D92000100440000F000000000000002004400030
:10D93000100000000000000008048000110000003A
:10D940000000000010048000120000000000000031
:10D950002004800013000000000000008080000010
:10D9600014000000000000004080000015000000CE
:10D970000000000000810000160000000000000010
:10D9800000400080002002020201000400020400A6
:10D990000000050100010204050306020000010069
:10D9A000000002000000030000000000000004006E
:10D9B0000000050000000600FA000100FA00000067
:10D9C000FA000200FA000000FA000300FA0000006A
:10D9D000320001003200000032000200320000007C
:10D9E0003200030032000000320004003200000068
:10D9F000C8000100C8000000C80001008403000046
:10DA0000C8000200C8000000C80002008403000033
:10DA1000C8000300C8000000C80003008403000021
:10DA2000C8000100C8000000C8000100C8000000D4
:10DA3000C8000100F4010000C8000200C800000096
:10DA4000C8000200C8000000C8000200F401000085
:10DA5000C8000300C8000000C8000300C8000000A0
:10DA6000C8000300F4010000FA000100FA000200FF
:10DA7000FA000100FA000300FA000200FA000300B5
:10DA80009CD902000100000058EC0200A0D902005D
:10DA90000100000090EC0200A4D902000100000087
:10DAA000C0EC0200A8D902000100000064EC0200F2
:10DAB000ACD902000100F4019CEC0200B0D90200D4
:10DAC0000100F40170EC0200B4D902000100F4017D
:10DAD000D0EC0200B8D902000200F40148ED0200C7
:10DAE000C0D902000200F40158ED0200C8D90200BA
:10DAF0000200F40168ED0200D0D902000200C80063
:10DB0000F8EC0200D8D902000200C80008ED0200BB
:10DB1000E0D902000200C80034ED0200E8D902009A
:10DB20000200C8001CED0200F0D902000400C80089
:10DB30007CED020000DA02000400C8008CED020057
:10DB400010DA02000400C8009CED020020DA020096
:10DB50000600C8007CED020038DA02000600C800AA
:10DB60008CED020050DA02000600C8009CED0200B5
:10DB700068DA02000200F40180EC020070DA0200B0
:10DB80000200F401B0EC020078DA02000200F401B5
:10DB9000E4EC020000000042000000410000000030
:10DBA00000000040B80B0000000000000000000072
:10DBB0000000000000000000000000000000000065
:10DBC00000002041000000000000000000000000F4
:10DBD0000000000000000000000000000000000045
:10DBE00000000000000020410000000000000000D4
:10DBF0000000000000000000000000000000000025
:10DC000018DC020094DB020094DC0200B8DB0200A6
:10DC100010DD0200DCDB0200000000000000044018
:10DC2000010000000000044000002000050000008A
:10DC300000000000000000000000000000000000E4
:10DC400000000000000000000200000000000000D2
:10DC500000000000000000000000000000000000C4
:10DC600000000000000000000100000000000F00A4
:10DC700079A50100000000000000000000008041C4
:10DC8000000000000000000000000000333353409B
:10DC90000C00000000000000000004400001000033
:10DCA0000000000000000000000000000000044030
:10DCB0000000010000010000000000000000000062
:10DCC0000000000002000000000000010000000051
:10DCD00000000000000000000100000058080140A2
:10DCE000020101000001000000000000000000002F
:10DCF0000100010095A501000000000000000000E7
:10DD000000409C4500000000333353400C000000ED
:10DD100000000000000004400001000000000000BE
:10DD200000000000000000000000044000000200AD
:10DD300001010000000000000000000000000000E1
:10DD400002000000000000000000000000000000D1
:10DD500000000000000000000000000000000000C3
:10DD600000000000000000000000000000000000B3
:10DD700000000000000000000000000000409C4582
:10DD800000000000333353400C000000000000008E
:10DD9000010000000100000001000000020000007E
:10DDA000120000000100000004000000020000005A
:10DDB00001000000000100000A0000000100000056
:10DDC000004000001300000001000000008000007F
:10DDD0001400000002000000000100000A00000022
:10DDE00002000000400000000800000002000000E7
:10DDF00020000000050000000200000000400000BC
:10DE00001300000002000000008000001400000069
:10DE100002000000020000001200000005000000E7
:10DE2000000100000A0000000500000004000000DE
:10DE30000300000005000000004000001300000087
:10DE40000500000000800000140000000500000034
:10DE500002000000120000000300000000010000AA
:10DE60000A0000000300000020000000060000007F
:10DE70000300000000400000130000000300000049
:10DE800000800000140000000300000002000000F9
:10DE90001200000003000000400000000800000025
:10DEA00006000000000100000A000000060000005B
:10DEB0000400000004000000060000000040000014
:10DEC00013000000060000000080000014000000A5
:10DED0000600000002000000120000000400000024
:10DEE000000100000A000000040000002000000003
:10DEF00007000000040000000040000013000000C4
:10DF00000400000000800000140000000400000075
:10DF100002000000120000000400000040000000A9
:10DF20000800000007000000000100000A000000D7
:10DF300007000000040000000900000007000000C6
:10DF400000400000130000000700000000800000F7
:10DF50001400000007000000020000001200000092
:10DF60000A00000004000000020000000A00000097
:10DF700000100000100000000A000000000800006F
:10DF80000D0000000A000000004000001300000027
:10DF90000A00000000800000140000000A000000D9
:10DFA00002000000120000000D000000040000004C
:10DFB000020000000D000000000100000B00000046
:10DFC0000D00000000400000130000000D000000E4
:10DFD00000800000140000000D000000020000009E
:10DFE000120000000B00000004000000020000000E
:10DFF0000B000000000800000E0000000B000000F5
:10E0000000400000130000000B0000000080000032
:10E01000140000000B0000000200000012000000CD
:10E020000B00000000100000100000000E000000B7
:10E0300004000000020000000E00000000010000CB
:10E040000C0000000E000000004000001300000063
:10E050000E00000000800000140000000E00000010
:10E0600002000000120000000C000000040000008C
:10E07000020000000C000000000800000F0000007B
:10E080000C00000000400000130000000C00000025
:10E0900000800000140000000C00000002000000DE
:10E0A000120000000C000000001000001000000032
:10E0B0000F00000004000000020000000F0000003C
:10E0C00000010000110000000F00000000400000EF
:10E0D000130000000F00000000800000140000008A
:10E0E0000F000000020000001200000013000000FA
:10E0F0000100000001000000140000000000010009
:10E1000000000000120000000100000001000000FB
:10E1100010000000000001000100000008000000E5
:10E1200000000100010000000900000000000100E3
:10E1300001000000110000000000010001000000CB
:10E1400001000000000002001500000002000000B5
:10E1500000000200160000000500000000000200A0
:10E16000160000000300000000000200160000007E
:10E17000060000000000020016000000040000007D
:10E18000000002001600000007000000000002006E
:10E19000160000000A000000000002001600000047
:10E1A0000D00000000000200160000000B0000003F
:10E1B00000000200160000000E0000000000020037
:10E1C000160000000C000000000002001600000015
:10E1D0000F00000000000200160000001500000003
:10E1E00004000000160000001500000000010000FF
:10E1F00016000000150000000000040001000000EF
:10E2000016000000000008001500000001000000DA
:10E2100000002000170000000100000000001000B6
:10E22000190000001900000000008000010000003B
:10E2300019000000000100000A00000017000000A3
:10E240000000800001000000170000000400000032
:10E250001800000017000000000100000A00000084
:10E260000200000000002000180000000300000071
:10E270000000200018000000040000000000200042
:10E280001800000005000000000020001800000039
:10E290000600000000002000180000000700000039
:10E2A000000020001800000018000000000000011D
:10E2B00017000000000000005948020000000000A4
:10E2C00001000000594802000000000002000000A8
:10E2D0004149020000000000030000004149020023
:10E2E000000000000400000041490200000000009E
:10E2F0000500000041490200000000000600000087
:10E3000041490200000000000700000041490200EE
:10E310000000000008000000594802000000000052
:10E320000900000059480200000000000A00000037
:10E3300041490200000000000B00000041490200BA
:10E34000000000000C000000414902000000000035
:10E350000D00000041490200000000000E00000016
:10E3600041490200000000000F0000004149020086
:10E3700000000000100000005948020000000000EA
:10E3800011000000594802000000000012000000C7
:10E3900081470200000000001300000081470200D6
:10E3A000000000001400000081470200000000008F
:10E3B0001700000081470200BD4F02001800000056
:10E3C00081470200BD4F0200190000008147020092
:10E3D000BD4F02001500000081470200BD4F020042
:10E3E0001600000081470200BD4F0200000000003F
:10E3F0000100000001000000010000000800000012
:10E4000002000000010000000010000008000000F1
:10E4100002000000200000000300000002000000D5
:10E4200010000000010000000300000000000400D4
:10E43000040000000400000040000000050000008F
:10E44000040000008000000006000000040000003E
:10E4500000020000070000000400000000080000A7
:10E460000100000004000000008000000100000026
:10E470000400000000000100010000000400000092
:10E48000001000000800000005000000000100006E
:10E4900004000000050000000080000001000000F2
:10E4A0000500000000000100010000000500000060
:10E4B0000010000008000000050000000008000037
:10E4C000010000000500000000020000070000003D
:10E4D000060000000001000004000000060000002B
:10E4E00000800000010000000600000000000100A4
:10E4F00001000000060000000010000008000000FD
:10E5000006000000000800000100000006000000F6
:10E5100000020000070000000700000000040000E7
:10E5200004000000070000000008000001000000D7
:10E5300008000000002000000900000009000000A1
:10E54000004000000100000000000000B55902007A
:10E55000000000000100000055580200000000000B
:10E5600002000000555802000000000003000000F7
:10E57000D55902000000000004000000D559020037
:10E580000000000005000000D55902000000000056
:10E5900006000000D559020000000000070000003E
:10E5A000D55902000000000008000000D559020003
:10E5B0000000000009000000D55902000000000022
:10E5C0000000000004000000010000000000000046
:10E5D00008000000020000000000000040000000F1
:10E5E000050000000100000008000000020000001B
:10E5F0000100000010000000030000000100000006
:10E6000020000000040000000100000040000000A5
:10E6100005000000020000000400000001000000EE
:10E6200002000000100000000300000002000000D3
:10E630002000000004000000020000004000000074
:10E6400005000000030000000400000001000000BD
:10E6500003000000080000000200000003000000AA
:10E660002000000004000000030000004000000043
:10E67000050000000400000004000000010000008C
:10E680000400000008000000020000000400000078
:10E690001000000003000000040000004000000023
:10E6A00005000000050000008000000000000000E0
:10E6B00000000000ED8D02000000000001000000DD
:10E6C000F18D02000000000002000000F18D020048
:10E6D0000000000004000000F18D020000000000B6
:10E6E00003000000F18D02000000000005000000A2
:10E6F000F18D020000000000000000000100000099
:10E700000100000001000000800000000200000085
:10E7100001000000020000000300000001000000F2
:10E7200004000000040000000100000000200000C0
:10E7300005000000010000002000000003000000B0
:10E740000100000040000000030000000200000083
:10E7500002000000030000000200000004000000AE
:10E76000040000000200000000200000050000007E
:10E770000200000020000000030000000200000072
:10E7800040000000030000000500000080000000C1
:10E790000200000005000000080000000100000069
:10E7A000030000000800000001000000030000005A
:10E7B0000800000001000000040000000800000044
:10E7C0000100000000000000D9A4020000000000C9
:10E7D00001000000D7A402000000000002000000B9
:10E7E000DDA4020000000000050000002DA50200CD
:10E7F00000000000030000002DA502000000000042
:10E80000040000002DA502000000000001008000AF
:10E810000100000000800100000040000100000035
:10E82000800001000CE8020012E8020018E8020073
:10E830001EE8020000000000000407400101010082
:10E8400000403300010000803200010000000000A1
:10E8500000000000000000000000000000100000A8
:10E86000080A000080000000FA0000000200070013
:10E87000DD61020000000000000000000000000058
:10E880000000000000000000FFFFFF180000000073
:10E8900021002100A4E8020090E80200C4E8020080
:10E8A00092E802000000044000000800030100009C
:10E8B000000000000000803F0000000033335340A0
:10E8C0000C000000000004400000100004010000E3
:10E8D000000000000000803F000000003333534080
:10E8E0000C000000100003021100030223000302C9
:10E8F00024000302A1000302A2000302A7000302F6
:10E90000100103001101030023010300240103008F
:10E91000A1010300A2010300A70103008E0002026F
:10E920003400020335000203B5000203B6000203FF
:10E930002D0002032E0002032F0002033C000203FD
:10E94000290003023A0003022A000203BE00020368
:10E95000BB00020231000203320002033300020353
:10E96000B7000203B80002033101020230000202C4
:10E970003B00020224000000D4EF0200D516020082
:10E980000000000000000100000000000100000085
:10E99000E4EF0200E15502009156020001000A0076
:10E9A000000000000100000070EF02005957020053
:10E9B0000000000001000A0000000000010000004B
:10E9C00050EF02002D5202006D53020001000A00B8
:10E9D000000000000100000048EF0200D9560200CC
:10E9E0000000000001000A0000000000010000001B
:10E9F00084EF02002155020055550200010001007C
:10EA00000000000001000000ECEF0200E5CE010074
:10EA1000D5CF01000100050000000000010000004A
:10EA200058EF02001DD2010015D3010001000100C2
:10EA30000000000001000000C8EF0200B5CD010099
:10EA400000000000010001000000000001000000C3
:10EA5000F8EF02009905020000000000020000002B
:10EA60000000000001000000BCEF0200FDD2020027
:10EA7000000000000200640000000000010000002F
:10EA800004F0020081FD010065FF010002000100A9
:10EA90000000000001000000A4EF020051FE010090
:10EAA00009FF010002000100000000000100000059
:10EAB00068EF0200210202000503020002000100CB
:10EAC000000000000100000094EF0200991802000D
:10EAD0004D1D0200020001000000000001000000C6
:10EAE000B0EF0200FDD202000000000004000000B0
:10EAF000000000000100000000010101010202020B
:10EB000002303132333435363738394142434445A7
:10EB1000460000000000005454522052454747452B
:10EB2000530030313233343536373839414243447B
:10EB300045460000F103DA1803F1DA181881FF18CE
:10EB4000F0FFDB187B69020093690200A9690200EB
:10EB5000C769020029690200036902006D690200A9
:10EB60004D6902003F69020021690200176A020034
:10EB70001F6A02008B690200D5690200F103DA18EE
:10EB800003F1DA181881FF18F0FFDB186576656E5F
:10EB9000745F63616C69625F310000006576656E69
:10EBA000745F63616E5F31006576656E745F61638B
:10EBB000745F31006576656E745F6D6F745F3100F0
:10EBC0006576656E745F63616C69625F3200000038
:10EBD0006576656E745F63616E5F32006576656E43
:10EBE000745F6163745F32006576656E745F6D6F2C
:10EBF000745F320073797374656D5F6576656E74EA
:10EC00005F0000006576656E745F6B65795F00007C
:10EC100073797374656D5F6576656E7400000000CE
:10EC20006576656E745F6B65790000004B45593001
:10EC30002B4B4559315F4C4F4E47000052656400E5
:10EC4000426C61636B000000477265656E000000F6
:10EC500059656C6C6F770000536F6C69645F526527
:10EC600064000000536F6C69645F426C61636B0009
:10EC7000536F6C69645F5265645F477265656E00CF
:10EC8000416C745F5265645F477265656E00000099
:10EC9000536F6C69645F477265656E00536F6C6992
:10ECA000645F5265645F59656C6C6F7700000000AB
:10ECB000416C745F5265645F59656C6C6F770000DE
:10ECC000536F6C69645F59656C6C6F77000000006E
:10ECD000536F6C69645F477265656E5F59656C6CF4
:10ECE0006F770000416C745F477265656E5F5965B0
:10ECF0006C6C6F7700000000426C696E6B5F526550
:10ED0000645F3130487A0000426C696E6B5F477215
:10ED100065656E5F3130487A00000000426C696EB4
:10ED20006B5F5265645F59656C6C6F775F3130481B
:10ED30007A000000426C696E6B5F59656C6C6F778E
:10ED40005F3130487A000000426C696E6B5F52653B
:10ED5000645F32487A000000426C696E6B5F4772F4
:10ED600065656E5F32487A00426C696E6B5F59650B
:10ED70006C6C6F775F32487A00000000426C696EFD
:10ED80006B5F5265645F35487A000000426C696EC3
:10ED90006B5F477265656E5F35487A00426C696EDD
:10EDA0006B5F59656C6C6F775F35487A00000000C7
:10EDB0001B5B33336D5B25735D206D795379737401
:10EDC000656D2E617869735B25645D2E6D6F746F60
:10EDD000722E6576745F6D6F742C204556545F4DAE
:10EDE0004F545F464F52574152441B5B306D0D0AE2
:10EDF000000000001B5B33336D5B25735D206D7974
:10EE000053797374656D2E617869735B25645D2E2B
:10EE10006D6F746F722E6576745F6D6F742C204504
:10EE200056545F4D4F545F524556455253451B5BF8
:10EE3000306D0D0A000000001B5B33336D5B2573E2
:10EE40005D204D7367205375627363726962653A22
:10EE5000206475706C696361746520737562736397
:10EE6000726962652028746F7069633A3078253062
:10EE70003458291B5B306D0D0A0000001B5B3331D9
:10EE80006D5B25735D204D736720537562736372EC
:10EE90006962653A20737562736372696265206C9A
:10EEA0006973742066756C6C2028746F7069633A9E
:10EEB000307825303458291B5B306D0D0A00000076
:10EEC0001B5B33336D5B25735D204D73672050757D
:10EED000626C6973683A20696E76616C696420704F
:10EEE00072696F2028746F7069633A307825303406
:10EEF000582C207072696F3A2564291B5B306D0DA8
:10EF00000A0000001B5B33316D5B25735D204D7380
:10EF100067205075626C6973683A2063616C6C623B
:10EF200061636B204E554C4C2028746F7069633AB6
:10EF30003078253034582C206964783A2564291BB0
:10EF40005B306D0D0A0000002250574D220000007A
:10EF50002243414E22000000224374726C5F5370C2
:10EF60006565642200000000226C656422000000D8
:10EF70002273746F726167655F6D6F64756C652273
:10EF80000000000022706F735F6D6F64756C652206
:10EF9000000000002273746174655F6D61636869CD
:10EFA0006E652200226B65795F737461746522005F
:10EFB00022776F726B5F63666722000022636F6E59
:10EFC0006669672200000000226375725F6C6F6FD4
:10EFD0007022000022736F66745F74696D6572221F
:10EFE0000000000022706F77657222002243747265
:10EFF0006C5F506F73220000226D73675F627573E0
:10F0000022000000226B6579220000001B5B333672
:10F010006D5B25735D2046696C746572207265674F
:10F02000697374657265643A2049443D30782530CF
:10F0300038582C204D61736B3D3078253038582C72
:10F0400020636F756E743D25641B5B306D0D0A0087
:10F050001B5B33336D5B25735D2054582063616CFB
:10F060006C6261636B3A2073656E64206661696CE3
:10F0700065642C206672616D652072657475726EB0
:10F08000656420746F2071756575651B5B306D0D4F
:10F090000A0000001B5B33366D5B25735D20554411
:10F0A00053205368617265642073746174653A20FB
:10F0B0006D616769633D3078253038582C20706861
:10F0C0006173653D25642C2070656E64696E675FB1
:10F0D0007369643D3078253032580D0A1B5B306D02
:10F0E0000D0A00001B5B33326D5B25735D20466C9F
:10F0F000617368446F776E6C6F616420696E6974C8
:10F1000020646F6E653A2073746172743D307825A7
:10F110003038582C206D61785F73697A653D2564BD
:10F120002C20736563746F723D25641B5B306D0D1D
:10F130000A0000001B5B33366D5B25735D20577240
:10F140006974696E6720746F20466C6173683A2039
:10F15000616464723D3078253038582C2073697AA8
:10F16000653D25642C20776F7264733D25641B5BBD
:10F17000306D0D0A000000001B5B33326D5B2573A0
:10F180005D207365713D252D34642C2074696D6597
:10F190003D2533752E25303375732C202573203093
:10F1A00078253038582C20253032582025303258D8
:10F1B0002025303258202530325820253032582032
:10F1C000253032582025303258202530325820251D
:10F1D000731B5B306D0D0A001B5B33366D5B257353
:10F1E0005D2020205741524E494E473A206D6167BD
:10F1F0006963206D69736D617463682028307825B8
:10F20000303858292C2070656E64696E675F7369A9
:10F2100064204E4F54207772697474656E210D0A14
:10F220001B5B306D0D0A00001B5B33366D5B257375
:10F230005D20202053686172656420737461746579
:10F240003A206D616769633D3078253038582C204D
:10F2500070686173653D25642C2070656E64696E0D
:10F26000675F7369643D3078253032580D0A1B5B47
:10F27000306D0D0A000000001B5B33366D5B25739B
:10F280005D2020204543552052657365743A204126
:10F29000505020636F6E746578742C2073656E64B3
:10F2A000696E67206E6F726D616C20726573706F2E
:10F2B0006E73650D0A1B5B306D0D0A001B5B3336E8
:10F2C0006D5B25735D202020454355205265736595
:10F2D000743A20426F6F746C6F6164657220636F63
:10F2E0006E746578742C2077726974696E6720700B
:10F2F000656E64696E675F7369643D307831312093
:10F30000746F20666C6173680D0A1B5B306D0D0AAB
:10F31000000000001B5B33326D5B25735D2073655D
:10F320007373696F6E5F6D6F64653D25642028445B
:10F33000454641554C54292C207365637572697498
:10F34000795F73746174653D256420284C4F434B8D
:10F350004544291B5B306D0D0A0000001B5B3336F2
:10F360006D5B25735D2043414E2049442066696CE6
:10F3700074657265643A20307825303858202865E5
:10F380007870656374656420307825303858206F54
:10F390007220307825303858291B5B306D0D0A00FB
:10F3A0001B5B33336D5B25735D205472616E736636
:10F3B000657220446174612072656A656374656476
:10F3C0003A207365637572697479206E6F74207565
:10F3D0006E6C6F636B6564202873746174653D2582
:10F3E00064291B5B306D0D0A000000001B5B33338A
:10F3F0006D5B25735D205265717565737420446F74
:10F40000776E6C6F61642072656A65637465643AD7
:10F41000207365637572697479206E6F7420756EE0
:10F420006C6F636B6564202873746174653D25643B
:10F43000291B5B306D0D0A001B5B33336D5B25733D
:10F440005D20526F7574696E6520436F6E74726FC4
:10F450006C2072656A65637465643A2073656375D0
:10F4600072697479206E6F7420756E6C6F636B6552
:10F4700064202873746174653D2564291B5B306DBD
:10F480000D0A00001B5B33336D5B25735D205472E6
:10F49000616E7366657220457869742072656A656D
:10F4A000637465643A207365637572697479206E5C
:10F4B0006F7420756E6C6F636B6564202873746164
:10F4C00074653D2564291B5B306D0D0A000000004A
:10F4D0001B5B33336D5B25735D205472616E736605
:10F4E000657220446174612072656A656374656445
:10F4F0003A206E6F7420696E2050524F4752414D32
:10F500004D494E472073657373696F6E202873658C
:10F510007373696F6E3D2564291B5B306D0D0A00A6
:10F520001B5B33336D5B25735D20526571756573AD
:10F530007420446F776E6C6F61642072656A6563D6
:10F540007465643A206E6F7420696E2050524F4784
:10F5500052414D4D494E472073657373696F6E205C
:10F560002873657373696F6E3D2564291B5B306D6D
:10F570000D0A00001B5B33336D5B25735D205472F5
:10F58000616E7366657220457869742072656A657C
:10F59000637465643A206E6F7420696E2050524F18
:10F5A0004752414D4D494E472073657373696F6EE5
:10F5B000202873657373696F6E3D2564291B5B306A
:10F5C0006D0D0A001B5B33336D5B25735D20446F4B
:10F5D000776E6C6F616420696E74657266616365D5
:10F5E000206E6F7420726567697374657265642C30
:10F5F000204449442076616C7565732073657420DE
:10F60000746F20301B5B306D0D0A00001B5B3333C1
:10F610006D5B25735D202121212053455353494FB4
:10F620004E2054494D454F555420212121207365CA
:10F630007373696F6E5F6D6F64653D2564202D3E49
:10F640002044454641554C541B5B306D0D0A00006B
:10F650001B5B33366D5B25735D20525820726177DA
:10F660005B302E2E375D3A2025303258202530323F
:10F670005820253032582025303258202530325835
:10F680002025303258202530325820253032581B62
:10F690005B306D0D0A0000001B5B33336D5B25731F
:10F6A0005D205472616E73666572206461746120BE
:10F6B00072656A65637465643A20646C5F72657331
:10F6C000756C743D25642C204E52433D30782530B6
:10F6D00032581B5B306D0D0A000000001B5B33339A
:10F6E0006D5B25735D205265717565737420646F61
:10F6F000776E6C6F61642072656A65637465643AE5
:10F7000020646C5F726573756C743D25642C204EAB
:10F7100052433D3078253032581B5B306D0D0A0066
:10F720001B5B33336D5B25735D205472616E7366B2
:10F73000657220657869742072656A6563746564B2
:10F740003A20646C5F726573756C743D25642C207F
:10F750004E52433D3078253032581B5B306D0D0AD8
:10F76000000000001B5B33336D5B25735D20446F2D
:10F77000776E6C6F616420696E7465726661636533
:10F78000206E6F7420726567697374657265642C8E
:10F790002063616E6E6F7420726561642044494419
:10F7A000203078253034581B5B306D0D0A00000086
:10F7B0001B5B33336D5B25735D204475706C69632F
:10F7C00061746520526571536565642C2072652DE6
:10F7D00073656E64696E67206578697374696E67B6
:10F7E00020736565643A203078253038581B5B30CB
:10F7F0006D0D0A001B5B33336D5B25735D204E4F2F
:10F800005420696E20455854454E4445442F50526B
:10F810004F4752414D4D494E472073657373696F91
:10F820006E212073657373696F6E5F6D6F64653DE4
:10F8300025641B5B306D0D0A000000001B5B333339
:10F840006D5B25735D204E6F7420696E20455854A2
:10F85000454E4445442F50524F4752414D4D494E1D
:10F86000472073657373696F6E21207365737369C5
:10F870006F6E5F6D6F64653D25641B5B306D0D0AB7
:10F88000000000001B5B33366D5B25735D20437504
:10F890007272656E742073746174653A2073657357
:10F8A00073696F6E3D25642C20736563757269748E
:10F8B000793D25642C2074696D65723D25641B5B60
:10F8C000306D0D0A000000001B5B33366D5B257345
:10F8D0005D2053746174653A2073657373696F6E4C
:10F8E0003D2564282573292C20736563757269741E
:10F8F000793D2564282573292C2074696D65723D36
:10F9000025642C2064656C61793D25641B5B306D3A
:10F910000D0A00001B5B33326D5B25735D20526F57
:10F920007574696E6520436F6E74726F6C3A204116
:10F930005050202D3E20426F6F746C6F6164657271
:10F940002C207363686564756C65642064656C6104
:10F950007965642072657365741B5B306D0D0A00F8
:10F960001B5B33366D5B25735D20466F72636520CC
:10F970004F544120636D6420307831384646353825
:10F980003538203D203078253032582C2072657370
:10F99000657474696E6720746F20626F6F746C6F2A
:10F9A000616465722E2E2E0D0A1B5B306D0D0A00F0
:10F9B0001B5B33366D5B25735D2049534F54503AC2
:10F9C000206661696C656420746F20726567697375
:10F9D0007465722052582066696C74657220666F77
:10F9E000722043414E204944203078253038580D4C
:10F9F0000A1B5B306D0D0A0018FA02000880FF1F19
:10FA00003403000020A5010020FB02003C83FF1FFF
:10FA100014730200943F02001410EC0214F4EB0281
:10FA20001AA8041ADC041AB4041AE8041A9C041A6A
:10FA3000D0041A8C041AC0041A20281A04040128BD
:10FA40001A402C1A3C041A48045A50383BFFFF1A3B
:10FA500052402480BB44438C43E3564D234D31AA8E
:10FA60000110223209167A00092CCDCC4C3DD0076A
:10FA7000E8031455A20214D1A3021AEB0814C5A47A
:10FA8000021A350C1AA9041AD3101AE5081A15041B
:10FA90001AF50C1AC1041A75041A3D100124400904
:10FAA000FC80FF1F2881FF1F29C02A08E741356419
:10FAB000014004B20529209A1020291CE9209A202F
:10FAC000200A1106209A40209A0720291C29043A6E
:10FAD0008006011279160A1C80200A1D4040091672
:10FAE00060C1DD504F5331100A1E323614C9710205
:10FAF00014D572021A8F041ABD0C1AC3041AA90C69
:10FB00001A71041A0F0C1A81041123E0062220C571
:10FB1000A55AA55A1E9C82FF1FB004015C0000007C
:040000050001A281D3
:00000001FF
