:020000040001F9
:10A0000050F6012099A20100D1A20100D3A20100C3
:10A01000D5A20100D7A20100D9A2010000000000D2
:10A02000000000000000000000000000DBA20100B2
:10A03000DDA2010000000000DFA201002D1E0200D1
:10A0400075F2010089F201009DF20100B1F20100F8
:10A05000C5F20100D9F20100EDF2010001F30100A7
:10A0600015F3010029F301003DF3010051F3010054
:10A0700065F3010079F301008DF30100A1F3010004
:10A08000B5F30100C9F30100DDF30100F1F30100B4
:10A0900005F4010019F401002DF4010041F4010060
:10A0A00055F4010069F401007DF4010091F4010010
:10A0B000A5F40100B9F40100CDF40100E1F40100C0
:10A0C000F5F4010009F501001DF5010031F501006D
:10A0D00045F5010059F501006DF5010081F501001C
:10A0E00095F50100A9F50100BDF50100D1F50100CC
:10A0F000E5F50100F9F501000DF6010021F601007A
:10A1000035F6010049F601005DF6010071F6010027
:10A1100085F6010099F60100ADF60100C1F60100D7
:10A12000D5F60100E9F60100FDF6010011F7010086
:10A1300025F7010039F701004DF7010061F7010033
:10A1400075F7010089F701009DF70100B1F70100E3
:10A15000C5F70100D9F70100EDF7010001F8010092
:10A1600015F8010029F801003DF8010051F801003F
:10A1700065F8010079F801008DF80100A1F80100EF
:10A18000B5F80100C9F80100DDF80100F1F801009F
:10A1900005F9010019F901002DF9010041F901004B
:10A1A00055F9010069F901007DF9010091F90100FB
:10A1B000A5F90100B9F90100CDF90100E1F90100AB
:10A1C000F5F9010009FA01001DFA010031FA010058
:10A1D00045FA010059FA01006DFA010081FA010007
:10A1E00095FA0100A9FA0100BDFA0100D1FA0100B7
:10A1F000E5FA0100F9FA01000DFB010021FB010065
:10A2000035FB010049FB01005DFB010071FB010012
:10A2100085FB010099FB0100ADFB0100C1FB0100C2
:10A22000D5FB0100E9FB0100FDFB010011FC010071
:10A2300025FC010039FC01004DFC010061FC01001E
:10A24000E3A20100E3A20100E3A20100E3A20100F6
:10A25000E3A20100E3A20100E3A20100E3A20100E6
:10A26000E3A20100E3A20100E3A20100E3A20100D6
:10A27000E3A20100E3A20100E3A20100E3A20100C6
:10A28000DFF810D000F03CF900480047A18B020035
:10A29000AFF3008050F6012012484FF01F0101601B
:10A2A00011484FF07701016010484FF077010160CD
:10A2B0000F484FF4885101600B484FF07601016060
:10A2C0000A484FF0760101600A4880470A48004773
:10A2D000FEE7FEE7FEE7FEE7FEE7FEE7FEE7FEE756
:10A2E000FEE7FEE710080540040805400C0805409D
:10A2F000000805404524020081A201002DE9F05F1D
:10A300000546002092469B468846064681464024E4
:10A310001BE0284641464746224600F0E0F85346F7
:10A320005A46C01A914110D311461846224600F0F1
:10A33000C7F82D1A67EB01084F462246012000217D
:10A3400000F0BEF817EB00094E41201EA4F10104F5
:10A35000DFDC484631462A464346BDE8F09F40EAE6
:10A3600001039B0703D009E008C9121F08C0042A93
:10A37000FAD203E011F8013B00F8013B521EF9D27A
:10A380007047D2B201E000F8012B491EFBD27047A2
:10A390000022F6E710B513460A4604461946FFF7B1
:10A3A000F0FF204610BD421E12F8013F002BFBD1EA
:10A3B00011F8013B02F8013B002BF9D1704710B5B1
:10A3C000044604E00B7800F8013B03B1491C521E1F
:10A3D000F8D2204610BD421C10F8011B0029FBD109
:10A3E000801A704710B5002200E0521C835C8C5C20
:10A3F000A34201D1002BF8D1D8B2E1B2401A10BD6E
:10A4000030B504460020034600E05B1C934203D2B3
:10A41000E05CCD5C401BF8D030BD30B50546002077
:10A42000034600E05B1C934205D2EC5CC85C201A3A
:10A4300001D1002CF6D130BD00F0004230F00040D8
:10A440000AD0C10D01F56071C0F3160042EA015156
:10A45000C2084007114370470020014670470000C2
:10A4600030B5041E71F1000404DB4FF0004440429B
:10A4700064EB0101141E73F1000405DB1C464FF070
:10A480000043524263EB04038B4208BF824230BD5B
:10A4900030B5041E71F1000404DB4FF0004440426B
:10A4A00064EB0101141E73F1000405DB1C464FF040
:10A4B0000043524263EB0403994208BF904230BD0F
:10A4C000202A04DB203A00FA02F100207047914074
:10A4D000C2F1200320FA03F3194390407047202A69
:10A4E00004DB203A21FA02F00021704721FA02F33E
:10A4F000D040C2F120029140084319467047000045
:10A50000064C074D06E0E06840F0010394E80700C0
:10A5100098471034AC42F6D3FFF7B6FE5CFC02005D
:10A520007CFC020070B58C1810F8015B15F0070375
:10A5300001D110F8013B2A1106D110F8012B03E0DC
:10A5400010F8016B01F8016B5B1EF9D12B0705D4E4
:10A550000023521E0DD401F8013BFAE710F8013B2D
:10A56000CB1A921C03E013F8015B01F8015B521E49
:10A57000F9D5A142D8D3002070BD000010B501214B
:10A58000034800F07DF803480EF09CFF10BD00006A
:10A5900000000440D8E2FF1F10B50221054800F07A
:10A5A0006FF805480EF08EFF04480EF08BFF0BF09D
:10A5B0006FF810BD00000440F4E2FF1F10E3FF1F1E
:10A5C0002DE9F04107460C461546984600BF1F4846
:10A5D000874201D1102D04D91D48874202D1082D90
:10A5E00000D804E040F265111AA002F039FF00BF64
:10A5F00000BF0CB1012C00D104E04FF4B37115A0E1
:10A6000002F02EFF00BF00BFB8F1000F02D0B8F17A
:10A61000010F00D104E040F267110EA002F020FF0C
:10A6200000BF07F10C0000EB8406B8F1010F05D163
:10A6300030680121A9400843306004E030680121FE
:10A64000A94088433060BDE8F0810000000004406C
:10A65000000404402E2E5C647269766572735C6837
:10A660006333325F6C6C5F6472697665725C7372BF
:10A67000635C686333325F6C6C5F6164632E63009C
:10A6800070B505460C4600BF0F48854202D00F4802
:10A69000854200D104E040F2AB210DA002F0E0FEC3
:10A6A00000BF00BF24B144F00300032800D104E040
:10A6B0004FF42B7106A002F0D3FE00BF84F003001C
:10A6C00085F8460070BD000000000440000404400E
:10A6D0002E2E5C647269766572735C686333325FD8
:10A6E0006C6C5F6472697665725C7372635C6863DC
:10A6F00033325F6C6C5F6164632E630070B5054636
:10A700000C4600BF0A48854201D1102C04D90948E3
:10A71000854202D1082C00D804E040F2762106A040
:10A7200002F09EFE00BF05F1500030F8140070BD2D
:10A7300000000440000404402E2E5C6472697665BB
:10A7400072735C686333325F6C6C5F6472697665E8
:10A75000725C7372635C686333325F6C6C5F6164FC
:10A76000632E630070B505460C466FF0020600BF0D
:10A770002148854202D02148854200D103E0E521ED
:10A780001FA002F06DFE00BF002C33D000BF208858
:10A7900040B12088012805D02088022802D02088D6
:10A7A000032800D103E0E82115A002F059FE00BF04
:10A7B00000BF6088202804D06088102801D06088FD
:10A7C00000B903E0E9210EA002F04AFE00BF00BF7D
:10A7D000A08810B1A088802800D103E0EA2108A059
:10A7E00002F03EFE00BF208861880843A18808432C
:10A7F00068800026304670BD00000440000404401C
:10A800002E2E5C647269766572735C686333325FA6
:10A810006C6C5F6472697665725C7372635C6863AA
:10A8200033325F6C6C5F6164632E630070B5044605
:10A830000D46164600BF1948844202D0184884428B
:10A8400000D104E040F23B2116A002F009FE00BF57
:10A8500000BF25B145F00300032800D104E04FF408
:10A860000F7110A002F0FCFD00BF00BF0EB1012E61
:10A8700000D104E040F23D210AA002F0F1FD00BF4A
:10A88000012E05D194F84700284384F8470004E0DE
:10A8900094F84700A84384F8470070BD00000440C6
:10A8A000000404402E2E5C647269766572735C68E5
:10A8B0006333325F6C6C5F6472697665725C73726D
:10A8C000635C686333325F6C6C5F6164632E63004A
:10A8D00070B50446002500BF0A48844202D00A48E9
:10A8E000844200D104E040F2532108A002F0B8FDF8
:10A8F00000BF2078012801D1C51F01E00120207090
:10A90000284670BD00000440000404402E2E5C6404
:10A910007269766572735C686333325F6C6C5F6416
:10A9200072697665725C7372635C686333325F6C04
:10A930006C5F6164632E630001466FF0020021B119
:10A9400000220A804A808A800020704770B5044641
:10A950000D46164600BF1A48844202D01948844268
:10A9600000D104E040F2222117A002F079FD00BFDF
:10A9700000BF0DB1012D00D104E040F2232112A04F
:10A9800002F06EFD00BF00BF0EB1012E00D104E049
:10A990004FF409710CA002F063FD00BF012E07D136
:10A9A0006089EA008021914089B20843608105E016
:10A9B0006089EA00802191408843608170BD000079
:10A9C00000000440000404402E2E5C647269766529
:10A9D00072735C686333325F6C6C5F647269766556
:10A9E000725C7372635C686333325F6C6C5F61646A
:10A9F000632E630070B506460C46154600BF1B4823
:10AA0000864202D01A48864200D104E040F20B216F
:10AA100018A002F025FD00BF00BF0CB1012C00D131
:10AA200004E04FF4037113A002F01AFD00BF00BF51
:10AA30002DB1012D03D0022D01D0032D00D104E052
:10AA400040F20D210BA002F00BFD00BFE006040E4A
:10AA500070890321A140884305FA04F10322A24032
:10AA600092B211400843708170BD000000000440A4
:10AA7000000404402E2E5C647269766572735C6813
:10AA80006333325F6C6C5F6472697665725C73729B
:10AA9000635C686333325F6C6C5F6164632E630078
:10AAA00070B504460D4600BF0A48844207D30948E2
:10AAB0006830844203D804F0030000B903E08F211A
:10AAC00005A002F0CDFC00BF206865F308002060FF
:10AAD00070BD0000040801402E2E5C64726976652A
:10AAE00072735C686333325F6C6C5F647269766545
:10AAF000725C7372635C686333325F6C6C5F616F4E
:10AB0000732E630070B5044625462B4828608020CC
:10AB1000A8802A48A8601A20A8810120A861284698
:10AB200006F09EFE06F026FE2549086006F022FE8D
:10AB30002449086006F01EFE2349086006F01AFE4C
:10AB40002249086006F016FE2149086006F012FE50
:10AB5000204908601A48006820B11F491848006859
:10AB600006F03CFE1748006820B11C4915480068F3
:10AB700006F034FE1448006820B1194912480068F4
:10AB800006F02CFE1148006820B116490F480068F5
:10AB900006F024FE0E48006820B113490C480068F6
:10ABA00006F01CFE0B48006820B1104909480068F7
:10ABB00006F014FE70BD000024DE020024E4020052
:10ABC000DC80FF1FE480FF1FE080FF1FE880FF1F85
:10ABD000EC80FF1FF080FF1F39B001003BB0010087
:10ABE0003DB001003FB0010041B001007DB0010067
:10ABF00070B50446207800EB800101EBC011FE48DF
:10AC000000EB810090F82D0020B9207804210DF090
:10AC100067FF70BD20460AF06BFA94F82C000228FA
:10AC200004D04FF4F6700059022800D1F1E794F8EF
:10AC3000FE01022808D12078F0490DF051FF94F868
:10AC4000FE0184F8FF01E4E794F8FE0194F8FF1197
:10AC5000884207D0207804210DF042FF94F8FE01CD
:10AC600084F8FF0194F8FC0140B92078E4490DF024
:10AC700037FF94F8FC0184F8FD01CAE70121207830
:10AC800000EB800202EBC012DB4800EB820080F890
:10AC90002C1020460CF082FC20460FF0C9FA94F8E4
:10ACA000FC0194F8FD11884207D0207804210DF0B2
:10ACB00017FF94F8FC0184F8FD01D4F8B80103F003
:10ACC000A1F900F4001078B3207800EB800101EBCB
:10ACD000C011C94800EB8100D0F8AC0101280BD0AD
:10ACE000207800EB800101EBC011C34800EB81002C
:10ACF000D0F8AC01152817D1207800EB800101EBCA
:10AD0000C011BD4800EB810090F82E0001280BD146
:10AD10004FF40011D4F8B80103F01EF84FF480117D
:10AD2000D4F8B80103F0F8F9D4F8B80103F06AF9DF
:10AD3000054605F0020058B1022104F5CE7006F078
:10AD400095FD0221D4F8B80103F006F800206070E8
:10AD500005F0010058B1012104F5CE7006F086FD22
:10AD60000121D4F8B80102F0F7FF0120607005F46A
:10AD7000004058B14FF4004104F5CE7006F076FD66
:10AD80004FF40041D4F8B80102F0E6FF05F480402A
:10AD900058B14FF4804104F5CE7006F067FD4FF4D2
:10ADA0008041D4F8B80102F0D7FF05F4803058B1E3
:10ADB0004FF4803104F5CE7006F058FD4FF4803129
:10ADC000D4F8B80102F0C8FF05F4003058B14FF4D0
:10ADD000003104F5CE7006F049FD4FF40031D4F88F
:10ADE000B80102F0B9FF05F4802058B14FF480217A
:10ADF00004F5CE7006F03AFD4FF48021D4F8B80186
:10AE000002F0AAFF05F4002058B14FF4002104F528
:10AE1000CE7006F02BFD4FF40021D4F8B80102F0FB
:10AE20009BFF05F4801058B14FF4801104F5CE70EB
:10AE300006F01CFD4FF48011D4F8B80102F08CFF2D
:10AE400005F4001058B14FF4001104F5CE7006F06F
:10AE50000DFD4FF40011D4F8B80102F07DFF05F4A8
:10AE6000800058B14FF4800104F5CE7006F0FEFC6E
:10AE70004FF48001D4F8B80102F06EFF05F4000031
:10AE800058B14FF4000104F5CE7006F0EFFC4FF41A
:10AE90000001D4F8B80102F05FFF05F0807058B1EE
:10AEA0004FF0807104F5CE7006F0E0FC4FF0807139
:10AEB000D4F8B80102F050FF05F0800048B18021BD
:10AEC00004F5CE7006F0D2FC8021D4F8B80102F06F
:10AED00043FF05F4005058B14FF4005104F5CE7013
:10AEE00006F0C4FC4FF40051D4F8B80102F034FF6E
:10AEF00005F4807058B14FF4807104F5CE7006F0FF
:10AF0000B5FC4FF48071D4F8B80102F025FF05F0CC
:10AF1000040048B1042104F5CE7006F0A7FC04211A
:10AF2000D4F8B80102F018FF05F0080048B1082174
:10AF300004F5CE7006F09AFC0821D4F8B80102F0AE
:10AF40000BFF05F0100048B1102104F5CE7006F09B
:10AF50008DFC1021D4F8B80102F0FEFE05F02000AF
:10AF600048B1202104F5CE7006F080FC2021D4F8F1
:10AF7000B80102F0F1FE05F0400048B1402104F5AF
:10AF8000CE7006F073FC4021D4F8B80102F0E4FE64
:10AF900005F0800048B1802104F5CE7006F066FC13
:10AFA0008021D4F8B80102F0D7FE05F4007058B142
:10AFB0004FF4007104F5CE7006F058FC4FF40071A8
:10AFC000D4F8B80102F0C8FE05F4806058B14FF41F
:10AFD000806104F5CE7006F049FC4FF48061D4F82E
:10AFE000B80102F0B9FE05F4006098B14FF40061B9
:10AFF00004F5CE7006E000008083FF1F40000020B3
:10B000008080003006F032FC4FF40061D4F8B801C3
:10B0100002F0A2FE05F4805058B14FF4805104F5BF
:10B02000CE7006F023FC4FF48051D4F8B80102F042
:10B0300093FE00BF00BFECE5704770477047704754
:10B0400010B504460C48D0F8F001162806D10A497C
:10B05000D1F8FC014FF4002103F05EF80648D0F867
:10B06000F001182806D10449D1F8FC014FF0807195
:10B0700003F052F810BD00003C83FF1F10B50446DA
:10B080000C48D0F80404162806D10A49D1F8100457
:10B090004FF4002103F040F80648D0F804041828C3
:10B0A00006D10449D1F810044FF0807103F034F850
:10B0B00010BD00003C83FF1F00B595B007A808F045
:10B0C0006DFD1D490798884201D015B000BD0D994E
:10B0D0000898CDE9000119A21A490020079B05F044
:10B0E00089FF0D9811281DD114A217A1002005F089
:10B0F00081FF182101A8FFF74BF92048019001209A
:10B100008DF8080008208DF80C0004208DF80D0043
:10B1100051218DF80E1001218DF80F1001A801F0BA
:10B12000F1FC00BF08F034FD04A215A1002005F0D9
:10B1300061FF00BFC9E70000005344554D41494E2F
:10B1400000000000F8F202001B5B33366D5B2573D4
:10B150005D2053656E64696E672070656E64696E0C
:10B16000672031312030312041434B2028353120B8
:10B170003031290D0A1B5B306D0D0A0003F1DA181E
:10B180001B5B33366D5B25735D205544532053683C
:10B190006172656420737461746520636C656172AB
:10B1A00065640D0A1B5B306D0D0A00001FB501229E
:10B1B0000321052003F07AFC02A801F07DF968461E
:10B1C00001F022F82F49304801F047F800208DF8AF
:10B1D0000A0030208DF8090000208DF808000520B5
:10B1E0008DF80C0002A801F0C5F80020019001982C
:10B1F00020F01F0001903121019861F3102001908F
:10B20000019820F0704000F180500190019820F0EA
:10B21000706000F180700190019820F4700000F5DA
:10B220008010019000208DF80000019820F080002F
:10B230000190684600F096FE00BF202000F0FEFD61
:10B240000128FAD100221146042005F0E9FF01226D
:10B2500011460B2005F0E4FF502002F0A9FC4FF44A
:10B26000404003F02FFF05F07BFC052000F0FFFFBE
:10B27000012002F023FA002002F020FA012002F05F
:10B28000E7F91FBD102211007777770710B586B058
:10B2900004460C48009001208DF8040000208DF831
:10B2A00005008DF806008DF8070008208DF80800CD
:10B2B0008DF8094000200590684601F023FC06B097
:10B2C00010BD00005555EF182DE9F04105460C461C
:10B2D00000BF1448854200D104E040F2723112A050
:10B2E00002F0BEF800BF00BF2CB11A482043194934
:10B2F000884200D104E040F273310BA002F0B0F8B4
:10B3000000BF15480440C4F307474FEA146805F826
:10B31000A57F6E7806F0EA0646EA08066E70A53D3F
:10B32000BDE8F081000407402E2E5C6472697665EA
:10B3300072735C686333325F6C6C5F6472697665EC
:10B34000725C7372635C686333325F6C6C5F636101
:10B350006E2E63002701FFD50000FF1510B50446CF
:10B3600000BF0848844200D104E040F2FA2106A060
:10B3700002F076F800BF94F8A00000F07F0084F897
:10B38000A00010BD000407402E2E5C647269766533
:10B3900072735C686333325F6C6C5F64726976658C
:10B3A000725C7372635C686333325F6C6C5F6361A1
:10B3B0006E2E63002DE9F04704460E4615464FF009
:10B3C000000900BF3D48844200D104E040F26A21F8
:10B3D0003BA002F045F800BF00BF0EB1012E00D126
:10B3E00004E040F26B2136A002F03AF800BF002DD5
:10B3F0005ED000BF2879C0F3401000B904E040F2ED
:10B400006E212FA002F02CF800BF3EB994F8A100E5
:10B4100000F01000B8B16FF0050914E094F8A10035
:10B4200000F0060010B16FF005090CE094F8A4706C
:10B4300094F8A28007F0010018B908F0030003286F
:10B4400001D16FF00909B9F1000F33D100BF28799C
:10B45000C0F3C01030B1286860F060406FF0604108
:10B46000884209D02879C0F3C01030B940F2FF718A
:10B4700028680843884200D104E040F2852110A0EA
:10B4800001F0EEFF00BF04F1A10A1C2101EB4A10FC
:10B4900000F1844006602946204600F0A7FC012EFA
:10B4A00008D194F8A20040F0400084F8A20001E026
:10B4B0006FF002094846BDE8F0870000000407402D
:10B4C0002E2E5C647269766572735C686333325FDA
:10B4D0006C6C5F6472697665725C7372635C6863DE
:10B4E00033325F6C6C5F63616E2E63002DE9F04751
:10B4F00006460F4614464FF0000800256FF002097B
:10B5000000BF3448864200D104E04FF4967132A067
:10B5100001F0A6FF00BF002F59D0002C57D053E0F8
:10B5200007F0010000284AD000BF05EB450004EBFE
:10B530008000806878B105EB450004EB80008068EE
:10B54000B0F1804F07D005EB450004EB8000806828
:10B55000B0F1C04F00D104E040F231111EA001F063
:10B560007FFF00BF00BF05EB450004EB8000406893
:10B5700060F060406FF06041884200D104E04FF419
:10B58000997115A001F06CFF00BF06F8B48F05EBB0
:10B59000450054F820007060307840F02000307092
:10B5A00005EB450004EB8000406805EB450104EB2A
:10B5B0008101896808437060B43E681CC5B27F1081
:10B5C00008F1010000F0FF08002FA9D1B946484654
:10B5D000BDE8F087000407402E2E5C647269766532
:10B5E00072735C686333325F6C6C5F64726976653A
:10B5F000725C7372635C686333325F6C6C5F63614F
:10B600006E2E630010B5044600BF0748844200D187
:10B6100004E040F2F53105A001F022FF00BF94F8EC
:10B62000A30000F0030010BD000407402E2E5C6450
:10B630007269766572735C686333325F6C6C5F64E9
:10B6400072697665725C7372635C686333325F6CD7
:10B650006C5F63616E2E630070B504460D466FF03B
:10B66000080600BF0F48844200D104E040F2D22116
:10B670000DA001F0F5FE00BF15B96FF002060FE056
:10B6800094F8A30000F0030050B12946204600F0D2
:10B6900045FA94F8A30040F0100084F8A3000026B7
:10B6A000304670BD000407402E2E5C6472697665DA
:10B6B00072735C686333325F6C6C5F647269766569
:10B6C000725C7372635C686333325F6C6C5F63617E
:10B6D0006E2E63002DE9F05F05460C464FF0000B1F
:10B6E00000BF2048854200D104E04FF44F711EA0F6
:10B6F00001F0B6FE00BF00BF2CB12648204325490B
:10B70000884200D104E040F23D3117A001F0A8FECC
:10B7100000BF04F0070604F02007C4F30728C4F3B1
:10B7200007494FEA146A15F8A00F0640E878074069
:10B73000287900EA0808687900EA0909A879A03D93
:10B7400000EA0A0A4EB947B9B8F1000F05D1B9F1BC
:10B75000000F02D1BAF1000F01D04FF0010B584693
:10B76000BDE8F09F000407402E2E5C647269766588
:10B7700072735C686333325F6C6C5F6472697665A8
:10B78000725C7372635C686333325F6C6C5F6361BD
:10B790006E2E63002701FFD52DE9F047044600BF58
:10B7A0001048844200D104E040F2A7310EA001F01D
:10B7B00057FE00BF14F8A05FE67806F0200694F864
:10B7C0000480677994F80690A03C46EA082040EA95
:10B7D000074040EA096005430E4805402846BDE899
:10B7E000F0870000000407402E2E5C6472697665C5
:10B7F00072735C686333325F6C6C5F647269766528
:10B80000725C7372635C686333325F6C6C5F63613C
:10B810006E2E63002701FFD570B505460C466FF00C
:10B820000206002C4FD02146284600F04FF815F8AC
:10B83000A00F40F0800028706068801EA168491E3B
:10B8400040EA0121A089401E41EA00412078401EC3
:10B8500041EA0060A860A87800F0DF00617E01F096
:10B8600020010843A870A03DA18A28462269FFF75D
:10B870003DFE95F8A00000F07F0085F8A000A17DB6
:10B88000284600F07BF9E07D217E084300F0180097
:10B8900015F8A01F01F0E70108432870E07EA17EA3
:10B8A00040EA0110E871207F617F0843A17F0843CF
:10B8B000E870207DA875A03D206A18B12846216A4D
:10B8C00000F0DEF90026304670BD000070B5054678
:10B8D0000C4600BF5648854200D103E0D52155A053
:10B8E00001F0BEFD00BF00BFA07D042800D803E02A
:10B8F000D62150A001F0B4FD00BF00BFE07D10B123
:10B90000E07D102800D103E0D7214AA001F0A8FD76
:10B9100000BF00BF207E10B1207E082800D103E0C8
:10B92000D82144A001F09CFD00BF00BF607E10B193
:10B93000607E202800D103E0D9213EA001F090FDD7
:10B9400000BF00BFA07E18B1A07E0A2800D803E087
:10B95000DA2138A001F084FD00BF00BFE07E10288E
:10B9600000D203E0DB2133A001F07AFD00BF00BF6D
:10B97000A08A28B1A08A40F0FF00FF2800D103E090
:10B98000DC212CA001F06CFD00BF00BF207F10B1B6
:10B99000207F082800D103E0DD2126A001F060FD12
:10B9A00000BF00BF607F10B1607F402800D103E07E
:10B9B000DE2120A001F054FD00BF00BFA07F10B128
:10B9C000A07F802800D103E0DF211AA001F048FD0C
:10B9D00000BF00BF206820B12068B0F5807F00D88C
:10B9E00003E0E12113A001F03BFD00BF00BF606850
:10B9F000022816D36068412813D8A06888B1A068CF
:10BA000008280ED8E06860B1E068082809D8D4E9B1
:10BA10000110401C814204D3D4E90201884200D3C2
:10BA200003E0E22103A001F01BFD00BF70BD000098
:10BA3000000407402E2E5C647269766572735C6840
:10BA40006333325F6C6C5F6472697665725C7372CB
:10BA5000635C686333325F6C6C5F63616E2E63009E
:10BA60002DE9F04104460D46164600BF1F488442AA
:10BA700000D104E040F243211DA001F0F1FC00BF21
:10BA800000BF3DB142F6FE20284342F6FE21884227
:10BA900000D104E04FF4117115A001F0E1FC00BFEA
:10BAA00000BF0EB1012E00D104E040F2452110A0EC
:10BAB00001F0D6FC00BFEFB2C5F30728012E09D173
:10BAC00014F8A40F38432070A07840EA0800A07052
:10BAD000A43C08E014F8A40FB8432070A07820EA32
:10BAE0000800A070A43CBDE8F081000000040740FD
:10BAF0002E2E5C647269766572735C686333325FA4
:10BB00006C6C5F6472697665725C7372635C6863A7
:10BB100033325F6C6C5F63616E2E6300F0B502467A
:10BB200001F10805144626680E6066684E600E79BD
:10BB3000C6F3C01626B90E88C6F30A060E6003E0E7
:10BB40000E6826F060460E600E7906F00F060A4F6A
:10BB5000BB5D0E79C6F3401616B9022B00D902233D
:10BB6000002006E0861C54F8266045F82060461C3C
:10BB7000F0B29842F6DBF0BD5CED020030B5002279
:10BB8000002305290DD2DFE801F00D0305070900A8
:10BB9000402308E0202206E0402204E04023402227
:10BBA00001E000BF00BF00BF10F8A04F04F09F04E9
:10BBB00002F060052C430470447804F0BF0403F0E5
:10BBC00040052C434470A03830BD000070B50446D9
:10BBD0000D4600BF0E48844200D104E040F2A92186
:10BBE0000CA001F03DFC00BF00BF25B145F01600E0
:10BBF000162800D104E040F2AA2106A001F030FC92
:10BC000000BF94F8A100284384F8A10070BD000093
:10BC1000000407402E2E5C647269766572735C685E
:10BC20006333325F6C6C5F6472697665725C7372E9
:10BC3000635C686333325F6C6C5F63616E2E6300BC
:10BC400001466FF00200D1B104220A6010224A605E
:10BC500004228A600222CA6000220A618A828A75EE
:10BC6000CA750A764A760A228A760722CA7600229E
:10BC70000A7740224A7700228A770A6200207047BA
:10BC80002DE9F04105460C466FF0020700BF4B4816
:10BC9000854200D104E040F25F4149A001F0E0FBA1
:10BCA00000BF002C7DD000BF607A10B1607A1028F0
:10BCB00000D104E040F2624141A001F0D1FB00BF9D
:10BCC00000BF207A40B1207A022805D0207A0428CB
:10BCD00002D0207A062800D104E040F2634138A067
:10BCE00001F0BEFB00BF00BF6068012806D12068DC
:10BCF00060F060406FF06041884207D0606830B902
:10BD000040F2FF7120680843884200D104E040F20D
:10BD100064412BA001F0A4FB00BF00BF608978B193
:10BD20006089B0F5807F0BD06089B0F5007F07D0C7
:10BD30006089B0F5407F03D06089B0F5806F00D195
:10BD400004E040F265411EA001F08AFB00BF00BF85
:10BD5000A08918B1A089102800D804E040F26641FB
:10BD600017A001F07DFB00BF206820F0004615F809
:10BD7000A20F00F0EF00617A01F010010843287073
:10BD80006189207B401E41EA00306884207946EAC0
:10BD9000C070C5F81E00E089A884208AE884687F06
:10BDA00000E008E000F0F900217A01F00601084304
:10BDB0006877A23D00273846BDE8F08100040740BF
:10BDC0002E2E5C647269766572735C686333325FD1
:10BDD0006C6C5F6472697665725C7372635C6863D5
:10BDE00033325F6C6C5F63616E2E6300F0B50346A7
:10BDF00001F1080503F150020E6816604E685660A6
:10BE00000E7906F00F060C4FBC5D0E79C6F3401696
:10BE100016B9022C00D902240E79C6F3801656B941
:10BE2000002006E055F82070861C42F82670461C5B
:10BE3000F0B2A042F6DBF0BD5CED020010B50446A6
:10BE400000BF24B144F06900692800D104E040F249
:10BE50008B5106A001F004FB00BF0F480078204082
:10BE600008B1012010BD0020FCE700002E2E5C640C
:10BE70007269766572735C686333325F6C6C5F64A1
:10BE800072697665725C7372635C686333325F6C8F
:10BE90006C5F636C6B2E63003C40054070B50446DC
:10BEA000002500BF0CB1012C00D104E040F2E541B7
:10BEB0001FA001F0D5FA00BF00BF2848008800F09D
:10BEC000010000B104E040F2E64119A001F0C8FA17
:10BED00000BF64B92248007800F00700052801D1AE
:10BEE000C54322E001201E49091D08701DE01C48C1
:10BEF000DA300068C0F3C01030B94FF48051082028
:10BF000000F0BDF9054605E04FF48051012000F036
:10BF1000B6F905464DB900201149091D08704FF4C6
:10BF20008051202000F0ABF90546284670BD000086
:10BF30002E2E5C647269766572735C686333325F5F
:10BF40006C6C5F6472697665725C7372635C686363
:10BF500033325F6C6C5F636C6B2E6300FE43054095
:10BF6000264005402DE9F041044614B96FF0020661
:10BF70001FE100BF2079C0F3C01018B12079C0F3D1
:10BF8000C01000B104E04FF497618BA001F068FA93
:10BF900000BF00BF207900F01F00401C182805D802
:10BFA000207900F01F00401C00B104E040F2B941CC
:10BFB00081A001F055FA00BF00BF6068C0F30820FF
:10BFC000401CB0F5F07F06D86068C0F30820401C24
:10BFD000142800D304E040F2BA4177A001F040FAFF
:10BFE00000BF00BF0121606801EB1070102805D868
:10BFF000606801EB1070022800D304E040F2BB41FE
:10C000006DA001F02DFA00BF2079C0F3C01008B96F
:10C01000744901E074480168207900F01F00401C59
:10C02000B1FBF0F76068C0F30820401C00FB07F587
:10C0300000BF6E48874203D86D48874200D304E0B2
:10C040004FF498615CA001F00BFA00BF00BF694893
:10C05000854203D84010854200D304E040F2C1413C
:10C0600055A001F0FDF900BF00BF0121606801EBA0
:10C070001070B5FBF0F06049884209D80121606872
:10C0800001EB1070B5FBF0F05C49884200D304E08E
:10C0900040F2C24148A001F0E3F900BF00BF606870
:10C0A000C0F30360401C102806D86068C0F303602A
:10C0B000401C022800D304E040F2C3413EA001F03E
:10C0C000CFF900BF00BF6068C0F30350401C1028C8
:10C0D00006D86068C0F30350401C022800D304E077
:10C0E00040F2C44134A001F0BBF900BF00BF60685A
:10C0F000C0F30350401CB5FBF0F03F49884209D81B
:10C100006068C0F30350401CB5FBF0F03B49884227
:10C1100000D304E040F2C54127A001F0A1F900BF1F
:10C1200000BF6068C0F30360401CB5FBF0F032490B
:10C13000884209D86068C0F30360401CB5FBF0F08A
:10C140002E49884200D304E040F2C6411AA001F013
:10C1500087F900BF00BF2078012801D0207800B9FE
:10C1600004E04FF4996114A001F07AF900BF00BF18
:10C170002348008800F0010000B104E040F2C9410A
:10C180000DA001F06DF900BF2079C1091D480068BC
:10C1900061F3C7101B49086060680860207820B907
:10C1A0000120FFF77BFE064603E00020FFF776FE46
:10C1B00006463046BDE8F0812E2E5C6472697665D5
:10C1C00072735C686333325F6C6C5F64726976654E
:10C1D000725C7372635C686333325F6C6C5F636C58
:10C1E0006B2E630000127A000480FF1F40787D01EF
:10C1F00040420F0000389C1C00C2EB0BC0E1E40081
:10C20000FE430540004105400146002009B9C01E1B
:10C2100022E000224A604A6822F080024A604A68AE
:10C2200022F01F024A6013234A6863F310224A6017
:10C230004A6822F0704202F180524A604A6822F055
:10C24000706202F180724A604A6822F4700202F55C
:10C2500080124A6001220A70704770B504460D468C
:10C260002946204605F05CF806F086F870BD10B54A
:10C270000446204605F0EAF906F07EF810BDF8B550
:10C2800005460C46002000906FF0070609E028469E
:10C29000FFF7D4FD012801D1002605E00098401CDD
:10C2A00000900098A042F2D900BF3046F8BD0000CF
:10C2B00070B50446002500BF0CB1012C00D104E08C
:10C2C0004FF467711EA001F0CBF800BF00BF2748F4
:10C2D000008800F0010000B104E040F29D3118A098
:10C2E00001F0BEF800BFFCB92148007800F007005B
:10C2F000032802D16FF0050520E01D48DA30006800
:10C30000C0F3C01058B91A48001D007810B96FF07A
:10C31000050513E0012016490C3108700EE00120DC
:10C3200013490C31087009E0002011490C310870E4
:10C330004FF480510820FFF7A2FF0546284670BD44
:10C340002E2E5C647269766572735C686333325F4B
:10C350006C6C5F6472697665725C7372635C68634F
:10C3600033325F6C6C5F636C6B2E6300FE43054081
:10C370002640054070B5044614B96FF002057FE011
:10C3800000BF2078012801D0207800B904E04FF4E4
:10C390005F713CA001F064F800BF00BF607840B15D
:10C3A0006078102805D06078202802D06078302886
:10C3B00000D104E040F27D3132A001F051F800BF1D
:10C3C00000BFA07810B1A078402800D104E040F26E
:10C3D0007E312CA001F044F800BF00BFE078802837
:10C3E00001D0E07800B904E040F27F3125A001F0EF
:10C3F00037F800BF00BF2079012817D02079022824
:10C4000014D02079032811D0207904280ED0207967
:10C4100005280BD02079062808D02079072805D0D8
:10C420002079082802D02079092800D104E04FF4AF
:10C43000607114A001F014F800BF00BF1C48008810
:10C4400000F0010000B104E040F281310DA001F0E4
:10C4500007F800BF207917490870E0786178084331
:10C46000A1780843124912310870207820B90120C0
:10C47000FFF71EFF054603E00020FFF719FF054602
:10C48000284670BD2E2E5C647269766572735C6896
:10C490006333325F6C6C5F6472697665725C737271
:10C4A000635C686333325F6C6C5F636C6B2E63003C
:10C4B000FE430540A24005400146002009B9C01EC8
:10C4C00008E001220A7000228A704A708022CA7035
:10C4D00005220A717047000070B5044625460748DA
:10C4E00028602920A8800648A8600A20A881012089
:10C4F000A861284605F0B4F970BD00005CE50200B3
:10C5000048E7020070B50446D4F8F80101F07AFD5E
:10C51000054605F0010048B1012104F5EE7005F073
:10C52000A5F90121D4F8F80101F016FC05F002008C
:10C5300048B1022104F5EE7005F098F90221D4F813
:10C54000F80101F009FC05F0040048B1042104F5EC
:10C55000EE7005F08BF90421D4F8F80101F0FCFB32
:10C5600005F4002058B14FF4002104F5EE7005F0F9
:10C570007DF94FF40021D4F8F80101F0EDFB05F04E
:10C58000080048B1082104F5EE7005F06FF90821A4
:10C59000D4F8F80101F0E0FB05F0100048B11021DB
:10C5A00004F5EE7005F062F91021D4F8F80101F0FD
:10C5B000D3FB05F0200048B1202104F5EE7005F012
:10C5C00055F92021D4F8F80101F0C6FB05F0400030
:10C5D00048B1402104F5EE7005F048F94021D4F847
:10C5E000F80101F0B9FB05F0800048B1802104F5A5
:10C5F000EE7005F03BF98021D4F8F80101F0ACFBB6
:10C6000005F4807058B14FF4807104F5EE7005F0B8
:10C610002DF94FF48071D4F8F80101F09DFB05F479
:10C62000007058B14FF4007104F5EE7005F01EF97A
:10C630004FF40071D4F8F80101F08EFB05F480602E
:10C6400058B14FF4806104F5EE7005F00FF94FF426
:10C650008061D4F8F80101F07FFB05F4006058B167
:10C660004FF4006104F5EE7005F000F94FF400613D
:10C67000D4F8F80101F070FB05F4805058B14FF484
:10C68000805104F5EE7005F0F1F84FF48051D4F8C4
:10C69000F80101F061FB05F4005058B14FF400516E
:10C6A00004F5EE7005F0E2F84FF40051D4F8F8010B
:10C6B00001F052FB05F4804058B14FF4804104F57D
:10C6C000EE7005F0D3F84FF48041D4F8F80101F092
:10C6D00043FB05F4004058B14FF4004104F5EE70FF
:10C6E00005F0C4F84FF40041D4F8F80101F034FB30
:10C6F00005F4803058B14FF4803104F5EE7005F048
:10C70000B5F84FF48031D4F8F80101F025FB05F4B9
:10C71000003058B14FF4003104F5EE7005F0A6F882
:10C720004FF40031D4F8F80101F016FB05F4802035
:10C7300058B14FF4802104F5EE7005F097F84FF4EE
:10C740008021D4F8F80101F007FB05F4002058B16E
:10C750004FF4002104F5EE7005F088F84FF4002145
:10C76000D4F8F80101F0F8FA70BD000010B51B48CC
:10C77000FFF712F8044604F00100002822D0184800
:10C78000007858B917A219A1002004F033FC012049
:10C790001349087005F044FB2449086005F040FB8C
:10C7A00022490968401AB0F5FA7F16D30DA220A1DC
:10C7B000002004F01FFC0948FEF7D0FD00200849C6
:10C7C00008700AE00648007838B106A226A10020C9
:10C7D00004F010FC00200249087010BD000407405E
:10C7E000F482FF1F43414E49460000001B5B333378
:10C7F0006D5B25735D204275732D4F666620646501
:10C8000074656374656421205374617274696E6722
:10C81000207265636F766572792074696D65722E1A
:10C820002E2E1B5B306D0D0A00000000F082FF1FF2
:10C830001B5B33326D5B25735D204275732D4F6634
:10C8400066207265636F766572793A2065786974DF
:10C85000696E67206C6F63616C2072657365741B11
:10C860005B306D0D0A0000001B5B33326D5B25737E
:10C870005D204275732D4F6666207265636F766525
:10C880007265641B5B306D0D0A00000000B101B9D8
:10C89000704702680A60027A0A7342790AB101227B
:10C8A00000E000224A7302790AB1012200E000226E
:10C8B0008A73D0F809204A60D0F80D208A6000BF42
:10C8C000E6E7000010B5044618A21AA1002004F003
:10C8D00091FB23480460234809F020FE13A222A103
:10C8E000002004F087FB4FF440712948FDF750FD0C
:10C8F000002028490870284908704FF480712748A3
:10C90000FDF746FD002026490870264908602649A3
:10C9100008602649087000F0C9F901202449087010
:10C9200002A224A1002004F065FB10BD43414E4942
:10C93000460000001B5B33326D5B25735D203D3D7F
:10C940003D2043616E496620496E697420537461CD
:10C950007274203D3D3D1B5B306D0D0A00000000F0
:10C96000EC82FF1F11CD01001B5B33366D5B25731D
:10C970005D2054582063616C6C6261636B2072654A
:10C9800067697374657265641B5B306D0D0A000026
:10C99000B8BD0020E482FF1FE582FF1FB8C0002061
:10C9A000E682FF1FE882FF1FF082FF1FF482FF1F55
:10C9B000F582FF1F1B5B33326D5B25735D203D3DB0
:10C9C0003D2043616E496620496E697420446F6E54
:10C9D00065203D3D3D1B5B306D0D0A0010B50948DB
:10C9E000007800B910BDFFF7C1FE09F0B3FC38B9FB
:10C9F0000548007805490978884201D000F088F997
:10CA000000BFEFE7F582FF1FE482FF1FE582FF1FF3
:10CA10007CB504461A48007800B10CB900207CBDF2
:10CA2000E06830B917A219A1002004F0E3FA002051
:10CA3000F5E723480078102807D3102311A221A17D
:10CA4000002004F0D7FA0020E9E72C481C490978B7
:10CA500000EB011094E82E002EC019480078401C0D
:10CA600017490870084601786068CDE9000105A201
:10CA700023490020236804F0BDFA0120CFE700001D
:10CA8000F582FF1F43414E49460000001B5B3333D4
:10CA90006D5B25735D2052656769737465722066EE
:10CAA000696C7465723A2063616C6C6261636B20BF
:10CAB0006973204E554C4C1B5B306D0D0A00000015
:10CAC000E682FF1F1B5B33336D5B25735D20526570
:10CAD0006769737465722066696C7465723A207454
:10CAE00061626C652066756C6C20286D61783D25EF
:10CAF00064291B5B306D0D0A00000000B8C00020E7
:10CB000070F20200F0B585B0044600273448007882
:10CB100000B114B9002005B0F0BD207A082807D96B
:10CB2000237A30A231A1002004F064FA0020F2E759
:10CB300001A92046FFF7AAFE72B609F00BFC00BB64
:10CB40009DF81200012807D19DF8102002A9019834
:10CB500009F012FD054606E09DF8102002A9019893
:10CB600009F040FD0546012D0BD162B69DF810007D
:10CB700000901CA225A10020019B04F03BFA01209B
:10CB8000C9E72E480078401C00F01F062C480078AA
:10CB900086421BD02949097801EB4101294A02EB61
:10CBA000C10018222146FDF7DAFB24480670012750
:10CBB000007823490978401A00F01F00009009A26C
:10CBC00021A10020236804F015FA05E005A22AA19E
:10CBD0000020236804F00EFA62B638469BE7000096
:10CBE000F582FF1F43414E49460000001B5B333175
:10CBF0006D5B25735D20496E76616C696420444CE1
:10CC0000433A2025641B5B306D0D0A001B5B3336F5
:10CC10006D5B25735D205458206469726563743AB6
:10CC20002049443D3078253038582C206C656E3DC5
:10CC300025641B5B306D0D0A00000000E482FF1FBD
:10CC4000E582FF1FB8BD00201B5B33366D5B25738B
:10CC50005D205458207175657565643A2049443DDE
:10CC60003078253038582C2071756575653D256400
:10CC70001B5B306D0D0A00001B5B33336D5B25734E
:10CC80005D2054582071756575652066756C6C2142
:10CC90002049443D3078253038582064726F7070D8
:10CCA00065641B5B306D0D0A0000000010B5044682
:10CCB000064804600CB106A000E006A0034607A2E7
:10CCC00008A1002004F096F910BD0000E882FF1FC3
:10CCD000594553004E554C4C0000000043414E490D
:10CCE000460000001B5B33366D5B25735D20446599
:10CCF0006661756C742063616C6C6261636B207338
:10CD000065743A2025731B5B306D0D0A000000002E
:10CD100030B58BB000252148007821490978884238
:10CD200012D01F48007800EB40001E4A02EBC00101
:10CD3000182205A8FDF713FB19480078401C00F0E5
:10CD40001F001749087001250DB90BB030BD01A9AE
:10CD500005A8FFF79BFD9DF81200012807D19DF85B
:10CD6000102002A9019809F007FC044606E09DF88E
:10CD7000102002A9019809F035FC0446012C0BD0C3
:10CD800007480078401E00F01F000549087006A201
:10CD90000749002004F02EF900BFD6E7E482FF1F08
:10CDA000E582FF1FB8BD002043414E494600000008
:10CDB000B4F2020010B5002481E004EB840202EB1F
:10CDC000C413414A02EB830202F5AA7104EB840208
:10CDD00002EBC4133C4A02EB830202F5A07003F09D
:10CDE0001CFE012104EB840000EBC412364800EB6A
:10CDF000820080F84011B6EE000A04EB840000EBDC
:10CE0000C411314800EB810080ED510A9FED2F0ADB
:10CE100004EB840000EBC4112B4800EB810080ED93
:10CE2000520A9FED2B0A04EB840000EBC411264844
:10CE300000EB810080ED530A9FED250A04EB84008E
:10CE400000EBC411204800EB810080ED540A9FEDF7
:10CE5000210A04EB840000EBC4111B4800EB8100A5
:10CE600080ED5D0A9FED1A0A04EB840000EBC4110B
:10CE7000154800EB810080ED5E0A9FED170A04EB78
:10CE8000840000EBC411104800EB810080ED630AC0
:10CE90009FED120A04EB840000EBC4110A4800EB7A
:10CEA000810080ED640A9FED0E0A04EB840000EB24
:10CEB000C411054800EB810080ED650A641C022C5A
:10CEC000FFF67BAF10BD00008083FF1FCDCC4C3D33
:10CED0000000000000401C4500002F440080BB44BF
:10CEE0000000FA4410B500246BE004EB840202EB6E
:10CEF000C413354A02EB830202F19C0104EB840265
:10CF000002EBC413304A02EB830202F1880003F003
:10CF100084FD012104EB840000EBC4122A4800EBDD
:10CF2000820080F88810B7EE000A04EB840000EB62
:10CF3000C411254800EB810080ED230A9FED230AF0
:10CF400004EB840000EBC4111F4800EB810080ED6E
:10CF5000240A9FED1F0A04EB840000EBC4111A4859
:10CF600000EB810080ED250A9FED190A04EB840097
:10CF700000EBC411144800EB810080ED260AB2EEEC
:10CF8000000A04EB840000EBC4110F4800EB8100A1
:10CF900080ED2F0ABAEE000A04EB840000EBC41106
:10CFA000094800EB810080ED300A9FED0A0A04EB8E
:10CFB000840000EBC411044800EB810080ED350AC9
:10CFC000641C022C91DB10BD8083FF1F0AD7233C19
:10CFD00000000000CDCC4C3F10B52DED048B00249B
:10CFE00008E104EB840000EBC411854800EB8100EC
:10CFF00090F89C00002876D004EB840202EBC41366
:10D000007F4A02EB830292ED291AF0EE410A04EB0B
:10D01000840202EBC4137A4A02EB830292ED281ACF
:10D02000B0EE410A04EB840202EBC413744A02EB33
:10D03000830202F19C0104EB840202EBC413704AE8
:10D0400002EB830202F1880003F07AFC84BB6D4896
:10D05000008802282DDB00206A4908806A48008881
:10D06000B0F5C87F2ADA04EB840000EBC4116448F1
:10D0700000EB810090ED2D0A64486349098800EBBC
:10D08000810080ED000A04EB840000EBC4115C48D1
:10D0900000EB810090ED310A5D485B49098800EBA7
:10D0A000810080ED000A58480088401C56490880DD
:10D0B00004E054480088401C5249088004EB840076
:10D0C00000EBC4114E4800EB810090ED310AF0EE08
:10D0D000C08AB2EE040AF4EEC08AF1EE10FA03DD63
:10D0E000B1EE048A16E084E0B1EE040AF4EEC08AE0
:10D0F000F1EE10FA02DDB0EE088A0BE0B0EE000AA5
:10D10000F4EEC08AF1EE10FA02DDB7EE088A01E013
:10D110009FED408A04EB840000EBC411384800EB1B
:10D12000810090ED2D0AB0EEC09A04EB840000EB74
:10D13000C411334800EB810090F8600001281CD135
:10D1400004EB840000EBC4112D4800EB810090ED4E
:10D150002D0AB5EEC00AF1EE10FA09DD04EB8400E9
:10D1600000EBC411264800EB810090ED2D9A2DE0D4
:10D170009FED290AB0EE409A28E004EB840000EB12
:10D18000C4111F4800EB810090F8600002281DD1F7
:10D1900004EB840000EBC411194800EB810090ED12
:10D1A0002D0AB5EEC00AF1EE10FA0BD204EB8400A2
:10D1B00000EBC411124800EB810090ED2D0AB1EE96
:10D1C000409A03E09FED140AB0EE409AB4EEC89A7C
:10D1D000F1EE10FA00DD00BF104890ED000A04EBFC
:10D1E000840000EBC411064800EB810080ED3F0A8B
:10D1F00000BF641C022CFFF6F4AEBDEC048B10BD26
:10D200008083FF1F7E80FF1F7C80FF1F588BFF1FC6
:10D21000D897FF1FCDCC4C3F000000007880FF1F47
:10D2200010B500246BE004EB840202EBC413354A12
:10D2300002EB830202F1F80104EB840202EBC41357
:10D24000304A02EB830202F1E40003F0E6FB012125
:10D2500004EB840000EBC4122A4800EB820080F843
:10D26000E410B3EE040A04EB840000EBC41125487B
:10D2700000EB810080ED3A0A9FED230A04EB840065
:10D2800000EBC4111F4800EB810080ED3B0A9FEDCD
:10D290001F0A04EB840000EBC4111A4800EB810064
:10D2A00080ED3C0A9FED1A0A04EB840000EBC411E8
:10D2B000144800EB810080ED3D0A9FED160A04EB57
:10D2C000840000EBC4110F4800EB810080ED460A9A
:10D2D0009FED0E0A04EB840000EBC411094800EB3B
:10D2E000810080ED470AB6EE000A04EB840000EBF3
:10D2F000C411044800EB810080ED4C0A641C022C30
:10D3000091DB10BD8083FF1F0AD7A33C0000000003
:10D310000000FA4400007A4510B500248EE004EBCA
:10D32000840000EBC411474800EB810090F8F8003E
:10D3300000287CD004EB840202EBC413414A02EBC8
:10D34000830292ED401AF0EE410A04EB840202EBF4
:10D35000C4133C4A02EB830292ED3F1AB0EE410A3D
:10D3600004EB840202EBC413364A02EB830202F19F
:10D37000F80104EB840202EBC413324A02EB83028D
:10D3800002F1E40003F0DCFA002C56D12E480088AC
:10D3900005284DDB00202C4908802C480088B0F57A
:10D3A0007A7F4ADA04EB840000EBC411254800EBD5
:10D3B000810090ED3F0A26482449098800EB81004E
:10D3C00080ED000A04EB840000EBC4111D4800EB63
:10D3D000810090ED400A1F481C49098800EB81003C
:10D3E00080ED000A04EB840000EBC411154800EB4B
:10D3F000810090ED440A18481449098800EB810027
:10D4000080ED000A04EB840000EBC4110D4800EB32
:10D41000810090ED480A11480C49098800EB810011
:10D4200080ED000A09480088401C0849088004E093
:10D4300005480088401C04490880641C022CFFF643
:10D440006EAF10BD8083FF1F8A80FF1F8880FF1F83
:10D4500058A4FF1FF8B3FF1F98C3FF1F38D3FF1F47
:10D4600070B504460D462A46214602A006F0A6FDE8
:10D4700000BFFEE757726F6E6720706172616D6565
:10D48000746572732076616C75653A2066696C65A7
:10D49000202573206F6E206C696E652025640D0A4F
:10D4A0000000000038B50246002300250095D81E74
:10D4B00000BF0D4D2D682C4600BF0C4D2D68294630
:10D4C00089B105E00D6805F08003009D6D1C009595
:10D4D000009DA54201D8002BF4D013B18A80002012
:10D4E00001E06FF0070038BD9882FF1F9482FF1F94
:10D4F00008B50D49096AC1F302630C490968D940AE
:10D5000041F270731944491EB1FBF3F206E0009238
:10D5100000BF00994B1E00930029FAD1011EA0F113
:10D520000100F4D108BD0000004005400080FF1F4D
:10D5300008B50C49096AC1F302630B490968D9406F
:10D540000A4B1944491EB1FBF3F206E0009200BFFA
:10D5500000994B1E00930029FAD1011EA0F1010091
:10D56000F4D108BD004005400080FF1F808D5B00A6
:10D5700030B587B004460121084600F08DFE03A8AF
:10D5800005F054FE00200390102004900020059028
:10D590004CF24F30ADF8180003AA0121274805F0DE
:10D5A0000BFD01221146254805F0B0FC0122910433
:10D5B000224805F0ABFD4120ADF804000620ADF88F
:10D5C00006001F48029001A801F0E2FDBDF9060027
:10D5D000002807DB00F01F0101228A401949430996
:10D5E00041F8232000BFBDF906000F21002804DB0D
:10D5F0000A07130E144A135406E00A07150E134ABD
:10D6000000F00F031B1FD55400BFBDF90600002812
:10D610000DDB00BF00BF00F01F0201219140420955
:10D62000920002F1E022C2F8001100BF00BF00BF6B
:10D630000121024805F0BCFD07B030BD00400240AA
:10D64000F52E020080E200E000E400E018ED00E0CA
:10D6500010B5044600BF0CB1012C00D104E040F22B
:10D66000711109A0FFF7FCFE00BF00BF1148006860
:10D67000012800D104E04FF4B97103A0FFF7F0FED8
:10D6800000BF0D48046010BD2E2E5C647269766583
:10D6900072735C686333325F6C6C5F647269766569
:10D6A000725C7372635C686333325F6C6C5F656677
:10D6B0006D2E6300000401404081204210B50446F5
:10D6C00000BF0CB1012C00D104E040F2631109A0AD
:10D6D000FFF7C6FE00BF00BF11480068012800D157
:10D6E00004E04FF4B27103A0FFF7BAFE00BF0D488B
:10D6F000046010BD2E2E5C647269766572735C687E
:10D700006333325F6C6C5F6472697665725C7372EE
:10D71000635C686333325F6C6C5F65666D2E6300BB
:10D72000000401406081204210B5044600BF0F484C
:10D730000068012800D104E040F21E210CA0FFF790
:10D740008FFE00BF00BF40F23F10204340F23F1168
:10D75000884200D104E040F21F2105A0FFF780FEBF
:10D7600000BF02481430046010BD000000040140F6
:10D770002E2E5C647269766572735C686333325F07
:10D780006C6C5F6472697665725C7372635C68630B
:10D7900033325F6C6C5F65666D2E630010B50446B6
:10D7A00000BF0CB1012C00D104E04FF4747103A050
:10D7B000FFF756FE00BF0C48046010BD2E2E5C64BF
:10D7C0007269766572735C686333325F6C6C5F6438
:10D7D00072697665725C7372635C686333325F6C26
:10D7E0006C5F65666D2E63008081204210B5044633
:10D7F00000BF40F23F10204340F23F11884200D169
:10D8000004E04FF4047106A0FFF72AFE00BF0F48A2
:10D8100000682040A04201D1012010BD0020FCE79B
:10D820002E2E5C647269766572735C686333325F56
:10D830006C6C5F6472697665725C7372635C68635A
:10D8400033325F6C6C5F65666D2E630010040140BF
:10D850002DE9F04104460D4600BF37480068012815
:10D8600000D104E040F2D22134A0FFF7F9FD00BF5F
:10D8700000BF3D480068012800D104E040F2D321F8
:10D880002EA0FFF7EDFD00BF00BFB4F5002F0BD3B6
:10D890003648844202D33648844205D9354884420A
:10D8A00003D3B4F1467F00D204E04FF4357123A0D6
:10D8B000FFF7D6FD00BF00BF04F0030000B904E08D
:10D8C00040F2D5211DA0FFF7CBFD00BF40F23F1075
:10D8D000FFF72AFF184808300068274900EA0106C8
:10D8E000154808300068C9430840134908310860EA
:10D8F0000027081D006820F0700040F02000091D7E
:10D9000008602560384600F0E9F980460A480C3086
:10D91000006820F0700008490C310860081F00689A
:10D920001549C9430840C9433140084302490831F9
:10D9300008604046BDE8F081000401402E2E5C6482
:10D940007269766572735C686333325F6C6C5F64B6
:10D9500072697665725C7372635C686333325F6CA4
:10D960006C5F65666D2E630080812042000C0003B1
:10D97000FB0F0003E0FF1703000001012DE9F05F3A
:10D9800004460E4615466FF002092746A8464FF496
:10D99000807A00BFB4F5002F0BD32B48844202D30A
:10D9A0002A48844205D92A48844203D3B4F1467FE9
:10D9B00000D204E040F2462126A0FFF751FD00BF4F
:10D9C00000BF6019401EB0F5002F13D36019401E30
:10D9D0001D49884204D36019401E1C49884209D958
:10D9E0006019401E1A49884205D36019401EB0F1E3
:10D9F000467F00D204E040F2472116A0FFF730FD39
:10DA000000BFF6B11E48006AC0F302611D480068FD
:10DA1000C84044F62061B0FBF1FB5946504600F087
:10DA200044F960B905E017F8010B06F8010BA8F1FD
:10DA30000108B8F1000FF6D14FF0000901E06FF0D6
:10DA400004094846BDE8F09F000C0003FB0F0003EB
:10DA5000E0FF17032E2E5C647269766572735C6852
:10DA60006333325F6C6C5F6472697665725C73728B
:10DA7000635C686333325F6C6C5F65666D2E630058
:10DA8000004005400080FF1F2DE9F041044600BF23
:10DA9000B4F5002F00D204E040F2633134A0FFF768
:10DAA000DFFC00BF00BF04F0030000B904E04FF446
:10DAB00059712FA0FFF7D4FC00BF00BF37480068A2
:10DAC000012800D104E040F2653129A0FFF7C8FC2D
:10DAD00000BF00BF32480068012800D104E040F2D6
:10DAE000663123A0FFF7BCFC00BF40F23F10FFF7F8
:10DAF0001BFE2A48083000682A4900EA0106274828
:10DB000008300068C94308402449083108600027EC
:10DB1000081D006820F0700040F04000091D0860FA
:10DB2000002020602048006AC0F302611F4800689E
:10DB3000C8403221B0FBF1F84146384600F094F875
:10DB4000054616480C30006820F0700013490C316F
:10DB50000860081F00681349C9430840C9433140A1
:10DB600008430E49083108602846BDE8F0810000EE
:10DB70002E2E5C647269766572735C686333325F03
:10DB80006C6C5F6472697665725C7372635C686307
:10DB900033325F6C6C5F65666D2E6300000401407C
:10DBA0008081204200000101004005400080FF1FED
:10DBB00070B50446002500BF1D480068012800D14B
:10DBC00004E040F24F111BA0FFF74AFC00BF00BF6A
:10DBD000F02C00D804E04FF4A87116A0FFF740FC29
:10DBE00000BF13480830006820F0F00004F0F00196
:10DBF00008430F490831086010E06D1C1848006A9E
:10DC0000C0F3026117480068C84044F62061B0FBC9
:10DC1000F1F0A84202D26FF0070070BD044808304E
:10DC2000006800F0F000A042E7D10020F5E7000016
:10DC3000000401402E2E5C647269766572735C6824
:10DC40006333325F6C6C5F6472697665725C7372A9
:10DC5000635C686333325F6C6C5F65666D2E630076
:10DC6000004005400080FF1F70B504460E460025A9
:10DC70004FF4807101FA04F0314600F016F810F10B
:10DC8000080F00D16D1F75B9102101FA04F0FFF7DC
:10DC9000ADFD012805D1102101FA04F0FFF744FD84
:10DCA00001E04FF0FF35284670BDF8B505460C463B
:10DCB00000200090002608E00098401C009000988A
:10DCC000A04202D96FF0070604E02846FFF78EFD58
:10DCD0000128F1D100BF3046F8BD000070B5044600
:10DCE00000251B48006AC0F302611A480068C8405A
:10DCF00044F62061B0FBF1F64FF4807101FA04F0B4
:10DD00003146FFF7D2FF10F1080F00D16D1FEDB9BA
:10DD1000082101FA04F0FFF769FD012806D1082166
:10DD200001FA04F0FFF700FD4FF0FF3575B910213F
:10DD300001FA04F0FFF75AFD012805D1102101FA7C
:10DD400004F0FFF7F1FC01E04FF0FF35284670BD0D
:10DD5000004005400080FF1F70B504460D460CB121
:10DD6000207B38B900BF06A207A1002003F042F9CA
:10DD700000BF70BD2068A843206000BFF9E7000025
:10DD80004552524F520000001B5B33316D5B2573CF
:10DD90005D204576656E7447726F757020636C65A3
:10DDA00061723A20696E76616C69642067726F7582
:10DDB000701B5B306D0D0A0010B504460CB1207B62
:10DDC00038B900BF05A207A1002003F013F900BF76
:10DDD00010BD0020206000BFFAE700004552524FFE
:10DDE000520000001B5B33316D5B25735D2045766F
:10DDF000656E7447726F757020636C656172206127
:10DE00006C6C3A20696E76616C69642067726F751C
:10DE1000701B5B306D0D0A0038B505461DB12846F4
:10DE2000FCF7D9FA40B900BF27A229A1002003F0CE
:10DE3000E1F800BF002038BD284600F0BDF848B129
:10DE400000BF2B4620A22EA1002003F0D3F800BF74
:10DE50000020F0E700242CE0384800EB4410007B61
:10DE6000002825D1354901EB44102021FCF790FA18
:10DE70000120324901EB44110873304901EB441190
:10DE800001F10D000F222946FCF799FA00212B48D9
:10DE900000EB4410017700BF234629A22AA10020ED
:10DEA000009503F0A7F800BF244800EB4410C2E738
:10DEB000641C202CD0DB00BF03A231A1002003F0A2
:10DEC00099F800BF0020B6E74552524F52000000BB
:10DED0001B5B33316D5B25735D204576656E744742
:10DEE000726F7570206372656174653A206E616D42
:10DEF00065206973204E554C4C1B5B306D0D0A003C
:10DF00001B5B33316D5B25735D204576656E744711
:10DF1000726F7570206372656174653A206E616D11
:10DF20006520616C726561647920657869737473CA
:10DF300020282573291B5B306D0D0A00C4AC00201E
:10DF4000494E464F000000001B5B33326D5B25736A
:10DF50005D204576656E7447726F757020637265DB
:10DF6000617465204F4B20286964783A25642C2021
:10DF70006E616D653A2573291B5B306D0D0A0000DB
:10DF80001B5B33316D5B25735D204576656E744791
:10DF9000726F757020637265617465206661696C6B
:10DFA00065643A206E6F20667265652067726F75D2
:10DFB000701B5B306D0D0A0070B505461DB128461B
:10DFC000FCF709FA08B9002070BD002413E00C48E2
:10DFD00000EB4410007B68B1094901EB441101F1E9
:10DFE0000D0010222946FCF718FA18B9044800EB76
:10DFF0004410E9E7641C202CE9DB0020E4E7000082
:10E00000C4AC002010B504460CB1207B40B900BF61
:10E0100004A206A1002002F0EDFF00BF002010BD09
:10E020002068FCE74552524F520000001B5B333121
:10E030006D5B25735D204576656E7447726F7570F4
:10E04000206765743A20696E76616C696420677236
:10E050006F75701B5B306D0D0A0000002DE9F047F5
:10E0600004460E461746984614B1207B00B14EB9BF
:10E0700000BF1BA21CA1002002F0BCFF00BF0020BB
:10E08000BDE8F087207A20B90AF0E8FE606001213F
:10E090002172D4F8009009EA0605012F06D17DB15E
:10E0A00029462046FFF758FE2846E9E7022F07D108
:10E0B000B54205D131462046FFF74EFE2846DFE740
:10E0C00008F1010050B10AF0C9FE82466068AAEB6F
:10E0D0000000404501D30020D2E700BF0020CFE779
:10E0E0004552524F520000001B5B33316D5B25736C
:10E0F0005D204576656E7447726F7570207265633A
:10E10000763A20696E76616C696420706172616D27
:10E110001B5B306D0D0A000070B504460D460CB156
:10E12000207B38B900BF06A207A1002002F062FFE1
:10E1300000BF70BD20682843206000BFF9E70000E1
:10E140004552524F520000001B5B33316D5B25730B
:10E150005D204576656E7447726F75702073656ECD
:10E16000643A20696E76616C69642067726F7570BD
:10E170001B5B306D0D0A000070B504460D4600BFF4
:10E180002CB1174820431649884200D103E0712181
:10E1900014A0FFF765F900BF00BF0DB1012D00D13C
:10E1A00003E072210FA0FFF75BF900BF00BF184822
:10E1B000006900F0010000B103E0732109A0FFF73E
:10E1C0004FF900BF012D05D111480068A043104947
:10E1D000086004E00E48006820430D49086070BDE7
:10E1E00011C5F38F2E2E5C647269766572735C685C
:10E1F0006333325F6C6C5F6472697665725C7372F4
:10E20000635C686333325F6C6C5F6663672E6300C8
:10E210000080044070B504460D4600BF2CB1114883
:10E2200020431049884200D103E084210EA0FFF76B
:10E2300017F900BF00BF0DB1012D00D103E085210A
:10E2400009A0FFF70DF900BF012D05D11148406865
:10E25000A0431049486004E00E48406820430D493F
:10E26000486070BD79FD0F0F2E2E5C647269766573
:10E2700072735C686333325F6C6C5F64726976657D
:10E28000725C7372635C686333325F6C6C5F66638D
:10E29000672E63000080044070B504460D4600BF41
:10E2A0002CB1114820431049884200D103E0962147
:10E2B0000EA0FFF7D5F800BF00BF0DB1012D00D1B2
:10E2C00003E0972109A0FFF7CBF800BF012D05D18E
:10E2D00011488068A0431049886004E00E488068B7
:10E2E00020430D49886070BDFF8707002E2E5C64B7
:10E2F0007269766572735C686333325F6C6C5F64FD
:10E3000072697665725C7372635C686333325F6CEA
:10E310006C5F6663672E63000080044070B504463E
:10E320000D4600BF3CB141F20310204341F20311FE
:10E33000884200D103E0A8210DA0FFF791F800BFAB
:10E3400000BF0DB1012D00D103E0A92108A0FFF706
:10E3500087F800BF012D05D11048C068A0430F49C0
:10E36000C86004E00D48C06820430C49C86070BD17
:10E370002E2E5C647269766572735C686333325FFB
:10E380006C6C5F6472697665725C7372635C6863FF
:10E3900033325F6C6C5F6663672E630000800440FD
:10E3A00070B504460E46154605B10EB9012070BD84
:10E3B00009498C4202D14FF4D03106E0B4F1904FBC
:10E3C00002D14FF4882100E021460846314608F08A
:10E3D00064FF28600020EAE70000018810B50020F3
:10E3E0000BF0A8FE0020044981F8280003A204A134
:10E3F00002F000FE10BD0000B8C10020465700002A
:10E400001B5B33326D5B25735D20446F776E6C6FE1
:10E4100061642063616E63656C6C65641B5B306D69
:10E420000D0A000070B504460D46104A944202D110
:10E430004FF4D03206E0B4F1904F02D14FF488226D
:10E4400000E022462A44511E084A944202D14FF469
:10E45000D03206E0B4F1904F02D14FF4882200E0B0
:10E460002246104608F01AFE70BD00000000018828
:10E4700008B5042269460020FFF780FA009880B2B0
:10E4800008BD08B5042269464FF48820FFF776FAE4
:10E49000009808BD08B5042269464FF48820FFF7AC
:10E4A0006DFA009880B208BD0148407870470000BE
:10E4B000B8C1002000B970470C49896801600B4958
:10E4C000C96841600949496881600849896849B15A
:10E4D0000649C96864225143044A9268B1FBF2F1CB
:10E4E000C9B200E00021017300BFE4E7B8C1002019
:10E4F0000148007870470000B8C100201CB50446F0
:10E5000030211948FBF744FF4FF428301649486181
:10E510004FF40051144881614FF48821C1611349BF
:10E520000162012180F824104CB1206810B10E491D
:10E5300020684861606810B10B4861688161002003
:10E540000BF0F8FD01200A49087007488069064968
:10E550004969CDE90010044806A20749C3690020B3
:10E5600002F048FD1CBD0000B8C10020FFDF06001E
:10E57000F682FF1F4657000048F30200014890F85A
:10E5800028007047B8C10020F8B506460C4633484D
:10E59000007808B90820F8BD3148007840B130480B
:10E5A000037830A230A1002002F024FD0720F2E71A
:10E5B0003548864202D14FF4D03006E0B6F1904F94
:10E5C00002D14FF4882000E030460546B5F5882F8B
:10E5D00002D3B5F5DC2F08D3334622A22BA10020AD
:10E5E000009502F007FD0120D5E71D484069A042D3
:10E5F00000D33CB923461BA233A1002002F0FAFC51
:10E600000220C8E72819B0F5DC2F08D92B4615A23F
:10E6100036A10020009402F0EDFC0120BBE7281990
:10E62000411E284608F03AFD07460FB13846B2E7CA
:10E630000B484560846000200949C86001200874C7
:10E64000801EC8622B4607A238A10020009402F069
:10E65000D1FC02200BF06EFD00209CE7F682FF1F2C
:10E66000B8C10020465700001B5B33336D5B257338
:10E670005D20427573792C2073746174653D256447
:10E680001B5B306D0D0A0000000001881B5B3331FD
:10E690006D5B25735D20446F776E6C6F61642061E4
:10E6A00064647265737320696E76616C69643A2084
:10E6B000307825303858202D3E2030782530385895
:10E6C0001B5B306D0D0A00001B5B33316D5B2573E6
:10E6D0005D2053697A6520696E76616C69643A20C1
:10E6E00025641B5B306D0D0A000000001B5B33319D
:10E6F0006D5B25735D2052616E676520696E766182
:10E700006C69643A20307825303858202B202564F5
:10E7100020657863656564732041505032207769C5
:10E720006E646F771B5B306D0D0A00001B5B33322C
:10E730006D5B25735D20446F776E6C6F6164207232
:10E74000656164793A20616464723D3078253038BF
:10E75000582C2073697A653D25641B5B306D0D0A6A
:10E76000000000002DE9FE430546884614463C485B
:10E77000007810B90820BDE8FE833A4800780228E6
:10E780000CD038480078032808D03648037836A2E1
:10E7900036A1002002F02EFC0620ECE70CB9002088
:10E7A000E9E73048007CA8420ED02E480095037C53
:10E7B0002DA237A1002002F01DFC06202949487037
:10E7C0000BF0B8FC0620D6E7264880682549C968C2
:10E7D000401AA04201D20220CDE703200BF0AAFC90
:10E7E000204949681F4AD2688818224641460EF0DF
:10E7F0008FFE064636B11B48467006200BF09AFC89
:10E800003046B8E7002709E018F80710154AD06A23
:10E8100008F08CF81349C862781C87B2A742F3DB72
:10E820001048C06820440F49C8600846007CFF2893
:10E8300002D10120087404E00A48007C401C094908
:10E84000087408488168C0682B4607A2CDE90040DB
:10E8500002911AA1002002F0CDFB00208BE70000FE
:10E86000F682FF1FB8C10020465700001B5B333300
:10E870006D5B25735D204E6F742072656164792C29
:10E880002073746174653D25641B5B306D0D0A0057
:10E890001B5B33316D5B25735D20536571206D69A2
:10E8A000736D617463683A20657870202564206711
:10E8B0006F742025641B5B306D0D0A001B5B3336C3
:10E8C0006D5B25735D20426C6F636B2025643A207D
:10E8D00025642062797465732C20746F74616C3DBB
:10E8E00025642F25641B5B306D0D0A001CB52B4879
:10E8F000007808B908201CBD2948C06AC0432849CF
:10E90000C8620846C06A8968CDE90010244825A27B
:10E9100025A1C368002002F06DFB2148C068204992
:10E920008968884209D21E48806800901C481DA250
:10E930002CA1C368002002F05DFB194890F8240068
:10E94000002820D004200BF0F5FB154A9168506890
:10E9500008F0A3FC04461248C06A234611A22AA16B
:10E960000090002002F046FB0D48C06AA04209D08A
:10E970000CA233A1002002F03DFB06200BF0DAFBD5
:10E980000520B8E700BF05200BF0D4FB05A234A199
:10E99000002002F02FFB0020ADE70000F682FF1FF1
:10E9A000B8C10020465700001B5B33326D5B2573F6
:10E9B0005D205472616E7366657220657869743A81
:10E9C0002072656365697665643D25642F25642C36
:10E9D000204352433D3078253038581B5B306D0D55
:10E9E0000A0000001B5B33336D5B25735D20496EAD
:10E9F000636F6D706C6574653A202564203C20253A
:10EA0000641B5B306D0D0A001B5B33326D5B25733D
:10EA10005D205665726966793A20666C6173685F3D
:10EA20006372633D3078253038582C2072785F63EC
:10EA300072633D3078253038581B5B306D0D0A000D
:10EA40001B5B33316D5B25735D20435243206D6941
:10EA5000736D61746368211B5B306D0D0A000000EB
:10EA60001B5B33326D5B25735D20466C61736820E0
:10EA7000646F776E6C6F616420636F6D706C65742A
:10EA800065211B5B306D0D0A0000000010B53021C0
:10EA90000348FBF77DFC00200249087010BD000010
:10EAA000B8C10020F682FF1F704700002DE9F04139
:10EAB00004460D46904600BF2548008800F001003E
:10EAC00000B104E040F2812122A0FEF7C9FC00BFA2
:10EAD00000BF4CB1012C07D0022C05D0032C03D071
:10EAE000042C01D0052C00D104E040F2822119A0B1
:10EAF000FEF7B6FC00BF00BF15B1A8B200B104E03C
:10EB000040F2832113A0FEF7ABFC00BF002719E001
:10EB100005F0010088B10E48001D00EB841000EBE9
:10EB20008706B8F1010F04D1308840F400403080EE
:10EB300003E03088C0F30E0030806D1005B903E0AB
:10EB4000781CC7B2102FE3D300BFBDE8F0810000EE
:10EB5000FC3B05402E2E5C647269766572735C68BE
:10EB60006333325F6C6C5F6472697665725C73727A
:10EB7000635C686333325F6C6C5F6770696F2E63D0
:10EB8000000000002DE9F05F05460E4614464FF0E8
:10EB9000000B14B96FF0020BD9E000BF6D4800887C
:10EBA00000F0010000B104E04FF480716AA0FEF7AC
:10EBB00057FC00BF00BF4DB1012D07D0022D05D07D
:10EBC000032D03D0042D01D0052D00D104E040F227
:10EBD000011161A0FEF744FC00BF00BF16B1B0B246
:10EBE00000B104E04FF481715BA0FEF739FC00BF77
:10EBF00000BF208810B12088012800D104E040F235
:10EC0000031155A0FEF72CFC00BF00BF608810B1B7
:10EC10006088022800D104E04FF482714EA0FEF714
:10EC20001FFC00BF00BFA08810B1A088042800D13D
:10EC300004E040F2051148A0FEF712FC00BF00BF3F
:10EC4000E08828B1E088102802D0E088202800D190
:10EC500004E04FF4837140A0FEF702FC00BF00BF48
:10EC6000208918B12089B0F5804F00D104E040F22E
:10EC7000071139A0FEF7F4FB00BF00BF608910B197
:10EC80006089402800D104E04FF4847132A0FEF77F
:10EC9000E7FB00BF00BFA08918B1A089B0F5007FD5
:10ECA00000D104E040F209112BA0FEF7D9FB00BF10
:10ECB00000BFE08918B1E089B0F5805F00D104E0C1
:10ECC0004FF4857124A0FEF7CBFB00BF00BF208A64
:10ECD00018B1208AB0F5004F00D104E040F20B11CA
:10ECE0001DA0FEF7BDFB00BF00272DE006F00100D0
:10ECF00028B3208861880843A1880843E188084335
:10ED000061890843A1890843E1890843218940EAD0
:10ED1000010A45F27728208A40EA0A0A48F40048A6
:10ED20000C48001D00EB851000EB8709B9F80000C6
:10ED300020EA08000AEA08010843A9F80000761052
:10ED400006B903E0781CC7B2102FCFD300BF5846D6
:10ED5000BDE8F09FFC3B05402E2E5C647269766531
:10ED600072735C686333325F6C6C5F647269766582
:10ED7000725C7372635C686333325F6C6C5F677084
:10ED8000696F2E630000000070B504460D4600BF99
:10ED90004CB1012C07D0022C05D0032C03D0042C3D
:10EDA00001D0052C00D104E04FF4FF710CA0FEF758
:10EDB00057FB00BF00BF15B1A8B200B104E040F29C
:10EDC000FF1107A0FEF74CFB00BF114901EB041037
:10EDD000B0F80008284008B1012070BD0020FCE711
:10EDE0002E2E5C647269766572735C686333325F81
:10EDF0006C6C5F6472697665725C7372635C686385
:10EE000033325F6C6C5F6770696F2E6300000000C7
:10EE10000030054070B504460D4600BF4CB1012CD2
:10EE200007D0022C05D0032C03D0042C01D0052CD4
:10EE300000D104E040F24A210BA0FEF711FB00BF15
:10EE400000BF15B1A8B200B104E040F24B2106A00A
:10EE5000FEF706FB00BF1048102101FB04063088B6
:10EE60002843308070BD00002E2E5C647269766588
:10EE700072735C686333325F6C6C5F647269766571
:10EE8000725C7372635C686333325F6C6C5F677073
:10EE9000696F2E63000000000A38054070B5044613
:10EEA0000D4600BF24B144F01F001F2800D104E02C
:10EEB0004FF4B27118A0FEF7D3FA00BF00BF0DB136
:10EEC000012D00D104E040F2651113A0FEF7C8FA4D
:10EED00000BF00BF1C48008800F0010000B104E042
:10EEE0004FF4B3710CA0FEF7BBFA00BF012D09D19E
:10EEF00015480838008804F01F01084312490839F2
:10EF0000088008E010480838008804F01F01884392
:10EF10000D490839088070BD2E2E5C6472697665D3
:10EF200072735C686333325F6C6C5F6472697665C0
:10EF3000725C7372635C686333325F6C6C5F6770C2
:10EF4000696F2E6300000000FC3B05402DE9F04195
:10EF500004460D46164600BF4CB1012C07D0022CCA
:10EF600005D0032C03D0042C01D0052C00D104E0E3
:10EF70004FF4BE7124A0FEF773FA00BF00BF15B1B5
:10EF8000A8B200B104E040F27D111FA0FEF768FABC
:10EF900000BF00BF0F2E03D9202E02D33B2E00D876
:10EFA00004E04FF4BF7118A0FEF75AFA00BF00BF8B
:10EFB0002148008800F0010000B104E040F27F1118
:10EFC00011A0FEF74DFA00BF002717E005F0010081
:10EFD00078B11948801D00EB841000EB8708B8F861
:10EFE00000004FF6C071084006F03F010843A8F842
:10EFF00000006D1005B903E0781CC7B2102FE5D3EF
:10F0000000BFBDE8F08100002E2E5C647269766559
:10F0100072735C686333325F6C6C5F6472697665CF
:10F02000725C7372635C686333325F6C6C5F6770D1
:10F03000696F2E6300000000FC3B054070B504467C
:10F040000D4600BF4CB1012C07D0022C05D0032C7B
:10F0500003D0042C01D0052C00D104E04FF40E7134
:10F060000BA0FEF7FDF900BF00BF15B1A8B200B1BB
:10F0700004E040F2392106A0FEF7F2F900BF104883
:10F08000102101FB040630882843308070BD000049
:10F090002E2E5C647269766572735C686333325FCE
:10F0A0006C6C5F6472697665725C7372635C6863D2
:10F0B00033325F6C6C5F6770696F2E630000000015
:10F0C0000838054010B5044600BF44B1B4F5804F80
:10F0D00005D0B4F5004F02D0B4F5404F00D104E0A4
:10F0E0004FF4ED710EA0FEF7BBF900BF00BF18484A
:10F0F000008800F0010000B104E040F2DB1108A03C
:10F10000FEF7AEF900BF1248001F0088C0F30D00E3
:10F1100004F4404108430E49091F088010BD000057
:10F120002E2E5C647269766572735C686333325F3D
:10F130006C6C5F6472697665725C7372635C686341
:10F1400033325F6C6C5F6770696F2E630000000084
:10F15000FC3B05400146002009B9C01E09E0002221
:10F160000A804A80CA800A820A814A818A81CA81C9
:10F170008A80704770B505460C461DB92046FEF7DB
:10F18000F7F901E0002070BD00BF0120FBE700009F
:10F1900070B5044600260CB9F61E4BE000BF20886F
:10F1A000B0F5007F00DA03E0CD2123A0FEF758F987
:10F1B00000BF2088400900EB4000202101EB400007
:10F1C000B4F9021088420AD82088400900EB4000B8
:10F1D000252101EB4000B4F90210884206D2B4F9AF
:10F1E0000200202802D36FF0020623E060881F4946
:10F1F000042212FB00152868C0F3080040F2FF113A
:10F20000884208D120882860B4F90210184A606842
:10F2100042F821000EE020882968C1F308018842E5
:10F2200006D1B4F90210124A606842F8210001E0E8
:10F230006FF00106304670BD2E2E5C6472697665F3
:10F2400072735C686333325F6C6C5F64726976659D
:10F25000725C7372635C686333325F6C6C5F696E9F
:10F2600074657272757074732E6300005C100540D3
:10F2700070B5002010B5034908688047BFF34F8F71
:10F2800010BD000070B5002010B5034948688047E4
:10F29000BFF34F8F10BD000070B5002010B50349BB
:10F2A00088688047BFF34F8F10BD000070B5002005
:10F2B00010B50349C8688047BFF34F8F10BD0000E9
:10F2C00070B5002010B5034908698047BFF34F8F20
:10F2D00010BD000070B5002010B503494869804793
:10F2E000BFF34F8F10BD000070B5002010B503496B
:10F2F00088698047BFF34F8F10BD000070B50020B4
:10F3000010B50349C8698047BFF34F8F10BD000097
:10F3100070B5002010B50349086A8047BFF34F8FCE
:10F3200010BD000070B5002010B50349486A804741
:10F33000BFF34F8F10BD000070B5002010B503491A
:10F34000886A8047BFF34F8F10BD000070B5002062
:10F3500010B50349C86A8047BFF34F8F10BD000046
:10F3600070B5002010B50349086B8047BFF34F8F7D
:10F3700010BD000070B5002010B50349486B8047F0
:10F38000BFF34F8F10BD000070B5002010B50349CA
:10F39000886B8047BFF34F8F10BD000070B5002011
:10F3A00010B50349C86B8047BFF34F8F10BD0000F5
:10F3B00070B5002010B50349086C8047BFF34F8F2C
:10F3C00010BD000070B5002010B50349486C80479F
:10F3D000BFF34F8F10BD000070B5002010B503497A
:10F3E000886C8047BFF34F8F10BD000070B50020C0
:10F3F00010B50349C86C8047BFF34F8F10BD0000A4
:10F4000070B5002010B50349086D8047BFF34F8FDA
:10F4100010BD000070B5002010B50349486D80474D
:10F42000BFF34F8F10BD000070B5002010B5034929
:10F43000886D8047BFF34F8F10BD000070B500206E
:10F4400010B50349C86D8047BFF34F8F10BD000052
:10F4500070B5002010B50349086E8047BFF34F8F89
:10F4600010BD000070B5002010B50349486E8047FC
:10F47000BFF34F8F10BD000070B5002010B50349D9
:10F48000886E8047BFF34F8F10BD000070B500201D
:10F4900010B50349C86E8047BFF34F8F10BD000001
:10F4A00070B5002010B50349086F8047BFF34F8F38
:10F4B00010BD000070B5002010B50349486F8047AB
:10F4C000BFF34F8F10BD000070B5002010B5034989
:10F4D000886F8047BFF34F8F10BD000070B50020CC
:10F4E00010B50349C86F8047BFF34F8F10BD0000B0
:10F4F00070B5002010B50349D1F880008047BFF3F4
:10F500004F8F10BD70B5002010B50349D1F88400AD
:10F510008047BFF34F8F10BD70B5002010B5034971
:10F52000D1F888008047BFF34F8F10BD70B5002021
:10F5300010B50349D1F88C008047BFF34F8F10BD41
:10F5400070B5002010B50349D1F890008047BFF393
:10F550004F8F10BD70B5002010B50349D1F894004D
:10F560008047BFF34F8F10BD70B5002010B5034921
:10F57000D1F898008047BFF34F8F10BD70B50020C1
:10F5800010B50349D1F89C008047BFF34F8F10BDE1
:10F5900070B5002010B50349D1F8A0008047BFF333
:10F5A0004F8F10BD70B5002010B50349D1F8A400ED
:10F5B0008047BFF34F8F10BD70B5002010B50349D1
:10F5C000D1F8A8008047BFF34F8F10BD70B5002061
:10F5D00010B50349D1F8AC008047BFF34F8F10BD81
:10F5E00070B5002010B50349D1F8B0008047BFF3D3
:10F5F0004F8F10BD70B5002010B50349D1F8B4008D
:10F600008047BFF34F8F10BD70B5002010B5034980
:10F61000D1F8B8008047BFF34F8F10BD70B5002000
:10F6200010B50349D1F8BC008047BFF34F8F10BD20
:10F6300070B5002010B50349D1F8C0008047BFF372
:10F640004F8F10BD70B5002010B50349D1F8C4002C
:10F650008047BFF34F8F10BD70B5002010B5034930
:10F66000D1F8C8008047BFF34F8F10BD70B50020A0
:10F6700010B50349D1F8CC008047BFF34F8F10BDC0
:10F6800070B5002010B50349D1F8D0008047BFF312
:10F690004F8F10BD70B5002010B50349D1F8D400CC
:10F6A0008047BFF34F8F10BD70B5002010B50349E0
:10F6B000D1F8D8008047BFF34F8F10BD70B5002040
:10F6C00010B50349D1F8DC008047BFF34F8F10BD60
:10F6D00070B5002010B50349D1F8E0008047BFF3B2
:10F6E0004F8F10BD70B5002010B50349D1F8E4006C
:10F6F0008047BFF34F8F10BD70B5002010B5034990
:10F70000D1F8E8008047BFF34F8F10BD70B50020DF
:10F7100010B50349D1F8EC008047BFF34F8F10BDFF
:10F7200070B5002010B50349D1F8F0008047BFF351
:10F730004F8F10BD70B5002010B50349D1F8F4000B
:10F740008047BFF34F8F10BD70B5002010B503493F
:10F75000D1F8F8008047BFF34F8F10BD70B500207F
:10F7600010B50349D1F8FC008047BFF34F8F10BD9F
:10F7700070B5002010B50349D1F800018047BFF3F0
:10F780004F8F10BD70B5002010B50349D1F80401AA
:10F790008047BFF34F8F10BD70B5002010B50349EF
:10F7A000D1F808018047BFF34F8F10BD70B500201E
:10F7B00010B50349D1F80C018047BFF34F8F10BD3E
:10F7C00070B5002010B50349D1F810018047BFF390
:10F7D0004F8F10BD70B5002010B50349D1F814014A
:10F7E0008047BFF34F8F10BD70B5002010B503499F
:10F7F000D1F818018047BFF34F8F10BD70B50020BE
:10F8000010B50349D1F81C018047BFF34F8F10BDDD
:10F8100070B5002010B50349D1F820018047BFF32F
:10F820004F8F10BD70B5002010B50349D1F82401E9
:10F830008047BFF34F8F10BD70B5002010B503494E
:10F84000D1F828018047BFF34F8F10BD70B500205D
:10F8500010B50349D1F82C018047BFF34F8F10BD7D
:10F8600070B5002010B50349D1F830018047BFF3CF
:10F870004F8F10BD70B5002010B50349D1F8340189
:10F880008047BFF34F8F10BD70B5002010B50349FE
:10F89000D1F838018047BFF34F8F10BD70B50020FD
:10F8A00010B50349D1F83C018047BFF34F8F10BD1D
:10F8B00070B5002010B50349D1F840018047BFF36F
:10F8C0004F8F10BD70B5002010B50349D1F8440129
:10F8D0008047BFF34F8F10BD70B5002010B50349AE
:10F8E000D1F848018047BFF34F8F10BD70B500209D
:10F8F00010B50349D1F84C018047BFF34F8F10BDBD
:10F9000070B5002010B50349D1F850018047BFF30E
:10F910004F8F10BD70B5002010B50349D1F85401C8
:10F920008047BFF34F8F10BD70B5002010B503495D
:10F93000D1F858018047BFF34F8F10BD70B500203C
:10F9400010B50349D1F85C018047BFF34F8F10BD5C
:10F9500070B5002010B50349D1F860018047BFF3AE
:10F960004F8F10BD70B5002010B50349D1F8640168
:10F970008047BFF34F8F10BD70B5002010B503490D
:10F98000D1F868018047BFF34F8F10BD70B50020DC
:10F9900010B50349D1F86C018047BFF34F8F10BDFC
:10F9A00070B5002010B50349D1F870018047BFF34E
:10F9B0004F8F10BD70B5002010B50349D1F8740108
:10F9C0008047BFF34F8F10BD70B5002010B50349BD
:10F9D000D1F878018047BFF34F8F10BD70B500207C
:10F9E00010B50349D1F87C018047BFF34F8F10BD9C
:10F9F00070B5002010B50349D1F880018047BFF3EE
:10FA00004F8F10BD70B5002010B50349D1F88401A7
:10FA10008047BFF34F8F10BD70B5002010B503496C
:10FA2000D1F888018047BFF34F8F10BD70B500201B
:10FA300010B50349D1F88C018047BFF34F8F10BD3B
:10FA400070B5002010B50349D1F890018047BFF38D
:10FA50004F8F10BD70B5002010B50349D1F8940147
:10FA60008047BFF34F8F10BD70B5002010B503491C
:10FA7000D1F898018047BFF34F8F10BD70B50020BB
:10FA800010B50349D1F89C018047BFF34F8F10BDDB
:10FA900070B5002010B50349D1F8A0018047BFF32D
:10FAA0004F8F10BD70B5002010B50349D1F8A401E7
:10FAB0008047BFF34F8F10BD70B5002010B50349CC
:10FAC000D1F8A8018047BFF34F8F10BD70B500205B
:10FAD00010B50349D1F8AC018047BFF34F8F10BD7B
:10FAE00070B5002010B50349D1F8B0018047BFF3CD
:10FAF0004F8F10BD70B5002010B50349D1F8B40187
:10FB00008047BFF34F8F10BD70B5002010B503497B
:10FB1000D1F8B8018047BFF34F8F10BD70B50020FA
:10FB200010B50349D1F8BC018047BFF34F8F10BD1A
:10FB300070B5002010B50349D1F8C0018047BFF36C
:10FB40004F8F10BD70B5002010B50349D1F8C40126
:10FB50008047BFF34F8F10BD70B5002010B503492B
:10FB6000D1F8C8018047BFF34F8F10BD70B500209A
:10FB700010B50349D1F8CC018047BFF34F8F10BDBA
:10FB800070B5002010B50349D1F8D0018047BFF30C
:10FB90004F8F10BD70B5002010B50349D1F8D401C6
:10FBA0008047BFF34F8F10BD70B5002010B50349DB
:10FBB000D1F8D8018047BFF34F8F10BD70B500203A
:10FBC00010B50349D1F8DC018047BFF34F8F10BD5A
:10FBD00070B5002010B50349D1F8E0018047BFF3AC
:10FBE0004F8F10BD70B5002010B50349D1F8E40166
:10FBF0008047BFF34F8F10BD70B5002010B503498B
:10FC0000D1F8E8018047BFF34F8F10BD70B50020D9
:10FC100010B50349D1F8EC018047BFF34F8F10BDF9
:10FC200070B5002010B50349D1F8F0018047BFF34B
:10FC30004F8F10BD70B5002010B50349D1F8F40105
:10FC40008047BFF34F8F10BD70B5002010B503493A
:10FC5000D1F8F8018047BFF34F8F10BD70B5002079
:10FC600010B50349D1F8FC018047BFF34F8F10BD99
:10FC700070B500201FB50020009001908DF808009D
:10FC80000E480390002411E00D4850F82400009025
:10FC90006846FCF7BDFE38B9094850F8243009A27F
:10FCA0000A49002001F0A6F9601CC4B2042CEBD371
:10FCB00004A207A1002001F09DF91FBD09FD01006C
:10FCC000E0ED02004D41494E0000000014FC02002E
:10FCD0001B5B33366D5B25735D2049534F54503A9F
:10FCE00020342043414E2049442052582066696CFC
:10FCF0007465727320726567697374657265640DEB
:10FD00000A1B5B306D0D0A003EB5044600200290D0
:10FD100002A80A49CDE90010237A04F10902002063
:10FD2000216808F0D5F8054635B9BDF80830034A12
:10FD3000002021680CF058FD3EBD0000480601205F
:10FD400070B50446002512E0665D062E01DB00203A
:10FD500070BD06EB860101EBC601074A02EB81008C
:10FD600000F022F808B90020F2E7681CC5B2207A3A
:10FD7000A842E9DC0120EBE79489FF1F10B586B0AB
:10FD8000044601A8FFF7E6F90020ADF80600207A46
:10FD900010B94020ADF80E00A28891B2207801AAD7
:10FDA000FEF7F0FE06B010BD30B501464868037A94
:10FDB000002200200CE00C7804EB8404084D05EBD5
:10FDC0004404245C9C4201D1541CE2B2441CE0B2C5
:10FDD0000A28F0DB0A2A01DB012030BD0020FCE705
:10FDE0005889FF1F70B500253DE005EB850000EB4D
:10FDF000C5001E4901EB8004257005EB45001C4938
:10FE000001EB80006060002084F82600206384F805
:10FE1000240084F825006068FFF7B0FF1548A06053
:10FE20000421A181144921610421A18200212162C0
:10FE300004F1080001F014FD00200DE06168097A6A
:10FE400009B9012100E0002105EB85020B4B03EB12
:10FE500042021154411CC8B20A28EFDB00200849B5
:10FE60004855681CC5B2062DBFDB70BD9489FF1FC5
:10FE700028D60200C8D50200F8D502005889FF1F15
:10FE80004080FF1F7FB504460D46164600200090B7
:10FE9000019002900390009401958DF8086001F0A4
:10FEA000BFFF03900223102269463D2000F006FCAC
:10FEB0007FBD000010B5214C214820602720A08084
:10FEC0002048A0600E20A0810120A061204601F002
:10FED000C7FC01F04FFC1C49086001F04BFC1B49BA
:10FEE000086001F047FC1A49086001F043FC194919
:10FEF00008601548006820B117491348006801F0F0
:10FF00006DFC1248006820B114491048006801F0E7
:10FF100065FC0F48006820B111490D48006801F0E8
:10FF20005DFC0C48006820B10E490A48006801F0E9
:10FF300055FC0D493D2000F053FC10BDCC8AFF1F3D
:10FF400070D6020044D802005080FF1F5480FF1F6B
:10FF50005880FF1F5C80FF1FE1390200F539020065
:10FF6000093A02001D3A0200051B020010B51448B0
:10FF7000047C052C06D0062C05D00B2C0FD00C2CA5
:10FF80001AD10DE000BF0F48007838B90D4840780D
:10FF900020B94FF480710A4801F068FC0DE000BF01
:10FFA0000848007838B90748407820B94FF48031C4
:10FFB000034801F05BFC00E000BF00BF10BD000083
:10FFC000CC8AFF1F4C80FF1FF8B501F029FF0646C1
:10FFD0000027002428E004EB840202EBC402634BF8
:10FFE00003EB82025268928891B204EB840202EB26
:10FFF000C40203EB820252681078FEF7C5FE054684
:020000040002F8
:1000000004EB84005A4901EB40005A49095D45540C
:100010005848005D401C0A21B0FBF1F201FB1200C0
:1000200054490855601CC4B2062CD4DB002427E0D8
:1000300004EB4400504901EBC0052846FFF780FE61
:10004000C0B101274D4850F82400E968884207D222
:100050004A4850F82400401C484941F824000DE06B
:100060000222D5E90401FFF70DFF0020434941F8C2
:10007000240003E00020414941F82400601CC4B280
:10008000002CD5D0002000906AE09DF8000000EB25
:10009000800101EBC000354901EB80042046FFF7E9
:1000A00083FE84F824001FB1012084F8260002E0BA
:1000B000002084F8260094F8240094F82510884243
:1000C0002BD014F8240F607014F8240940B1A662F4
:1000D00000202063002104F1080001F0C7FB1CE0B0
:1000E000E662012104F1080001F0C0FB94F826004B
:1000F00068B9D4E90A10451A60684089A84205D950
:10010000012269469DF80000FFF7BCFE00BF0322F4
:1001100069469DF80000FFF7B5FEA06902281AD1D4
:1001200094F82400B8B194F82600A0B9206B401CC4
:10013000206361684989206B88420CD3022104F155
:10014000080001F093FB00202063022269469DF81D
:100150000000FFF797FE9DF80000401CC0B2009021
:100160009DF80000062890DBF8BD00009489FF1F71
:100170005889FF1F4080FF1FB0D502004880FF1F35
:1001800030B5034618480078834200DA09B90020E8
:1001900030BD086810B10868007908B90020F7E799
:1001A000C3EBC300114C04EBC00292F8350088B1D8
:1001B00092F8240003280DD1D0680C68A04209D120
:1001C000107C0C79A04205D154698868844201D121
:1001D0000120DDE791E83100C2E907459061012087
:1001E00082F8240000BFD3E733DA0200E88AFF1F59
:1001F00070B505460C460CB9002070BD0DB9002045
:10020000FBE7002020606060A06000211EE001EBA1
:100210004100144A52F820002840A84214D101EBB2
:10022000410002EB80000079207001EB410002EBFD
:1002300080004079607001EB410002EB8000806833
:10024000606001202072D8E7481CC1B21929DED3B2
:100250002146284606F0A4FF08B10120CDE7002082
:10026000CBE70000ECD802000146172901DB002093
:10027000704701EB4100024A02EB8000F8E7000002
:1002800018DB020070B500F059F800252EE0C5EB30
:10029000C500194901EBC00405EB8500174901EBC6
:1002A0004000016821604168616000892081002070
:1002B000E06020616061A061E061206284F8240058
:1002C00084F82500A062E062206384F8340084F89A
:1002D000350084F8360084F83700204608F036FBF5
:1002E0000021204608F0BCFB681CC5B20448007819
:1002F0008542CCDB70BD0000E88AFF1F18DA0200DF
:1003000033DA020070B505460A480078854200DB02
:1003100070BDC5EBC500084901EBC004002084F89E
:100320003600012084F8340001F07AFDA06200BF9D
:10033000EEE7000033DA0200E88AFF1F7047000092
:1003400010B5044606480078844200DB10BDC4EBBB
:10035000C401044A02EBC10008F072FB00BFF5E7DC
:1003600033DA0200E88AFF1F2DE9F04101F058FD61
:1003700005461E480068281A0A2801D2BDE8F08107
:100380001A48056000262AE0C6EBC600184901EBB2
:10039000C00494F82400012802D1204608F0F7FA9E
:1003A00094F8350028B194F8340010B194F8360070
:1003B00000B112E0E06800B90FE0E068006894F86E
:1003C000251000EB8108A06A2F1AB8F80000B84287
:1003D00002D8204608F0F6FA00BF701CC6B20548E5
:1003E00000788642D0DB00BFC8E700007080FF1FA6
:1003F000E88AFF1F33DA020010B5044604F001005A
:1004000048B100BF40F223101A49086043F210209F
:10041000086000BF00BF04F0020028B100BF16480A
:100420001649086100BF00BF04F0040030B100BFEE
:100430004AF201501249088000BF00BF04F01000CA
:1004400018B14AF2085000F0D3FB04F0400018B194
:100450004AF2035000F0CCFB04F0800040B100BF32
:1004600077200849086007490831086000BF00BFCD
:1004700010BD0000000401400100A5A5008004405B
:10048000FC3B05400408054010B5044604F001009B
:1004900028B100BF00201949086000BF00BF04F068
:1004A000020028B100BF16481649086100BF00BF0E
:1004B00004F0040030B100BF4FF425401249088019
:1004C00000BF00BF04F0100018B14AF2085000F05D
:1004D00081FB04F0400018B14AF2035000F07AFBAF
:1004E00004F0800040B100BF762008490860074949
:1004F0000831086000BF00BF10BD000000040140CB
:100500000000A5A500800440FC3B05400408054010
:1005100010B500F003FD10BD70B504462546074830
:1005200028601420A8800648A8600620A881002022
:10053000A861284601F094F970BD0000C0E70200F0
:10054000B0E8020070B5044684210859FDF75AFD51
:10055000054605F0100000B11025202D22D006DC44
:10056000042D09D0082D12D0102D47D125E0402DA3
:100570002ED0802D42D136E0042104F1680001F034
:1005800075F9842108590421FDF7E6FB37E00821BD
:1005900004F1680001F06AF9842108590821FDF787
:1005A000DBFB2CE0202104F1680001F05FF98421DD
:1005B00008592021FDF7D0FB21E0102104F168004B
:1005C00001F054F9842108591021FDF7C5FB16E00C
:1005D000402104F1680001F049F9842108594021C3
:1005E000FDF7BAFB0BE0802104F1680001F03EF951
:1005F000842108598021FDF7AFFB00E000BF00BF58
:1006000084210859FDF7D8FB70BD000010B500200B
:100610000749A1F8C000C4210548F9F7B9FE00BF99
:10062000102304A205A1002000F0E4FC00BF10BDCF
:10063000C4B00020494E464F000000001B5B33321F
:100640006D5B25735D204D73672050756253756235
:1006500020696E6974204F4B2C206D617820737572
:10066000627363726962653A2025641B5B306D0DAD
:100670000A00000010B502460B46002117E001EB0E
:1006800041000D4C04EB8000007A70B101EB410099
:1006900054F82000904208D101EB410004EB8000A7
:1006A0004068984201D1012010BD481C81B2102938
:1006B000E5DB0020F8E70000C4B000202DE9F84396
:1006C00005460F4690461E464FF00009022E09DDF2
:1006D00000BF2B462AA22C490020009600F08AFC7D
:1006E00000BF022600243BE004EB4400274901EB55
:1006F0008000007A88B304EB440051F82000A8423F
:100700002BD14FF0010904EB440001EB800040685D
:10071000B8B900BF2B461EA21F490020009400F06C
:1007200069FC00BF002004EB4401184A02EB810180
:1007300008721046B0F8C000401E1146A1F8C00073
:100740000CE004EB4400114901EB800033464246C3
:100750003946D0F804C02846E04700BF601C84B288
:10076000102CC1DBB9F1000F07D100BF2B460BA243
:100770000CA1002000F03EFC00BFBDE8F8830000A3
:100780005741524E0000000024F10200C4B0002086
:100790004552524F5200000068F102004445425554
:1007A000470000001B5B33366D5B25735D204D7386
:1007B00067205075626C6973683A206E6F2073759C
:1007C00062736372696265722028746F7069633A3C
:1007D000307825303458291B5B306D0D0A0000003D
:1007E000F8B505460E464EB900BF2B462CA22EA1E9
:1007F000002000F0FFFB00BF0120F8BD3146284675
:10080000FFF738FF48B100BF2B4637A23849002018
:1008100000F0F0FB00BF0120EFE73648B0F8C00061
:10082000102809DB00BF2B461DA23349002000F031
:10083000E1FB00BF0120E0E700242DE004EB4400D1
:100840002C4901EB8000007A20BB04EB440041F806
:10085000205004EB440001EB80004660012004EBD3
:100860004401244A02EB810108721046B0F8C0002E
:10087000401C1146A1F8C00000BF0846B0F8C000F7
:100880002B461EA21FA10090002000F0B3FB00BF6A
:100890000020B2E7601C84B2102CCFDB0120ACE753
:1008A0004552524F520000001B5B33316D5B257384
:1008B0005D204D7367205375627363726962653A98
:1008C0002063616C6C6261636B206973204E554CD0
:1008D0004C2028746F7069633A3078253034582979
:1008E0001B5B306D0D0A00005741524E00000000A6
:1008F0009CF00200C4B00020E0F00200494E464FD8
:10090000000000001B5B33326D5B25735D204D736F
:1009100067205375627363726962653A20746F7001
:10092000696320307825303458204F4B2028746F6D
:1009300074616C3A2564291B5B306D0D0A00000060
:1009400070B52DED028B05460C46B0EE408AF0EEF8
:10095000608A84ED018AC4ED028A38EE680A84ED6B
:100960000A0A287810B101280ED106E0214628464F
:1009700000F059F884ED060A0BE02146284600F005
:1009800029F884ED060A04E09FED110ABDEC028B04
:1009900070BD00BF94ED060AD4ED090AB4EEE00A7A
:1009A000F1EE10FA04D294ED090A84ED060A0CE087
:1009B00094ED060AD4ED080AB4EEE00AF1EE10FA5E
:1009C00003DD94ED080A84ED060A94ED060ADDE7DE
:1009D0000000000091ED0A0A91ED0B1A30EE410A79
:1009E00090ED011A20EE010A90ED021AD1ED0A1ADB
:1009F00001EE210AF0EE400A91ED060A30EE200ADF
:100A000081ED060A91ED0B0A81ED0C0A91ED0A0ABF
:100A100081ED0B0A91ED060A704700B502460846C3
:100A200000F05AF800BD70B52DED068B05460C465A
:100A300094ED0D0AD4ED0A0A30EE200A84ED0D0A79
:100A400095ED040A10EE101A0846F9F7F5FC41EC92
:100A5000180B94ED0D0A10EE101A0846F9F7ECFC8D
:100A600041EC1A0BB0EE4A0AF0EE6A0A03F0DEFA25
:100A7000B0EE409AF0EE609A53EC182B51EC190B43
:100A8000F9F706FD14D2D5ED040A94ED0D0AB5EE82
:100A9000C00AF1EE10FA01DD012001E04FF0FF3055
:100AA00000EE100AB8EEC00A20EE800A84ED0D0AAE
:100AB00095ED010AD4ED0A0A20EE200AD5ED020ACE
:100AC00094ED0D1A00EE810A84ED060A94ED060AF3
:100AD000BDEC068B70BD00009FED0C0A80ED010A95
:100AE0009FED0A0A80ED020A9FED080A80ED0A0ACE
:100AF0009FED060A80ED0B0A9FED040A80ED0D0ABA
:100B00009FED020A80ED060A704700000000000019
:100B10009FED0C0A80ED0A0A9FED0A0A80ED0B0A90
:100B20009FED080A80ED0C0A9FED060A80ED0D0A84
:100B30009FED040A80ED060A9FED020A80ED020A8D
:100B4000704700000000000000B9704780ED010A06
:100B5000D0ED020A70EE600AC0ED0A0A00BFF4E7A9
:100B600010B500BF0F48008800F00200022800D135
:100B700004E040F2AD410CA0FCF772FC00BF094854
:100B8000001D007800F0C00040F00F000549091D6D
:100B9000087010200349113108701E20FCF7C8FCB2
:100BA000002010BDFE4305402E2E5C647269766500
:100BB00072735C686333325F6C6C5F647269766514
:100BC000725C7372635C686333325F6C6C5F707706
:100BD000632E630004490988814341F42541034A97
:100BE000A2F8FE1370470000FE4305400040054098
:100BF000034909880143034AA2F8FE137047000025
:100C0000FE43054000400540014600224A810A811A
:100C1000704700002DE9F04706460F46904699467A
:100C2000DDF820A02E4890F86002082802D3FF20AB
:100C3000BDE8F08737B1B8F1020F03DBB9F1000F5F
:100C400000D00EB9FF20F3E700250BE005EB4500CF
:100C500000EB0510224901EB8000007F00B903E0A2
:100C6000681CC5B2082DF1D300BF05EB450000EBB1
:100C700005101B4901EB80042760A4F8048084F868
:100C8000069000206081208184F81DA00F2231464B
:100C900004F10C00F9F793FB0021E17601202077A5
:100CA000104860621048A0621048E062104820635B
:100CB000104860631048E0631048A0631048206447
:100CC000104860641048A0642046FFF79DFF044868
:100CD00090F86002401C024981F860022846A7E7AC
:100CE0000CB30020BB0E0200750E0200090C0200BE
:100CF000530E02003F0E02001B0E0200690D02009F
:100D0000DD0D0200810D0200B50E020070B5054632
:100D10000DB9002070BD00241FE004EB440000EB7F
:100D20000410104901EB8000007FA0B104EB4401E6
:100D300001EB04110B4A02EB810101F10C00294681
:100D4000F9F750FB38B904EB440000EB04100549F7
:100D500001EB8000DEE7601CC4B2082CDDD300206C
:100D6000D8E700000CB3002070B50446254628469D
:100D7000E96B8847A988491E081A80B270BD000037
:100D80002DE9F0412DED028B044625469FED120A18
:100D9000B0EE408A6E892846E96B88470746D5F849
:100DA0000080002010E008EB860191ED000A30EE93
:100DB000080AB0EE408AAA88711C91FBF2F302FB8C
:100DC00013118EB2411C88B2B842ECDBB0EE480A77
:100DD000BDEC028BBDE8F081000000002DE9F0477A
:100DE0000446254600266F892846E96B88478046D9
:100DF000D5F8009000200BE019F807100E44AA88DF
:100E0000791C91FBF2F302FB13118FB2411C88B2E3
:100E10004045F1DB3046BDE8F087024611460889BF
:100E20004B89984204DB08894B89C01A80B270470D
:100E300088884B89C01A0B89184480B2F7E70146AD
:100E40000A4610895389984201D101207047002039
:100E5000FCE710B501460A461089401C938890FBB8
:100E6000F3F403FB14005389984201D1012010BD13
:100E70000020FCE72DE9F04105460E462C462046B1
:100E8000616B884710B10220BDE8F0816189A279C9
:100E9000206801FB0207A27939463046F9F75FFA6C
:100EA0006089401CA18890FBF1F201FB1200608177
:100EB0000020E9E70246517770472DE9F0410546E9
:100EC0000E462C4616B90420BDE8F081607F28B993
:100ED0002046216B884768B10120F5E72046216B49
:100EE000884738B16089401CA18890FBF1F201FB72
:100EF000120060812189A279206801FB0207A27992
:100F000031463846F9F72BFA2089401CA18890FB1E
:100F1000F1F201FB120020810020D5E710B502F0AC
:100F20008BFE10BD2DE9F04104460D46164600BF6C
:100F30000E4F3878532801D002F07EFE00BFEFF349
:100F400011800746202080F3118800BF00BF324681
:100F50002946204600F00CF88046F8B280F311884C
:100F600000BF00BF4046BDE8F081000070B800201F
:100F70002DE9F047074688461646C24607EB47016B
:100F80001B4800EBC109D9F8140020B1012811D089
:100F9000022826D11EE0484602F08CFE0546B542E6
:100FA00001D2002405E0344632465146484602F05C
:100FB000D8FF18E0484602F07DFE0546B54201D252
:100FC000284600E03046044622465146484602F094
:100FD000C8FF08E032465146484602F087FF044603
:100FE00001E0002400BF00BF2046BDE8F0870000FC
:100FF00088B800200FB438B5044606A800906A46A9
:101000002046059900F007F8054600200090284684
:1010100038BC5DF814FB2DE9F04F99B082460D46BF
:10102000144603A814904020159000201690CDF887
:1010300060A0179000BF2E786D1C06B9DDE0252E4C
:1010400079D100274FF0010900BF2E78232E12D04E
:101050002B2E0CD02D2E02D0302E10D103E047F0D5
:1010600001076D1C0EE047F002076D1C0AE047F017
:1010700004076D1C06E047F008076D1C02E04FF006
:10108000000900BF00BFB9F1000FDED14FF000082A
:1010900000BF2E78302E01DB392E00DD07E06D1CFD
:1010A000A6F1300008EB880100EB4108F1E700BF32
:1010B000002013902E782E2E12D16D1C00BF2E789A
:1010C000302E01DB392E00DD09E06D1CA6F1300069
:1010D000139901EB810100EB41001390EFE700BF92
:1010E0002E7800BF6C2E01D0682E02D16D1C2E7898
:1010F00000E000E0F6E700BF702E5DD008DC252E92
:101100006AD0582E35D0632E09D0642E69D113E0F1
:10111000732E3CD0752E1DD0782E62D128E0216828
:10112000081D2060D1F8009009F0FF0B594614A863
:1011300002F0BAFE56E058E02168081D2060D1F8A0
:101140000090CDE900870A22494614A8139B02F0BB
:10115000BFFD47E02168081D2060D1F80090CDE96F
:1011600000870A22494614A8139B02F027FE39E0A3
:1011700000BF2168081D2060D1F80090CDE90087EC
:101180001022494614A8139B02F018FE2AE0216899
:10119000081D2060D1F800B000BF9BF800600BF183
:1011A000010B06B906E0314614A802F07DFE17983F
:1011B0000028F2DA00BF15E02168081D2060D1F890
:1011C0000090002008210B461022CDE9001049466E
:1011D00014A802F0F3FD05E0252114A802F064FE36
:1011E00000E000BF00BF6D1C03E0314614A802F010
:1011F0005BFE17980028BFF61EAF00BF17980028A7
:101200000ADD169820B103A95046169AFFF78AFE08
:10121000DDE9161008441790179819B0BDE8F08F53
:101220002DE9F04704460F4690464FF0000900BFF5
:1012300024B144F00F000F2800D103E0C72126A0FD
:10124000FCF70EF900BF00BF072F00D803E0C8214C
:1012500021A0FCF705F900BF00BFB8F1070F00D8C7
:1012600003E0C9211CA0FCF7FBF800BF00BF264823
:101270000068772800D103E0CA2117A0FCF7F0F836
:1012800000BF24E004F00100E0B14FEAC960050EA0
:10129000281DC6B207FA06F008FA05F1084307212F
:1012A000B1400722AA40114308400721B14007225C
:1012B000AA401143144A121F12688A43104312496C
:1012C000091F0860640809F1010000F0FF09002C03
:1012D000D8D1BDE8F08700002E2E5C647269766577
:1012E00072735C686333325F6C6C5F6472697665DD
:1012F000725C7372635C686333325F6C6C5F7372D1
:10130000616D2E63000000000408054040F22310C8
:101310000249086043F210200860704708940440B6
:101320007FB505460C460026B84800680390B748CC
:1013300040680290B54880680190B448C068009049
:1013400000BF04F0E060E8B104F0E060B0F1807F3D
:1013500018D004F0E060B0F1007F13D004F0E0603A
:10136000B0F1407F0ED004F0E060B0F1806F09D0A2
:1013700004F0E060B0F1A06F04D004F0E060B0F1E0
:10138000C06F00D104E040F2A121A1A0FCF768F8F1
:1013900000BF00BF04F07000B8B104F07000102866
:1013A00013D004F0700020280FD004F07000302813
:1013B0000BD004F07000402807D004F070005028D3
:1013C00003D004F07000602800D104E040F2A221B4
:1013D0008FA0FCF745F800BF00BF04F4E020E8B19F
:1013E00004F4E020B0F5803F18D004F4E020B0F51C
:1013F000003F13D004F4E020B0F5403F0ED004F4D9
:10140000E020B0F5802F09D004F4E020B0F5A02F43
:1014100004D004F4E020B0F5C02F00D104E040F285
:10142000A3217BA0FCF71CF800BF00BF04F4E00080
:10143000E8B104F4E000B0F5801F18D004F4E00037
:10144000B0F5001F13D004F4E000B0F5401F0ED03B
:1014500004F4E000B0F5800F09D004F4E000B0F52A
:10146000A00F04D004F4E000B0F5C00F00D104E0F8
:101470004FF4297166A0FBF7F3FF00BF00BF04F033
:101480000700B8B104F00700012813D004F00700EA
:1014900002280FD004F0070003280BD004F0070047
:1014A000042807D004F00700052803D004F0070043
:1014B000062800D104E040F2A52155A0FBF7D0FF9B
:1014C00000BF00BF04F4E060E8B104F4E060B0F5F0
:1014D000807F18D004F4E060B0F5007F13D004F4EE
:1014E000E060B0F5407F0ED004F4E060B0F5806FAE
:1014F00009D004F4E060B0F5A06F04D004F4E0601B
:10150000B0F5C06F00D104E040F2A62140A0FBF787
:10151000A7FF00BF00BF04F4E040E8B104F4E040DE
:10152000B0F5805F18D004F4E040B0F5005F13D050
:1015300004F4E040B0F5405F0ED004F4E040B0F5B4
:10154000804F09D004F4E040B0F5A04F04D004F47B
:10155000E040B0F5C04F00D104E040F2A7212CA03C
:10156000FBF77EFF00BF00BF3448284000B104E015
:101570004FF42A7126A0FBF773FF00BF00BF30486D
:10158000008800F0010000B104E040F2A92120A091
:10159000FBF766FF00BF2B48007800F00700052826
:1015A00017D1012600BF1948006900F0010000B101
:1015B00004E04FF42C7116A0FBF752FF00BF224845
:1015C00012490860C01248608860C8601E20FBF79E
:1015D000AFFF1C482638006AA84304EA0501084307
:1015E0001849263908621E20FBF7A2FF012E0BD1F5
:1015F000064903980860029848600198886000983E
:10160000C8601E20FBF794FF7FBD000000800440EF
:101610002E2E5C647269766572735C686333325F28
:101620006C6C5F6472697665725C7372635C68632C
:1016300033325F6C6C5F636C6B2E63007777770778
:10164000FE43054026400540EEFAFFFF7FB5044605
:1016500000253048006803902E48406802902D48CD
:10166000806801902B48C068009000BF4CB1012CED
:1016700007D0022C05D0032C03D0042C01D0052C5C
:1016800000D104E040F2372123A0FBF7E9FE00BFC0
:1016900000BF2C48008800F0010000B104E04FF4C6
:1016A0000E711DA0FBF7DCFE00BF2748007800F09C
:1016B0000700052801D0052C17D1012500BF1548CA
:1016C000006900F0010000B104E04FF4107112A0B5
:1016D000FBF7C6FE00BF1D480E490860C0124860F7
:1016E0008860C8601E20FBF723FF174804701E2087
:1016F000FBF71EFF012D0BD10649039808600298E5
:101700004860019888600098C8601E20FBF710FFB1
:101710007FBD0000008004402E2E5C6472697665F7
:1017200072735C686333325F6C6C5F647269766598
:10173000725C7372635C686333325F6C6C5F636CA2
:101740006B2E6300FE43054026400540EEFAFFFF86
:1017500010B50748007800B110BD01210020FDF749
:1017600009FD00B9F8E701200149087000BFF3E75F
:101770009C82FF1F1748007808B90020704700219D
:1017800024E0154800EB01100078E8B90120124A66
:1017900002EB0112107000200F4A02EB0112507090
:1017A0000D4A02EB011290700B4A02EB01125060DD
:1017B000094A02EB01129060074A02EB0112D06065
:1017C000054800EB0110D9E7481CC1B21029D8D355
:1017D0000020D3E79C82FF1F70B7002000B970473C
:1017E000C16000BFFBE710B1037803B102B97047D5
:1017F00081704260002383600123437000BFF6E7DD
:1018000000B9704700214170816000BFF9E7000016
:1018100070B5012600251EE0104800EB0514207865
:1018200008B1607800B914E0A0683044A060D4E941
:10183000011088420CD3E06810B12046E168884767
:10184000A07818B900206070A06001E00020A060BE
:1018500000BF681CC5B2102DDED370BD70B700206C
:1018600000B970478169016100BFFAE72DE9F041D5
:10187000044688460CB9BDE8F0812669002500BF02
:101880000FE005EB4502216801EB82000168226947
:10189000914204D14168414501D1866804E0681C49
:1018A00085B2A088A842ECDC00BF2069B04200D11C
:1018B000E1E700250FE005EB4501A06800EB81079B
:1018C00038682169884204D1B86810B1B868804787
:1018D00004E0681C85B2A089A842ECDC00BF206946
:1018E0006061266100250FE005EB4501A06800EB73
:1018F000810738682169884204D1786810B1786816
:10190000804704E0681C85B2A089A842ECDC00BFD7
:1019100000BFB0E770B586B06A4800F069FC6A495C
:101920000868FCF779FA6749C86101A8FDF712FC5D
:101930000220ADF806000020042332226349009003
:1019400063A0FFF767F90020042332226249009068
:1019500062A0FFF75FF9002599E005EB850000EB39
:10196000C5115848443000EB810425700020607098
:10197000A06041F64C50E0600020206160614FF4AF
:10198000FA70E0619FED570A84ED810A9FED560AD7
:1019900084ED820A6420C4F80C0225B94CA0FFF73C
:1019A000B5F9606405E0012D03D14CA0FFF7AEF955
:1019B00060649FED4E0A84ED0C0A9FED4C0A84EDA5
:1019C0000D0AB2EE000A84ED0E0A142121643E498C
:1019D000083151F82500FCF71FFAC4F8B80104F5E6
:1019E000CE70F9F78FF884F84C5000214D20015546
:1019F0003549103151F82500FCF70EFA84210851C1
:101A000004F16800FEF788FD05EB850000EBC511C9
:101A10002C48443000EB810000F14C06344800EBC8
:101A2000C500B061B0690068007918B10020ADF858
:101A30000E0002E00120ADF80E00B2691268518874
:101A4000B2691268107801AAFDF79CF8B069406885
:101A5000007918B10020ADF80E0002E00120ADF8C9
:101A60000E00B26952685188B2695268107801AAB2
:101A7000FDF788F81449203151F82500FCF7CCF91E
:101A8000C4F8F80104F5EE70FAF726FD6D1C022D7E
:101A9000FFF663AF17493020FEF7A2FE164920205B
:101AA000FEF79EFE15493E20FEF79AFE14493D20A2
:101AB000FEF796FE0349C8698121FCF72DFB06B0AD
:101AC00070BD00003C83FF1F0880FF1FA887FF1F19
:101AD00056617869735F31007088FF1F56617869BD
:101AE000735F32000000AA4200000C4200000000B8
:101AF00024EA02002D290200A92C02008D240200F4
:101B0000A12702002DE9F04781460E4690469A46ED
:101B1000B8F1100F01D0BDE8F087344620680028E6
:101B20003BD1207A012802D0207A022803D101205B
:101B30009F4908709CE0207A0328FBD100209C4933
:101B4000087088709B480068FFF75AFE9A48057C29
:101B5000022D01D0032D03D108219748FFF786FEFF
:101B6000072D0BD100209249887094480068FFF738
:101B700047FE4FF480719048FFF778FE0D2D0BD192
:101B800000208B4988708E480068FFF739FE4FF4BB
:101B900080318948FFF76AFE6AE0206801283CD15D
:101BA000207A012802D0207A022803D1012080491E
:101BB00048705DE0207A03285AD100207C494870A3
:101BC000887080480068FFF71BFE7B48057C082D65
:101BD00001D0092D04D14FF400617748FFF746FE8C
:101BE000072D0BD100207249887074480068FFF7F8
:101BF00007FE4FF480717048FFF738FE0D2D0BD1B2
:101C000000206B4988706E480068FFF7F9FD4FF4BB
:101C100080316948FFF72AFE2AE02068202827D172
:101C2000207A012802D0207A022803D101206049BD
:101C300088701DE0207A03281AD100205C49887042
:101C40005E480068FFF7DCFD5D480068FFF7D8FDDF
:101C50005948057C072D03D14FF48071FFF706FE2C
:101C60000D2D04D14FF480315348FFF7FFFD00BF25
:101C70005148077C0D2F75D2DFE807F0960796963E
:101C80002B75769696964E8586004948007868B101
:101C90004748407850B902214748FFF7E7FD41F235
:101CA0008832002143480068FFF79DFD4048407896
:101CB00070B13F48007858B94FF400713E48FFF7C3
:101CC000D5FD41F2883200213E480068FFF78BFDC8
:101CD0006BE03748007830B13548407818B91021AA
:101CE0003548FFF7C3FD3248407830B130480078BE
:101CF00018B920213048FFF7B9FD2D48807850B140
:101D000040212D48FFF7B2FD41F2883200212B48D7
:101D10000068FFF768FD48E02548407838B124485E
:101D2000007820B94FF400512348FFF79FFD204869
:101D3000007838B11E48407820B94FF480511E48D1
:101D4000FFF794FD1A48807858B14FF480411A4843
:101D5000FFF78CFD41F28832002119480068FFF737
:101D600042FD22E020E000BF1148807850B14021C0
:101D70001148FFF77BFD41F2883200210F480068CF
:101D8000FFF731FD00BF00BF0948807858B14FF41C
:101D900080410948FFF76AFD41F288320021084876
:101DA0000068FFF720FD00BF00BF00BF00BFB2E624
:101DB0004C80FF1F5080FF1FCC8AFF1F5480FF1FE5
:101DC0005C80FF1F5880FF1F10B500F027FA002429
:101DD00021E0124981F8414004EB840101EBC41277
:101DE0000E49443101EB8200FAF78CFB04EB8401CD
:101DF00001EBC4120949443101EB8200F8F7F8FE07
:101E000004EB840101EBC4120449443101EB82006C
:101E1000FEF798FB641C022CDBDB10BD3C83FF1F2C
:101E200001480068704700009082FF1F10B500F065
:101E300001F810BD034800680349096808440149D6
:101E4000086070479082FF1F8C82FF1FF0B501462B
:101E50004FF0FF34A9B3B1F57A7F32D84FF47A70DE
:101E6000B0FBF1F0184A10601848006AC0F3026332
:101E700017480068D840B0FBF1F2501EB0F1807FE7
:101E800001D301201BE0501E4FF0E023586158178A
:101E90000F23002804DB1D072E0E0E4D2E5406E0E6
:101EA0001D072F0E0C4D00F00F06361FAF5500BF5B
:101EB00000204FF0E023986107201861002000B94E
:101EC00000242046F0BD00008C82FF1F004005402A
:101ED0000080FF1F00E400E018ED00E070B5FFF7A0
:101EE0009FFF064600251BE005EB45000F4901EB6F
:101EF000C004207D08B1A06800B90FE0E08920B1DE
:101F00002069301AE189884207D3A0688047E089B8
:101F100008B1266101E00020207500BF681C85B271
:101F20000248B0F88001A842DEDC70BD88B1002014
:101F300010B54FF4C2710A48F8F72AFA00BF10230F
:101F400008A20AA10020FFF755F800BF00BF102328
:101F500014A216A10020FFF74DF800BF10BD00002D
:101F600088B10020494E464F000000001B5B333211
:101F70006D5B25735D2053797320536368656475C9
:101F80006C657220696E6974204F4B20286D6178F2
:101F9000206D6F64756C65733A2564291B5B306D29
:101FA0000D0A00004D41494E000000001B5B333616
:101FB0006D5B25735D205379732053636865647589
:101FC0006C657220696E6974204F4B20286D6178B2
:101FD000206D6F64756C65733A2564291B5B306DE9
:101FE0000D0A00007CB5044624B13048B0F88001E9
:101FF000102808DB00BF2EA22FA10020FEF7FAFF59
:1020000000BF01207CBD002514E005EB4502274BF5
:1020100053F832002168F8F7E5F948B900BF34A257
:1020200035A100202368FEF7E5FF00BF0120E9E7A6
:10203000681C85B21D48B0F88001A842E5DC1B4948
:10204000B1F8801101EB4101184A02EBC1001822DE
:102050002146F8F784F91548B0F88001401C13496F
:10206000A1F880010846B0F88001401E00EB400056
:1020700001EBC000406848B1B1F88011491E01EB86
:1020800041010A4A02EBC1014868804700F070F83C
:1020900000BFE089217BCDE9001024A225A100200A
:1020A0002368FEF7A7FF00BF0020ABE788B1002040
:1020B0004552524F520000001B5B33316D5B25735C
:1020C0005D20536368656420726567697374657227
:1020D0003A20696E76616C6964206D6F64756C6519
:1020E000206F722066756C6C1B5B306D0D0A0000F2
:1020F0005741524E000000001B5B33336D5B25736C
:102100005D205363686564207265676973746572E6
:102110003A206475706C6963617465206D6F6475D5
:102120006C652025731B5B306D0D0A00494E464FD0
:10213000000000001B5B33326D5B25735D20536331
:102140006865642072656769737465723A202573E7
:1021500020287072696F3A25642C20706572696F4F
:10216000643A25646D73291B5B306D0D0A00000015
:1021700030B587B0012532E005EB45001B4A02EB84
:10218000C001182201A8F8F7EAF8681E04B20EE0B0
:1021900004EB4402154B03EBC201621C02EB42024A
:1021A00003EBC2001822F8F7DAF8601E04B2002C24
:1021B00009DB04EB44000D4901EBC000007B9DF8F6
:1021C00010108842E4DC611C01EB4101074A02EB7C
:1021D000C100182201A9F8F7C2F8681C85B20348AB
:1021E000B0F88001A842C7DC07B030BD88B100203C
:1021F00070B504462546074828601120A880064887
:10220000A8600620A8810020A8612846FFF728FBC7
:1022100070BD0000F8E80200C4E9020010B555499D
:10222000C869FBF7EFFE044652490A230222C86937
:102230008121FBF713FF38B101214E48FFF716FB50
:1022400080214C48FFF712FB4A490A230222C86941
:102250000121FBF703FF38B101214648FFF706FBD8
:1022600001214448FFF702FB42490A230222C869C0
:102270008821FBF7F3FE38B108213E48FFF7F6FA54
:1022800080213C48FFF7F2FA102C45D008DC012CE5
:1022900010D0022C22D0042C48D0082C66D15BE050
:1022A000202C25D0402C2DD0802C0DD0B4F5005FF3
:1022B0005CD145E001212F48FFF7D8FA2D49C869C4
:1022C0000121FBF749FD52E080212A48FFF7CEFAB1
:1022D0002849C8698021FBF73FFD48E002212548D5
:1022E000FFF7C4FA2349C8690221FBF735FD3EE038
:1022F00020212048FFF7BAFA1E49C8692021FBF7C0
:102300002BFD34E040211B48FFF7B0FA1949C8699A
:102310004021FBF721FD2AE010211648FFF7A6FA1D
:102320001449C8691021FBF717FD20E0042111486A
:10233000FFF79CFA0F49C8690421FBF70DFD16E071
:102340004FF400510B48FFF791FA0A49C8694FF45E
:102350000051FBF701FD0AE008210648FFF786FA65
:102360000449C8690821FBF7F7FC00E000BF00BF83
:1023700010BD00003C83FF1F70B52B4D2D6805F08C
:1023800001051DB1294D2A4E356002E0294D284E28
:102390003560294D2D7805F00700062840D2DFE88A
:1023A00000F003080C11151A214D2D68234E3560DD
:1023B00037E0234D214E356033E04FF400451F4E8A
:1023C00035602EE01E4D1D4E35602AE04FF400456D
:1023D0001A4E356025E0184DDA352D68C5F3082210
:1023E000154D263DD5F800512B0F134DDA352D68CC
:1023F00005F01F04104D263DD5F8005105F080056D
:102400000DB90F4901E00A4D2968651CB1FBF5F5CE
:10241000561C75435E1CB5FBF6F5084E356000E0B2
:1024200000BF00BF70BD0000840601400024F4001E
:102430000480FF1F002D3101264005400080FF1F52
:1024400000127A0000B54FF425400E490880401C68
:1024500008800C480838008820F00800094908392D
:1024600008800020074908800748006840F4700091
:1024700005490860FFF780FF4FF4D03002498039EA
:10248000086000BDFC3B054088ED00E02DE9F04709
:1024900080460E46174699460EB10E2F01D0BDE874
:1024A000F087AA480069022800D0F8E7344660792E
:1024B000012840D103F0CEFE06F0E2F9A34890F8DF
:1024C000400000287DD12079B0BB002531E005EB2C
:1024D000850000EBC5119D48443000EB810090F869
:1024E0002C0001280AD005EB850000EBC5119748A8
:1024F000443000EB810090F82C0038B9012093495A
:1025000081F84000284606F0C5FB10E001208F4905
:1025100081F84000D1F83C024FF40031FBF7FCFD9C
:102520008A49D1F850044FF40031FBF7F5FD681CDF
:10253000C5B2022DCBDB5DE0FFE72079012859D140
:10254000824981F84000084690F83C0060B10025BF
:1025500091F83C0007F014FE05467C4991F83C00D8
:1025600029460AF0B9FF00BF002532E005EB8500DF
:1025700000EBC5117548443000EB810090F82D0048
:1025800030B305EB850000EBC5117048443000EB1B
:10259000810090F8FE0102281AD0012105EB850088
:1025A00000EBC5126948443000EB820080F8FC1152
:1025B00005EB850101EBC5126449443101EB820151
:1025C00000E009E0D1F8F8014FF48051FBF7A4FDD9
:1025D0006D1C022DCADB0DE05C49D1F83C024FF4C2
:1025E0000061FBF799FD5949D1F850044FF400619F
:1025F000FBF792FDA078012802D0A07A052804D12B
:102600000120524981F8360003E000204F4981F84B
:102610003600E0880F2802DC20890F2804DD012025
:102620004A4981F8380003E00020484981F8380021
:102630002078032818D1002003F012FE434890F8B8
:102640007000022809D106F01BF94049D1F83C027C
:102650004FF40041FBF760FD22E03C49D1F8FC015A
:102660000421FBF759FD1BE02078042818D1002035
:1026700003F0F6FD354890F87000022809D106F005
:10268000FFF83249D1F83C024FF48031FBF744FDAA
:1026900006E02E49D1F8FC014FF48071FBF73CFDB8
:1026A0006078032818D1012003F0DAFD274890F85C
:1026B0008402022809D106F0E3F82449D1F8500435
:1026C0004FF40041FBF728FD22E02049D1F8100427
:1026D0000421FBF721FD1BE06078042818D10120BC
:1026E00003F0BEFD194890F88402022809D106F0D3
:1026F000C7F81649D1F850044FF48031FBF70CFDB0
:1027000006E01249D1F810044FF48071FBF704FD84
:10271000E07A18B1E07A0D4981F83C00207B01286D
:1027200003D10A4981F83F0003E00020074981F8FE
:102730003F00E078012803D1044981F83E0003E01E
:102740000020024981F83E0000BFA8E63C83FF1F3D
:1027500010B507F0EBFCFFF7EBFB00F0F5FA00BF5C
:1027600003A205A10020FEF745FC00BF10BD00003C
:10277000494E464F000000001B5B33326D5B2573F2
:102780005D2053797374656D20696E697420636F81
:102790006D706C6574651B5B306D0D0A0000000088
:1027A0002DE9F04107460D46164698460DB1102E0C
:1027B00001D0BDE8F0815C48006900B9F9E72C461A
:1027C000206802281DD1207A02280DD10120564907
:1027D00081F83400084690F8341080F8441290F8DC
:1027E000341080F858140CE000204F4981F8340070
:1027F000084690F8341080F8441290F8341080F8AD
:1028000058142068052829D1207A022811D10120E6
:10281000454981F83500D1F8FC014FF40011FBF770
:102820007BFC4149D1F810044FF40011FBF774FC14
:1028300014E000203C4981F83500084690F8360045
:1028400060B9D1F8FC014FF40001FBF765FC364993
:10285000D1F810044FF40001FBF75EFC2068032858
:102860002DD1207A012802D0207A022827D106F023
:1028700007F82D4890F87000022807D12A49D1F8AE
:102880003C024FF40041FBF747FC05E02649D1F834
:10289000FC010421FBF740FC234890F88402022845
:1028A00007D12149D1F850044FF40041FBF734FC23
:1028B00005E01D49D1F810040421FBF72DFC206828
:1028C00004282FD1207A012802D0207A022829D189
:1028D00005F0D6FF144890F87000022807D112497D
:1028E000D1F83C024FF48031FBF716FC06E00E49AC
:1028F000D1F8FC014FF48071FBF70EFC0A4890F808
:102900008402022807D10849D1F850044FF48031DD
:10291000FBF702FC06E00449D1F810044FF4807183
:10292000FBF7FAFB00BF44E73C83FF1F2DE9F047AC
:102930002DED028B80460D46164699460DB1102EA0
:1029400003D0BDEC028BBDE8F0872C46217B2079BB
:1029500000EB800202EBC012CF4800EB820080F84F
:10296000FE11207902287CDA207B022879D0217997
:1029700001EB810303EBC113C74901EB8301486CF1
:10298000217901EB810303EBC113C34901EB8301FF
:10299000496C4A6A04F108019047012861D1FFF7A8
:1029A0003FFA0746227902EB820303EBC213BA4ACD
:1029B00002EB8302506C227902EB820303EBC21319
:1029C000B54A02EB8302526C516C8847B0EE408AE4
:1029D0009FEDB20AC8EE000A207900EB800101EBFE
:1029E000C011AD4800EB8100C0ED0A0A207900EB70
:1029F000800101EBC011A84800EB810090ED290A8D
:102A0000207900EB800101EBC011A34800EB8100AD
:102A100080ED2B0A207900EB800101EBC0119E486C
:102A200000EB8100D0F8A810207900EB800202EBC7
:102A3000C012994800EB8200C0F8B010207900EB7A
:102A4000800101EBC011944800EB810090ED0A0A6F
:102A5000DFED930A20EE200AF2EE040A20EE200AAF
:102A600000E002E1BCEEC00A10EE100A80B208EEEF
:102A7000900AB0EE680AB8EE400AF2EE040A80EE60
:102A8000201A207900EB800101EBC011824800EB95
:102A9000810080ED0A1A207900EB800101EBC01162
:102AA0007D4800EB810090ED0A0A207900EB80015F
:102AB00001EBC011784800EB810080ED290A2079F4
:102AC00000EB800101EBC011734800EB8100C0F8FE
:102AD000A870207900EB800101EBC0116E4800EB7B
:102AE000810090ED080A207900EB800101EBC01114
:102AF000694800EB8100D0ED350A30EE200A2079DC
:102B000000EB800101EBC011634800EB8100D0EDC8
:102B1000290AB4EEE00AF1EE10FA30DD207900EB7C
:102B2000800101EBC0115C4800EB810090ED080AC8
:102B3000207900EB800101EBC011574800EB8100C8
:102B4000D0ED350A30EE600A207900EB800101EB10
:102B5000C011514800EB8100D0ED290AB4EEE00A23
:102B6000F1EE10FA0BD20121207900EB800202EB8A
:102B7000C012494800EB820080F82E1060E02079F6
:102B800000EB800101EBC011434800EB810090EDA8
:102B9000090A207900EB800101EBC0113E4800EBEF
:102BA0008100D0ED350A30EE200A207900EB80015B
:102BB00001EBC011384800EB8100D0ED290AB4EEDA
:102BC000E00AF1EE10FA30DD207900EB800101EB34
:102BD000C011314800EB810090ED090A207900EB2B
:102BE000800101EBC0112C4800EB8100D0ED350ACB
:102BF00030EE600A207900EB800101EBC01126481D
:102C000000EB8100D0ED290AB4EEE00AF1EE10FAF3
:102C10000BD20221207900EB800202EBC0121E4889
:102C200000EB820080F82E100AE00021207900EBF2
:102C3000800202EBC012184800EB820080F82E10D0
:102C4000227902EB820303EBC213134A02EB8302E5
:102C5000506C227902EB820303EBC2130E4A02EBA3
:102C60008302526CD16A884700BF94ED020ADFEDFF
:102C70000D0A20EE200ABCEEC00A10EE100A81B246
:102C8000207900EB800202EBC012034800EB8200C7
:102C9000A0F8121200BF54E68083FF1F00004442D8
:102CA0003333054200007A442DE9F04107460D46D2
:102CB000164698460DB1102E01D0BDE8F08121488E
:102CC000006900B9F9E72C4694ED020A1D4880ED31
:102CD000090A207900BB1B4890F8340028B919492B
:102CE000C8690221FBF718FA16E0A07B012805D17C
:102CF0001449C8692021FBF70FFA0DE0A07B0228D8
:102D000005D11049C8694021FBF706FA04E00D49D6
:102D1000C8698821FBF700FA2079012802D02079C0
:102D200002280CD1A1892079401E00EB800202EB21
:102D3000C0120448443000EB8200A0F8021200BF29
:102D4000BBE700003C83FF1F00B5E1B018224749F4
:102D50005BA8F7F704FB5BA8FFF744F91822434987
:102D6000183155A8F7F7FBFA55A8FFF73BF91822D9
:102D70003E4930314FA8F7F7F2FA4FA8FFF732F982
:102D800018223A49483149A8F7F7E9FA49A8FFF764
:102D900029F918223549603143A8F7F7E0FA43A82A
:102DA000FFF720F91822314978313DA8F7F7D7FA13
:102DB0003DA8FFF717F918222C49903137A8F7F7EB
:102DC000CEFA37A8FFF70EF918222849A83131A802
:102DD000F7F7C5FA31A8FFF705F918222349C031E2
:102DE0002BA8F7F7BCFA2BA8FFF7FCF818221F490D
:102DF000D83125A8F7F7B3FA25A8FFF7F3F818227A
:102E00001A49F0311FA8F7F7AAFA1FA8FFF7EAF846
:102E10001822174919A8F7F7A2FA19A8FFF7E2F83C
:102E200018221349183113A8F7F799FA13A8FFF7D6
:102E3000D9F818220E4930310DA8F7F790FA0DA8ED
:102E4000FFF7D0F818220A49483107A8F7F787FAA0
:102E500007A8FFF7C7F818220549603101A8F7F75E
:102E60007EFA01A8FFF7BEF861B000BDDCEB0200FE
:102E7000E4EC020070B504460D4600BF0F488442E2
:102E800002D00F48844200D104E040F261210DA03D
:102E9000FAF7E6FA00BF00BF2DB145F00110B0F11E
:102EA000011F00D104E040F2622106A0FAF7D8FA2F
:102EB00000BF4FF00110A843606170BD00400240A8
:102EC000004402402E2E5C647269766572735C6801
:102ED0006333325F6C6C5F6472697665725C7372C7
:102EE000635C686333325F6C6C5F746D72302E6349
:102EF0000000000010B5FEF78BFC4FF48031024853
:102F0000FFF7B8FF10BD00000040024070B5044656
:102F10000D46164600BF1A48844202D01948844222
:102F200000D104E040F2FD1117A0FAF799FA00BFB2
:102F300000BF0DB1012D00D104E04FF4FF7112A0CC
:102F4000FAF78EFA00BF00BF0EB1012E00D104E0E7
:102F500040F2FF110CA0FAF783FA00BF012E06D150
:102F600020692A01710391400843206106E020692D
:102F70002A014FF4005191408843206170BD000048
:102F800000400240004402402E2E5C647269766567
:102F900072735C686333325F6C6C5F647269766510
:102FA000725C7372635C686333325F6C6C5F746D08
:102FB00072302E63000000002DE9F04706460D46F2
:102FC00014464FF0000914B96FF002097FE000BF0A
:102FD0004048864202D04048864200D103E0C321E7
:102FE0003EA0FAF73DFA00BF00BF0DB1012D00D1A0
:102FF00003E0C42139A0FAF733FA00BF00BF20680C
:1030000058B12068B0F5007F07D02068B0F5807F08
:1030100003D02068B0F5A06F00D103E0C5212FA038
:10302000FAF71EFA00BF00BF6068E8B160681028B8
:103030001AD06068202817D06068302814D06068E3
:10304000402811D0606850280ED0606860280BD0EE
:103050006068702808D06068802805D06068902873
:1030600002D06068A02800D103E0C6211BA0FAF7B7
:10307000F7F900BF00BFA06820B148F20201A068C4
:10308000884200D103E0C72114A0FAF7E9F900BF94
:1030900006EB85070020386006F1080000EB850884
:1030A000A089C8F8000030692A0148F2F271914005
:1030B0008843D4E900121143A26811432A019140C8
:1030C0002B0148F2F2729A401140084330614846A1
:1030D000BDE8F08700400240004402402E2E5C64B0
:1030E0007269766572735C686333325F6C6C5F64BF
:1030F00072697665725C7372635C686333325F6CAD
:103100006C5F746D72302E630000000070B5044671
:103110000D46164600BF1848844202D01748844224
:1031200000D104E04FF40C7115A0FAF799F900BF33
:1031300000BF2DB145F00410B0F1041F00D104E030
:1031400040F231210EA0FAF78BF900BF00BF0EB19B
:10315000012E00D104E040F2322109A0FAF780F9F3
:1031600000BF012E03D120692843206102E02069BD
:10317000A843206170BD00000040024000440240AE
:103180002E2E5C647269766572735C686333325F9D
:103190006C6C5F6472697665725C7372635C6863A1
:1031A00033325F6C6C5F746D72302E630000000010
:1031B00070B504460D4600BF0E48844202D00E484A
:1031C000844200D103E0F8210CA0FAF749F900BFCE
:1031D00000BF0DB1012D00D103E0F92107A0FAF7DE
:1031E0003FF900BF20692A01012191400843206175
:1031F00070BD000000400240004402402E2E5C647E
:103200007269766572735C686333325F6C6C5F649D
:1032100072697665725C7372635C686333325F6C8B
:103220006C5F746D72302E63000000000146002058
:1032300009B9C01E06E000220A604A608A604FF6A3
:10324000FF728A817047000070B504460D4616462D
:1032500000BF1C4884420ED01B4884420BD01B4840
:10326000844208D01A48844205D01A48844202D0C9
:103270001948844205D125B145F0FF00FF2800D14F
:1032800004E040F2434115A0FAF7EAF800BF00BF9E
:103290000EB1012E00D104E040F244410FA0FAF734
:1032A000DFF800BF012E06D1B4F89400A9B208439C
:1032B000A4F8940004E0B4F89400A843A4F894009F
:1032C00070BD000000500140005401400058014012
:1032D000005C014000600140006401402E2E5C64EF
:1032E0007269766572735C686333325F6C6C5F64BD
:1032F00072697665725C7372635C686333325F6CAB
:103300006C5F746D72612E630000000070B505463D
:103310000C466FF0020600BF534885420ED053485A
:1033200085420BD05248854208D05248854205D08C
:103330005148854202D05148854200D104E04FF403
:103340008B714FA0FAF78CF800BF002C77D000BF2C
:10335000207810B12078012800D104E04FF48C715E
:1033600047A0FAF77DF800BF2078002849D100BFB8
:10337000A07810B1A078042800D104E040F21B111D
:103380003FA0FAF76DF800BF00BFE07810B1E07819
:10339000022800D104E04FF48E7139A0FAF760F8EA
:1033A00000BF00BF6078E8B1607810281AD060785C
:1033B000202817D06078302814D06078402811D0A9
:1033C000607850280ED0607860280BD06078702824
:1033D00008D06078802805D06078902802D0607886
:1033E000A02800D104E040F21D1125A0FAF738F81A
:1033F00000BFA078E17808436178084385F8800031
:103400002AE000BFA08828B1A08841F6FF710843D8
:10341000884201D0A08800B904E040F2231118A02E
:10342000FAF71EF800BF00BFE08828B1E08841F637
:10343000FF710843884201D0E08808B905E010E038
:1034400040F225110EA0FAF70BF800BFA088A5F8EE
:103450008800E088A5F88C002846A16800F0E2F911
:103460000026304670BD000000500140005401406D
:1034700000580140005C01400060014000640140D0
:103480002E2E5C647269766572735C686333325F9A
:103490006C6C5F6472697665725C7372635C68639E
:1034A00033325F6C6C5F746D72612E6300000000DC
:1034B0002DE9F04705460E4614466FF0020900BF9D
:1034C000414885420ED0414885420BD04048854254
:1034D00008D04048854205D03F48854202D03F4849
:1034E000854202D1072E00D804E04FF4ED713CA0D4
:1034F000F9F7B6FF00BF002C62D000BFA08828B14A
:10350000A088012802D0A088022800D104E040F25F
:10351000DD1133A0F9F7A4FF00BF00BFE08828B198
:10352000E088012802D0E088022800D104E04FF4AE
:10353000EF712BA0F9F794FF00BF00BF208940B1C5
:103540002089012805D02089022802D0208903285B
:1035500000D104E040F2DF1121A0F9F781FF00BFA4
:1035600000BF608940B16089012805D060890228C8
:1035700002D06089032800D104E04FF4F07118A054
:10358000F9F76EFF00BF05F1400000EB86082088C8
:10359000A8F8000005F5A07000EB86072079A17956
:1035A00040EA8100217A40EA0110A17A40EA8110C4
:1035B000C0B2398801F47F41084338804FF00009D8
:1035C0004846BDE8F087000000500140005401402B
:1035D00000580140005C014000600140006401406F
:1035E0002E2E5C647269766572735C686333325F39
:1035F0006C6C5F6472697665725C7372635C68633D
:1036000033325F6C6C5F746D72612E63000000007A
:103610002DE9F04104460D46164600BF1848844285
:103620000ED0184884420BD01748844208D017485F
:10363000844205D01648844202D01648844202D102
:10364000072D00D804E04FF4067113A0F9F708FF26
:1036500000BF00BF0EB1012E00D104E040F21921DD
:103660000DA0F9F7FDFE00BF04F5A07000EB850783
:10367000302101EB471000F184400660BDE8F08185
:10368000005001400054014000580140005C0140DE
:1036900000600140006401402E2E5C647269766512
:1036A00072735C686333325F6C6C5F6472697665F9
:1036B000725C7372635C686333325F6C6C5F746DF1
:1036C00072612E63000000002DE9F04104460E46B1
:1036D000154600BF1B4884420ED01B4884420BD0C5
:1036E0001A48844208D01A48844205D019488442B6
:1036F00002D01948844202D1072E00D804E04FF4CA
:10370000127116A0F9F7ACFE00BF00BF2DB1B5F5E0
:10371000007F02D0B5F5407F00D104E040F249219E
:103720000EA0F9F79DFE00BF04F5A07000EB860720
:1037300038884FF6FF41084005F44071084338804F
:10374000BDE8F081005001400054014000580140A4
:10375000005C014000600140006401402E2E5C646A
:103760007269766572735C686333325F6C6C5F6438
:1037700072697665725C7372635C686333325F6C26
:103780006C5F746D72612E63000000002DE9F041E2
:1037900004460D46164600BF104884420ED010481D
:1037A00084420BD00F48844208D00F48844205D091
:1037B0000E48844202D00E48844202D1072D00D820
:1037C00004E04FF462710BA0F9F74AFE00BF04F168
:1037D000400000EB85073E80BDE8F08100500140CD
:1037E0000054014000580140005C0140006001406D
:1037F000006401402E2E5C647269766572735C68A9
:103800006333325F6C6C5F6472697665725C73728D
:10381000635C686333325F6C6C5F746D72612E63DE
:103820000000000070B504460D4600BF0D488442FC
:103830000ED00D4884420BD00C48844208D00C486E
:10384000844205D00B48844202D00B48844200D108
:1038500004E04FF4517109A0F9F702FE00BFA58002
:1038600070BD00000050014000540140005801406C
:10387000005C014000600140006401402E2E5C6449
:103880007269766572735C686333325F6C6C5F6417
:1038900072697665725C7372635C686333325F6C05
:1038A0006C5F746D72612E630000000010B50446F9
:1038B00000BF104884420ED00F4884420BD00F48FE
:1038C000844208D00E48844205D00E48844202D07B
:1038D0000D48844200D104E040F256410BA0F9F7B4
:1038E000BFFD00BF94F8800040F0010084F8800024
:1038F00010BD00000050014000540140005801403C
:10390000005C014000600140006401402E2E5C64B8
:103910007269766572735C686333325F6C6C5F6486
:1039200072697665725C7372635C686333325F6C74
:103930006C5F746D72612E630000000070B5044608
:103940000D4600BF144884420BD01448844208D06E
:103950001348844205D01348844202D0124884425E
:1039600000D104E04FF46B7110A0F9F779FD00BFAE
:1039700000BF0DB1012D00D104E040F2AD310BA02C
:10398000F9F76EFD00BF04F180060C2101EB461033
:1039900000F18440056070BD0054014000580140B2
:1039A000005C014000600140006401402E2E5C6418
:1039B0007269766572735C686333325F6C6C5F64E6
:1039C00072697665725C7372635C686333325F6CD4
:1039D0006C5F746D72612E63000000007047000020
:1039E00010B5044604210248FDF740FF10BD000059
:1039F000CC8AFF1F10B5044680210248FDF736FF30
:103A000010BD0000CC8AFF1F10B504464FF4806142
:103A10000148FDF72BFF10BDCC8AFF1F10B50446EF
:103A20004FF400410148FDF721FF10BDCC8AFF1F74
:103A300010B5F7F741FB10BD10B50BA20CA100208B
:103A4000FDF7D8FA002003F037FEFCF713F9002049
:103A5000FAF754FD06F0A2FE08F0CCFC02A210A179
:103A60000020FDF7C7FA10BD4D41494E000000008F
:103A70001B5B33366D5B25735D203D3D3D2055441A
:103A80005320537461636B20496E697420537461D1
:103A90007274203D3D3D0D0A1B5B306D0D0A000028
:103AA0001B5B33366D5B25735D203D3D3D205544EA
:103AB0005320537461636B20496E697420446F6EA8
:103AC00065203D3D3D0D0A1B5B306D0D0A00000079
:103AD00070B5FEF7A5F9002504461A48007858B1DC
:103AE00018480678002017490870334616A218496E
:103AF000FDF780FA00F086FA164903C96040694074
:103B0000084319D0134830C01348006870B11248F8
:103B10000068401E104908600846006830B90AA2D3
:103B20000EA10020FDF766FA00F06CFA03F020FE0B
:103B300008F030FD04F03AFDFAF7B6FFF8F74EFF53
:103B400070BD00002483FF1F4D41494E000000005E
:103B5000C4FB02002883FF1F2083FF1F1B5B33363B
:103B60006D5B25735D2044656C61796564207265C9
:103B700073657420646F6E652C2072657365747450
:103B8000696E672E2E2E0D0A1B5B306D0D0A00002C
:103B900010B54FF4803003F0DFFA10BD70B5054664
:103BA00005B970BD2E46002408E04FF4803101EBCA
:103BB000840006F092FA46F82400641C0E2CF4D31C
:103BC00000BFEEE770B5054605B970BD4FF4803013
:103BD00003F0C2FA2E46002408E056F824104FF4F1
:103BE000803202EB840006F0C1F8641C0E2CF4D382
:103BF00000BFEAE730B503460C460AB9012030BDE4
:103C000000210FE00A4800EB81052878984207D18F
:103C1000687800F00F00A04202D111800020EEE78A
:103C2000481C81B2034800888142EBDB0120E6E7B3
:103C300038EB0200D8EB020070B5174C4FF49C71C2
:103C40002046F6F7A5FB06202061606113A0A06165
:103C50001549E1614FF4806121620021A162616236
:103C6000E1620EA0C4F8A8001049AC200151102157
:103C7000B02001510021B8200151B4200151BC20D5
:103C80000151002505E0C5F10F000949085C6055A8
:103C90006D1C102DF7D370BD70B800205465726D87
:103CA000696E616C00000000A8B90020A8BD00206A
:103CB00075ED020010B501460A69CB689A4204D836
:103CC0008C68641EE41AA01801E0D41A601E10BDAE
:103CD0002DE9FC5F06460F4692469846DDE90C4505
:103CE000002F01DA784200E0384683464FF00109A0
:103CF00003E09BFBFAFB09F10109D345F9DAC8455A
:103D000000D9C14634B1002F03DB05F004000428BC
:103D100000D1641E05F0020010B1B8F1000F11D0FF
:103D200005F0010070B96CB108E0641E2021304636
:103D300000F0BAF8F068002800DA02E00CB1A14502
:103D4000F3D300BFF068002836DB002F05DA7F428E
:103D50002D21304600F0A8F807E005F00400042803
:103D600003D12B21304600F09FF8F068002823DBB8
:103D700005F00200022814D105F0010088B9B8F15D
:103D8000000F0ED16CB108E0641E3021304600F007
:103D90008BF8F068002800DA02E00CB1A145F3D3FB
:103DA00000BFF068002807DB4346524639463046DC
:103DB000CDE9004500F002F8BDE8FC9F2DE9FC5F6D
:103DC0008046894615461E460C9CCDF80490012776
:103DD000BB4605E00198B0FBF5F001900BF1010B3B
:103DE0000198A842F6D25E4500D9B3460D9800F07E
:103DF0000100D0B9CCB10D9800F00200022803D127
:103E000016B93020009001E02020009009E0641EE7
:103E10004046009900F048F8D8F80C00002800DA75
:103E200002E00CB1A345F2D300BFD8F80C00002883
:103E300035DB09E0012E01D9761E04E0B9FBF7FA63
:103E4000AA4500D201E06F43F4E700BF00BFB9FB11
:103E5000F7FA0AFB1799134810F80A10404600F0C9
:103E600023F8D8F80C00002800DA03E0B7FBF5F7D8
:103E7000002FECD100BF0D9800F0010078B174B1B3
:103E800009E0641E2021404600F00EF8D8F80C002E
:103E9000002800DA02E00CB1A345F2D300BFBDE870
:103EA000FC9F000086ED020070B504460E46A56832
:103EB000681C6168814206D320684655681CA06072
:103EC000E068401CE060D4E9011088420DD1A2688E
:103ED00021682069FDF726F8A168884203D04FF0D9
:103EE000FF30E06001E00020A06070BD2DE9F05FD0
:103EF0000446894617464FF0000AE56800BFD4F82B
:103F00001080A84503D9A8EB0500461E04E0A5EBE8
:103F10000800401CA1680E1AA068401BB04201D9DD
:103F2000304601E0A068401B0646BE4201D2304642
:103F300000E038460646606800EB050B324649460D
:103F40005846F6F70CFAB244B144BF1B3544A0689A
:103F5000A84200D10025E560002FD0D15046BDE831
:103F6000F09F2DE9F047044689461546E668A068AB
:103F7000871BAF420AD9606800EB060A2A46494609
:103F80005046F6F7ECF97019E06014E0B846606846
:103F900000EB060A424649465046F6F7E0F9A5EB23
:103FA0000708D4F804A009EB070142465046F6F78B
:103FB000D6F9C4F80C80BDE8F08700000FB4054BBB
:103FC00010B503A9044A029800F04AF810BC5DF845
:103FD00014FB0000337502003083FF1F0FB4084B41
:103FE00010B504A902AA039800F03AF8044602A901
:103FF000002000F060FA204610BC5DF814FB0000C1
:10400000B7440200BFF34F8F0648006800F4E06039
:1040100005490843001D03490860BFF34F8F00BFE7
:1040200000BFFDE70CED00E00000FA052DED020BEE
:10403000019820F0004001909DED000B02B0704708
:1040400002E008C8121F08C1002AFAD17047704761
:10405000002001E001C1121F002AFBD170470000BF
:104060002DE9FF4F8DB00F460546002606E02528B6
:104070000BD0DDE90F1290476D1C761C28780028C4
:10408000F5D111B03046BDE8F08F0024A246A1461C
:104090000122E94900E0044315F8013F203B02FA00
:1040A00003F00842F7D128782A2810D06FF02F02A9
:1040B0002878A0F13001092914D80AEB8A0102EB13
:1040C000410144F0020400EB010A6D1CF0E701CF4E
:1040D0005FEA000A03D544F40054CAF1000A44F030
:1040E00002046D1C28782E2817D115F8010F44F012
:1040F00004042A280ED06FF02F022878A0F1300196
:1041000009290AD809EB890102EB410100EB0109F9
:104110006D1CF2E757F8049B6D1C28786C280FD0B3
:1041200006DC4C2817D068280DD06A2814D104E08A
:10413000742810D07A280FD10DE044F400140AE05E
:1041400044F4801401E044F440146978814202D1BF
:1041500004F580146D1C6D1C28786E281ED00CDCB4
:10416000632830D004DC00288BD0582811D19FE080
:10417000642867D069280CD164E073282DD004DC52
:104180006F2872D0702804D194E075286ED07828FA
:104190006DD0DDE90F129047761C4BE1C4F302505D
:1041A000022806D0032809D0042801CF09D00660D0
:1041B00040E101CFF117C0E900613BE101CF06808A
:1041C00038E1067036E117F8040B8DF80000002086
:1041D0008DF80100EB46012003E057F804BB4FF0D7
:1041E000FF3061074FF0000102D40DE008F101013A
:1041F000884649450FDA8045F8DB1BF8081000298E
:10420000F4D108E008F1010188468142FADB1BF88D
:1042100008100029F6D1DDE90F23AAEB080081463A
:10422000214600F031F9304400EB080604E0DDE9F6
:104230000F121BF8010B9047B8F10108F7D2214685
:104240004846F2E00A21C4F302524FF0000B0891F5
:10425000022A04D001CFC117032A09D00AE0FF1DAA
:1042600027F00707F7E8020108E02CE01EE01FE056
:1042700000B2C117042A01D140B2C117021E71F168
:10428000000206DA0023D0EB030063EB01012D22CC
:1042900002E0220504D52B228DF82420012203E020
:1042A000E20701D02022F7E7904653E00A210BE015
:1042B000102109E010214FF0000B44F004044FF0EE
:1042C0000809089103E008214FF0000B0891C4F39E
:1042D0000252022A04D001CF0021032A06D006E0B0
:1042E000FF1D27F00707F7E8020103E080B2042A68
:1042F00000D1C0B24FF0000822072BD52A78702ACF
:1043000007D0DDF820C08CF0100C5CEA0B0C05D057
:104310000EE040228DF82420012208E050EA01033B
:1043200006D030238DF824308DF8252002229046C7
:10433000089B83F0080353EA0B030BD150EA0102F8
:1043400001D1620706D530228DF824204FF00108F4
:10435000A9F101092A78582A04D038A20B9208AA98
:104360000A920BE03AA2F9E75B46089AF5F7C6FF16
:104370000B9B9B5C0A9A521E0A92137050EA010230
:10438000F2D10A98ADEB000000F1200B600702D5D6
:1043900024F4803401E04FF00109D94502DDA9EB96
:1043A0000B0000E0002000EB0B0141440890AAEB59
:1043B000010AE00306D4DDE90F232146504600F050
:1043C00063F806444FF0000908E009A911F8090054
:1043D000DDE90F12904709F10109761CC145F4DBB4
:1043E000E0030CD5DDE90F232146504600F04CF8E0
:1043F000064404E0DDE90F1230209047761C08994E
:10440000481E08900029F5DC08E00A980A9900780F
:10441000491C0A91DDE90F129047761CBBF100019F
:10442000ABF1010BF1DC21465046DDE90F2300F032
:1044300019F806446D1C21E6092801003031323399
:1044400034353637383961626364656600000000D0
:1044500030313233343536373839414243444546BA
:10446000000000002DE9F041044600251E461746D5
:10447000880404D405E039462020B0476D1C641E32
:10448000F9D52846BDE8F0812DE9F0410446002524
:104490001E469046C80301D5302700E02027880437
:1044A00004D505E041463846B0476D1C641EF9D579
:1044B0002846BDE8F0810A68531C0B6010707047F5
:1044C00070B50024B8E104EB840000EBC411DC48B3
:1044D00000EB810090F81002002865D004EB840006
:1044E00000EBC411D64800EB8100D0F8AC010A28DB
:1044F00015D004EB840000EBC411D14800EB81001F
:10450000D0F8AC010B280AD004EB840000EBC411F6
:10451000CB4800EB8100D0F8AC010C2812D104EBA1
:10452000840101EBC412C64901EB8201D1F8B80144
:104530004FF40061F9F7F0FDFDF772FCC14941F855
:10454000240031E004EB840000EBC411BC4800EB14
:104550008100D0F8AC01022815D004EB840000EBF8
:10456000C411B74800EB8100D0F8AC0103280AD091
:1045700004EB840000EBC411B14800EB8100D0F8DB
:10458000AC01042810D104EB840101EBC412AC4946
:1045900001EB8201D1F8B8012021F9F7BDFDFDF74B
:1045A0003FFCA84941F8240004EB840000EBC4114F
:1045B000A34800EB8100D0F8AC010D2815D004EB26
:1045C000840000EBC4119E4800EB8100D0F8AC01E0
:1045D0000E280AD004EB840000EBC411984800EBCD
:1045E0008100D0F8AC010F287CD1FDF719FC0546FD
:1045F000944850F82400281AB0F5966F59D804EB67
:10460000840000EBC4118E4800EB810090ED080A95
:1046100004EB840000EBC411894800EB8100D0ED6D
:10462000350A30EE200A04EB840000EBC411844804
:1046300000EB8100D0ED290AB4EEE00AF1EE10FAA9
:104640000ADD04EB840000EBC4117D4800EB81001F
:1046500090F82D0002282CD004EB840000EBC4114C
:10466000774800EB810090ED080A04EB840000EB32
:10467000C411734800EB8100D0ED350A30EE600ABA
:1046800004EB840000EBC4116D4800EB8100D0ED19
:10469000290AB4EEE00AF1EE10FA21D204EB84000C
:1046A00000EBC411664800EB810090F82D00012852
:1046B00016D104EB840101EBC412614901EB8201C4
:1046C000D1F8B8014FF48071F9F726FD002104EB11
:1046D000840000EBC4125A4800EB820080F81012EC
:1046E000A8E0FFE704EB840000EBC411544800EBA2
:1046F0008100D0F8AC01052815D004EB840000EB54
:10470000C4114F4800EB8100D0F8AC0106280AD054
:1047100004EB840000EBC411494800EB8100D0F8A1
:10472000AC0107287DD148480088401C46490880D4
:10473000FDF776FB0546434850F82400281AB0F5EB
:10474000966F59D804EB840000EBC4113C4800EB91
:10475000810090ED090A04EB840000EBC411384895
:1047600000EB8100D0ED350A30EE200A04EB840026
:1047700000EBC411324800EB8100D0ED290AB4EE01
:10478000E00AF1EE10FA0ADD04EB840000EBC4113C
:104790002B4800EB810090F82D0001282CD004EB71
:1047A000840000EBC411264800EB810090ED090A5B
:1047B00004EB840000EBC411214800EB8100D0ED34
:1047C000350A30EE600A04EB840000EBC4111C488B
:1047D00000EB8100D0ED290AB4EEE00AF1EE10FA08
:1047E00027D204EB840000EBC411154800EB8100D4
:1047F00090F82D0002281CD114480088401C134951
:10480000088004EB840101EBC4120D4901EB820125
:10481000D1F8B8010421F9F77FFC002104EB8400F2
:1048200000E007E000EBC412054800EB820080F8CE
:10483000101200BF601CC4B2022CFFF644AE70BD63
:104840008083FF1FF880FF1FF480FF1FF680FF1F8B
:1048500010B5324890F84140022C5EDA04EB840037
:1048600000EBC4112D48443000EB81004078002853
:1048700053D004EB840101EBC4122849443101EB0D
:104880008201D1F884001021F9F746FC002104EBE5
:10489000840000EBC4122148443000EB820080F811
:1048A0009C1004EB840000EBC4121C48443000EB65
:1048B000820080F8F81004EB840000EBC412174863
:1048C000443000EB820080F8541104EB840000EBCC
:1048D000C4111248443000EB8100D0F8AC01162816
:1048E00004D0182803D0192815D113E000BF3CB913
:1048F00041F2883200210A480068FCF774FF08E0A2
:10490000012C06D141F28832002106480068FCF7EC
:104910006AFF01E000E000BF00BF10BD3C83FF1F45
:10492000EC80FF1FF080FF1F10B5384890F8414021
:10493000022C69DA04EB840000EBC41133484430E4
:1049400000EB8100407800285ED004EB840000EB8F
:10495000C4112E48443000EB8100D0F8AC0110287F
:104960003AD004EB840000EBC4112848443000EB3B
:104970008100D0F8AC0111282ED004EB840000EBAC
:10498000C4112248443000EB8100D0F8AC01082863
:1049900022D004EB840000EBC4111C48443000EB2F
:1049A0008100D0F8AC01092816D004EB840000EB9C
:1049B000C4111648443000EB8100D0F8AC0158B166
:1049C00004EB840000EBC4111048443000EB81007C
:1049D000D0F8AC01012817D104EB840101EBC4121B
:1049E0000A49443101EB8201D1F884001021F9F722
:1049F00093FB04EB840101EBC4120449443111F828
:104A00002200042104F06CF810BD00003C83FF1F5D
:104A100010B52DED048B82B000BFEFA2F0A10020F5
:104A2000FCF7E8FA00BFFE4890F84140022C7CDA1F
:104A300004EB840000EBC411F948443000EB810022
:104A40004078002871D0012104EB840000EBC412EF
:104A5000F348443000EB820080F89C1004EB8400A3
:104A600000EBC412EE48443000EB820080F8F810EE
:104A700004EB840000EBC412E948443000EB8200F0
:104A800080F8541104EB840101EBC412E449443171
:104A900001EB820101F5AA70FCF73AF8E04890F8C2
:104AA0003D0034280DD0DE4890F83D00352808D070
:104AB000DB4890F83D00B52803D0D94890F83D0078
:104AC00098B904EB840101EBC412D549443101EBE0
:104AD000820101F5AA709FEDD30AFCF735F89FED2E
:104AE000D20A204601F052FF12E004EB840101EBF0
:104AF000C412CB49443101EB820101F5AA709FED4C
:104B0000CB0AFCF721F89FEDCA0A204601F03EFFD0
:104B100004EB840000EBC411C148443000EB810079
:104B2000D0F8AC0102283DD000E0A6E204EB8400FE
:104B300000EBC411BA48443000EB8100D0F8AC015E
:104B400003282FD004EB840000EBC411B448443098
:104B500000EB8100D0F8AC01042823D004EB8400E2
:104B600000EBC411AE48443000EB8100D0F8AC013A
:104B70000D2817D004EB840000EBC411A848443082
:104B800000EB8100D0F8AC010E280BD004EB8400C0
:104B900000EBC411A248443000EB8100D0F8AC0116
:104BA0000F2879D100BF04EB840000EBC4119C48AE
:104BB000443000EB8100D0F8AC01234686A29DA1D1
:104BC00000900020FCF716FA00BF04EB840000EB15
:104BD000C4129348443000EB820090ED0A0A04EBC3
:104BE000840000EBC4128E48443000EB8200D0ED0C
:104BF000080A30EE600A10EE101A0846F5F71CFCA1
:104C000041EC190BB0EE490AF0EE690AFFF70EFA13
:104C1000B0EE408AF0EE608A9FED950B53EC102BBE
:104C200051EC180BF5F71CFC10D204EB840101EBDE
:104C3000C4127B49443101EB8201D1F8B801402113
:104C4000F9F76AFA02B0BDEC048B10BD04EB8400E6
:104C500000EBC4117248443000EB810090ED0A0A69
:104C600004EB840000EBC4116D48443000EB81007C
:104C7000D0ED080AB4EEE00AF1EE10FA0DDDBFEE59
:104C8000000A04EB840000EBC4116548443000EBDB
:104C9000810080ED2E0A0CE06DE0B7EE000A04EB17
:104CA000840000EBC4115E48443000EB810080EDCD
:104CB0002E0A04EB840000EBC4115948443000EB89
:104CC000810090ED080A04EB840000EBC411544805
:104CD000443000EB810080ED280A04EB840000EBF7
:104CE000C4114F48443000EB810090ED2E0AF7EEDE
:104CF000000AB4EE600AF1EE10FA15D100BF2346A7
:104D000035A25D490020FCF775F900BF04EB840172
:104D100001EBC4124249443101EB8201D1F8840015
:104D20000421F9F7F9F99EE104EB840000EBC411CA
:104D30003B48443000EB810090ED2E0AFFEE000A64
:104D4000B4EE600AF1EE10FAEDD100BF234622A2C4
:104D50004A490020FCF74EF900BF04EB840101EB47
:104D6000C4122F49443101EB8201D1F8840008219B
:104D7000F9F7D2F977E104EB840000EBC41128487D
:104D8000443000EB8100D0F8AC010A2878D004EB65
:104D9000840000EBC4112248443000EB8100D0F8BD
:104DA000AC010B286CD004EB840000EBC4111C4850
:104DB000443000EB8100D0F8AC010C2877D004EB34
:104DC000840000EBC4111648443000EB8100D0F899
:104DD000AC0105286BD054E05741524E0000000052
:104DE0001B5B33336D5B25735D202D2D6163745F19
:104DF000656E7465725F6D6F76696E673A20737465
:104E0000617274696E672D2D2D2D2D2D2D2D2D2D5B
:104E10002D2D2D2D2D2D1B5B306D0D0A000000005A
:104E20003C83FF1F00007A4500C073450080BB44EF
:104E30000000AF441B5B33336D5B25735D206D79E0
:104E400053797374656D2E617869735B25645D2E8B
:104E5000736D5F6163742E6375725F7374617465E3
:104E6000203D3D2025641B5B306D0D0A00000000D5
:104E7000000000000000F03F14F0020058F00200B3
:104E800015E004EB840000EBC4117D4800EB8100C9
:104E9000D0F8AC0106280AD004EB840000EBC41162
:104EA000774800EB8100D0F8AC01072872D100BF31
:104EB00004EB840000EBC411714800EB8100D0F8D2
:104EC000AC012346AFF2F002AFF29801009000204F
:104ED000FCF790F800BF04EB840000EBC4126848B4
:104EE00000EB820090ED0A0A04EB840000EBC41290
:104EF000634800EB8200D0ED090A30EE600A10EE44
:104F0000101A0846F5F798FA41EC190BB0EE490A69
:104F1000F0EE690AFFF78AF8B0EE408AF0EE608A98
:104F20001FED2D0B53EC102B51EC180BF5F798FAE5
:104F30000DD804EB840101EBC412514901EB82014D
:104F4000D1F8B8014FF48051F9F7E6F87AE604EBAE
:104F5000840000EBC4114A4800EB810090ED0A0A7E
:104F600004EB840000EBC411454800EB8100D0ED58
:104F7000090AB4EEE00AF1EE10FA0CDDBFEE000A09
:104F800004EB840000EBC4113D4800EB810080ED90
:104F90002E0A0BE067E0B7EE000A04EB840000EB9A
:104FA000C411374800EB810080ED2E0A04EB840029
:104FB00000EBC411324800EB810090ED090A04EBCC
:104FC000840000EBC4112E4800EB810080ED280A1C
:104FD00004EB840000EBC411294800EB810090ED44
:104FE0002E0AF7EE000AB4EE600AF1EE10FA15D1BF
:104FF00000BF2346AFF2202222490020FBF7FAFF30
:1050000000BF04EB840101EBC4121D4901EB8201D6
:10501000D1F884000421F9F77FF824E004EB840040
:1050200000EBC411164800EB810090ED2E0AFFEE54
:10503000000AB4EE600AF1EE10FA14D100BF234664
:10504000AFF26C2210490020FBF7D4FF00BF04EB45
:10505000840101EBC4120A4901EB8201D1F88400FA
:105060000821F9F759F804EB840101EBC412044953
:1050700011F82200042103F033FD00BFE2E5000037
:105080008083FF1F14F0020058F0020010B50024C6
:1050900029E004EB840000EBC411144800EB81000C
:1050A0004078F0B104EB840000EBC4110F4800EB32
:1050B0008100D0F8AC01162804D0182803D0192894
:1050C0000DD101E000BF00BF04EB840101EBC4126D
:1050D000064911F82200042103F002FD00E000BFA0
:1050E00000BF601CC4B2022CD3DB10BD8083FF1F45
:1050F00010B5044694F82C00012803D094F82C0035
:1051000000286ED14FF4D67000591A2870D2DFE80B
:1051100000F06F0D5A5B5C6263540E6F5F60615DFF
:105120005E550F6F6A6F6F104D114E4F00BF00BF7D
:1051300000BF00BF4FF4D8700059092804D04FF4C5
:10514000D8700059112804D12078394903F0C8FCDF
:105150002BE094F8000208B394F82E00012804D143
:105160002078344903F0BCFC1FE094F82E0002289C
:1051700005D120782F49103103F0B2FC15E094F8E6
:10518000FE01012805D120782A49303103F0A8FC1E
:105190000BE02078284903F0A3FC06E094F8000215
:1051A00018B92078022103F09BFC22E000BF00BF69
:1051B00020781F4903F094FC1BE000BF20781C49B5
:1051C00003F08EFC15E000BF00BF00BF00BF00BFB2
:1051D00000BF00BF00BF00BF2078184903F080FC6B
:1051E00007E023E004E02078022103F079FC00BF0F
:1051F00000BF00BF4FF4D6700059162809D04FF4F5
:10520000D6700059182804D04FF4D67000591928C8
:1052100003D12078064903F063FC4FF4F67000597F
:10522000022803D12078064903F05AFC10BD000083
:1052300008048040100000500804805010040850FA
:10524000400420102DE9FC4106460D4614460CB9D9
:10525000BDE8FC81294886424DD1ADF80050208838
:10526000ADF80200606801906846F9F791FFB4F963
:105270000000002807DB00F01F0101228A402049BE
:10528000430941F8232000BFB4F90000A1780028A9
:1052900004DB0A07130E1B4A135406E00A07170E15
:1052A000194A00F00F031B1FD75400BFB4F90000C8
:1052B00000280DDB00BF00BF00F01F02012191405C
:1052C0004209920002F1E022C2F8001100BF00BFC3
:1052D00000BFB5F5E07F05D1012211463046F5F754
:1052E000A5FA08E040F2C110854204D10122022152
:1052F0003046F5F79BFA00BFAAE700000000044023
:1053000080E200E000E400E018ED00E010B50248A3
:10531000F5F7DEFA10BD00000000044010B50549A5
:10532000054801F01DF80448F7F7CCFAFEF784FBB6
:1053300010BD000034EA0200D89F002000B589B0FB
:1053400005A93D4801F0C8F8012873D1002001905B
:1053500002900390049005980190069800F00F00C9
:105360008DF811009DF8112007A902A8F4F7F7FFA6
:10537000324A0199881A914221D010DC3048084401
:1053800080B3A0F5D050A0F1090060B3A0F59C4017
:10539000A0F11F00D0B1B0F5006F3ED136E0A0F50E
:1053A0000850703860B1A0F52C50B838A0B1A0F505
:1053B0008850D838F0B1B0F5007F2ED127E000BF7B
:1053C0009DF8111002A801F021FB2FE09DF81110AB
:1053D00002A801F001FB29E09DF8111002A801F0DC
:1053E00031FB23E000E00BE09DF8111002A801F072
:1053F000D9FA1BE09DF8111002A801F02FFB15E06F
:105400009DF8111002A801F0D9FA0FE000BF9DF835
:10541000111002A801F0ECFA08E09DF8112002A991
:10542000019807F049FB09B000BD03E000BF01F09F
:1054300049F800BF00BFF6E7F49F0020F09DFF1879
:1054400010E800E710B9044A517203E0012801D1C5
:10545000014A917270470000CC9F002010B5FFF701
:105460006DFF00F001F810BD1CB5FCF7D9FC044637
:10547000002007F085FC012007F082FC3D48007AFF
:1054800070B93C480068201AB0F5FA7F07D3394854
:1054900004600120374908720846446000E01CBDE2
:1054A00034484068A04200D9F9E73248007A06281B
:1054B0004CD2DFE800F04B03101F2D3C2D48407A02
:1054C00040B12D49684600F060FA082269462B4831
:1054D00001F052F83BE02748807A50B12649083164
:1054E000684600F052FA082269462448401C01F040
:1054F00043F82CE01F48407A48B11F49684600F045
:1055000025FA082269461D48001F01F035F81EE003
:105510001848807A50B118490831684600F016FAE8
:10552000082269461548C01E01F026F80FE0114810
:10553000407A10B90F48807A38B1684600F044FAD2
:10554000082269460E4801F017F800E000BF00BFCE
:105550000848007A401C074908720846007A052866
:1055600003DD00200872486002E0601C01494860C9
:1055700000BF94E7CC9F002054A000200801FF1832
:105580000811FF1810B5002005F004F802281DD1FD
:105590003D4890ED030AF0EE0A0AB4EEE00AF1EE9F
:1055A00010FA02DD022101742DE0374890ED030A64
:1055B000F7EE040AB4EEE00AF1EE10FA02D201218D
:1055C000017420E00021304801741CE02E4890ED69
:1055D000030AF0EE0A0AB4EEE00AF1EE10FA02DD78
:1055E000022101740FE0284890ED030AF5EE000A4D
:1055F000B4EEE00AF1EE10FA02D20121017402E0E9
:10560000002121480174012004F0C4FF02281DD1AB
:105610001E4890ED030AF0EE0A0AB4EEE00AF1EE3D
:1056200010FA02DD022101742DE0184890ED030A02
:10563000F7EE040AB4EEE00AF1EE10FA02D201210C
:10564000017420E00021114801741CE00F4890ED26
:10565000030AF0EE0A0AB4EEE00AF1EE10FA02DDF7
:10566000022101740FE0094890ED030AF5EE000AEB
:10567000B4EEE00AF1EE10FA02D20121017402E068
:1056800000210248017410BD74A0002090A00020E9
:1056900010B5034803F0A0FC024803F09DFC10BDC8
:1056A00074A0002090A0002010B50749074803F01F
:1056B0003BFC0749074803F037FC01221146064826
:1056C000F5F744F910BD0000E8EA020074A00020DC
:1056D000F0EA020090A000200000044010B500F0A5
:1056E000B3F8FFF74FFF00F011F80023102206492E
:1056F0003020FAF7E3FF0023102203491031302055
:10570000FAF7DCFF10BD00006C82FF1F0A4890ED25
:10571000030A0A4880ED020A0748007C074908731B
:10572000074890ED030A084680ED060A0448017C0C
:10573000024801777047000074A000206C82FF1FB0
:1057400090A0002010B5054800F0B6FF044800F016
:105750007FFF044800F07CFF10BD0000D8E2FF1F6F
:10576000F4E2FF1F10E3FF1F10B50649064803F0DF
:1057700053FD0649064803F04FFD0649064803F06D
:105780004BFD10BD98DC0200D8E2FF1FA0DC020038
:10579000F4E2FF1FA8DC020010E3FF1F184890EDA1
:1057A000030A184880ED020A1548008A15498881C5
:1057B0001348807C88731248C07CC873124890EDEF
:1057C000030A124880ED020A0F48008A0F498881B7
:1057D0000D48807C88730C48C07CC8730C4890EDE1
:1057E000030A0C4880ED020A0948008A09498881A9
:1057F0000748807C88730648C07CC87370470000E7
:10580000D8E2FF1F8C80FF1FF4E2FF1F9C80FF1F68
:1058100010E3FF1FAC80FF1F10B5FCF701FB04462F
:10582000FFF774FD07480068201A142803D30548C1
:10583000046004F065FAFFF785FFFFF7AFFF04F09F
:1058400011FA10BDC480FF1F10B5034804F024FAFC
:10585000024804F021FA10BD74A0002090A000209E
:1058600010B504F02DFB04F0F1FB002004F0DCFB8C
:10587000012004F0D9FB022004F0D6FB032004F041
:10588000D3FB10BD10B504460348406A2146826927
:105890000148904710BD00003481FF1F08B5034840
:1058A000406A816801488847009008BD3481FF1F25
:1058B00010B504460348406A2146426A01489047B1
:1058C00010BD00003481FF1F10B504460348406A34
:1058D0002146026A0148904710BD00003481FF1F35
:1058E00010B50348406A01680148884710BD0000B0
:1058F0003481FF1F70B504460D460448406A2A46AD
:10590000214643690148984770BD00003481FF1F5C
:1059100001B50348406A426801480099904708BDB4
:105920003481FF1F10B52DED028B0446B0EE408A86
:105930000548406AB0EE480A2146C26902489047CD
:10594000BDEC028B10BD00003481FF1F0B78027884
:1059500063F3010202704B78027863F385020270F0
:10596000027822F0C002027000224270002383708D
:105970000A79C2708A88121202718A7842714A8842
:10598000121282718A79C27170470B78027863F3C0
:10599000010202704B78027863F38502027002788C
:1059A00022F0C00202708A7842704A881212827015
:1059B0000A79C2708A881212027100224271002391
:1059C00083718A79C2717047002101604160017062
:1059D000417081700421C1707047000070B50120D2
:1059E000654981F82000084690F84140022C7DDA94
:1059F00004EB840000EBC4115F48443000EB8100ED
:105A000000F5EE75012104EB840000EBC4125A4846
:105A1000443000EB820080F82C102869012802D065
:105A200002287AD199E00421204603F059F804EBCA
:105A3000840000EBC4115048443000EB8100D0F8E2
:105A4000F8010068B0F5003F0DD004EB840000EBD6
:105A5000C4114948443000EB8100D0F8F8010068D7
:105A6000B0F5804F10D104EB840101EBC412424920
:105A7000443101EB8201D1F884001021F8F74CFB8E
:105A8000204603F007F967E004EB840000EBC41143
:105A90003948443000EB8100D0F8F8010068B0F5D7
:105AA000006F0DD104EB840101EBC4123249443183
:105AB00001EB8201D1F884001021F8F72DFB4BE0B7
:105AC00004EB840000EBC4112B48443000EB810050
:105AD000D0F8F801006810283ED004EB840000EBF9
:105AE000C4112548443000EB810000E043E0D0F8C9
:105AF000F8010068B0F5004F10D102F0C1FE04EBD0
:105B0000840101EBC4121C49443101EB8201D1F83C
:105B1000B8010421F8F700FB1EE02AE004EB840042
:105B200000EBC4111448443000EB8100D0F8F801B8
:105B30000068B0F5803F0FD102F0A2FE04EB8401B3
:105B400001EBC4120C49443101EB8201D1F8B801D8
:105B50004FF48071F8F7E0FA0BE00849204602F0B4
:105B6000BFFF0CB1012000E00020034981F83B0099
:105B700000BF00BF00BF70BD3C83FF1F400420007A
:105B800010B50649D1F83C020121F8F7C5FA0349DE
:105B9000D1F850040121F8F7BFFA10BD3C83FF1F74
:105BA00070B5FE4890F83B0020B90220FB4981F80F
:105BB000200008E0F94890F83B00012803D10320B9
:105BC000F64981F82000F54890F84140022C7ADA35
:105BD00004EB840000EBC411F048443000EB81007A
:105BE00000F5EE75022104EB840000EBC412EB48D3
:105BF000443000EB820080F82C1004EB840101EBB0
:105C0000C412E649443101EB8201D1F8B8014FF4E6
:105C10008031F8F781FA2869C01E072809D2DFE829
:105C200000F004091B8DFDFCFB002021204602F042
:105C300057FF62E204EB840101EBC412D7494431FF
:105C400001EB8201D1F884001021F8F765FAD449FC
:105C5000204602F045FF50E2012104EB840000EBF6
:105C6000C412CE48443000EB820080F8541104EB9B
:105C7000840000EBC412C948443000EB820080F875
:105C80009C10C64890F83D0034280DD0C34890F8C9
:105C90003D00352808D0C14890F83D00B52803D014
:105CA000BE4890F83D00A8B904EB840101EBC41292
:105CB000BA49443101EB820101F5AA709FEDB90A9E
:105CC000FAF742FF00E01AE29FEDB70A204600F023
:105CD0005DFE12E004EB840101EBC412AF494431D4
:105CE00001EB820101F5AA709FEDB00AFAF72CFFD3
:105CF0009FEDAF0A204600F049FE04EB840101EB62
:105D0000C412A649443101EB820101F19C009FEDD0
:105D1000A90AFAF719FF04EB840101EBC4129F49A9
:105D2000443101EB8201D1F884000421F8F7F4F941
:105D30009B491039204602F0D3FEDEE1012104EB3D
:105D4000840000EBC4129548443000EB820080F8D8
:105D5000541104EB840000EBC4129048443000EB73
:105D6000820080F89C108D4890F83D0034280DD0BA
:105D70008A4890F83D00352808D0884890F83D00C2
:105D8000B52803D0854890F83D0098B904EB84010C
:105D900001EBC4128149443101EB820101F5AA7083
:105DA0009FED800AFAF7D0FE9FED7F0A204600F0B3
:105DB000EDFD12E004EB840101EBC412774944319C
:105DC00001EB820101F5AA709FED780AFAF7BCFE9B
:105DD0009FED770A204600F0D9FD04EB840101EB2A
:105DE000C4126E49443101EB820101F19C009FED28
:105DF000720AFAF7A9FE04EB840101EBC4126749A9
:105E0000443101EB8201D1F884000821F8F784F9CC
:105E100063491039204602E0B0E015E002E002F0EC
:105E20005FFE6AE104EB840101EBC4125B4944317B
:105E300001EB8201D1F884001021F8F76DF958497F
:105E4000204602F04DFE58E10420544981F820001C
:105E5000012104EB840000EBC4125048443000EBF5
:105E6000820080F8541104EB840000EBC4124B480C
:105E7000443000EB820080F89C10484890F83D00C8
:105E800034280DD0454890F83D00352808D04348C7
:105E900090F83D00B52803D0404890F83D0098B9EF
:105EA00004EB840101EBC4123C49443101EB820153
:105EB00001F5AA709FED3B0AFAF746FE9FED3A0AFC
:105EC000204600F063FD12E004EB840101EBC412F4
:105ED0003249443101EB820101F5AA709FED330A8A
:105EE000FAF732FE9FED320A204600F04FFD04EB38
:105EF000840101EBC4122949443101EB820101F113
:105F00009C009FED2C0AFAF71FFE04EB840000EBC7
:105F1000C4112248443000EB810090F82D00012884
:105F20000DD104EB840101EBC4121C49443101EB97
:105F30008201D1F884000821F8F7EEF818E004EBAC
:105F4000840000EBC4111548443000EB810090F848
:105F50002D0002280CD104EB840101EBC4120F497F
:105F6000443101EB8201D1F884000421F8F7D4F820
:105F70000B491039204602F0B3FDBEE0012104EBCD
:105F8000840000EBC4120548443000EB820080F826
:105F9000541104EB840000EBC4120FE03C83FF1F9C
:105FA0002004080000007A4500C073450080BB440F
:105FB0000000AF440000C84200000000504800EB61
:105FC000820080F89C104E48443890F83D003428F8
:105FD00010D04B48443890F83D0035280AD0484846
:105FE000443890F83D00B52804D04548443890F82E
:105FF0003D0068B904EB840101EBC412404901EB98
:10600000820101F5AA701FED190AFAF79DFD0CE057
:1060100004EB840101EBC412394901EB820101F563
:10602000AA701FED1E0AFAF78FFD04EB840000EB47
:10603000C411334800EB810090F82D00012826D1CF
:1060400004EB840101EBC4122D4901EB8201D1ED77
:106050000A0AB0EE001A70EE810AB0EE600A04EB94
:10606000840101EBC412264901EB820101F19C007D
:10607000FAF76AFD04EB840101EBC412204901EB3D
:106080008201D1F884000421F8F746F830E004EBEF
:10609000840000EBC4111A4800EB810090F82D0039
:1060A000022825D104EB840101EBC412144901EB51
:1060B0008201D1ED0A0AB0EE001A70EEC10AB0EE0C
:1060C000600A04EB840101EBC4120D4901EB82016B
:1060D00001F19C00FAF738FD04EB840101EBC412D6
:1060E000074901EB8201D1F884000821F8F714F880
:1060F0000449204602F0F4FC00BF00BF00BF70BDA1
:106100008083FF1F1004080070B5044604B112B963
:106110004FF0FF3070BD21600120207100206071C0
:10612000A071E071082B01D9082000E01846207208
:10613000002005E0165C04F109052E54451CE8B268
:10614000257A8542F6DC0020606100BFE2E770B589
:1061500005460C46164614B94FF0FF3070BD204678
:10616000F6F7D0FC0020F9E702B9704750B901B941
:10617000FBE70B6813604B6853608B689360CB68D8
:10618000D3601CE0012807D1042313600623536069
:1061900002239360D36012E0022807D10223136028
:1061A0000623536002239360D36008E0032806D1DE
:1061B000012313600623536002239360D36000BF62
:1061C000D3E7000030B5A1B005460C4601210846D2
:1061D000F8F720F818A8F5F733FD60221C49684647
:1061E000F4F7BDF8A07D18AA04F11801FFF7BCFF71
:1061F00094F828008DF87600FF20ADF87400CDF8F3
:1062000070D094F829008DF877002A20005D8DF871
:1062100078002B20005D8DF8790094F82C008DF823
:106220007A002D20005D8DF87B002E20005D8DF81A
:106230007C002F20005D8DF87D003020005D8DF802
:106240007E0018A92846F5F7E7FA21B030BD000016
:1062500084EA0200002001494871704764A00020D0
:1062600018B90021044A117004E0012802D100216C
:10627000014A51707047000064A0002010B5044628
:1062800004B910BDA28861882078F8F75FFE00BFCE
:10629000F7E700002DE9FC4105460E4614460CB90F
:1062A000BDE8FC8106B9FBE72648854248D14FF49A
:1062B000F370ADF800002088ADF80200606801902E
:1062C0006846F8F765FFB4F90000002807DB00F026
:1062D0001F0101228A401C49430941F8232000BFC5
:1062E000B4F90000A178002804DB0A07130E174A4E
:1062F000135406E00A07170E154A00F00F031B1F80
:10630000D75400BFB4F9000000280DDB00BF00BF68
:1063100000F01F02012191404209920002F1E022A7
:10632000C2F8001100BF00BF00BF002242F6FE21EC
:106330002846F5F795FB012231462846F5F790FBF4
:1063400000BFADE70004074080E200E000E400E0A9
:1063500018ED00E001480078704700006482FF1FDC
:1063600070B504460D4604B115B94FF0FF3070BD4D
:1063700004F11C001049086025600020207158219C
:1063800004F11C00F4F704F805F11000FFF776FFA4
:1063900005F10A00FFF772FF21684868FFF712FF56
:1063A000236803F13802596B5868FFF773FF012027
:1063B000207100BFDBE700006882FF1F7FB53D4D05
:1063C00000244FF400012846F5F784F9012817D17D
:1063D00044F400040EE007E03748006820B1694645
:1063E0003548006800F0A0F869463248F5F734F9FE
:1063F0000028F1D02846F5F705F90028EBD100BFB9
:106400004FF480012846F5F765F9012801D144F4DD
:1064100080044FF400112846F5F75CF9012801D1FA
:1064200044F400144FF480112846F5F753F901287D
:1064300001D144F480144FF400212846F5F74AF9BD
:1064400001280AD144F4002400201C4908701C488B
:10645000006810B11A48006880474FF48021284630
:10646000F5F738F9012801D144F480244FF40031C4
:106470002846F5F72FF901280CD101212846F5F718
:1064800029F9012804D12846F4F768FF44F00104F3
:1064900044F400344FF080712846F5F71BF90128C9
:1064A00001D144F080741CB121462846F4F70CFF5A
:1064B0007FBD0000000407406882FF1F6482FF1F49
:1064C0006082FF1F10B500230E2202493E20FAF71A
:1064D000F5F810BD64A0002030B5024602B111B934
:1064E0006FF0010030BD908810B96FF00200F9E73D
:1064F000138802F1080000EB031539CD81E839005B
:106500001088401C052390FBF3F403FB140010805B
:106510009088401E90800120E4E700000149086057
:10652000704700006082FF1F70B5024602B111B9CA
:106530006FF0010070BD538802F1080000EB0310FA
:1065400091E8780078C05088401C052390FBF3F454
:1065500003FB140050809088052803DA9088401CC3
:10656000908007E01088401C052390FBF3F403FBA8
:10657000140010800120DDE77FB506460D46144665
:10658000082C03DD6FF0010004B070BD0020019005
:106590000096019820F040000190019820F08000C2
:1065A00080300190019864F303000190002005E021
:1065B0002A7802A90A546D1C411CC8B2A042F7DB1C
:1065C0006A4600210548F4F7F5FE10210348F5F767
:1065D000FDFA01200249087000BFD5E7000407401A
:1065E0006482FF1F7FB506460D461446082C03DD66
:1065F0006FF0010004B070BD00200190009601987A
:1066000020F040000190019820F080000190019856
:1066100064F303000190002005E02A7802A90A54DF
:106620006D1C411CC8B2A042F7DB6A460021064837
:10663000F4F7C0FE10210448F5F7C8FA0120034919
:10664000087000BFD6E70000000407406482FF1F07
:1066500070B50268516813685D7A35B1D1ED020AF0
:10666000F5EEC00AF1EE10FA04D10026C67400253A
:10667000057670BD058A00EE905AB8EE600A0D7D71
:10668000002D01DD0D7D00E003252C46D1ED020A31
:10669000F4EEC00AF1EE10FA08D2057E6D1C057604
:1066A000057EA54206DB0326C67403E000250576B9
:1066B0000026C67400BFDCE72DE9F05F2DED028BEC
:1066C00005462E687468D6F80080FBF7A9FB0746DC
:1066D00098F8080050B90021A97400204A490870B0
:1066E0004A490870BDEC028BBDE8F09F95ED038A26
:1066F00094ED000AB4EEC80AF1EE10FA01D20120BE
:1067000000E00020814694ED010AB4EEC80AF1EEE3
:1067100010FA01DD012000E00020824694ED030A1A
:10672000B5EEC00AF1EE10FA02DD94ED030A01E0C5
:10673000B0EE000AF0EE408A206908B1206901E05D
:1067400040F6B83083463048007890B32E49097837
:1067500002290CD194ED000A30EE680AB4EEC80AA2
:10676000F1EE10FA01DD01210DE000210BE094EDC6
:10677000010A30EE280AB4EEC80AF1EE10FA01D28E
:10678000012100E000210846A0B12049097829B97B
:1067900001211E4A11701E490F600EE01C49096854
:1067A000791A594509D30021174A1170174A1170F7
:1067B00003E003E00021154A117012E0B9F1000F67
:1067C00006D002201049087000201049087008E027
:1067D000BAF1000F05D001200B49087000200B49C9
:1067E000087009480078022802D10121A97408E044
:1067F00005480078012802D10221A97401E0002196
:10680000A97400BF6EE70000C180FF1FC080FF1F9A
:10681000BC80FF1F7FB505460C46002603E0A85D3F
:1068200002A98855761C062EF9DB062102A800F085
:106830008FF88DF800009DF800008DF80800062103
:1068400002A800F085F88DF80100002603E0A85D9D
:1068500002A98855761C062EF9DB28788DF80800E9
:106860009DF801008DF80900062102A800F070F8DB
:106870008DF8020068788DF809009DF802008DF807
:106880000A00062102A800F063F88DF80300A8783A
:106890008DF80A009DF803008DF80B00062102A870
:1068A00000F056F88DF80400E8788DF80B009DF89C
:1068B00004008DF80C00062102A800F049F88DF8BC
:1068C000050028798DF80C009DF805008DF80D0065
:1068D000062102A800F03CF88DF806009DF80300A0
:1068E000A8B99DF8040090B99DF8050078B99DF805
:1068F000060060B99DF8010020709DF802006070EC
:106900009DF80300A0709DF80400E0700BE09DF876
:10691000030020709DF8040060709DF80500A070D1
:106920009DF80600E070012004B070BD48400022D0
:1069300009E000F001031BB1044B83EA500300E0BF
:1069400043081846521C082AF3DB70472083B8ED31
:1069500030B503460C46FF21002211E0985C41400F
:1069600000250AE001F0800020B14806010E81F008
:106970001D0101E04806010E6D1C082DF2DB521CC2
:10698000A242EBDBC843C0B230BD000000EB800187
:1069900001EBC012024901EB820181ED640A7047EC
:1069A0008083FF1F082900DA7047827802F007020F
:1069B000014B9A7200BFF7E764A0002010B50829C8
:1069C00000DA10BD0378447843EA0422014B1A81AF
:1069D00000BFF6E764A00020082900DA704782783B
:1069E000C2F38102014B1A7100BFF7E764A00020D7
:1069F000082900DA70478278034BDA72C27802F015
:106A000001021A7300BFF5E764A00020082900DA2C
:106A10007047027802F00F02094B1A7002781209CF
:106A20005A70427802F001029A70827802F00302F2
:106A3000DA708278C2F381021A7100BFE8E70000C1
:106A400064A00020082900DA7047427802F00102B1
:106A5000014B5A7100BFF7E764A0002010B5082968
:106A600000DA10BD0379447943EA0422014BDA804D
:106A700000BFF6E764A000200146092918D2DFE82C
:106A800001F00507090B0D0F1113150000207047C9
:106A90000120FCE70220FAE70320F8E70420F6E7EC
:106AA0000520F4E70620F2E70720F0E70820EEE7EC
:106AB0000A20ECE70146072911D2DFE801F00410B3
:106AC00006080A0C0E00002070470120FCE7022097
:106AD000FAE70320F8E70420F6E70520F4E70020B2
:106AE000F2E72DE9F04104460D46164632462946A6
:106AF0002046F7F755FC0746FFF7BEFFBDE8F081DB
:106B000010B5F7F76BFC10BD70B504460D4629466D
:106B10002046F7F787FC0646FFF7AEFF70BD10B5BD
:106B2000F7F7C2FC0446FFF7A7FF10BD1FB50446E8
:106B30006846F7F7BFFC44B1009820600198606098
:106B40000298A0609DF80C0020731FBD10B5F7F7E8
:106B5000CFFC0446FFF7AEFF10BD70B504460D46EE
:106B60000020F7F7CBFC002070BD10B5F7F706FD4D
:106B700010BD70B504460D4629462046F7F704FDC2
:106B80000646FFF779FF70BD2DE9F04104460D463A
:106B90001646324629462046F7F7E4FD0746FFF73A
:106BA0006BFFBDE8F08110B5F7F7A0FE0446FFF7D4
:106BB00063FF10BD70B505460C460CB9002070BDD2
:106BC000B5F5704F06D06FF47040284438B10128F5
:106BD0000FD109E0F7F75EFC20600120EFE7F7F73F
:106BE00047FC20600120EAE7F7F74BFC206001201A
:106BF000E5E70020E3E710B5F7F748FF10BD10B553
:106C0000F7F752FF10BD000070B505462E46002470
:106C1000FE48864200D105E0FD48864201D10124AC
:106C200000E070BD287D01287ED1687D297D8842E5
:106C30002ED0012104EB840000EBC412F3484C3841
:106C400000EB820080F8981104EB840000EBC41282
:106C5000EE484C3800EB820080F89911E0B203F066
:106C6000A7F8002104EB840000EBC412E7484C387D
:106C700000EB8200C17004EB840101EBC412E34914
:106C80004C3901EB820101F5AA70F9F741FFFFE1F0
:106C9000002101EB4401C8B2002103F0F3F8012107
:106CA00004EB840000EBC412D8484C3800EB82009F
:106CB00080F89911052101EB4401C8B200F088FC6D
:106CC00004EB840000EBC411D0484C3800EB810089
:106CD000807848B9012104EB840000EBC412CB4852
:106CE0004C3800EB8200817004EB840000EBC4118F
:106CF000C6484C3800EB81008078F8B104EB840082
:106D000000EBC411C1484C3800EB8100C078B0B929
:106D1000012104EB840000EBC412BC484C3800EBAA
:106D20008200C170002100E08BE004EB840000EBE6
:106D3000C412B6484C3800EB8200416012E004EB0C
:106D4000840000EBC411B1484C3800EB810040686E
:106D5000401C04EB840101EBC412AC494C3901EB3B
:106D60008201486004EB840000EBC411A7484C3852
:106D700000EB81004068032889D9032104EB8400DB
:106D800000EBC412A1484C3800EB820041600421A2
:106D900001EB4401C8B200F035FC04EB840000EBC9
:106DA000C4119A484C3800EB810090ED5B0ADFED8E
:106DB000990AB4EEE00AF1EE10FA11DD012104EBBC
:106DC000840000EBC41291484C3800EB820080F83C
:106DD000981101EB4401C8B2012103F053F857E1C7
:106DE00004EB840000EBC41188484C3800EB8100B0
:106DF00090F8980180B1012101EB4401C8B203F081
:106E0000B5F8002104EB840000EBC4127F484C3835
:106E100000EB820080F8981104EB840202EBC413AB
:106E20007A4A4C3A02EB830292ED5B0ABCEEC00A4E
:106E300010EE101A012202EB4402D0B203F05CF80B
:106E400026E1287D02287BD1687D297D884222D0D9
:106E5000012104EB840000EBC4126C484C3800EBB9
:106E6000820080F8981104EB840000EBC41267489C
:106E70004C3800EB820080F89911E0B202F098FFE4
:106E8000002104EB840000EBC41260484C3800EB96
:106E90008200C170FCE0012101EB4401C8B2002175
:106EA00002F0F0FF012104EB840000EBC41257480C
:106EB0004C3800EB820080F89911042101EB440169
:106EC000C8B200F085FB04EB840000EBC4114F480E
:106ED0004C3800EB8100807848B9012104EB840034
:106EE00000EBC41249484C3800EB8200817004EB7F
:106EF000840000EBC41145484C3800EB81008078D9
:106F000090B304EB840000EBC41140484C3800EB14
:106F10008100C078A8B9012104EB840000EBC41201
:106F20003A484C3800EB8200C170002104EB840029
:106F300000EBC41235484C3800EB8200416013E08E
:106F400087E004EB840000EBC41130484C3800EBC0
:106F500081004068401C04EB840101EBC4122B4902
:106F60004C3901EB8201486004EB840000EBC41152
:106F700026484C3800EB81004068032832D90321B1
:106F800004EB840000EBC41220484C3800EB820074
:106F90004160052101EB4401C8B200F033FB04EB72
:106FA000840000EBC41119484C3800EB810090EDCF
:106FB0005B0ADFED180AB4EEE00AF1EE10FA12DD1A
:106FC000012104EB840000EBC41210484C3800EBA4
:106FD000820080F89811002101EB4401C8B2012120
:106FE00002F050FF54E004EB840000EBC4110748AA
:106FF0004C3800EB810090F89801B0B1002101EB12
:107000004401C8B202F0B2FF002105E0CC83FF1FAB
:10701000E085FF1F00301C4504EB840000EBC41228
:107020001D4800EB820080F8981104EB840202EB0B
:10703000C413194A02EB830292ED5B0ABCEEC00A4C
:1070400010EE101A002202EB4402D0B202F054FFFC
:107050001EE0012104EB840000EBC4120E4800EB9B
:10706000820080F8981104EB840000EBC4120A48F7
:1070700000EB820080F89911E0B202F099FE002145
:1070800004EB840000EBC412034800EB8200C170E3
:10709000287D687500BFC4E58083FF1F2DE9F84394
:1070A00006460D4615488769284603F01FF8044632
:1070B000304603F01BF88046434611A211A1002080
:1070C0000094F9F797FF304603F010F804460DE0FE
:1070D000204600F01FF940B1234609A215A1002067
:1070E000F9F788FF0320BDE8F8833C44284602F006
:1070F000FDFFA042ECD20020F5E70000B8C100205F
:10710000465700001B5B33326D5B25735D20457273
:107110006173696E672072616E67653A2030782509
:10712000303858202D203078253038581B5B306D92
:107130000D0A00001B5B33316D5B25735D204572CA
:10714000617365206661696C203078253038581B82
:107150005B306D0D0A00000010B504460120F9F700
:107160004BF90120F6F71AFB00BF4FF48070F6F7D9
:107170003DFB0128F9D140F23F10F6F7D5FA204641
:10718000F6F782FC00BF4FF48070F6F72FFB012862
:10719000F9D10020F6F702FB0120F9F775F910BDCF
:1071A00030B502460B460021032502F0080010B15D
:1071B00001210A2516E002F0100010B102210B2572
:1071C00010E002F0200010B103210C250AE002F0CB
:1071D000400010B104210D2504E002F4007008B154
:1071E00003210C2521B902F4806008B101210A2590
:1071F00021B902F4806008B9002030BD2C4602F4A9
:107200008020002841D102F4002058B1012901D189
:1072100007243AE0022901D1082436E0032934D1B9
:10722000092432E002F4801000BB02F4001078B1AF
:10723000012901D10A2428E0022901D10B2424E0EC
:10724000032901D10C2420E004291ED10D241CE0C7
:1072500002F4800058B1012901D10E2415E0022961
:1072600001D10F2411E003290FD110240DE002F405
:10727000000050B1012901D1112406E0022901D1F9
:10728000122402E0032900D113241C70002058703E
:1072900058600120187200BFAFE72DE9F041C0B07F
:1072A00007460C464FF0FF381AE0B4F5807F02D94C
:1072B0004FF4807000E0204605462A46694638466D
:1072C000F6F75CFB002606E01DF806104046FFF7C7
:1072D0002DFB8046761CAE42F6D32F44641B00BFC4
:1072E000002CE2D16FEA080040B0BDE8F08110B593
:1072F0000446E06901682046884740F23F10F6F7EF
:1073000013FA2068F6F7C0FBE06941682046884719
:10731000002010BD70B504460120F9F76DF801207A
:10732000F6F73CFA00BF4FF48070F6F75FFA0128D9
:10733000F9D140F23F10F6F7F7F92046F6F7A4FB33
:10734000054600BF4FF48070F6F750FA0128F9D1D6
:107350000020F6F723FA0120F9F796F8284670BDC9
:10736000F8B504460E46256800270FE0A0690423FF
:107370006A462946D0F808C02046E047A068009930
:10738000884200D007E02F46354400BFD4E9000111
:107390000844A842EAD800BF3846F8BD0146C8688C
:1073A00070470146086970472DE9F84304460D46C9
:1073B000E0692946C26820469047E060E068A8B9C5
:1073C000E069816820468847A06800902168A0692C
:1073D00004236A46D0F804C02046E0472068E060F5
:1073E0002068284420610020BDE8F8836068B0FB75
:1073F000F5F62168E068401AB0FBF5F0471CB7428B
:1074000021D3A846404601F00FFC8146E168A069FF
:107410002B464A46D0F808C02046E047E06981681C
:10742000204688472168A0692B464A46D0F804C008
:107430002046E0472068E0602068284420614846F4
:1074400000F084F802E0E068284420610020CBE7E7
:1074500010B504460020F6F7A1F90120F9F714F859
:1074600000BF606980F3108800BF00BF10BD2DE928
:10747000F04107460C4615461E4632462946204630
:10748000F6F77CFABDE8F08110B5044600BF00BFF6
:10749000EFF31080606172B600BF0120F8F7ACFF17
:1074A00000BF4FF48070F6F7A1F90128F9D1F6F783
:1074B00075F910BD2DE9F04705460E46174698466A
:1074C000E869016828468847002406E057F80490D8
:1074D00030194946F6F7BCF9241D4445F6D3E8694E
:1074E000416828468847BDE8F08770B504460D46D8
:1074F0000120F8F781FF0120F6F750F900BF4FF4A3
:107500008070F6F773F90128F9D129462046F6F77D
:107510009FF9064600BF4FF48070F6F767F901281F
:10752000F9D10020F6F73AF90120F8F7ADFF30461F
:1075300070BD70B504460D46E0B2F5F7B3FF08B96B
:10754000204670BD4FF0FF30FBE7000010B500286B
:1075500021D0114B0022001F196803E0814203D89B
:107560000A4649680029F9D152B11368841A9C422D
:1075700004D1006818441060104602E0506000E03A
:10758000186039B102680B1A934203D10B681A4490
:1075900002604968416010BD3483FF1F10B5044686
:1075A0000A4890F8350018B9084890F8360030B10C
:1075B0004FF40011D4F8B801F6F7AEFD05E04FF432
:1075C0000001D4F8B801F6F7A7FD10BD3C83FF1FFA
:1075D00070B50546082D00DB70BD094800EB451469
:1075E000207801280AD1A07A20B921892079F7F7DB
:1075F00025FD03E021892079F7F70CFC00BFEBE7BC
:107600006081FF1F70B50546082D00DB70BD09487D
:1076100000EB4514207801280AD1A07A20B92189ED
:107620002079F7F7F7FB03E021892079F7F706FDCA
:1076300000BFEBE76081FF1F01460848814208D088
:107640000748814205D00748814202D0064881425E
:1076500001D1012070470020FCE70000F103DA1897
:1076600003F1DA18F0FFDB181881FF1810B5034694
:107670000C460F48007E012800D010BD73B90C489D
:1076800080F82C4080F82D200020094981F829003D
:107690000220087601200749087006E0012B00D17E
:1076A00003E0022B01D100F0E3FD00BFE5E700009D
:1076B000E8010120F982FF1F1CB50446382110485B
:1076C000F2F766FE4FF400510E48F2F761FE0D48E6
:1076D0000B49C8604FF6FF704886084680F8344072
:1076E00000F0A2FD00200521074B08A2CDE9001003
:1076F00007A1F9F77FFC0120134908701CBD0000A9
:10770000E8010120E8E1002003F1DA184F544100BC
:107710001B5B33366D5B25735D20494E49543A201F
:10772000726573706F6E73655F69643D3078253084
:1077300038582073746D696E3D25642062733D2551
:10774000641B5B306D0D0A00F882FF1F02460021AA
:1077500008E0064850F82100904201D1012070470E
:10776000481CC1B20429F4DB0020F8E798ED0200C0
:1077700010B52248007800B910BD214800780128D2
:107780000FD11F48C08A00280BDD1D48C08A401E4B
:107790001B49C8820846C08A18B90420087000F046
:1077A00043FD1748C08D00280EDD1548C08D401ED2
:1077B0001349C8850846C08D30B90846007E0228A6
:1077C00002D101200F4908700D48007E98B10C4885
:1077D000007E03280FD00A48408D00280BDD0848A2
:1077E000408D401E064948850846408D18B9042042
:1077F000087600F03DFD00BFBEE70000F882FF1FE5
:10780000E8010120F982FF1F30B50446087800F036
:10781000F0023848844208D10878012803D148781A
:1078200008B935A030BD37A0FCE7302A01D136A019
:10783000F8E7202A01D136A0F4E7102A01D1887890
:1078400000E048780546102A0AD1312D02D0362DA5
:1078500004D101E030A0E5E735A0E3E739A0E1E796
:10786000002A44D1312D36D00CDC222D24D004DC6A
:10787000102D10D0112D38D11CE0272D1ED02E2D0B
:1078800033D126E0342D28D0362D28D0372D28D0DE
:107890003E2D2AD127E08B78012B01D12BA0C1E707
:1078A000022B01D12EA0BDE7032B01D131A0B9E7F6
:1078B00034A0B7E738A0B5E73BA0B3E78B78012B3E
:1078C00001D13DA0AEE7022B01D13EA0AAE740A026
:1078D000A8E744A0A6E747A0A4E74BA0A2E74FA0D3
:1078E000A0E753A09EE757A09CE706A09AE705A053
:1078F00098E700001881FF183C2D2D20456E61622D
:107900006C650000000000003C2D2D204643000067
:107910003C2D2D20434600003C2D2D204646205274
:107920006F7574696E65436F6E74726F6C000000E2
:107930003C2D2D204646205472616E73666572445C
:10794000617461003C2D2D20464600003C2D2D2009
:1079500053657373696F6E3A44454641554C540004
:107960003C2D2D2053657373696F6E3A50524F470B
:10797000000000003C2D2D2053657373696F6E3A33
:10798000455854003C2D2D2053657373696F6E4329
:107990006F6E74726F6C00003C2D2D204543555264
:1079A00065736574000000003C2D2D2052656164F4
:1079B00042794964000000003C2D2D20526571532E
:1079C000656564003C2D2D2053656E644B65790020
:1079D0003C2D2D205365637572697479416363652D
:1079E000737300003C2D2D205772697465427949EC
:1079F000640000003C2D2D20526F7574696E654344
:107A00006F6E74726F6C00003C2D2D205265717585
:107A1000657374446F776E6C6F6164003C2D2D202C
:107A20005472616E73666572446174610000000097
:107A30003C2D2D205472616E7366657245786974B1
:107A4000000000003C2D2D20546573746572507247
:107A50006573656E740000002DE9F04F8DB0064629
:107A60000C462C480068401C2A490860FAF7D8F9EF
:107A70004FF0000807464FF47A720023384641461B
:107A8000F2F73CFC81464FF47A72002338464146B7
:107A9000F2F734FC92462048864201D11FA50FE040
:107AA0002048864201D120A50AE02148864201D122
:107AB0001AA505E01F48864201D118A500E01EA5C1
:107AC0006878522804D121463046FFF79DFE00E039
:107AD00013A08346E079A1796279CDE90B0BCDE95A
:107AE00009212179E078A2786378CDE90532CDE9E2
:107AF00007012078CDE9009ACDE9025604900548A7
:107B00000FA2104903680020F9F774FA0DB0BDE820
:107B1000F08F00001083FF1FF103DA185B52585DED
:107B20000000000003F1DA185B54585D000000000B
:107B30001881FF18F0FFDB185B2D2D5D00000000A1
:107B40004F544100DCF302002DE9F04F9FB0824614
:107B50000D461646287800F0F007287800F00F0848
:107B600040210AA8F2F714FC00240AE02A5D52A181
:107B700008A8FCF733FA08A90AA8F2F714FC601C5D
:107B8000C4B2B44201DA082CF0DB37B1102F09D0AF
:107B9000202F0CD0302F14D10EE049A11AA8FCF7E9
:107BA0001DFA13E048A11AA8FCF718FA0EE048A144
:107BB0001AA8FCF713FA09E048A11AA8FCF70EFA74
:107BC00004E049A11AA8FCF709FA00BF00BFBFB939
:107BD000012E6DDD20216846F2F7DAFB01240AE070
:107BE0002A5D35A108A8FCF7F9F908A96846F2F75B
:107BF000DAFB601CC4B2B44201DA082CF0DB57E0B7
:107C0000102F26D1687840EA082BBBF1060F01DD62
:107C1000062000E0584600F0FF09B9F1000F17DD1B
:107C200020216846F2F7B4FB02240AE02A5D22A173
:107C300008A8FCF7D3F908A96846F2F7B4FB601C62
:107C4000C4B209F10200A04201DD082CEEDB00BF46
:107C50002EE0202F17D1012E2ADD20216846F2F7D1
:107C600097FB01240AE02A5D13A108A8FCF7B6F9E6
:107C700008A96846F2F797FB601CC4B2B44201DA67
:107C8000082CF0DB14E0302F12D141466A78AB7833
:107C900021B1012904D0022906D103E014A005E096
:107CA00014A003E015A001E00FA000BF00BF00BFBB
:107CB0001FB0BDE8F08F00002530325820000000D2
:107CC00053494E474C45000046495253540000006A
:107CD000434F4E534543555449564500464C4F5724
:107CE0005F4354524C000000554E4B4E4F574E00D0
:107CF0004354530057414954000000004F56455229
:107D0000464C4F57000000002DE9F04F9FB08246CF
:107D10000D461646287800F0F007287800F00F0886
:107D200040210AA8F2F734FB00240AE02A5D54A19E
:107D300008A8FCF753F908A90AA8F2F734FB601C5D
:107D4000C4B2B44201DA082CF0DB37B1102F09D0ED
:107D5000202F0CD0302F14D10EE04BA11AA8FCF725
:107D60003DF913E04AA11AA8FCF738F90EE04AA140
:107D70001AA8FCF733F909E04AA11AA8FCF72EF972
:107D800004E04BA11AA8FCF729F900BF00BF324656
:107D900029465046FFF760FEBFB9012E6DDD202158
:107DA0006846F2F7F5FA01240AE02A5D34A108A832
:107DB000FCF714F908A96846F2F7F5FA601CC4B29A
:107DC000B44201DA082CF0DB57E0102F26D1687896
:107DD00040EA082BBBF1060F01DD062000E0584603
:107DE00000F0FF09B9F1000F17DD20216846F2F716
:107DF000CFFA02240AE02A5D21A108A8FCF7EEF8D8
:107E000008A96846F2F7CFFA601CC4B209F1020073
:107E1000A04201DD082CEEDB00BF2EE0202F17D1A1
:107E2000012E2ADD20216846F2F7B2FA01240AE089
:107E30002A5D13A108A8FCF7D1F808A96846F2F753
:107E4000B2FA601CC4B2B44201DA082CF0DB14E0D0
:107E5000302F12D141466A78AB7821B1012904D084
:107E6000022906D103E014A005E014A003E015A048
:107E700001E00FA000BF00BF00BF1FB0BDE8F08F42
:107E8000253032582000000053494E474C45000031
:107E90004649525354000000434F4E5345435554F6
:107EA00049564500464C4F575F4354524C00000022
:107EB000554E4B4E4F574E00435453005741495473
:107EC000000000004F564552464C4F57000000003E
:107ED0002DE9FF4F83B0884614461D46DDE910A703
:107EE0009E48007808B1012D04DA4FF0FF3007B04A
:107EF000BDE8F08F4046FFF729FC28B12A4621460D
:107F0000404600F049F902E04FF0FF30EFE79448B7
:107F1000804518D1082D16DB2078242813D16078ED
:107F2000D22810D1A07804280DD1E07858B9207952
:107F3000B52808D16079D22805D1A079042802D1CA
:107F4000E07900B900BF2A4621464046FFF7FCFD14
:107F5000207800F0F009207800F00F06B9F1300F1A
:107F60000BD1B34660780290A07801905846DDE9C5
:107F70000121FFF77BFB0120B9E77A480078002850
:107F80007DD1B9F1000F15D1B346681E584501DA0D
:107F900000F0FF0BBBF1000F0ADDBAF1000F07D0B4
:107FA00037B15A46611C5046F2F7D9F9A7F800B02C
:107FB00000209CE7B9F1100F62D1607840EA0620FA
:107FC000684908820846008AB0F5005F0CDD002091
:107FD0000346022264490090039800F005FA00F07D
:107FE00023F94FF0FF3082E701205E490870084610
:107FF000C0F80480002048820120087500204875E0
:108000000846408EC8820846008A062801DD062000
:1080100001E05448008A00F0FF0B52495A46C868F4
:10802000A11CF2F79CF94F48A0F812B0408A4D49C4
:10803000098A884213DB03204A490870BAF1000F0D
:1080400009D047B10846028AC1685046F2F787F95D
:108050004448008A388000F0E7F8002047E7424BA8
:1080600042A243A10020F8F7C5FF052000231A46CD
:108070003D490090039800F0B7F9012037E702E08E
:108080004FF0FF3033E737480078012862D1354898
:108090004068404504D000F0C7F84FF0FF3026E7B5
:1080A000B9F1200F04D000F0BFF84FF0FF301EE709
:1080B00002962C48007D029EB04204D000F0B4F835
:1080C0004FF0FF3013E7681E00F0FF0B2548008AD1
:1080D0002449498A401A80B201900198834502DD03
:1080E000019800F0FF0B1F49C9681E4A528A881880
:1080F0005A46611CF2F733F91A48408A5844194924
:1081000048820846007D401C00F00F0008750846B4
:10811000407D401C48750846408EC8820846408A0B
:10812000098A884214DB03200E490870BAF1000F57
:108130000AD04FB10846028AC1685046F2F70FF9DB
:108140000848008A388000BF00F06EF80020CEE6B4
:108150000120CCE64FF0FF30C9E60000F882FF1F97
:10816000F103DA18E801012003F1DA184F54410055
:108170001B5B33366D5B25735D2046463A20726586
:1081800073706F6E73655F69643D30782530385861
:108190001B5B306D0D0A00002DE9F04105460F46CE
:1081A00016461B481B49098800EB01142560082E60
:1081B00001DD082000E030462073227B3946201D77
:1081C000F2F7CDF814480560082E01DD082000E024
:1081D0003046124908700846027839461048F2F7CE
:1081E000BEF810480068401C0E4908600948008825
:1081F000401C0849088008460088402801DB002010
:108200000880324639462846FFF726FCBDE8F08153
:1082100020020120FA82FF1F0083FF1F0C83FF1F33
:108220000483FF1FFC82FF1F00200F490870486075
:10823000088248820120087500204875C8820876A7
:10824000C86108628884C884012081F82800002061
:1082500081F82900488581F82C0081F82D00C88517
:108260000249087070470000E8010120F982FF1FF1
:1082700000200749087648850862C884012081F8F3
:108280002800002081F82900C8850249087070473D
:10829000E8010120F982FF1F2DE9F04188B007466F
:1082A0000E46182102A8F2F773F82A48808C294953
:1082B000C98C401A1FFA80F8B8F1070F01DD0720BA
:1082C00000E04046C5B2002404E0AA200DF80400F6
:1082D000601CC4B2082CF8DB1E4890F8280000F09F
:1082E0000F0040F020008DF80000002409E019483C
:1082F000006A1849C98C2144415C601C0DF80010CB
:10830000C4B2AC42F3DB082269463046FFF7FCFCFE
:1083100008236A46314602A8FDF7F6FE012202A9AB
:108320003846FDF714FF0B48C08C28440949C8841F
:10833000084690F82800401C00F00F0081F8280043
:10834000084690F82900401C81F82900002008B058
:10835000BDE8F081E80101202DE9F04389B08146B4
:108360000E4617461D46182103A8F2F711F8B5F579
:10837000805F04DB4FF0FF3009B0BDE8F0830024DC
:1083800004E0AA2001A90855601CC4B2082CF8DB3F
:10839000C5F3032040F010008DF80400E8B28DF81A
:1083A0000500062D01DD062000E0284600F0FF084C
:1083B000002405E0395DA01C01AA1154601CC4B260
:1083C0004445F7DB082201A93046FFF79DFC08234E
:1083D00001AA314603A8FDF797FE012203A94846EA
:1083E000FDF7B5FE0020C7E72DE9F0438BB08146CD
:1083F0000C4617461D46DDF84880182105A8F1F700
:10840000C7FF47F030008DF80C008DF80D508DF847
:108410000E80032604E0AA2003A98855701CC6B26A
:10842000082EF8DB23460DA20DA10020CDE900584F
:10843000F8F7E0FD082203A92046FFF765FC0823B2
:1084400003AA214605A8FDF75FFE012205A94846BB
:10845000FDF77DFE0BB0BDE8F08300004F544100F6
:108460001B5B33366D5B25735D2046433A20647396
:10847000745F69643D3078253038582062733D253B
:10848000642073746D696E3D25641B5B306D0D0A4D
:10849000000000002DE9F04180460F4615461C46BD
:1084A0002448007818B94FF0FF30BDE8F081224829
:1084B000007E08B10120F8E705B114B94FF0FF3094
:1084C000F3E7002001E0411C88B2A04201DA102845
:1084D000F9DB102C00DD00BF072C06DCE3B22A46D6
:1084E0003946404600F02AF8DFE7134805628484E5
:1084F000C7610120104908760846408E488523460A
:108500002A4639464046FFF727FF06461EB1FFF7C9
:10851000AFFE3046C9E7062C01DD062000E020460C
:108520000549C884012081F82800002081F829002D
:108530000120BAE7F882FF1FE80101202DE9F04190
:1085400088B080460E4617461D46182102A8F1F74E
:108550001FFF072D04DD4FF0FF3008B0BDE8F081AC
:10856000002404E0AA200DF80400601CC4B2082C0A
:10857000F8DB8DF80050002404E0395D601C0DF834
:108580000010C4B2AC42F8DB082269463046FFF75F
:10859000BBFB08236A46314602A8FDF7B5FD012260
:1085A00002A94046FDF7D3FD0020D6E710B52B48C1
:1085B000007800B910BD2A48007800284CD029481E
:1085C000007E022848D10020254908702548C08C2B
:1085D0002449898C884205DB032022490876FFF76D
:1085E00047FEE7E71F4AD16992F83400FFF754FECF
:1085F000044614B1FFF73CFEDCE71A48C08C194969
:10860000898C884205DB032016490876FFF730FE87
:10861000D0E7144890F82C0000280EDD114890F89F
:108620002900104991F82C10884206DB01200D49E1
:108630000876002081F82900BCE70A4890F82D0050
:10864000002805DD074890F82D000649C88502E09E
:1086500001200349087000BF00BFABE7F882FF1F8D
:10866000F982FF1FE80101207047000010B554484F
:10867000047CA01E0C2879D2DFE800F0060D143C23
:10868000434A5259608990974E49D1F83C020821DB
:10869000F5F742FD92E04B49D1F83C022021F5F775
:1086A0003BFD8BE046484069032807D14549D1F896
:1086B0003C024FF48021F5F72FFD1AE04048406955
:1086C000072807D13F49D1F83C024FF48061F5F704
:1086D00023FD0EE03A484069052803D03848406938
:1086E000062806D13749D1F83C024FF48071F5F7DE
:1086F00013FD63E03349D1F83C024021F5F70CFD4E
:108700005CE03049D1F83C028021F5F705FD55E0E9
:108710002C49D1F83C024FF40071F5F7FDFC4DE017
:108720002849D1F850040821F5F7F6FC46E0254920
:10873000D1F850042021F5F7EFFC3FE020484069D4
:10874000092807D11F49D1F850044FF48021F5F7CB
:10875000E3FC1BE01A4840690D2808D11949D1F8FB
:1087600050044FF48061F5F7D7FC0FE025E0144882
:1087700040690B2803D0124840690C2806D11149E2
:10878000D1F850044FF48071F5F7C6FC16E00D499E
:10879000D1F850044021F5F7BFFC0FE00949D1F8AA
:1087A00050048021F5F7B8FC08E00649D1F85004E0
:1087B0004FF40071F5F7B0FC00E000BF00BF10BD42
:1087C000CC8AFF1F3C83FF1F10B524480068F9F7CF
:1087D00017F823480068F9F713F822480068F9F7FA
:1087E0000FF821480068F9F70BF8204800210180B4
:1087F00081701F48047C012C2CD14069022806D1CD
:108800001C49D1F83C021021F5F786FC21E01848FC
:108810004069082806D11749D1F850041021F5F70E
:108820007BFC16E012484069072807D11149D1F8AE
:108830003C024FF40031F5F76FFC0AE00C48406948
:108840000D2806D10B49D1F850044FF40031F5F74B
:1088500063FC00E000BF00BF10BD00005080FF1FA0
:108860005480FF1F5880FF1F5C80FF1F4C80FF1F3C
:10887000CC8AFF1F3C83FF1F704770477047000082
:1088800010B54FF400310248F8F7F0FF10BD0000BA
:10889000CC8AFF1F70B504460CB1E06800B970BD0A
:1088A000E068006894F8251000EB8105A97820465F
:1088B00000F0D6F8F9F7B4FAA06200BFEFE770B5A0
:1088C00004460CB1E06808B9002070BDE06A401CA5
:1088D000E062E168C988206B0844206304F1100558
:1088E000287820B101280AD002282AD118E00020D7
:1088F00084F825002046FFF7CDFF0120E5E7E06A78
:108900006968884204D3204600F09AF80020DCE72A
:10891000002084F825002046FFF7BCFF0120D4E7A3
:10892000206B6968884204D3204600F089F8002053
:10893000CBE7002084F825002046FFF7ABFF01209D
:10894000C3E7204600F07CF80020BEE710B586B0F3
:10895000044601A8F6F7FEFB0220ADF80600607A97
:1089600008B9012000E00020ADF80E002188A079B0
:1089700001AAF6F707F96188E07901AAF6F702F98A
:10898000A188207A01AAF6F7FDF806B010BD10B54F
:1089900004461CB194F82400012801D0002010BD29
:1089A000D4E90712A069C4E90412E0600020A061C4
:1089B000E0612062022084F82400204600F01CF8C8
:1089C0000120ECE710B504460CB1E06808B90020BE
:1089D00010BD0C34607E401C6076607E54F80C192B
:1089E0000979884203DB2046FFF769FFF0E720465C
:1089F000FFF750FF0120EBE710B5044604B910BDA6
:108A00000120183460772077002060736061A061D6
:108A1000A0770320207354F80C0C183C38B1E068A0
:108A20000079002803DD2046FFF734FF06E000212F
:108A3000204600F015F8002084F8350000BFDEE77E
:108A400010B5044604B910BD0020243460742074AD
:108A500004F824090021204600F002F800BFF2E7E4
:108A60002DE9F04104460D460CB1072D01DBBDE8B0
:108A7000F0811A484619677A337803F001030BB185
:108A80003B4603E00FB9012300E000231A4621888A
:108A9000A07900F075F83378C3F340030BB13B467F
:108AA00003E00FB9012300E000231A466188E07952
:108AB00000F066F83378C3F380030BB13B4603E064
:108AC0000FB9012300E000231A46A188207A00F0A4
:108AD00057F884F8375000BFC9E700002CDA0200CD
:108AE00070B586B005460C4623480078854200DA0A
:108AF0000CB906B070BD04F0020030B12846F7F79B
:108B00001FFCFF201D494855F3E704F0040030B175
:108B10002846F7F715FCFF2018494855E9E704F007
:108B2000010018B12846F7F7EDFBE2E71348405D76
:108B3000B0EB147F1DD3200F1049485524F070442A
:108B400003A92046F7F754FB90B19DF80C00F7F706
:108B50008BFB06465EB100969DF80D008DF8040073
:108B60000499029169462846F7F70AFB00BF00BF47
:108B700000BF00BFBDE7000033DA02007480FF1FB2
:108B800070B505460E46144624B131462846F6F720
:108B900055FA03E031462846F6F73CF970BD00006F
:108BA000C720F7F729FCF2F701FB01F001FDF7F709
:108BB000AFFC00BF10A212A10020F8F71BFA00BF03
:108BC0004FF47A70F9F742F9F9F7C2FD62B6FAF795
:108BD0002FFFC720F7F758FC0CE01248007808B9BF
:108BE000F8F794FBF9F71CF90446F9F777F9FAF767
:108BF0006FFF00BFF1E700004D41494E000000004B
:108C00001B5B33366D5B25735D204D41494E282932
:108C1000207374617274696E672E2E2E1B5B306D2B
:108C20000D0A00002583FF1FF0B50B30154D20F015
:108C300007010024144A0FE003688B420BD38B42D8
:108C400005D95E1A43184768C3E9006700E0436826
:108C5000136002C004E0021D10680028ECD1204619
:108C6000002802D1286808B10020F0BD064A074854
:108C70001060074A121A22F00702C0E900240120FE
:108C80002860D7E73883FF1F3483FF1F5426012055
:108C90005066012070B50446002504EB840000EB0B
:108CA000C411514800EB810090F8FE01022800D168
:108CB00070BD4D49443991F83C0001F061FA054618
:108CC0004949443991F83C00294604F005FC04F078
:108CD00061FB04EB840000EBC411434800EB81000E
:108CE00090F82D00012814D101212046FCF702FE46
:108CF00004EB840000EBC4113B4800EB8100D0ED95
:108D00000A0AB0EE600A2046FCF70CFE04F042FBB3
:108D10002BE004EB840000EBC411334800EB81002E
:108D200090F82D00022820D104EB840000EBC41140
:108D30002D4800EB8100B0F8120240F2E241884277
:108D400013DD01212046FCF7D5FD04EB840000EB88
:108D5000C411254800EB8100D0ED0A0AB0EE600A8C
:108D60002046FCF7DFFD04F015FB04EB840000EB6C
:108D7000C4111D4800EB810090F82D00A0B904EB50
:108D8000840101EBC412184901EB8201D1F8B8014A
:108D90000221F5F7C1F904212046FFF7A1FE0021C9
:108DA0002046FCF74FFB1DE004EB840101EBC412ED
:108DB0000D4901EB8201D1F8B8010121F5F7ACF9B9
:108DC00004212046FFF78CFE01212046FCF73AFBE8
:108DD000012104EB840000EBC412034800EB820085
:108DE000C0F8B01100BF63E78083FF1F7047000029
:108DF000194890F8411002292DDA01EB810202EBAB
:108E0000C11300F1440202EB830202F14C00C26A7A
:108E1000062A1DD2DFE802F003070B101418002207
:108E20000275427015E001220275427011E00222C3
:108E30000275012242700CE000220275427008E0C7
:108E400000220275427004E000220275427000E0C8
:108E500000BF00BF00BF70473C83FF1F10B5F8F78D
:108E6000DFFF10BDF0B504460D461746002614B1CD
:108E7000606900B115B94FF0FF30F0BD6169B1F81C
:108E80000404B84201DD384601E0B1F804040646A6
:108E9000002219E0B1F8020401EB800090ED000A15
:108EA00005EB820080ED000AB1F802C40CF101006C
:108EB0004FEAE07C00EB1C6C4FEA2C2CA0EB0C2C56
:108EC000A1F802C4501C82B2B242E3DBB1F8040440
:108ED000801BA1F8040403B11E800020CDE70246E8
:108EE0000AB1506910B94FF0FF3070475169B1F8BD
:108EF000000401EB800080ED000AB1F80034581C3A
:108F0000C31700EB13631B12A0EB0323A1F800347B
:108F1000B1F80404FF2804DCB1F80404401CA1F8F3
:108F200004040020E1E7000070B586B004460E4658
:108F300004B11EB94FF0FF3006B070BD2660356831
:108F400000206060A060E06020611A48844207D180
:108F50001948606119A000686060002121720CE06E
:108F60001848844207D11848606118A00068606002
:108F70000121217201E017486061606920B14FF45E
:108F800081616069F1F704FA01A8F6F7E3F84FF49C
:108F90000040ADF81400E988287901AAF5F7F2FD40
:108FA0002A7A697A01232868F1F70AFB01202076E2
:108FB0000020C1E774A00020ACA00020504F533126
:108FC0000000000090A00020B4A40020504F5332B5
:108FD00000000000BCA8002070B52DED028B0546F6
:108FE0009FED180AB0EE408A15B9BDEC028B70BD3A
:108FF00028680468217A2068F1F780FB0646D4EDE2
:10900000060A00EE106AB8EE400A60EE800A217F80
:109010000120884000EE100AB8EEC00A80EE801AE7
:10902000D4ED040A94ED050A01EE200AB0EE408A60
:1090300085ED038AB0EE480A2846FFF750FF00BFCF
:10904000D3E70000000000007CB505460C4612483E
:10905000854204D101210846F5F760F906E00F4882
:10906000854203D101210220F5F758F96846F1F74E
:1090700063FC208EADF80000608EADF80200A08E7B
:10908000ADF8040069462846F1F76CFB10B14FF0CB
:10909000FF307CBD0020FCE70000044000040440D9
:1090A00070B505460E46144604B970BD012148044A
:1090B000F5F762F821896068F1F7F2FC2288314601
:1090C0002846F1F797FC00BFEFE7F0B504460D46E0
:1090D0001646002714B1606900B115B94FF0FF3092
:1090E000F0BD6169B1F80808B04201DD304601E029
:1090F000B1F80808074600221EE0B1F8040801EBA9
:10910000800090ED000A05EB820080ED000AB1F8C6
:1091100004C80CF101004FEAE07C00EB1C6C4FEA44
:109120002C2CA0EB0C2CA1F804C8B1F80808401EA8
:10913000A1F80808501C82B2BA42DEDB03B11F80DE
:109140000020CDE702460AB1506910B94FF0FF3058
:1091500070475169B1F8000801EB800080ED000A0A
:10916000B1F80038581CC31700EB13631B12A0EBB7
:109170000323A1F80038B1F80808FF2804DCB1F88F
:109180000808401CA1F80808B1F8023801F5806011
:1091900000EB8300C0ED000AB1F80238581CC31779
:1091A00000EB13631B12A0EB0323A1F80238B1F804
:1091B0000A08FF2804DCB1F80A08401CA1F80A08D4
:1091C0000020C5E770B505460C4604B970BD607A4D
:1091D00030B9227A012300212846F1F7F1F905E0A0
:1091E000227A012319462846F1F7EAF900BFEDE794
:1091F00010B586B004460CB906B010BD01A8F5F74D
:10920000A9FF4FF40040ADF81400E188207901AACD
:10921000F5F7B8FC00BFEFE770B505460E4615B18F
:109220000EB1306810B94FF0FF3070BD2E600020D5
:1092300068766860A860E86028614748854209D17F
:109240004648686146A00188A9808078A8710021FD
:1092500029721BE04348854209D14348686143A015
:109260000188A9808078A871012129720EE0404808
:10927000854209D13F4868613FA00188A980807874
:10928000A8710221297201E03C486861686920B137
:1092900040F60C016869F1F77BF83468207A18B160
:1092A00004F10C00FFF7A4FF607A18B104F1180074
:1092B000FFF79EFFA07A18B104F12400FFF798FF92
:1092C00021466068FFF7C0FE10B16FF00100ACE707
:1092D000207A20B104F10C016068FFF773FF607A17
:1092E00020B104F118016068FFF76CFFA07A20B18B
:1092F00004F124016068FFF765FF94F8360028B197
:1093000004F1380200216068FFF7CAFE94F83700C4
:1093100028B104F1440201216068FFF7C1FE94F80E
:10932000500030B104F154024FF4E0716068FBF773
:1093300089FF94F8510030B104F15C0240F2C11190
:109340006068FBF77FFF4E20005D08B100F04AFF28
:1093500001206876002068E7D8E2FF1F2CE3FF1F9A
:10936000564D0000F4E2FF1F38EBFF1F4D310000A7
:1093700010E3FF1F44F3FF1F4D320000C097002091
:1093800010B52DED048B044604EB840000EBC411F2
:10939000454800EB810090ED5B0ADFED440AB4EE36
:1093A000E00AF1EE10FA7CDD41480088B0F5FA7F62
:1093B00072DD404800EB840090ED000A04EB84006D
:1093C00000EBC412384800EB8200D0ED290A30EEE1
:1093D000600A10EE101A0846F1F72EF841EC190B4E
:1093E000B0EE490AF0EE690AFAF720FEB0EE408AC4
:1093F000F0EE608A9FED300B53EC102B51EC180B04
:10940000F1F72EF82ED22E480088401C2C490880F7
:10941000084600880A282EDD0020088004EB84001E
:1094200000EBC411204800EB810090F82C000228CA
:109430000DD104EB840101EBC4121B4901EB820145
:10944000D1F8F8014FF40051F4F766FE13E0012162
:1094500004EB840000EBC412134800EB820080F898
:10946000101208E016480088002804DD144800881F
:10947000401E1349088000200D49088004EB840039
:1094800000EBC411084800EB810090ED290A09485F
:1094900000EB840080ED000A05480088401C044968
:1094A0000880BDEC048B10BD8083FF1F0080094540
:1094B000D080FF1FD480FF1F9A9999999999B93F3D
:1094C000D280FF1F2DE9F0412DED068B04469FED64
:1094D000FE0AB0EE409A9FEDFC0AB0EE408A0CB155
:1094E000607E18B9BDEC068BBDE8F0812068056888
:1094F000287A00B3297D6868F1F700F908EE900A30
:1095000095ED1D0AF8EE680A20EE201A95F87810FD
:109510000120884000EE100AB8EEC00AC1EE000A31
:1095200095ED191A95ED1A0A00EE810AB0EE409AEF
:1095300084ED039A00BF687A00287CD02022515D18
:109540006868F1F7DBF809EE900A95ED1D0AF8EE70
:10955000690A20EE201A95F878100120884000EE64
:10956000100AB8EEC00AC1EE000A95ED1B1A95ED7F
:109570001C0A00EE810AB0EE408ABCEEC80A10EE6A
:10958000100A2082207A012802D0207A02287DD178
:10959000207A401E00EB800101EBC011CB4800EBAC
:1095A000810090F84D00002871D0207A401E00EB19
:1095B000800101EBC011C54800EB810090F8540117
:1095C00000287DD0207A401EC7B20FB9C04800E005
:1095D000C0480646307D06EB800080ED008A307D75
:1095E000401C052190FBF1F201FB12003075707DEB
:1095F000052802DA707D401C7075DFEDB38A00200B
:1096000009E006EB800191ED000A30EE280AF0EE49
:10961000408A411CC8B2717D8142F2DC707D00EE4F
:10962000100AB8EE400A88EE80AA07EB870000EB2C
:10963000C711A64800E00AE300EB810080ED57AABD
:10964000227A521E02EB820303EBC2139F4A02EB03
:10965000830292ED571AF0EE410A227A521E02EB73
:10966000820303EBC213994A02EB830292ED561A6E
:10967000B0EE410A227A521E02EB820303EBC213C0
:10968000924A02EB830202F5AA7101E0BAE2BAE261
:10969000227A521E02EB820303EBC2138B4A02EBC7
:1096A000830202F5A070F7F74BF9207A401E00EB19
:1096B000800101EBC011854800EB8100816900E069
:1096C00087E2207A401E00EB800202EBC0127F4846
:1096D00000EB8200C06981422AD2207A401E00EB52
:1096E000800101EBC011794800EB81008069401CCA
:1096F000217A491E01EB810202EBC112734901EB91
:10970000820188610021207A401E00EB800202EB7A
:10971000C0126E4800EB82008160207A401E00EB90
:10972000800202EBC012694800EB82000161FAE09E
:10973000207A401E00EB800101EBC011634800EB72
:10974000810090ED310A207A401E00EB800101EB90
:10975000C0115E4800EB8100D0ED350AB4EEE00A9E
:10976000F1EE10FA1CDC207A401E00EB800101EBC8
:10977000C011564800EB810090ED310A207A401E5E
:1097800000EB800101EBC011504800EB8100D0EDEF
:10979000350AF1EE600AB4EEE00AF1EE10FA7DD27D
:1097A000207A401E00EB800101EBC011474800EB1E
:1097B000810090ED570A207A401E00EB800101EBFA
:1097C000C011424800EB8100D0ED640AB4EEE00A1B
:1097D000F1EE10FA62DD207A401E00EB800101EB11
:1097E000C0113A4800EB81008168207A401E00EBEE
:1097F000800202EBC012354800EB8200C068814253
:109800004AD30021207A401E00EB800202EBC012F6
:109810002E4800EB820080F86010207A401E00EB9A
:10982000800202EBC012294800EB820080F84D1044
:10983000207A401E00EB800101EBC011234800EBB1
:10984000810090F82C0002280FD1217A491E01EBEB
:10985000810202EBC1121D4901EB8201D1F8F8012E
:109860004FF40051F4F758FC0BE00121207A401E20
:1098700000EB800202EBC012144800EB820080F87B
:1098800010120021207A401E00EB800202EBC01271
:109890000E4800EB82008160207A00E01CE0401E50
:1098A00000EB800101EBC011084800EB81008068EB
:1098B000401C217A491E01EB810202EBC1120349CF
:1098C00001EB8201886027E0000000008083FF1F19
:1098D00050FBFF1F68FBFF1F207A401E00EB80013A
:1098E00001EBC011DE4800EB81008068A0B1207A56
:1098F000401E00EB800101EBC011D94800EB810054
:109900008068401E217A491E01EB810202EBC112E0
:10991000D34901EB82018860217A491EC8B2FFF762
:109920002FFDFAF7CDFD207A401E00EB800101EB00
:10993000C011CB4800EB810090ED280A207A401E30
:1099400000EB800101EBC011C54800EB8100D0EDB8
:10995000290A30EE600AB0EEC00A207A401E00EB01
:10996000800101EBC011BE4800EB8100D0ED350A4B
:10997000B4EEE00AF1EE10FA7ED2207A401E00EB3F
:10998000800101EBC011B64800EB81000169207A2B
:10999000401E00EB800202EBC012B14800EB8200D7
:1099A000406981421BD3207A401E00EB800101EB0D
:1099B000C011AB4800EB810090F82C0002280FD1B9
:1099C000217A491E01EB810202EBC112A44901EB8D
:1099D0008201D1F8F8014FF48041F4F79DFBC1E01A
:1099E0000021207A401E00EB800202EBC0129C484E
:1099F00000EB820080F86010207A401E00EB8002AD
:109A000002EBC012964800EB820080F84D10217ADC
:109A1000491E01EB810202EBC112914901EB820167
:109A2000D1F884001021F4F777FB0021207A401E42
:109A300000EB800202EBC012894800EB820080F844
:109A40005411207A401E00EB800202EBC0128448C1
:109A500000EB820080F8F810207A401E00EB8002B4
:109A600002EBC0127E4800EB820080F89C10217A45
:109A7000491E01EB810200E08AE002EBC112784945
:109A800001EB820101F5AA70F7F742F8207A401E37
:109A900000EB800101EBC011714800EB8100D0F8B0
:109AA000AC010A2819D0207A401E00EB800101EB9E
:109AB000C0116B4800EB8100D0F8AC010B280CD032
:109AC000207A401E00EB800101EBC011644800EBDE
:109AD0008100D0F8AC010C280FD1217A491E01EB8E
:109AE000810202EBC1125E4901EB8201D1F8B8019B
:109AF0004FF48051F4F710FB34E0207A401E00EB65
:109B0000800101EBC011564800EB8100D0F8AC0198
:109B1000022819D0207A401E00EB800101EBC01111
:109B20004F4800EB8100D0F8AC0103280CD0207A1C
:109B3000401E00EB800101EBC011494800EB8100A1
:109B4000D0F8AC0104280DD1217A491E01EB810225
:109B500002EBC112424901EB8201D1F8B801402168
:109B6000F4F7DAFA207A401E00EB800101EBC01115
:109B70003B4800EB81000069401C217A491E01EB43
:109B8000810202EBC112364901EB820108611FE03C
:109B9000207A401E00EB800101EBC011304800EB41
:109BA00081000069A0B1207A401E00EB800101EB2A
:109BB000C0112B4800EB81000069401E217A491E2C
:109BC00001EB810202EBC112254901EB8201086120
:109BD0000BE00021207A401E00EB800202EBC01255
:109BE0001F4800EB820080F86010217A491E01EBCB
:109BF000810202EBC1121A4901EB820101F14C0012
:109C0000FDF702F822E00021207A401E00EB8002DE
:109C100002EBC012124800EB820080F86010207A3C
:109C2000401E00EB800202EBC0120D4800EB8200E8
:109C30008161217A491E01EB810202EBC1120849C0
:109C400001EB820101F14C00FCF7DEFF00BFF0EEFA
:109C5000480AB0EE490A2046FFF774FA00BF41E413
:109C60008083FF1F10B50023102208492020F6F73B
:109C700025FD0023102206492020F6F71FFD0023B2
:109C8000102204492020F6F719FD10BD8C80FF1F1B
:109C90009C80FF1FAC80FF1F10B52DED028BAAB07A
:109CA000044601ABA02202A92046FFF7DBF810B959
:109CB000BDF8040018B92AB0BDEC028B10BD9FEDB1
:109CC0000F8A00200AE002A901EB800191ED000A51
:109CD00030EE080AB0EE408A411CC8B2BDF804104C
:109CE0008842F0DBBDF8040000EE100AB8EE400A2E
:109CF000C8EE000AC4ED030A00BFDCE70000000064
:109D000010B52DED028B8CB09FED160AB0EE408A97
:109D100001AB142202A91448FFF7D7F9BDF80400DB
:109D200000281BDD00240AE002A800EB840090ED6F
:109D3000000A30EE080AB0EE408A601CC4B2BDF8DA
:109D400004008442F0DBBDF8040000EE100AB8EE17
:109D5000400AC8EE000A0448C0ED030A0CB0BDEC8E
:109D6000028B10BD00000000D8E2FF1F70B5044652
:109D70000D460120F6F740FB0120F3F70FFD00BF71
:109D80004FF48070F3F732FD0128F9D129462046BF
:109D9000F3F75EFD00BF4FF48070F3F727FD012855
:109DA000F9D10020F3F7FAFC0120F6F76DFB70BD46
:109DB00070B50646002E2FD1314C04F12005A07E4F
:109DC00018B90120A0760020E061E069401CE06144
:109DD000A07A20B921892079F5F730F903E02189AB
:109DE0002079F5F717F8A87A20B929892879F5F7A5
:109DF00025F903E029892879F5F70CF8E0690228AC
:109E000009D90320E0610121084600F03BF8012157
:109E1000002000F037F832E0012E30D1184C4034E9
:109E200004F12005A07E18B90120A0760020E06191
:109E3000E069401CE061A07A20B921892079F5F71A
:109E4000FDF803E021892079F4F7E4FFA87A20B92E
:109E500029892879F5F7F2F803E029892879F4F7B8
:109E6000D9FFE069022809D90320E061012102201D
:109E700000F008F80121032000F004F800BF70BDD5
:109E8000E081FF1F70B505460E46082D00DB70BD52
:109E90000A4800EB4514207868B936B94FF440728F
:109EA000D4E90401F9F710FC05E04FF40072D4E99D
:109EB0000401F9F709FC00BFE9E700006081FF1F1A
:109EC00070B500210C20F4F7E9FF0220F3F710FB36
:109ED00000211020F4F7E2FF002407E0054800EB22
:109EE0004415284600F064F8601CC4B2082CF5DB69
:109EF00070BD00006081FF1F70B506460D46082E3C
:109F000000DB70BD174800EB46142078012818D1FB
:109F10005DB9A07A20B921892079F5F78FF80FE093
:109F200021892079F4F776FF0AE0A07A20B9218907
:109F30002079F4F76FFF03E021892079F5F77EF8A7
:109F4000DFE740F6C310854200D905462A46D4E92A
:109F50000401F9F71BFC6A0800210348F9F716FC15
:109F600000BFCEE76081FF1F0050014070B505467D
:109F7000082D00DB70BD0D4800EB45140020A076D5
:109F8000207828B90022D4E90401F9F79DFB0AE002
:109F9000A07A20B921892079F4F73CFF03E02189D8
:109FA0002079F5F74BF800BFE4E700006081FF1F60
:109FB00010B5044604B910BD201D00F012F8207839
:109FC00018B9204600F050F809E02078012806D1A1
:109FD000208B20B1228B21892079F4F7B7FF00BFB5
:109FE000E9E710B586B004460CB906B010BD01A86B
:109FF000F5F7B0F80220ADF806002020ADF80A0011
:10A000000020ADF81400A07918B10020ADF80400CC
:10A0100002E00120ADF80400A188207801AAF4F73D
:10A02000B1FD00BFE1E7000070B50546064800EB52
:10A03000451414B94FF0FF3070BD0122D4E904017A
:10A04000F9F7E6FA0020F7E76081FF1F10B501215C
:10A050000348F9F773FC0348F9F728FC002010BD0A
:10A06000006401400050014010B586B004460CB9B0
:10A0700006B010BD0121E068F4F70EF9228B2189AA
:10A080002079F4F763FF00208DF80C0030208DF864
:10A090000D0000218DF80E1002218DF80F1040F6F2
:10A0A000C310059003A92069F9F730F90120ADF834
:10A0B0000400ADF80600ADF808000020ADF80A0075
:10A0C0006A46D4E90401F9F7F3F94FF44072D4E990
:10A0D0000401F9F7F9FA00BFCAE738B504460422CB
:10A0E00069462046F3F74AFC009838BD014603480C
:10A0F0008069401E21EA000070470000B8C10020BE
:10A100007CB505460E46002403E0285D0DF80400EA
:10A11000641C042CF9DBE7208DF8040038208DF84E
:10A12000050031466846FCF775FB7CBD10B5F6F7B7
:10A13000EFF910BD38B5044607480078A04209D0B1
:10A1400005480094037805A205A10020F6F752FF08
:10A150000148047038BD0000B8C100204657000017
:10A160001B5B33326D5B25735D2053746174653AFC
:10A17000202564202D3E2025641B5B306D0D0A00D8
:10A180000146002031291FD008DC10290DD01129EB
:10A190000CD023290BD024291FD109E0A12908D0F4
:10A1A000A22907D0A72918D105E000BF00BF00BF32
:10A1B00000BF00BF00BF0A4A92F83E20012A01D129
:10A1C000012000E0002009E0054A92F83F20012A22
:10A1D00001D1012000E0002000E000BF00BF704777
:10A1E0003C83FF1F0EB501210420F4F755F8002031
:10A1F0008DF8000030208DF8010000218DF802104C
:10A2000002218DF8031040F6C310029069460748FA
:10A21000F9F77CF84FF4967200210448F9F7B6FA82
:10A22000012211460148F9F70FF80EBD0050014018
:10A2300010B50446084890F8380030B14FF40031AA
:10A24000D4F8B801F3F768FF05E04FF48021D4F8A3
:10A25000B801F3F761FF10BD3C83FF1F10B5044642
:10A26000054880692421026803489047A06A016874
:10A270002046884710BD0000C482FF1F70B5044609
:10A280000F488069C1680E48884706460C488069B7
:10A2900024232246314685680948A8470949206891
:10A2A00088420BD024212046F0F772F80548206040
:10A2B0004FF47A702081204600F044F8002070BDF1
:10A2C000C482FF1FA55AA55A70B504460D46242224
:10A2D00029462046F0F743F870BD0246022901DB0B
:10A2E0000020704701EB410302F10C0050F82300FD
:10A2F000F7E708B501464868009008BD022902DB6F
:10A300009FED050A704701EB410300F10C0202EBDF
:10A31000830292ED010AF5E700000000022902DB4A
:10A320009FED050A704701EB410300F10C0202EBBF
:10A33000830292ED020AF5E7000000000146088959
:10A3400070470000F0B589B0054617488069C168BC
:10A350001548884707461448806924236A463946C9
:10A3600086681148B047242269462846F0F748F825
:10A3700010B9002009B0F0BD0C4828600A48806977
:10A3800001690948884704460748806924232A460A
:10A39000214646680448B0470348C46004F12400DD
:10A3A000014908610020E5E7C482FF1FA55AA55AAC
:10A3B00070B504460D461646022D02DB4FF0FF3005
:10A3C00070BD05EB450104F10C0040F82160A06A66
:10A3D000416820468847F3E713B50446019860605A
:10A3E000A06A4168204688471CBD000070B52DED6D
:10A3F000048B82B004460D46B0EE409A022D05DB78
:10A400004FF0FF3002B0BDEC048B70BDB5EEC09ACA
:10A41000F1EE10FA06D39FED2C0AB4EEC09AF1EEDD
:10A4200010FA02DD6FF00100ECE705EB450104F1E5
:10A430000C0000EB810080ED029A606801900DF144
:10A440000600405D00F0030605EB450104F10C0039
:10A4500000EB810090ED028AF0EE488A9EB1022E58
:10A4600002D0032E0ED106E0B3EE060A38EE000A43
:10A47000F0EE408A0AE0B3EE060A38EE400AF0EE4B
:10A48000408A03E000BFF0EE488A00BF00BFF5EE4F
:10A49000C08AF1EE10FA06D39FED0B0AF4EEC08AE3
:10A4A000F1EE10FA02DD6FF00100ABE705EB4501BC
:10A4B00004F10C0000EB8100C0ED018AA06A416844
:10A4C000204688479EE7000000401C4670B50446C1
:10A4D0000D462581A06A41682046884770BD7047B7
:10A4E0007047000010B500241EE004EB840000EB70
:10A4F000C4110F4800EB810090F82D0098B104EBD7
:10A50000840101EBC4120A4901EB8201D1F8B801C0
:10A510000121F3F701FEE0B20121FEF7E1FAE0B21A
:10A520000121FAF78FFF641C022CDEDB10BD000056
:10A530008083FF1F10B51649D1F8FC010221F3F703
:10A54000EBFD1349D1F810040221F3F7E5FD1049A2
:10A55000D1F83C024FF40021F3F7DEFD0C49D1F8AD
:10A560003C024FF40021F3F7D7FDFEF789F90221F1
:10A570000020FEF7B5FA02210120FEF7B1FA002112
:10A580000846FAF75FFF00210120FAF75BFF10BDD4
:10A590003C83FF1F014601EB810000EBC112034821
:10A5A00000EB820090F82D00704700008083FF1FB1
:10A5B00000B585B000210C20F4F770FC00211020BC
:10A5C000F4F76CFC6846F4F7C5FD0220ADF8020014
:10A5D0002020ADF806000020ADF80000ADF8100016
:10A5E0006A4680210120F4F7CDFA6A464FF4004113
:10A5F0000020F4F7C7FA6846F4F7ACFD0220ADF886
:10A6000002002020ADF806000020ADF80000ADF8F3
:10A6100010006A4608210120F4F7B4FA6A461021B6
:10A620000120F4F7AFFA05B000BD000030B585B0E9
:10A630000446200E8DF81000200C8DF81100200A21
:10A640008DF81200E0B28DF81300234620A221A15C
:10A650000020F6F7CFFC9DF813009DF812109DF82E
:10A660001120CDE9002102909DF8103018A226A1FA
:10A670000020F6F7BFFC03A904A8FFF741FD9DF8F1
:10A680000C0000069DF80D1040EA01409DF80E10E8
:10A6900040EA01209DF80F1040EA01052B460CA26C
:10A6A00025A10020F6F7A6FC9DF80F109DF80E00DE
:10A6B0009DF80D20CDE9002002919DF80C3004A2F8
:10A6C00027A10020F6F796FC284605B030BD000013
:10A6D000554453001B5B33366D5B25735D2043612E
:10A6E0006C63756C6174696E67206B657920667246
:10A6F0006F6D20736565643A203078253038581BBB
:10A700005B306D0D0A0000001B5B33366D5B2573FB
:10A710005D20536565642062797465733A20253045
:10A7200032582025303258202530325820253032FA
:10A73000581B5B306D0D0A001B5B33366D5B257358
:10A740005D2043616C63756C61746564206B657931
:10A750003A203078253038581B5B306D0D0A0000E8
:10A760001B5B33366D5B25735D204B657920627909
:10A770007465733A20253032582025303258202510
:10A7800030325820253032581B5B306D0D0A0000E6
:10A7900001480068704700001C83FF1F10B507A226
:10A7A00007A10020F6F726FC144800F053F803A296
:10A7B00013A10020F6F71EFC10BD0000444C000061
:10A7C0001B5B33326D5B25735D203D3D3D2046694B
:10A7D000726D7761726520446F776E6C6F61642073
:10A7E000496E7465726661636520496E6974203DC7
:10A7F0003D3D1B5B306D0D0A00000000A8ED02001E
:10A800001B5B33326D5B25735D203D3D3D2046690A
:10A81000726D7761726520446F776E6C6F61642032
:10A82000496E7465726661636520496E697420447F
:10A830006F6E65203D3D3D1B5B306D0D0A000000D5
:10A840000348006808B1012070470020FCE70000C1
:10A850001C83FF1F10B5044634B10448046004A2F1
:10A8600004A10020F6F7C6FB10BD00001C83FF1FEB
:10A87000444C00001B5B33326D5B25735D20446FDD
:10A88000776E6C6F616420696E7465726661636572
:10A8900020726567697374657265641B5B306D0D4A
:10A8A0000A00000010B50A480068401C084908600A
:10A8B0000846006807494843074949684418234641
:10A8C00006A207A10020F6F795FB204610BD000068
:10A8D0001883FF1FB979379E200601205544530085
:10A8E0001B5B33366D5B25735D2047656E6572615A
:10A8F00074652073656564202852414E444F4D2095
:10A900006D6F6465293A203078253038581B5B30EC
:10A910006D0D0A002DE9F04104460D4617461E460E
:10A920000AA20BA10020F6F765FB012D06DA2178BB
:10A930001322002002F04EF9BDE8F08100203070B3
:10A9400002A20EA1F6F756FB00BFF5E755445300EF
:10A950001B5B33366D5B25735D203E3E3E204861B8
:10A960006E646C6520307831342028436C656172E8
:10A9700020445443291B5B306D0D0A001B5B3332AE
:10A980006D5B25735D2044544320636C6561726583
:10A99000641B5B306D0D0A002DE9F84F05460F462C
:10A9A0009046994653A254A10020F6F723FB022FAC
:10A9B0000CDA3B464FA260A10020F6F71BFB29787A
:10A9C0001322002002F006F9BDE8F88F6E783346B6
:10A9D00048A264A10020F6F70DFB012E04D0022E40
:10A9E00009D0032E15D10DE0012442A265A100205B
:10A9F000F6F700FB19E002243EA26DA10020F6F755
:10AA0000F9FA12E003243BA275A10020F6F7F2FA4E
:10AA10000BE0334637A27DA10020F6F7EBFA297848
:10AA20001222002002F0D6F8CEE700BF012C1ED182
:10AA3000834803782FA283A10020F6F7DBFA0120D8
:10AA40007F490870002048700874C8608860FFF76C
:10AA5000F7FE002835D0FFF79BFE8246DAF8280083
:10AA6000804724A283A10020F6F7C4FA29E0032C32
:10AA700016D17348007801280CD11EA28CA10020A9
:10AA8000F6F7B8FA03206E49087000204870087481
:10AA9000C86016E017A293A10020F6F7ABFA10E009
:10AAA000022C0ED16648037812A29BA10020F6F773
:10AAB000A1FA022062490870002048700874C8603A
:10AAC000886088F80060012089F800005C480378FD
:10AAD00008A29EA10020F6F78DFA99F800000090D8
:10AAE00098F8003003A2A3A10020F6F783FA00BF74
:10AAF0006AE70000554453001B5B33326D5B2573DE
:10AB00005D203E3E3E2048616E646C6520307831A9
:10AB1000302028446961676E6F73746963205365E0
:10AB20007373696F6E20436F6E74726F6C291B5B59
:10AB3000306D0D0A000000001B5B33316D5B257327
:10AB40005D204C656E677468206572726F723A2082
:10AB50006C656E3D2564203C20321B5B306D0D0A18
:10AB6000000000001B5B33366D5B25735D20737541
:10AB7000625F66756E633D3078253032581B5B30FE
:10AB80006D0D0A001B5B33326D5B25735D205265D2
:10AB900071756573743A2044454641554C54207391
:10ABA000657373696F6E1B5B306D0D0A00000000EA
:10ABB0001B5B33326D5B25735D2052657175657368
:10ABC000743A2050524F4752414D4D494E472073E1
:10ABD000657373696F6E1B5B306D0D0A00000000BA
:10ABE0001B5B33326D5B25735D2052657175657338
:10ABF000743A20455854454E444544207365737358
:10AC0000696F6E1B5B306D0D0A0000001B5B3333F8
:10AC10006D5B25735D205375622D66756E63746977
:10AC20006F6E206E6F7420737570706F72746564D0
:10AC30003A203078253032581B5B306D0D0A000009
:10AC4000200601201B5B33326D5B25735D2053654D
:10AC50007373696F6E206368616E67653A2025645F
:10AC6000202D3E2044454641554C541B5B306D0D14
:10AC70000A0000001B5B33326D5B25735D20446F5F
:10AC8000776E6C6F6164206D6F64756C65207265A2
:10AC9000736574206F6E2044454641554C542073B3
:10ACA000657373696F6E1B5B306D0D0A00000000E9
:10ACB0001B5B33326D5B25735D2053657373696F66
:10ACC0006E206368616E67653A2044454641554C85
:10ACD00054202D3E20455854454E4445441B5B307E
:10ACE0006D0D0A001B5B33366D5B25735D20416C77
:10ACF000726561647920696E20455854454E44451B
:10AD0000442073657373696F6E2C206B6565701BCF
:10AD10005B306D0D0A0000001B5B33326D5B2573E9
:10AD20005D2053657373696F6E206368616E67653C
:10AD30003A202564202D3E2050524F4752414D4D20
:10AD4000494E471B5B306D0D0A0000001B5B333220
:10AD50006D5B25735D20526573706F6E73653A206D
:10AD600073657373696F6E3D25641B5B306D0D0AEF
:10AD7000000000001B5B33326D5B25735D20526564
:10AD800073706F6E7365206461746120746F2073DB
:10AD9000656E643A205B3078253032585D2C206C2B
:10ADA000656E3D25641B5B306D0D0A002DE9F04199
:10ADB00090B005460F4690461E463748036837A2B6
:10ADC00038A10020F6F716F9022F0CDA44A245A1AB
:10ADD0000020F6F70FF929781322002001F0FAFE7F
:10ADE00010B0BDE8F0816C7823462CA245A100206C
:10ADF000F6F700F9012C0DD0032C0BD0234638A216
:10AE00004AA10020F6F7F6F829781222002001F076
:10AE1000E1FEE5E720480068002832D11FA2504932
:10AE2000F6F7E8F802A8F8F7B9FE08990398CDE913
:10AE300000011AA24B490020029BF6F7DBF84A49B1
:10AE4000029888420CD11120089002A8F8F7BAFEA7
:10AE50004FF4803311A245A10020F6F7CBF805E0AE
:10AE60000EA252490020029BF6F7C4F80020307071
:10AE700064230AA24EA1F6F7BDF864205A4908607F
:10AE800008E006A259490020F6F7B4F888F8004017
:10AE90000120307000BFA3E708ED00E04D41494EAE
:10AEA000000000001B5B33366D5B25735D203E3E6A
:10AEB0003E2048616E646C65203078313120284531
:10AEC0004355205265736574292C2056544F523DCA
:10AED0003078253038580D0A1B5B306D0D0A0000A4
:10AEE000554453001B5B33316D5B25735D204C650E
:10AEF0006E677468206572726F721B5B306D0D0A2D
:10AF0000000000001B5B33366D5B25735D20202045
:10AF100072657365745F747970653D307825303281
:10AF2000580D0A1B5B306D0D0A0000001B5B3333AC
:10AF30006D5B25735D20526573657420747970654F
:10AF4000206E6F7420737570706F727465643A2030
:10AF50003078253032581B5B306D0D0A0000000040
:10AF600020F502008CF40200005344551B5B33367D
:10AF70006D5B25735D20202070656E64696E675F70
:10AF80007369643D30783131207772697474656E0D
:10AF900020746F20666C617368206174203078259E
:10AFA0003038580D0A1B5B306D0D0A003CF402006E
:10AFB0001B5B33366D5B25735D20202044656C611F
:10AFC0007965642072657365742073636865647560
:10AFD0006C656420696E202564206D730D0A1B5B0F
:10AFE000306D0D0A000000002083FF1FDCF402001A
:10AFF0002DE9F843054688461646994625A226A11E
:10B000000020F5F7F7FFB8F1030F0CDA434621A251
:10B010002CA10020F5F7EEFF29781322002001F083
:10B02000D9FDBDE8F883A878697840EA0124234671
:10B0300018A22FA10020F5F7DDFFB4F5704F12D054
:10B040004FF2010084420ED0401C84420BD02346B4
:10B0500010A22EA10020F5F7CDFF29783122002083
:10B0600001F0B8FDDDE7204601F06AFB0746200A43
:10B0700030707470380AB070F770042089F80000DE
:10B08000234604A22CA100200097F5F7B3FF00BFD0
:10B09000C7E70000554453001B5B33326D5B2573DB
:10B0A0005D203E3E3E2048616E646C652030783203
:10B0B000322028526561642044617461291B5B3031
:10B0C0006D0D0A001B5B33316D5B25735D204C6594
:10B0D0006E677468206572726F723A206C656E3D9F
:10B0E0002564203C20331B5B306D0D0A00000000FE
:10B0F0001B5B33366D5B25735D204449443D3078DE
:10B10000253034581B5B306D0D0A00001B5B333358
:10B110006D5B25735D20444944206F7574206F6614
:10B120002072616E67653A203078253034581B5B99
:10B13000306D0D0A000000001B5B33326D5B257320
:10B140005D20526573706F6E73653A204449443DCB
:10B150003078253034582C2056616C75653D307838
:10B16000253034581B5B306D0D0A00002DE9F0418D
:10B1700006460F461446984619A21AA10020F5F774
:10B1800039FF022F0BDA16A221A10020F5F732FFBA
:10B1900031781322002001F01DFDBDE8F0817578A3
:10B1A000012D0DD0022D0BD02B460DA220A1002089
:10B1B000F5F720FF31781222002001F00BFDECE7BB
:10B1C000257000206070A070E070042088F80000F6
:10B1D00003A224A10020F5F70DFF00BFDDE700006A
:10B1E000554453001B5B33366D5B25735D203E3E3B
:10B1F0003E2048616E646C652030783139202852D9
:10B2000065616420445443291B5B306D0D0A0000C6
:10B210001B5B33316D5B25735D204C656E67746815
:10B22000206572726F721B5B306D0D0A00000000AA
:10B230001B5B33336D5B25735D205375622D667523
:10B240006E6374696F6E206E6F7420737570706FAB
:10B25000727465643A203078253032581B5B306D4B
:10B260000D0A00001B5B33366D5B25735D20526554
:10B2700073706F6E73653A206E6F204454431B5B8E
:10B28000306D0D0A000000002DE9FF4F85B0044627
:10B290008B4659A259A10020F5F7ACFE644800780E
:10B2A00002280ED06248037853A262490020F5F7C5
:10B2B000A1FE21787F22002001F08CFC09B0BDE8BE
:10B2C000F08F5B48407802280CD0594843784AA256
:10B2D00059490020F5F78EFE21783322002001F035
:10B2E00079FCEBE7FFF7ACFA50B943A253A1002079
:10B2F000F5F780FE21782222002001F06BFCDDE7CB
:10B3000060780490A7783D0907F00F0625B1042D59
:10B3100002DC0EB1042E0BDD3B4637A254A1002007
:10B32000F5F768FE21783122002001F053FCC5E7D3
:10B33000E81C3044C0B258450EDDE81C30445B4682
:10B340002DA259A100900020F5F754FE2178132278
:10B35000002001F03FFCB1E74FF00008002005E0BD
:10B36000C11C615C41EA0828411CC8B2A842F7DB55
:10B370004FF00009002006E0E91C0144615C41EA4D
:10B380000929411CC8B2B042F6DB43461AA251A1BA
:10B390000020CDF80090F5F72DFEFFF7F9F90390A6
:10B3A000039849464268404690478246BAF1000FEA
:10B3B00011D0504601F0CEF80290029853460EA2EA
:10B3C000544900900020F5F715FE21780020029ADC
:10B3D00001F000FC72E740210798017000210798F6
:10B3E000417002210898017003A24BA10020F5F7DB
:10B3F00001FE00BF62E70000554453001B5B33327F
:10B400006D5B25735D203E3E3E2048616E646C6539
:10B410002030783334202852657175657374204468
:10B420006F776E6C6F6164291B5B306D0D0A0000D5
:10B430002006012084F7020050F602001B5B333324
:10B440006D5B25735D20446F776E6C6F616420695E
:10B450006E74657266616365206E6F7420726567D5
:10B46000697374657265641B5B306D0D0A000000C2
:10B470001B5B33316D5B25735D20496E76616C69B2
:10B480006420616464722F73697A65206C656E67ED
:10B4900074683A20616C66693D3078253032581BFB
:10B4A0005B306D0D0A0000001B5B33316D5B257353
:10B4B0005D204C656E677468206572726F723A2009
:10B4C0006C656E3D2564203C2025641B5B306D0D52
:10B4D0000A0000001B5B33326D5B25735D205265F3
:10B4E000717565737420646F776E6C6F61643A2058
:10B4F000616464723D3078253038582C2073697A45
:10B50000653D25642062797465731B5B306D0D0A9F
:10B510000000000040F902001B5B33326D5B2573B5
:10B520005D20446F776E6C6F61642061636365704A
:10B530007465642C206D617820626C6F636B20737E
:10B54000697A653D3078343030301B5B306D0D0AE0
:10B55000000000002DE9F84F0446894692461F4638
:10B5600034A235A10020F5F745FD414800780228B6
:10B570000DD03F4803782FA23E490020F5F73AFD51
:10B5800021787F22002001F025FBBDE8F88F3848A4
:10B59000407802280CD03648437826A2364900204D
:10B5A000F5F728FD21783322002001F013FBECE7AA
:10B5B000FFF746F950B91FA230A10020F5F71AFD98
:10B5C00021782222002001F005FBDEE7FFF7E0F8FA
:10B5D0000646F068804705468DB1284600F0BAFF60
:10B5E00080462B4613A232490020CDF80080F5F7A3
:10B5F00001FD21784246002001F0ECFAC5E7306BEE
:10B60000804748B10BA22BA10020F5F7F3FC21786D
:10B61000002001F07DFBB8E7217800231A46184688
:10B6200001F010FB0020387002A231A1F5F7E2FC16
:10B6300000BFAAE7554453001B5B33326D5B257393
:10B640005D203E3E3E2048616E646C65203078335C
:10B6500037202852657175657374205472616E735A
:10B660006665722045786974291B5B306D0D0A0090
:10B6700020060120D8F70200E8F602001B5B3333F6
:10B680006D5B25735D20446F776E6C6F616420691C
:10B690006E74657266616365206E6F742072656793
:10B6A000697374657265641B5B306D0D0A00000080
:10B6B00084F902001B5B33326D5B25735D2054728D
:10B6C000616E7366657220657869743A2070656E84
:10B6D00064696E6720726573706F6E736520284EA3
:10B6E00052432030783738291B5B306D0D0A00003B
:10B6F0001B5B33326D5B25735D205472616E736624
:10B70000657220657869742061636365707465642F
:10B710001B5B306D0D0A00002DE9F0438FB004462D
:10B720000D4690461E4630A230A10020F5F762FC7F
:10B73000042D0DDA2B462CA239A10020F5F75AFC76
:10B7400021781322002001F045FA0FB0BDE8F08304
:10B75000A078617840EA0129E7784B4622A23BA114
:10B7600000200097F5F746FC4448407802280CD0AA
:10B77000424843781CA242490020F5F73BFC21785F
:10B780003322002001F026FADFE73E480068B0F5DA
:10B79000D03F04D03B480068B0F5882F16D138213F
:10B7A00001A8EEF7F5FD3848019001200290312004
:10B7B000079001A8F8F706FA002030700AA2334972
:10B7C000F5F718FC6420324908600AE088F8007038
:10B7D000012030704FF4D03303A22EA10020F5F7E2
:10B7E00009FC00BFB1E70000554453001B5B333236
:10B7F0006D5B25735D203E3E3E2048616E646C6546
:10B8000020307833312028526F7574696E6520437B
:10B810006F6E74726F6C291B5B306D0D0A00000037
:10B820001B5B33316D5B25735D204C656E677468FF
:10B83000206572726F723A206C656E3D2564203C03
:10B8400020341B5B306D0D0A000000001B5B33369B
:10B850006D5B25735D205249443D30782530345866
:10B860002C206374726C5F747970653D307825307C
:10B8700032581B5B306D0D0A0000000020060120CD
:10B880009CF6020008ED00E00053445578FB0200EE
:10B890002083FF1F1B5B33326D5B25735D20526F6E
:10B8A0007574696E6520436F6E74726F6C3A2042D6
:10B8B0006F6F7420736C6F742073657420746F20C5
:10B8C0003078253038581B5B306D0D0A00000000C1
:10B8D0002DE9FC470446884615461F469EA29FA1B7
:10B8E0000020F5F787FBAA484068A9494978CDE9C7
:10B8F0000010A748037898A2A6490020F5F77AFB24
:10B90000B8F1020F0CDA434693A2A3A10020F5F789
:10B9100071FB21781322002001F05CF9BDE8FC875F
:10B92000667833468CA2A7A10020F5F763FB984800
:10B930000078032810D09648007802280CD094484C
:10B94000037885A2A7490020F5F754FB217822222D
:10B95000002001F03FF9E1E78D48806860B18C4834
:10B9600083687DA2A0A10020F5F744FB217837224F
:10B97000002001F02FF9D1E706F00100002852D095
:10B9800075A2A5A10020F5F735FB81484078012874
:10B9900019D17F4870A2A849C3680020F5F72AFB97
:10B9A0002E707B48C068000E68707948C068000C33
:10B9B000A87077488089000AE8707548007B287174
:10B9C00005203870AAE77248407860B17048437823
:10B9D00061A29AA10020F5F70DFB21782422002016
:10B9E00001F0F8F89AE7FEF75DFF6949C8600120A9
:10B9F0004870084658A2A1A1C3680020F5F7FAFADA
:10BA00002E706348C068000E68706148C068000C02
:10BA1000A8705F488089000AE8705D48007B287143
:10BA20000520387096E04CA29EA10020F5F7E2FABE
:10BA300057484078022808D147A2A1A10020F5F775
:10BA4000D9FA2E700120387068E7514840780128F3
:10BA50000CD04F48437840A2A6A10020F5F7CAFABF
:10BA600021782422002001F0B5F857E7B8F1060F3D
:10BA70000BDA434638A2ADA10020F5F7BBFA2178D6
:10BA80001322002001F0A6F848E7A0780006E1782C
:10BA900040EA0140217940EA0120617940EA010948
:10BAA0004B462DA2ADA10020F5F7A4FA3849C8688D
:10BAB000FEF7BCFD8246D14513D127A2B1A10020DB
:10BAC000F5F798FA0220324948700020087488601F
:10BAD0002E700120387020A2B4A10020F5F78AFA58
:10BAE00037E053461CA2BAA10020CDF80090F5F72C
:10BAF00081FA2748007C401C2549087400204870C2
:10BB0000C8600846007C897F884213DB2048007C9F
:10BB1000642110FB01F01E498860084683680EA26C
:10BB2000BAA10020F5F766FA21783622002001F04C
:10BB300051F80EE01648807F00901548037C06A25D
:10BB4000BFA10020F5F756FA21783522002001F038
:10BB500041F800BF00BFE1E6554453001B5B3332A0
:10BB60006D5B25735D203E3E3E2048616E646C65D2
:10BB700020307832372028536563757269747920D4
:10BB8000416363657373291B5B306D0D0A00000010
:10BB900020060120E8FA02001B5B33316D5B257340
:10BBA0005D204C656E677468206572726F723A2012
:10BBB0006C656E3D2564203C20321B5B306D0D0AA8
:10BBC000000000001B5B33366D5B25735D207375D1
:10BBD000625F66756E633D3078253032581B5B308E
:10BBE0006D0D0A0058FA02001B5B33336D5B257341
:10BBF0005D2053656375726974792064656C617941
:10BC0000206163746976653A202564206D731B5B3F
:10BC1000306D0D0A000000001B5B33326D5B257335
:10BC20005D205265717565737420736565641B5B77
:10BC3000306D0D0A0000000014FA02001B5B333364
:10BC40006D5B25735D2057726F6E6720737461742E
:10BC50006520666F72207365656420726571756515
:10BC60007374212073656375726974795F7374618D
:10BC700074653D25641B5B306D0D0A001B5B333220
:10BC80006D5B25735D20536565642067656E657225
:10BC9000617465643A203078253038581B5B306D0C
:10BCA0000D0A00001B5B33326D5B25735D2053650D
:10BCB0006E64206B65791B5B306D0D0A000000001F
:10BCC0001B5B33336D5B25735D204475706C69635A
:10BCD0006174652053656E644B65792C20616C72CC
:10BCE0006561647920756E6C6F636B65641B5B3096
:10BCF0006D0D0A001B5B33336D5B25735D2057723E
:10BD00006F6E6720737461746520666F72206B6557
:10BD100079212073656375726974795F73746174D6
:10BD2000653D25641B5B306D0D0A00001B5B3331E4
:10BD30006D5B25735D204B6579206C656E6774685B
:10BD4000206572726F723A206C656E3D2564203CEE
:10BD500020361B5B306D0D0A000000001B5B333684
:10BD60006D5B25735D205265636569766564206B44
:10BD700065793A203078253038581B5B306D0D0AD4
:10BD8000000000001B5B33326D5B25735D204B654B
:10BD9000792056414C49442120556E6C6F636B6984
:10BDA0006E672E2E2E1B5B306D0D0A001B5B33322F
:10BDB0006D5B25735D2053656375726974792075B9
:10BDC0006E6C6F636B6564211B5B306D0D0A000048
:10BDD0001B5B33336D5B25735D204B657920494ECA
:10BDE00056414C4944212065787065637465643D13
:10BDF0003078253038582C20676F743D30782530E6
:10BE000038581B5B306D0D0A000000001B5B33339C
:10BE10006D5B25735D204D617820617474656D7074
:10BE200074732072656163686564212064656C6168
:10BE3000793D2564206D731B5B306D0D0A00000099
:10BE40001B5B33336D5B25735D20417474656D70CE
:10BE500074733A2025642F25641B5B306D0D0A0036
:10BE60002DE9F04105460F4690461E46002416A2D5
:10BE700016A10020F5F7BEF8022F00DB6C7874B134
:10BE8000802C0CD0234610A21CA10020F5F7B2F89C
:10BE900029781222002000F09DFEBDE8F081802C60
:10BEA00009D188F800400120307007A220A10020AD
:10BEB000F5F7A0F805E00020307003A227A1F5F700
:10BEC00099F800BFE9E70000554453001B5B333687
:10BED0006D5B25735D203E3E3E2048616E646C655F
:10BEE000203078334520285465737465725072652C
:10BEF00073656E74291B5B306D0D0A001B5B333359
:10BF00006D5B25735D205375622D66756E63746974
:10BF10006F6E206E6F7420737570706F72746564CD
:10BF20003A203078253032581B5B306D0D0A000006
:10BF30001B5B33366D5B25735D20526573706F6ECE
:10BF400073652077697468207375625F66756E63C8
:10BF50003D307838301B5B306D0D0A001B5B33368B
:10BF60006D5B25735D204E6F20726573706F6E730D
:10BF7000651B5B306D0D0A002DE9FF4F81B0044653
:10BF80000D46904645A246A10020F5F733F85048EB
:10BF9000007802280ED04E48037840A24D49002078
:10BFA000F5F728F821787F22002000F013FE05B075
:10BFB000BDE8F08F4648407802280CD044484378CA
:10BFC00036A245490020F5F715F8217833220020E4
:10BFD00000F000FEEBE7FEF733FC50B92FA23FA1C3
:10BFE0000020F5F707F821782222002000F0F2FD6A
:10BFF000DDE7022D0BDA2B4628A245A10020F4F73D
:10C00000F9FF21781322002000F0E4FDCFE76678E5
:10C01000A81E1FFA80F9334620A248A10020CDF8BF
:10C020000090F4F7E7FFFEF7B3FB82464A46A11CF7
:10C030003046DAF80830984707468FB1384600F0A6
:10C0400089FA83463B4615A249490020CDF800B045
:10C05000F4F7D0FF21785A46002000F0BBFDA6E798
:10C06000DAF83000804748B10CA242A10020F4F772
:10C07000C1FF2178002000F04BFE98E7762088F879
:10C08000000088F8016002210498017003A248A111
:10C090000020F4F7AFFF00BF89E7000055445300CC
:10C0A0001B5B33366D5B25735D203E3E3E20486151
:10C0B0006E646C65203078333620285472616E735C
:10C0C0006665722044617461291B5B306D0D0A0046
:10C0D0002006012034F7020004F602001B5B333314
:10C0E0006D5B25735D20446F776E6C6F61642069B2
:10C0F0006E74657266616365206E6F742072656729
:10C10000697374657265641B5B306D0D0A00000015
:10C110001B5B33316D5B25735D204C656E67746806
:10C12000206572726F723A206C656E3D2564203C0A
:10C1300020321B5B306D0D0A000000001B5B3336A4
:10C140006D5B25735D205472616E73666572206449
:10C150006174613A207365713D25642C20646174BB
:10C16000615F6C656E3D25641B5B306D0D0A0000E0
:10C17000FCF802001B5B33326D5B25735D2054724B
:10C18000616E7366657220646174613A2070656ED9
:10C1900064696E6720726573706F6E736520284ED8
:10C1A00052432030783738291B5B306D0D0A000070
:10C1B0001B5B33366D5B25735D205472616E736655
:10C1C0006572206461746120616363657074656485
:10C1D0002C20706F73697469766520726573706F57
:10C1E0006E73652073656E741B5B306D0D0A000005
:10C1F0002DE9F84304460D469046994636A237A1EC
:10C200000020F4F7F7FE052D0CDA2B4632A23FA1F1
:10C210000020F4F7EFFE21781322002000F0DAFC72
:10C22000BDE8F883A078617840EA01262079E178BA
:10C2300040EA0127334628A23FA100200097F4F7E7
:10C24000D9FE48480078032810D0464800780228D4
:10C250000CD04448037820A243490020F4F7CAFEDA
:10C2600021782222002000F0B5FCD9E73D48407833
:10C2700002280CD03B48437817A23CA10020F4F7D9
:10C28000B9FE21783322002000F0A4FCC8E7B6F5FF
:10C29000704F06D06FF47040304418B101280ED1B1
:10C2A00001E000BF00BF33460BA23DA10020F4F720
:10C2B000A1FE21783122002000F08CFCB0E733464B
:10C2C00005A243A10020F4F795FE21783122002039
:10C2D00000F080FC00BFA3E7554453001B5B3332E2
:10C2E0006D5B25735D203E3E3E2048616E646C654B
:10C2F0002030783245202857726974652044617473
:10C3000061291B5B306D0D0A000000001B5B33319F
:10C310006D5B25735D204C656E6774682065727275
:10C320006F723A206C656E3D2564203C20351B5BA6
:10C33000306D0D0A000000001B5B33366D5B25730A
:10C340005D204449443D3078253034582C205661D6
:10C350006C75653D3078253034581B5B306D0D0AA7
:10C360000000000020060120A0FA02001B5B33330E
:10C370006D5B25735D205365637572697479206CFC
:10C380006F636B6564212073656375726974795F8F
:10C3900073746174653D25641B5B306D0D0A00008C
:10C3A0001B5B33336D5B25735D20577269746520A9
:10C3B000746F20726561642D6F6E6C7920444944FE
:10C3C0003A203078253034581B5B306D0D0A000060
:10C3D0001B5B33336D5B25735D20556E6B6E6F7722
:10C3E0006E204449443A203078253034581B5B3065
:10C3F0006D0D0A0038B535A235A10020F4F7FAFD1D
:10C4000028213D48EDF7C4FF01203B49087000207A
:10C4100048704FF47A608883032088770020486052
:10C420008860FEF70DFA50B3FEF7B2F9044669468C
:10C430004FF47040626B904718B12F490098088400
:10C4400002E000202C49088469464FF20100626B2B
:10C45000904718B128490098488402E000202649F6
:10C46000488469464FF20200626B904718B1224936
:10C470000098486202E000201F49486209E013A2C8
:10C480001E490020F4F7B6FD00201B4908844884AB
:10C49000486200201849888200211748817581610F
:10C4A000407800901448037808A215490020F4F75A
:10C4B000A1FD1148838B05A212A10020F4F79AFD7B
:10C4C00002A21AA10020F4F795FD38BD554453008F
:10C4D0001B5B33326D5B25735D203D3D3D20554434
:10C4E0005320496E6974205374617274203D3D3D40
:10C4F0001B5B306D0D0A00002006012028F80200A9
:10C5000078F502001B5B33326D5B25735D2073652C
:10C510007373696F6E5F74696D656F75745F6D734A
:10C520003D25641B5B306D0D0A0000001B5B333240
:10C530006D5B25735D203D3D3D2055445320496E84
:10C54000697420446F6E65203D3D3D1B5B306D0D71
:10C550000A00000001460A291AD2DFE801F00507A7
:10C56000090B0D0F11131517FF2070473120FCE741
:10C570003120FAE77220F8E77220F6E77220F4E73C
:10C580002420F2E72120F0E72220EEE77220ECE7FA
:10C590001020EAE710B586B03A484068002828D055
:10C5A00038484068401E37494860084640680028BF
:10C5B0001FD10846007801281BD00846037832A214
:10C5C00032490020F4F716FD01202E4908700020A2
:10C5D00048700874C860FEF733F950B1FEF7D8F818
:10C5E0000446A06A804728A229A10020F4F702FD92
:10C5F00000BF2448806860B122488068401E2149FD
:10C6000088600846806820B91FA230A10020F4F796
:10C61000F1FC38480068401C36490860084600684C
:10C62000354988422CD3002032490860154881687A
:10C630004068144A52780AB930A306E0114A527889
:10C64000012A01D12FA300E031A30E4A5278CDE98F
:10C650000123CDE903010B480078012801D12FA067
:10C6600006E008480078032801D12EA000E030A0A1
:10C6700000900448037804A230490020F4F7BAFC83
:10C6800006B010BD200601205544530070F802008A
:10C690001B5B33326D5B25735D20446F776E6C6F6F
:10C6A0006164206D6F64756C6520726573657420BC
:10C6B0006F6E2073657373696F6E2074696D656F3B
:10C6C00075741B5B306D0D0A000000001B5B33327C
:10C6D0006D5B25735D2053656375726974792064A1
:10C6E000656C617920657870697265641B5B306D7B
:10C6F0000D0A00001483FF1FF6FF09004C4F434B47
:10C7000045440000534545445F53454E54000000E6
:10C71000554E4C4F434B45440000000044454641B4
:10C72000554C5400455854454E44454400000000C3
:10C7300050524F4752414D4D494E47002CFB02008D
:10C74000F8B504460025FEF77BF888B1FEF720F81F
:10C75000064669462046726B904710B1009885B234
:10C7600005E023460AA20BA10020F4F743FC05E0F4
:10C77000234607A210490020F4F73CFC234604A2FC
:10C780000EA100200095F4F735FC2846F8BD000006
:10C79000554453001B5B33336D5B25735D20556E31
:10C7A0006B6E6F776E204449443A203078253034E0
:10C7B000581B5B306D0D0A00C8F902001B5B333655
:10C7C0006D5B25735D2052656164204449442030CF
:10C7D0007825303458203D203078253034581B5B84
:10C7E000306D0D0A000000002DE9F041A8B0804630
:10C7F0000E4615461C46002007906848864210D019
:10C80000674886420DD06549334666A2CDE90010DF
:10C8100065490020F4F7EEFB4FF0FF3028B0BDE88B
:10C82000F0810DB1012C07DA5EA260A10020F4F7BF
:10C83000E1FB4FF0FF30F1E72F78E879A9796A79C9
:10C840002B79CDE90332CDE90510E978A8786A782B
:10C85000CDE9002002912B7852A25E490020F4F726
:10C86000C9FB00F001F93B464EA25BA100200094F9
:10C87000F4F7C0FB33464BA265A10020F4F7BAFBE6
:10C880002E2F46D00EDC192F2ED006DC102F16D0FE
:10C89000112F1BD0142F66D11FE0222F2BD0272F52
:10C8A00061D12FE0362F49D004DC312F38D0342F1E
:10C8B00059D13CE0372F48D03E2F54D14CE0E1B263
:10C8C00007AB08AA2846FEF767F859E0E1B207ABC4
:10C8D00008AA2846FEF76AFA52E0E1B207AB08AAB6
:10C8E0002846FEF717F84BE0E1B207AB08AA284646
:10C8F000FEF73CFC44E0E1B207AB08AA2846FEF78D
:10C9000077FB3DE0E1B207AB08AA2846FEF7E0FF5F
:10C9100036E0E1B207AB08AA2846FFF769FC2FE032
:10C92000E1B207AB08AA2846FEF7F6FE28E0E1B21E
:10C9300007AB08AA2846FEF7A7FC21E007AB08AA28
:10C9400021462846FFF718FB1AE0E1B207AB08AA18
:10C950002846FEF7FFFD13E0E1B207AB08AA284620
:10C96000FFF77EFA0CE03B460EA234A10020F4F75C
:10C9700041FB11223946404600F02CF900204DE7DA
:10C9800000BF9DF81C00002806DD9DF81C3008AA99
:10C990003946404600F056F900203FE7F103DA1827
:10C9A000F0FFDB1855445300C0F502001B5B333128
:10C9B0006D5B25735D20496E76616C6964207265DC
:10C9C000636569766520646174611B5B306D0D0A77
:10C9D00000000000B4F802001B5B33326D5B25736E
:10C9E0005D203D3D3D205544532052656365697689
:10C9F000653A205349443D3078253032582C206C1C
:10CA0000656E3D2564203D3D3D1B5B306D0D0A008C
:10CA10001B5B33366D5B25735D2043414E204944DB
:10CA20003A2030782530385820286D617463686565
:10CA300064291B5B306D0D0A000000001B5B333363
:10CA40006D5B25735D20534944206E6F74207375B0
:10CA500070706F727465643A203078253032581BDC
:10CA60005B306D0D0A00000038B507484468808BC4
:10CA70000549486008464068234604A204A1009086
:10CA80000020F4F7B7FA38BD2006012055445300C2
:10CA90001B5B33366D5B25735D2052656672657373
:10CAA000682074696D65723A202564202D3E20252A
:10CAB000641B5B306D0D0A00FEB505460C4616463C
:10CAC0001F48854204D116B120781E490870FEBD6A
:10CAD0001D48854219D1002E16D02078012807D193
:10CAE0001A4908701AA21CA10020F4F783FA08E082
:10CAF000207830B900201549087015A225A1F4F757
:10CB000079FA2078EEF7C2FBE1E72846FAF794FDC0
:10CB100000B9DCE70020029002A82D4933462246E6
:10CB2000CDE9001029460020FBF7D2F930B9BDF855
:10CB30000830274A29460020FFF756FE00BFC6E707
:10CB40005858FF182483FF1F5555FF182583FF1FD2
:10CB50004D41494E000000001B5B33366D5B257371
:10CB60005D205B544553545D205357445420666503
:10CB700065642044495341424C4544206279203049
:10CB80007831384646353535350D0A1B5B306D0D2D
:10CB90000A0000001B5B33366D5B25735D205B5420
:10CBA0004553545D205357445420666565642045C1
:10CBB0004E41424C45442062792030783138464617
:10CBC000353535350D0A1B5B306D0D0A0000000050
:10CBD0004C1601207CB506460C4615467F208DF884
:10CBE00004008DF805408DF80650234606A207A1E3
:10CBF00000200095F4F7FEF9032301AA10493046FE
:10CC0000FBF748FC00207CBD554453001B5B3333CD
:10CC10006D5B25735D2053656E64204E52433A2050
:10CC20005349443D3078253032582C204E52433DF4
:10CC30003078253032581B5B306D0D0A0000000043
:10CC400003F1DA182DE9F041A2B080460D461746EF
:10CC50001C467F2C0ADD234614A215A10020F4F700
:10CC6000C9F94FF0FF3022B0BDE8F08105F1400076
:10CC7000C0B28DF80800002C05DD224639460DF1C2
:10CC80000900EDF76CFB601CC6B205F1400307A27A
:10CC900011A100200096F4F7ADF9334602AA1B4912
:10CCA0004046FBF7F7FB0020DDE70000554453004A
:10CCB0001B5B33316D5B25735D20526573706F6E46
:10CCC000736520746F6F206C6F6E673A2025641B4C
:10CCD0005B306D0D0A0000001B5B33366D5B257306
:10CCE0005D2053656E6420726573706F6E73653A74
:10CCF000205349443D3078253032582C206C656EE5
:10CD00003D25641B5B306D0D0A00000003F1DA184D
:10CD100038B505460C467F208DF800008DF801409F
:10CD200078208DF80200234606A207A10020F4F720
:10CD300061F903236A4611492846FBF7ABFB002043
:10CD400038BD0000554453001B5B33326D5B2573C7
:10CD50005D2053656E6420726573706F6E7365201D
:10CD600070656E64696E673A205349443D3078259A
:10CD70003032581B5B306D0D0A00000003F1DA18E9
:10CD800010B5044604EB840000EBC411F74800EB37
:10CD9000810090F8FC01012803D1F54901F8340025
:10CDA00003E00020F24901F8340004EB840000EBBA
:10CDB000C411EE4800EB810090F82C0002287DD1D0
:10CDC00004EB840000EBC411E84800EB8100D0F8CC
:10CDD000EC0105282BD104EB840000EBC411E348DF
:10CDE00000EB810090F82D0001280AD10320E049D2
:10CDF00001EBC40148700020DD4901EBC4018871DA
:10CE0000A8E204EB840000EBC411D84800EB8100D9
:10CE100090F82D000228F3D10420D54901EBC4017C
:10CE200048700020D24901EBC401887192E204EB02
:10CE3000840000EBC411CD4800EB8100D0F8EC0178
:10CE400006282BD104EB840000EBC411C74800EB8B
:10CE5000810090F82D0001280AD10420C44901EB7B
:10CE6000C40148700020C24901EBC401887171E21D
:10CE700004EB840000EBC411BC4800EB810090F887
:10CE80002D000228BCD10320B94901EBC401487030
:10CE90000020B74901EBC40188715BE204EB840018
:10CEA00000EBC411B14800EB8100D0F8EC01082878
:10CEB0000CD004EB840000EBC41100E01EE0AB4892
:10CEC00000EB8100D0F8EC0109280DD10120A84920
:10CED00001F83400062001EBC40148700020A44989
:10CEE00001EBC401887135E20020A14901EBC401C6
:10CEF00048709F4901EBC40188712BE204EB840068
:10CF000000EBC411994800EB810090F82C00012837
:10CF10000AD004EB840000EBC411944800EB8100BC
:10CF200090F82C000028A2D104EB840000EBC4117F
:10CF30008E4800EB810090F8FE01022809D1002004
:10CF40008B4901EBC4014870894901EBC401887128
:10CF500000E204EB840000EBC411844800EB810084
:10CF600090F8FC0148B90020814901EBC4014870E8
:10CF70007F4901EBC4018871ECE104EB840000EB14
:10CF8000C4117A4800EB8100D0F8AC01092817D110
:10CF900004EB840101EBC412744901EB8201D1F866
:10CFA000B8014FF48031F1F7B7F80720704901EB71
:10CFB000C401487001206E4901EBC4018871C9E1C8
:10CFC00004EB840000EBC411684800EB8100D0F84A
:10CFD000AC01072809D1664901EBC4014870012062
:10CFE000634901EBC4018871B4E104EB840000EBF8
:10CFF000C4115E4800EB8100D0F8AC01112817D1B4
:10D0000004EB840101EBC412584901EB8201D1F811
:10D01000B8014FF48031F1F77FF80820544901EB53
:10D02000C40148700220524901EBC401887191E1AA
:10D0300004EB840000EBC4114C4800EB8100D0F8F5
:10D04000AC010F280AD10820494901EBC4014870FE
:10D050000220474901EBC40188717BE104EB8400A5
:10D0600000EBC411414800EB8100D0F8AC01162858
:10D070000AD109203E4901EBC401487003203C4914
:10D0800001EBC401887165E104EB840000EBC4117D
:10D09000364800EB8100D0F8AC0118280AD10A20EC
:10D0A000334901EBC40148700420314901EBC4014C
:10D0B00088714FE104EB840000EBC4112B4800EBB6
:10D0C0008100D0F8AC0119280AD10B20284901EBC6
:10D0D000C40148700520264901EBC401887139E17B
:10D0E00004EB840000EBC411204800EB8100D0F871
:10D0F000AC01082817D104EB840101EBC4121B49D1
:10D1000001EB8201D1F8B8014FF48031F1F704F856
:10D110000520174901EBC40148700020144901EBB8
:10D12000C401887116E104EB840000EBC4110F48C0
:10D1300000EB8100D0F8AC0110281BD104EB840176
:10D1400001EBC412094901EB8201D1F8B8014FF497
:10D150008031F0F7E1FF0620054901EBC40148707A
:10D160000020034901EBC4018871F3E08083FF1FB5
:10D1700054A0002004EB840000EBC411834800EBB2
:10D180008100D0F8AC0102282BD004EB840000EB26
:10D19000C4117E4800EB8100D0F8AC01032820D0F8
:10D1A00004EB840000EBC411784800EB8100D0F858
:10D1B000AC01042815D004EB840000EBC4117348C3
:10D1C00000EB8100D0F8AC0105280AD004EB840004
:10D1D00000EBC4116D4800EB8100D0F8AC010628CB
:10D1E0000AD101206A4901EBC40148700020684956
:10D1F00001EBC4018871ADE004EB840000EBC411C5
:10D20000624800EB8100D0F8AC010A282BD004EB77
:10D21000840000EBC4115D4800EB8100D0F8AC0144
:10D220000B2820D004EB840000EBC411574800EB1E
:10D230008100D0F8AC010C2815D004EB840000EB81
:10D24000C411524800EB8100D0F8AC010D280AD07F
:10D2500004EB840000EBC4114C4800EB8100D0F8D3
:10D26000AC010E280AD10220494901EBC4014870E3
:10D270000020474901EBC40188716BE004EB840096
:10D2800000EBC411414800EB8100D0F8AC0101284B
:10D2900015D004EB840000EBC4113C4800EB810086
:10D2A000D0F8AC0115280AD004EB840000EBC411BF
:10D2B000364800EB8100D0F8AC0117284AD104EBC6
:10D2C000840000EBC411314800EB8100D0F8B001BC
:10D2D00009283FD004EB840000EBC4112B4800EB7D
:10D2E0008100D0F8B001112834D004EB840000EBA9
:10D2F000C411264800EB810090F82E0001280AD1C5
:10D300000520234901EBC40148700020204901EBAE
:10D31000C40188711EE004EB840000EBC4111B48BB
:10D3200000EB810090F82E0002280AD1062018494F
:10D3300001EBC40148700020154901EBC40188715C
:10D3400008E00020124901EBC4014870104901EBCC
:10D35000C401887104EB840000EBC4110B4800EB9E
:10D360008100B0F812020A4901EBC401488004EBC5
:10D37000840000EBC411054800EB8100B0F8020204
:10D38000034901EBC401888010BD00008083FF1FAA
:10D3900054A00020FEB5F8F781FA02909DF80850DD
:10D3A0009DF8090000F00F0700200190FF2D00DD1F
:10D3B0000025474880F83D5001AA39462846F6F72F
:10D3C00019FC0646002E46D14248BDF8042000EB69
:10D3D000820100203CE08B1C1B5C03F0030222B1A5
:10D3E000022A0ED0032A24D117E0002400EB800388
:10D3F00003EBC01C364B443303EB8C0383F82D4006
:10D4000023E0012400EB800303EBC01C304B4433CA
:10D4100003EB8C0383F82D4017E0022400EB80031C
:10D4200003EBC01C2A4B443303EB8C0383F82D40E1
:10D430000BE0002400EB800303EBC01C244B4433BF
:10D4400003EB8C0383F82D4000BF00BF421CD0B219
:10D450000228C0DB0BE001211D4880F87110022179
:10D4600080F885121B48406C0090F8F751FA0024B0
:10D470002BE02046F8F706FA012824D1012104EB1D
:10D48000840000EBC4121248443000EB820080F8A4
:10D49000FC112046F8F718FA04EB840000EBC411E5
:10D4A0000B48443000EB810080ED090A2046F8F774
:10D4B000FFF904EB840000EBC4110548443000EB95
:10D4C000810080ED080A601CC4B2022CD1DBFEBDD5
:10D4D0003C83FF1F38EB02007CB504460D4600205C
:10D4E000019001AA29462046F6F784FB064666B954
:10D4F0000648BDF8041000EB810000680090009819
:10D50000F8F706FAFFF746FF00BF7CBD38EB0200D4
:10D510002DE9FC47054689461646F01C8708324629
:10D5200049461748ECF71BFF304603E0FF21144A39
:10D530001154401CB0EB870FF8D32B4611A21249AF
:10D540000020CDE90067F3F755FDDFF834800024B3
:10D5500011E058F8241005EB8400F9F7C6FF48B134
:10D5600005EB840307A209A10020F3F743FD042083
:10D57000BDE8FC87641CBC42EBD30020F8E7000048
:10D58000E8C100204657000098F302001B5B3331CE
:10D590006D5B25735D205772697465206661696CE7
:10D5A000203078253038581B5B306D0D0A000000A4
:10D5B000000100000000000002000000C8000000A0
:10D5C0002000000090EE02000000000000000000BB
:10D5D0000200000002000000010000000000000046
:10D5E0000200000002000000030000000300000031
:10D5F0000100000000000000000000007988020027
:10D600000000000001000000698602000000000028
:10D61000020000007D8802000000000003000000FE
:10D620007B880200000000000100000000020000F2
:10D630000000C80001000000000100000000C80058
:10D6400001000000000400000000C800010000000C
:10D65000040000000000C8000100000002000000FB
:10D660000000C80001000000010000000000C80028
:10D6700000000000010000000100000001000000A7
:10D680000200000002000000020000000400000090
:10D69000030000000200000008000000010000007C
:10D6A0000200000000000200010000000300000072
:10D6B0000800000004000000030000000000020059
:10D6C000010000000400000040000000070000000E
:10D6D000040000001000000005000000040000002D
:10D6E000200000000600000004000000000002000E
:10D6F00001000000070000008000000001000000A1
:10D700000700000000010000040000000700000006
:10D7100000000200010000000500000040000000C1
:10D7200007000000050000000001000004000000E8
:10D7300005000000000002000100000006000000DB
:10D74000400000000700000006000000000100008B
:10D7500004000000060000000000020001000000BC
:10D7600001000000000200000800000008000000A6
:10D77000000400000900000008000000000800008C
:10D78000010000000800000000000200010000008D
:10D7900009000000000800000A0000000900000065
:10D7A00000000200010000000A000000004000002C
:10D7B0000D0000000A000000001000000B00000037
:10D7C0000A000000002000000C0000000A00000019
:10D7D00000000200010000000D00000000800000B9
:10D7E000010000000D000000000001000A00000020
:10D7F0000D00000000000200010000000B0000000E
:10D80000004000000D0000000B00000000000100BF
:10D810000A0000000B0000000000020001000000F0
:10D820000C000000004000000D0000000C00000093
:10D83000000001000A0000000C00000000000200CF
:10D840000100000000000000C98702000000000085
:10D8500001000000C9870200000000000200000073
:10D860006D86020000000000030000006D860200CB
:10D8700000000000040000006D86020000000000AF
:10D88000050000006D860200000000000600000098
:10D890006D86020000000000070000006D86020097
:10D8A00000000000080000006D860200000000007B
:10D8B000090000006D860200000000000A00000060
:10D8C0006D860200000000000B0000006D86020063
:10D8D000000000000C0000006D8602000000000047
:10D8E0000D0000006D860200000000000200000034
:10D8F000030000000000000004000000030000001E
:10D90000000000000800000000000000000000000F
:10D9100010000000010000000000000020000000D6
:10D9200002000000000000000002000002000000F1
:10D9300000000000400000000400000000000000A3
:10D940008000000005000000000000000001000051
:10D9500006000000000000000804080007000000A6
:10D960000000000010040800080000000000000093
:10D970002004080009000000000000000804200046
:10D980000A00000000000000100420000B0000004E
:10D9900000000000200420000C0000000000000037
:10D9A000400420000D0000000000000008044000BA
:10D9B0000E00000000000000100440000F000000F6
:10D9C00000000000200440001000000000000000E3
:10D9D0000804800011000000000000001004800016
:10D9E000120000000000000020048000130000006E
:10D9F0000000000080800000140000000000000013
:10DA000040800000150000000000000000810000C0
:10DA1000160000000000000000400080002002020C
:10DA200002010004000204000000050100010204DC
:10DA300005030602000001000000020000000300D0
:10DA400000000000000004000000050000000600C7
:10DA5000FA000100FA000000FA000200FA000000DB
:10DA6000FA000300FA00000032000100320000005A
:10DA700032000200320000003200030032000000D9
:10DA80003200040032000000C8000100C80000009D
:10DA9000C800010084030000C8000200C8000000A4
:10DAA000C800020084030000C8000300C800000092
:10DAB000C800030084030000C8000100C800000083
:10DAC000C8000100C8000000C8000100F401000007
:10DAD000C8000200C8000000C8000200C800000022
:10DAE000C8000200F4010000C8000300C8000000E4
:10DAF000C8000300C8000000C8000300F4010000D3
:10DB0000FA000100FA000200FA000100FA00030026
:10DB1000FA000200FA00030034DA020001000000FB
:10DB2000BCEE020038DA020001000000F4EE020050
:10DB30003CDA02000100000024EF020040DA02009B
:10DB400001000000C8EE020044DA02000100F40106
:10DB500000EF020048DA02000100F401D4EE0200F6
:10DB60004CDA02000100F40134EF020050DA020046
:10DB70000200F401ACEF020058DA02000200F401E6
:10DB8000BCEF020060DA02000200F401CCEF0200F8
:10DB900068DA02000200C8005CEF020070DA0200DE
:10DBA0000200C8006CEF020078DA02000200C80030
:10DBB00098EF020080DA02000200C80080EF020045
:10DBC00088DA02000400C800E0EF020098DA0200E0
:10DBD0000400C800F0EF0200A8DA02000400C80048
:10DBE00000F00200B8DA02000600C800E0EF020010
:10DBF000D0DA02000600C800F0EF0200E8DA020006
:10DC00000600C80000F0020000DB02000200F40180
:10DC1000E4EE020008DB02000200F40114EF02004F
:10DC200010DB02000200F40148EF02000000004295
:10DC3000000000410000000000000040B80B0000A0
:10DC400000000000000000000000000000000000D4
:10DC50000000000000000000000020410000000063
:10DC600000000000000000000000000000000000B4
:10DC70000000000000000000000000000000204143
:10DC80000000000000000000000000000000000094
:10DC90000000000000000000B0DC02002CDC0200EC
:10DCA0002CDD020050DC0200A8DD020074DC020062
:10DCB00000000000000004400100000000000440DB
:10DCC000000020000500000000000000000000002F
:10DCD0000000000000000000000000000000000044
:10DCE0000200000000000000000000000000000032
:10DCF0000000000000000000000000000000000024
:10DD00000100000000000F007DA5010000000000E0
:10DD10000000000000008041000000000000000042
:10DD200000000000333353400C00000000000000EE
:10DD3000000004400001000000000000000000009E
:10DD4000000000000000044000000100000100008D
:10DD500000000000000000000000000002000000C1
:10DD600000000001000000000000000000000000B2
:10DD700001000000580801400201010000010000FC
:10DD800000000000000000000100010099A5010052
:10DD9000000000000000000000409C450000000062
:10DDA000333353400C00000000000000000004402A
:10DDB0000001000000000000000000000000000062
:10DDC000000004400000020001010000000000000B
:10DDD0000000000000000000020000000000000041
:10DDE0000000000000000000000000000000000033
:10DDF0000000000000000000000000000000000023
:10DE00000000000000000000000000000000000012
:10DE10000000000000409C450000000033335340E8
:10DE20000C000000000000000100000001000000E4
:10DE300001000000020000001200000001000000CC
:10DE400004000000020000000100000000010000CA
:10DE50000A00000001000000004000001300000064
:10DE6000010000000080000014000000020000001B
:10DE7000000100000A000000020000004000000055
:10DE80000800000002000000200000000500000063
:10DE9000020000000040000013000000020000002B
:10DEA00000800000140000000200000002000000DA
:10DEB000120000000200000000000100010000004C
:10DEC00005000000000100000A000000050000003D
:10DED00004000000030000000500000000400000F6
:10DEE0001300000005000000008000001400000086
:10DEF0000500000002000000120000000500000004
:10DF0000000001000100000003000000000100000B
:10DF10000A000000030000002000000006000000CE
:10DF20000300000000400000130000000300000098
:10DF30000080000014000000030000000200000048
:10DF40001200000003000000400000000800000074
:10DF500003000000000001000100000006000000B6
:10DF6000000100000A00000006000000040000009C
:10DF70000400000006000000004000001300000044
:10DF800006000000008000001400000006000000F1
:10DF90000200000012000000060000000000010066
:10DFA0000100000004000000000100000A00000061
:10DFB0000400000020000000070000000400000032
:10DFC000004000001300000004000000008000007A
:10DFD0001400000004000000020000001200000015
:10DFE00004000000400000000800000004000000E1
:10DFF0000000010001000000070000000001000017
:10E000000A000000070000000400000009000000F2
:10E01000070000000040000013000000070000009F
:10E020000080000014000000070000000200000053
:10E0300012000000070000000000010001000000C5
:10E040000A00000004000000020000000A000000B6
:10E0500000100000100000000A000000000800008E
:10E060000D0000000A000000004000001300000046
:10E070000A00000000800000140000000A000000F8
:10E0800002000000120000000A0000000000010071
:10E09000010000000D00000004000000020000006C
:10E0A0000D000000000100000B0000000D0000004A
:10E0B00000400000130000000D0000000080000080
:10E0C000140000000D00000002000000120000001B
:10E0D0000D00000000000100010000000B00000026
:10E0E00004000000020000000B0000000008000017
:10E0F0000E0000000B0000000040000013000000B4
:10E100000B00000000800000140000000B00000065
:10E1100002000000120000000B00000000100000D0
:10E12000100000000B0000000000010001000000D2
:10E130000E00000004000000020000000E000000BD
:10E14000000100000C0000000E0000000040000074
:10E15000130000000E00000000800000140000000A
:10E160000E00000002000000120000000E0000007F
:10E1700000000100010000000C000000040000008D
:10E18000020000000C000000000800000F0000006A
:10E190000C00000000400000130000000C00000014
:10E1A00000800000140000000C00000002000000CD
:10E1B000120000000C000000001000001000000021
:10E1C0000C00000000000100010000000F00000032
:10E1D00004000000020000000F0000000001000029
:10E1E000110000000F0000000040000013000000BC
:10E1F0000F00000000800000140000000F0000006D
:10E2000002000000120000000F00000000000100EA
:10E2100001000000130000000100000001000000E8
:10E2200014000000000001000000000012000000C7
:10E2300001000000010000001000000000000100CB
:10E2400001000000080000000000010001000000C3
:10E2500009000000000001000100000011000000A2
:10E2600000000100010000000100000000000200A9
:10E27000150000000200000000000200160000006F
:10E28000050000000000020016000000030000006E
:10E29000000002001600000006000000000002005E
:10E2A000160000000400000000000200160000003C
:10E2B0000700000000000200160000000A00000035
:10E2C00000000200160000000D0000000000020027
:10E2D000160000000B000000000002001600000005
:10E2E0000E00000000000200160000000C000000FC
:10E2F00000000200160000000F00000000000200F5
:10E3000016000000150000000400000016000000C8
:10E3100015000000000100001600000015000000BC
:10E3200000000400010000001500000000000100D2
:10E33000010000001500000000001000190000009E
:10E340001600000000000800150000001600000084
:10E35000000001000100000001000000000020009A
:10E36000170000000100000000001000190000006C
:10E3700019000000000080000100000019000000EA
:10E38000000100000A000000190000000000010068
:10E3900001000000170000000000800001000000E4
:10E3A0001700000004000000180000001700000023
:10E3B000000100000A00000017000000000001003A
:10E3C0000100000002000000000020001800000012
:10E3D00003000000000020001800000004000000FE
:10E3E00000002000180000000500000000002000D0
:10E3F00018000000060000000000200018000000C7
:10E4000007000000000020001800000018000000B5
:10E4100000000001170000001800000000000100CB
:10E420000100000000000000294902000000000077
:10E430000100000029490200000000000200000065
:10E44000114A02000000000003000000114A02000F
:10E450000000000004000000114A0200000000005B
:10E4600005000000114A0200000000000600000044
:10E47000114A02000000000007000000114A0200DB
:10E480000000000008000000294902000000000010
:10E490000900000029490200000000000A000000F5
:10E4A000114A0200000000000B000000114A0200A7
:10E4B000000000000C000000114A020000000000F3
:10E4C0000D000000114A0200000000000E000000D4
:10E4D000114A0200000000000F000000114A020073
:10E4E00000000000100000002949020000000000A8
:10E4F0001100000029490200000000001200000085
:10E5000051480200000000001300000051480200C2
:10E51000000000001400000051480200000000004C
:10E5200017000000514802008D5002001800000042
:10E53000514802008D5002001900000051480200AD
:10E540008D50020015000000514802008D5002005D
:10E5500016000000514802008D500200000000002B
:10E5600001000000010000000100000008000000A0
:10E570000200000001000000001000000800000080
:10E580000200000020000000030000000200000064
:10E590001000000001000000020000000000080060
:10E5A000010000000300000000000400040000005F
:10E5B000030000000000080001000000040000004B
:10E5C0004000000005000000040000008000000082
:10E5D0000600000004000000000200000700000028
:10E5E0000400000000000200010000000400000020
:10E5F0000080000001000000040000000000010095
:10E6000001000000040000000010000008000000ED
:10E6100004000000000800000100000004000000E9
:10E6200000000800010000000500000000010000DB
:10E630000400000005000000008000000100000050
:10E6400005000000000001000100000005000000BE
:10E65000001000000800000005000000000002009B
:10E66000010000000500000000020000070000009B
:10E670000500000000080000010000000500000087
:10E68000000008000100000006000000000100007A
:10E6900004000000060000000080000001000000EF
:10E6A000060000000000010001000000060000005C
:10E6B000001000000800000006000000000002003A
:10E6C000010000000600000000020000070000003A
:10E6D0000600000000080000010000000600000025
:10E6E0000000080001000000070000000004000016
:10E6F000040000000700000000000200010000000C
:10E7000007000000000800000100000007000000F2
:10E7100000000800010000000800000000200000C8
:10E7200009000000080000000000080001000000CF
:10E730000900000000400000010000000900000086
:10E74000000008000100000000000000815B0200E2
:10E750000000000001000000DD5902000000000080
:10E7600002000000DD59020000000000030000006C
:10E77000A15B02000000000004000000A15B020099
:10E780000000000005000000A15B02000000000086
:10E7900006000000A15B020000000000070000006E
:10E7A000A15B02000000000008000000A15B020065
:10E7B0000000000009000000A15B02000000000052
:10E7C0000000000004000000010000000000000044
:10E7D00008000000020000000000000040000000EF
:10E7E0000500000001000000080000000200000019
:10E7F0000100000010000000030000000100000004
:10E8000020000000040000000100000040000000A3
:10E8100005000000020000000400000001000000EC
:10E8200002000000100000000300000002000000D1
:10E830002000000004000000020000004000000072
:10E8400005000000030000000400000001000000BB
:10E8500003000000080000000200000003000000A8
:10E860002000000004000000030000004000000041
:10E87000050000000400000004000000010000008A
:10E880000400000008000000020000000400000076
:10E890001000000003000000040000004000000021
:10E8A00005000000050000008000000000000000DE
:10E8B00000000000ED8D02000000000001000000DB
:10E8C000F18D02000000000002000000F18D020046
:10E8D0000000000004000000F18D020000000000B4
:10E8E00003000000F18D02000000000005000000A0
:10E8F000F18D020000000000000000000100000097
:10E900000100000001000000800000000200000083
:10E9100001000000020000000300000001000000F0
:10E9200004000000040000000100000000200000BE
:10E9300005000000010000002000000003000000AE
:10E940000100000040000000030000000200000081
:10E9500002000000030000000200000004000000AC
:10E96000040000000200000000200000050000007C
:10E970000200000020000000030000000200000070
:10E9800040000000030000000500000080000000BF
:10E990000200000005000000080000000100000067
:10E9A0000300000008000000010000000300000058
:10E9B0000800000001000000040000000800000042
:10E9C0000100000000000000E1A4020000000000BF
:10E9D00001000000DFA402000000000002000000AF
:10E9E000E5A40200000000000500000035A50200BB
:10E9F000000000000300000035A502000000000038
:10EA00000400000035A502000000000001008000A5
:10EA10000100000000800100000040000100000033
:10EA2000800001000CEA020012EA020018EA02006B
:10EA30001EEA02000000000000040740010101007E
:10EA4000004033000100008032000100000000009F
:10EA500000000000000000000000000000100000A6
:10EA6000080A000080000000FA0000000200070011
:10EA7000BD63020000000000000000000000000074
:10EA800000000000F09DFF180000000000000000E2
:10EA900060C0FF1800000000000000001880FF1890
:10EAA000000000000000000018ECFF18000000004B
:10EAB00000000000F017FF18000000000000000038
:10EAC000F931FF1800000000000000001888FF184E
:10EAD0000000000000000000F0FDFF180002000030
:10EAE0000000000021002100F8EA0200E4EA020030
:10EAF00018EB0200E6EA02000000044000000800F3
:10EB000003010000000000000000803F0000000042
:10EB1000333353400C00000000000440000010009C
:10EB200004010000000000000000803F0000000021
:10EB3000333353400C0000001000030211000302A5
:10EB40002300030224000302A1000302A200030227
:10EB5000A7000302100103001101030023010300B9
:10EB600024010300A1010300A2010300A701030087
:10EB70008E0002023400020335000203B5000203D6
:10EB8000B60002032D0002032E0002032F00020331
:10EB90003C000203290003023A0003022A00020398
:10EBA000BE000203BB000202310002033200020376
:10EBB00033000203B7000203B8000203310102026E
:10EBC000300002023B000202B1000302B200030265
:10EBD000B1010300B20103002800000038F2020076
:10EBE00051170200000000000000010000000000BA
:10EBF0000100000048F202006957020019580200A3
:10EC000001000A000000000001000000D4F1020031
:10EC1000E15802000000000001000A0000000000AE
:10EC200001000000B4F102001D5302005D54020017
:10EC300001000A000000000001000000ACF1020029
:10EC4000615802000000000001000A0000000000FE
:10EC500001000000E8F10200A9560200DD560200A2
:10EC600001000100000000000100000050F202005D
:10EC7000E5CE0100D9CF0100010005000000000031
:10EC800001000000BCF1020021D2010019D30100F3
:10EC90000100010000000000010000002CF2020051
:10ECA000B5CD0100000000000100010000000000DF
:10ECB000010000005CF202000D06020000000000EE
:10ECC00002000000000000000100000020F202002D
:10ECD00095D3020000000000020064000000000064
:10ECE0000100000068F20200E5FD0100C9FF01001B
:10ECF00002000100000000000100000008F2020014
:10ED0000B5FE01006DFF01000200010000000000DF
:10ED100001000000CCF1020085020200690302003C
:10ED2000020001000000000001000000F8F10200F4
:10ED300015190200C91D02000200010000000000B8
:10ED40000100000014F2020095D302000000000050
:10ED500004000000000000000100000000010101AB
:10ED6000010202020230313233343536373839414C
:10ED700042434445460000000000005454522052D3
:10ED8000454747455300303132333435363738390B
:10ED90004142434445460000F103DA1803F1DA1812
:10EDA0001881FF18F0FFDB185B6B0200736B020029
:10EDB000896B0200A76B0200096B0200E36A020084
:10EDC0004D6B02002D6B02001F6B0200016B0200F5
:10EDD000F76B0200FF6B02006B6B0200B56B020069
:10EDE000F103DA1803F1DA181881FF18F0FFDB18C5
:10EDF0006576656E745F63616C69625F3100000007
:10EE00006576656E745F63616E5F31006576656E11
:10EE1000745F6163745F31006576656E745F6D6FFA
:10EE2000745F31006576656E745F63616C69625F03
:10EE3000320000006576656E745F63616E5F32005C
:10EE40006576656E745F6163745F32006576656ECA
:10EE5000745F6D6F745F320073797374656D5F6595
:10EE600076656E745F0000006576656E745F6B6535
:10EE7000795F000073797374656D5F6576656E7494
:10EE8000000000006576656E745F6B6579000000B8
:10EE90004B4559302B4B4559315F4C4F4E47000085
:10EEA00052656400426C61636B00000047726565E7
:10EEB0006E00000059656C6C6F770000536F6C69D1
:10EEC000645F526564000000536F6C69645F426C5C
:10EED00061636B00536F6C69645F5265645F477276
:10EEE00065656E00416C745F5265645F477265656D
:10EEF0006E000000536F6C69645F477265656E0059
:10EF0000536F6C69645F5265645F59656C6C6F77B1
:10EF100000000000416C745F5265645F59656C6C61
:10EF20006F770000536F6C69645F59656C6C6F7725
:10EF300000000000536F6C69645F477265656E5F27
:10EF400059656C6C6F770000416C745F4772656542
:10EF50006E5F59656C6C6F7700000000426C696EE3
:10EF60006B5F5265645F3130487A0000426C696EB5
:10EF70006B5F477265656E5F3130487A0000000054
:10EF8000426C696E6B5F5265645F59656C6C6F773C
:10EF90005F3130487A000000426C696E6B5F5965E2
:10EFA0006C6C6F775F3130487A000000426C696E9C
:10EFB0006B5F5265645F32487A000000426C696E94
:10EFC0006B5F477265656E5F32487A00426C696EAE
:10EFD0006B5F59656C6C6F775F32487A0000000098
:10EFE000426C696E6B5F5265645F35487A00000061
:10EFF000426C696E6B5F477265656E5F35487A007B
:10F00000426C696E6B5F59656C6C6F775F35487ADF
:10F01000000000001B5B33336D5B25735D206D7951
:10F0200053797374656D2E617869735B25645D2E09
:10F030006D6F746F722E6576745F6D6F742C2045E2
:10F0400056545F4D4F545F464F52574152441B5BDD
:10F05000306D0D0A000000001B5B33336D5B2573C0
:10F060005D206D7953797374656D2E617869735B7A
:10F0700025645D2E6D6F746F722E6576745F6D6F93
:10F08000742C204556545F4D4F545F52455645529F
:10F0900053451B5B306D0D0A000000001B5B3333D2
:10F0A0006D5B25735D204D736720537562736372CA
:10F0B0006962653A206475706C6963617465207378
:10F0C00075627363726962652028746F7069633A50
:10F0D000307825303458291B5B306D0D0A00000054
:10F0E0001B5B33316D5B25735D204D73672053755A
:10F0F000627363726962653A2073756273637269E1
:10F100006265206C6973742066756C6C2028746F5E
:10F110007069633A307825303458291B5B306D0DA7
:10F120000A0000001B5B33336D5B25735D204D735C
:10F1300067205075626C6973683A20696E76616CFD
:10F140006964207072696F2028746F7069633A3047
:10F1500078253034582C207072696F3A2564291B49
:10F160005B306D0D0A0000001B5B33316D5B257356
:10F170005D204D7367205075626C6973683A206337
:10F18000616C6C6261636B204E554C4C2028746F2F
:10F190007069633A3078253034582C206964783AA5
:10F1A0002564291B5B306D0D0A0000002250574D6D
:10F1B000220000002243414E2200000022437472CC
:10F1C0006C5F53706565642200000000226C65640A
:10F1D000220000002273746F726167655F6D6F6457
:10F1E000756C65220000000022706F735F6D6F64A4
:10F1F000756C6522000000002273746174655F6D98
:10F20000616368696E652200226B65795F73746162
:10F210007465220022776F726B5F6366672200005D
:10F2200022636F6E666967220000000022637572B8
:10F230005F6C6F6F7022000022736F66745F746979
:10F240006D6572220000000022706F7765722200E7
:10F25000224374726C5F506F73220000226D7367DB
:10F260005F62757322000000226B65792200000046
:10F270001B5B33366D5B25735D2046696C7465726C
:10F2800020726567697374657265643A2049443D0C
:10F290003078253038582C204D61736B3D307825FF
:10F2A0003038582C20636F756E743D25641B5B30BD
:10F2B0006D0D0A001B5B33336D5B25735D20545865
:10F2C0002063616C6C6261636B3A2073656E6420CD
:10F2D0006661696C65642C206672616D652072657B
:10F2E0007475726E656420746F2071756575651B29
:10F2F0005B306D0D0A0000001B5B33366D5B2573C0
:10F300005D205544532053686172656420737461B5
:10F3100074653A206D616769633D307825303858EF
:10F320002C2070686173653D25642C2070656E64C7
:10F33000696E675F7369643D3078253032580D0A15
:10F340001B5B306D0D0A00001B5B33326D5B257358
:10F350005D20466C617368446F776E6C6F616420EA
:10F36000696E697420646F6E653A2073746172749B
:10F370003D3078253038582C206D61785F73697A7C
:10F38000653D25642C20736563746F723D25641B95
:10F390005B306D0D0A0000001B5B33366D5B25731F
:10F3A0005D2057726974696E6720746F20466C61C6
:10F3B00073683A20616464723D3078253038582C87
:10F3C0002073697A653D25642C20776F7264733DE4
:10F3D00025641B5B306D0D0A000000001B5B33329F
:10F3E0006D5B25735D207365713D252D34642C2084
:10F3F00074696D653D2533752E25303375732C206A
:10F400002573203078253038582C2025303258206C
:10F4100025303258202530325820253032582025CA
:10F4200030325820253032582025303258202530AF
:10F4300032582025731B5B306D0D0A001B5B333681
:10F440006D5B25735D2020205741524E494E473A4F
:10F45000206D61676963206D69736D6174636820F5
:10F4600028307825303858292C2070656E64696EF4
:10F47000675F736964204E4F5420777269747465B6
:10F480006E210D0A1B5B306D0D0A00001B5B3336CD
:10F490006D5B25735D202020536861726564207365
:10F4A000746174653A206D616769633D3078253019
:10F4B00038582C2070686173653D25642C20706578
:10F4C0006E64696E675F7369643D307825303258C9
:10F4D0000D0A1B5B306D0D0A000000001B5B33360C
:10F4E0006D5B25735D202020454355205265736573
:10F4F000743A2041505020636F6E746578742C20EC
:10F5000073656E64696E67206E6F726D616C2072D8
:10F510006573706F6E73650D0A1B5B306D0D0A00AD
:10F520001B5B33366D5B25735D20202045435520E2
:10F5300052657365743A20426F6F746C6F616465D5
:10F540007220636F6E746578742C207772697469A9
:10F550006E672070656E64696E675F7369643D30C5
:10F5600078313120746F20666C6173680D0A1B5B03
:10F57000306D0D0A000000001B5B33326D5B25739C
:10F580005D2073657373696F6E5F6D6F64653D2594
:10F5900064202844454641554C54292C207365630A
:10F5A00075726974795F73746174653D2564202890
:10F5B0004C4F434B4544291B5B306D0D0A00000046
:10F5C0001B5B33366D5B25735D2043414E20494400
:10F5D0002066696C74657265643A2030782530382D
:10F5E000582028657870656374656420307825300C
:10F5F0003858206F7220307825303858291B5B30FE
:10F600006D0D0A001B5B33336D5B25735D205472F7
:10F61000616E7366657220446174612072656A650B
:10F62000637465643A207365637572697479206EDA
:10F630006F7420756E6C6F636B65642028737461E2
:10F6400074653D2564291B5B306D0D0A00000000C8
:10F650001B5B33336D5B25735D205265717565737C
:10F660007420446F776E6C6F61642072656A6563A5
:10F670007465643A207365637572697479206E6F7E
:10F680007420756E6C6F636B65642028737461748D
:10F69000653D2564291B5B306D0D0A001B5B333310
:10F6A0006D5B25735D20526F7574696E6520436FC5
:10F6B0006E74726F6C2072656A65637465643A205B
:10F6C0007365637572697479206E6F7420756E6CE2
:10F6D0006F636B6564202873746174653D256429CC
:10F6E0001B5B306D0D0A00001B5B33336D5B2573B4
:10F6F0005D205472616E736665722045786974206E
:10F7000072656A65637465643A20736563757269CE
:10F710007479206E6F7420756E6C6F636B656420F6
:10F720002873746174653D2564291B5B306D0D0A77
:10F73000000000001B5B33336D5B25735D2054724A
:10F74000616E7366657220446174612072656A65DA
:10F75000637465643A206E6F7420696E2050524F56
:10F760004752414D4D494E472073657373696F6E23
:10F77000202873657373696F6E3D2564291B5B30A8
:10F780006D0D0A001B5B33336D5B25735D20526585
:10F79000717565737420446F776E6C6F616420724D
:10F7A000656A65637465643A206E6F7420696E20C3
:10F7B00050524F4752414D4D494E47207365737328
:10F7C000696F6E202873657373696F6E3D256429B8
:10F7D0001B5B306D0D0A00001B5B33336D5B2573C3
:10F7E0005D205472616E736665722045786974207D
:10F7F00072656A65637465643A206E6F7420696E21
:10F800002050524F4752414D4D494E47207365732A
:10F8100073696F6E202873657373696F6E3D25641D
:10F82000291B5B306D0D0A001B5B33336D5B257349
:10F830005D20446F776E6C6F616420696E746572D1
:10F8400066616365206E6F742072656769737465A5
:10F850007265642C204449442076616C7565732080
:10F8600073657420746F20301B5B306D0D0A0000CF
:10F870001B5B33336D5B25735D20212121205345B4
:10F880005353494F4E2054494D454F555420212143
:10F89000212073657373696F6E5F6D6F64653D25BD
:10F8A00064202D3E2044454641554C541B5B306D31
:10F8B0000D0A00001B5B33366D5B25735D205258CB
:10F8C000207261775B302E2E375D3A20253032581A
:10F8D000202530325820253032582025303258200B
:10F8E00025303258202530325820253032582025F6
:10F8F0003032581B5B306D0D0A0000001B5B333348
:10F900006D5B25735D205472616E73666572206451
:10F910006174612072656A65637465643A20646C21
:10F920005F726573756C743D25642C204E52433DA7
:10F930003078253032581B5B306D0D0A0000000016
:10F940001B5B33336D5B25735D2052657175657389
:10F950007420646F776E6C6F61642072656A656392
:10F960007465643A20646C5F726573756C743D25D0
:10F97000642C204E52433D3078253032581B5B308A
:10F980006D0D0A001B5B33336D5B25735D20547274
:10F99000616E7366657220657869742072656A6548
:10F9A000637465643A20646C5F726573756C743D52
:10F9B00025642C204E52433D3078253032581B5B55
:10F9C000306D0D0A000000001B5B33336D5B257347
:10F9D0005D20446F776E6C6F616420696E74657230
:10F9E00066616365206E6F74207265676973746504
:10F9F0007265642C2063616E6E6F74207265616441
:10FA000020444944203078253034581B5B306D0D3C
:10FA10000A0000001B5B33336D5B25735D2044756A
:10FA2000706C696361746520526571536565642CFF
:10FA30002072652D73656E64696E672065786973E1
:10FA400074696E6720736565643A203078253038B4
:10FA5000581B5B306D0D0A001B5B33336D5B2573E8
:10FA60005D204E4F5420696E20455854454E444504
:10FA7000442F50524F4752414D4D494E47207365D8
:10FA80007373696F6E212073657373696F6E5F6D39
:10FA90006F64653D25641B5B306D0D0A000000003E
:10FAA0001B5B33336D5B25735D204E6F7420696E75
:10FAB00020455854454E4445442F50524F475241DB
:10FAC0004D4D494E472073657373696F6E212073E6
:10FAD000657373696F6E5F6D6F64653D25641B5B55
:10FAE000306D0D0A000000001B5B33366D5B257323
:10FAF0005D2043757272656E742073746174653A2B
:10FB00002073657373696F6E3D25642C2073656384
:10FB100075726974793D25642C2074696D65723D38
:10FB200025641B5B306D0D0A000000001B5B333643
:10FB30006D5B25735D2053746174653A2073657342
:10FB400073696F6E3D2564282573292C20736563C6
:10FB500075726974793D2564282573292C20746990
:10FB60006D65723D25642C2064656C61793D25646A
:10FB70001B5B306D0D0A00001B5B33326D5B257320
:10FB80005D20526F7574696E6520436F6E74726F7D
:10FB90006C3A20415050202D3E20426F6F746C6FA4
:10FBA000616465722C207363686564756C6564209C
:10FBB00064656C617965642072657365741B5B3084
:10FBC0006D0D0A001B5B33366D5B25735D20466F40
:10FBD000726365204F544120636D64203078313862
:10FBE000464635383538203D203078253032582C7F
:10FBF00020726573657474696E6720746F20626F1C
:10FC00006F746C6F616465722E2E2E0D0A1B5B3053
:10FC10006D0D0A001B5B33366D5B25735D20495308
:10FC20004F54503A206661696C656420746F20728D
:10FC3000656769737465722052582066696C7465D3
:10FC40007220666F722043414E204944203078254F
:10FC50003038580D0A1B5B306D0D0A007CFC020029
:10FC60000880FF1F3403000024A5010080FD02006E
:10FC70003C83FF1F14730200504002001474EE0214
:10FC80001A58041A0C041A40041A18041A4C0411C5
:10FC900019041A340414F0ED021A24081A84042AF0
:10FCA000681801271AA42C1AA0041AAC045AB438F4
:10FCB00043FFFF5340402480BB44438C43E3564DF5
:10FCC000234D31AA0110223209167A000930CDCC19
:10FCD0004C3DD007E803145DA20214D9A3021AF325
:10FCE0000814CDA4021A3D0C1AB1041ADB101AED47
:10FCF000081A1D041AFD0C1AC9041A7D041A4510AD
:10FD000001251D81FF1F2C044129C42A08EB413520
:10FD100064014004B20529209A1020291CE9209A88
:10FD200020200A1106209A40209A0720291C290425
:10FD30003A8006011279160A1C80200A1D404009EB
:10FD40001660C1DD504F5331100A1E323614A973AC
:10FD50000214B574021A6F041A9D0C1AA3041A89AE
:10FD60000C1A510414EF72021A61101123E00622DA
:10FD700020C5A55AA55A1EA082FF1FB40401580031
:040000050001A281D3
:00000001FF
